event_id,batch_id,split,light_kelvin,label_raw,label_canonical,class_label,class_id,analyte,level,source_zip,frames_total,frames_used,frames_skipped,frame_errors,leukocytes_h,leukocytes_s,leukocytes_v,nitrite_h,nitrite_s,nitrite_v,urobilinogen_h,urobilinogen_s,urobilinogen_v,protein_h,protein_s,protein_v,ph_h,ph_s,ph_v,blood_h,blood_s,blood_v,specific_gravity_h,specific_gravity_s,specific_gravity_v,ketone_h,ketone_s,ketone_v,bilirubin_h,bilirubin_s,bilirubin_v,glucose_h,glucose_s,glucose_v
D1-P001-S1-L2700,RHU175_SEMIQUANT_V1,val,2700,Leukocytes:Neg,Leukocytes:Neg,,,Leukocytes,Neg,RHU175_SEMIQUANT_V1_2026-05-03T13-28-39.zip,1,1,0,,111.685600,0.687032,0.575164,107.627197,0.646678,0.625299,199.359207,0.307976,1.000000,226.390396,0.490998,1.000000,249.895996,0.495989,1.000000,253.095200,0.450824,1.000000,181.839203,0.200946,1.000000,211.697601,0.310883,1.000000,212.584000,0.236618,1.000000,206.627197,0.208740,1.000000
D1-P001-S1-L2700,RHU175_SEMIQUANT_V1,val,2700,Nitrite:Neg,Nitrite:Neg,,,Nitrite,Neg,RHU175_SEMIQUANT_V1_2026-05-03T13-28-39.zip,1,1,0,,111.685600,0.687032,0.575164,107.627197,0.646678,0.625299,199.359207,0.307976,1.000000,226.390396,0.490998,1.000000,249.895996,0.495989,1.000000,253.095200,0.450824,1.000000,181.839203,0.200946,1.000000,211.697601,0.310883,1.000000,212.584000,0.236618,1.000000,206.627197,0.208740,1.000000
D1-P001-S1-L2700,RHU175_SEMIQUANT_V1,val,2700,Urobilinogen:16,Urobilinogen:16,,,Urobilinogen,16,RHU175_SEMIQUANT_V1_2026-05-03T13-28-39.zip,1,1,0,,111.685600,0.687032,0.575164,107.627197,0.646678,0.625299,199.359207,0.307976,1.000000,226.390396,0.490998,1.000000,249.895996,0.495989,1.000000,253.095200,0.450824,1.000000,181.839203,0.200946,1.000000,211.697601,0.310883,1.000000,212.584000,0.236618,1.000000,206.627197,0.208740,1.000000
D1-P001-S1-L2700,RHU175_SEMIQUANT_V1,val,2700,Protein:Neg,Protein:Neg,,,Protein,Neg,RHU175_SEMIQUANT_V1_2026-05-03T13-28-39.zip,1,1,0,,111.685600,0.687032,0.575164,107.627197,0.646678,0.625299,199.359207,0.307976,1.000000,226.390396,0.490998,1.000000,249.895996,0.495989,1.000000,253.095200,0.450824,1.000000,181.839203,0.200946,1.000000,211.697601,0.310883,1.000000,212.584000,0.236618,1.000000,206.627197,0.208740,1.000000
D1-P001-S1-L2700,RHU175_SEMIQUANT_V1,val,2700,pH:5.0,pH:5.0,,,pH,5.0,RHU175_SEMIQUANT_V1_2026-05-03T13-28-39.zip,1,1,0,,111.685600,0.687032,0.575164,107.627197,0.646678,0.625299,199.359207,0.307976,1.000000,226.390396,0.490998,1.000000,249.895996,0.495989,1.000000,253.095200,0.450824,1.000000,181.839203,0.200946,1.000000,211.697601,0.310883,1.000000,212.584000,0.236618,1.000000,206.627197,0.208740,1.000000
D1-P001-S1-L2700,RHU175_SEMIQUANT_V1,val,2700,Blood:Neg,Blood:Neg,,,Blood,Neg,RHU175_SEMIQUANT_V1_2026-05-03T13-28-39.zip,1,1,0,,111.685600,0.687032,0.575164,107.627197,0.646678,0.625299,199.359207,0.307976,1.000000,226.390396,0.490998,1.000000,249.895996,0.495989,1.000000,253.095200,0.450824,1.000000,181.839203,0.200946,1.000000,211.697601,0.310883,1.000000,212.584000,0.236618,1.000000,206.627197,0.208740,1.000000
D1-P001-S1-L2700,RHU175_SEMIQUANT_V1,val,2700,Specific Gravity:1.025,Specific Gravity:1.025,,,Specific Gravity,1.025,RHU175_SEMIQUANT_V1_2026-05-03T13-28-39.zip,1,1,0,,111.685600,0.687032,0.575164,107.627197,0.646678,0.625299,199.359207,0.307976,1.000000,226.390396,0.490998,1.000000,249.895996,0.495989,1.000000,253.095200,0.450824,1.000000,181.839203,0.200946,1.000000,211.697601,0.310883,1.000000,212.584000,0.236618,1.000000,206.627197,0.208740,1.000000
D1-P001-S1-L2700,RHU175_SEMIQUANT_V1,val,2700,Ketone:Trace 0.5,Ketone:Trace 0.5,,,Ketone,Trace 0.5,RHU175_SEMIQUANT_V1_2026-05-03T13-28-39.zip,1,1,0,,111.685600,0.687032,0.575164,107.627197,0.646678,0.625299,199.359207,0.307976,1.000000,226.390396,0.490998,1.000000,249.895996,0.495989,1.000000,253.095200,0.450824,1.000000,181.839203,0.200946,1.000000,211.697601,0.310883,1.000000,212.584000,0.236618,1.000000,206.627197,0.208740,1.000000
D1-P001-S1-L2700,RHU175_SEMIQUANT_V1,val,2700,Bilirubin:Neg,Bilirubin:Neg,,,Bilirubin,Neg,RHU175_SEMIQUANT_V1_2026-05-03T13-28-39.zip,1,1,0,,111.685600,0.687032,0.575164,107.627197,0.646678,0.625299,199.359207,0.307976,1.000000,226.390396,0.490998,1.000000,249.895996,0.495989,1.000000,253.095200,0.450824,1.000000,181.839203,0.200946,1.000000,211.697601,0.310883,1.000000,212.584000,0.236618,1.000000,206.627197,0.208740,1.000000
D1-P001-S1-L2700,RHU175_SEMIQUANT_V1,val,2700,Glucose:Neg,Glucose:Neg,,,Glucose,Neg,RHU175_SEMIQUANT_V1_2026-05-03T13-28-39.zip,1,1,0,,111.685600,0.687032,0.575164,107.627197,0.646678,0.625299,199.359207,0.307976,1.000000,226.390396,0.490998,1.000000,249.895996,0.495989,1.000000,253.095200,0.450824,1.000000,181.839203,0.200946,1.000000,211.697601,0.310883,1.000000,212.584000,0.236618,1.000000,206.627197,0.208740,1.000000
D1-P001-S1-L4000,RHU175_SEMIQUANT_V1,val,4000,Leukocytes:Neg,Leukocytes:Neg,,,Leukocytes,Neg,RHU175_SEMIQUANT_V1_2026-05-03T13-28-39.zip,1,1,0,,100.788002,0.137362,0.640676,123.627998,0.088764,0.625357,109.229599,0.249724,0.726318,217.622406,0.303203,1.000000,222.995193,0.441206,1.000000,251.889603,0.417860,1.000000,256.368805,0.395308,1.000000,224.027206,0.165358,1.000000,223.820801,0.295409,1.000000,243.227203,0.200347,1.000000
D1-P001-S1-L4000,RHU175_SEMIQUANT_V1,val,4000,Nitrite:Neg,Nitrite:Neg,,,Nitrite,Neg,RHU175_SEMIQUANT_V1_2026-05-03T13-28-39.zip,1,1,0,,100.788002,0.137362,0.640676,123.627998,0.088764,0.625357,109.229599,0.249724,0.726318,217.622406,0.303203,1.000000,222.995193,0.441206,1.000000,251.889603,0.417860,1.000000,256.368805,0.395308,1.000000,224.027206,0.165358,1.000000,223.820801,0.295409,1.000000,243.227203,0.200347,1.000000
D1-P001-S1-L4000,RHU175_SEMIQUANT_V1,val,4000,Urobilinogen:16,Urobilinogen:16,,,Urobilinogen,16,RHU175_SEMIQUANT_V1_2026-05-03T13-28-39.zip,1,1,0,,100.788002,0.137362,0.640676,123.627998,0.088764,0.625357,109.229599,0.249724,0.726318,217.622406,0.303203,1.000000,222.995193,0.441206,1.000000,251.889603,0.417860,1.000000,256.368805,0.395308,1.000000,224.027206,0.165358,1.000000,223.820801,0.295409,1.000000,243.227203,0.200347,1.000000
D1-P001-S1-L4000,RHU175_SEMIQUANT_V1,val,4000,Protein:Neg,Protein:Neg,,,Protein,Neg,RHU175_SEMIQUANT_V1_2026-05-03T13-28-39.zip,1,1,0,,100.788002,0.137362,0.640676,123.627998,0.088764,0.625357,109.229599,0.249724,0.726318,217.622406,0.303203,1.000000,222.995193,0.441206,1.000000,251.889603,0.417860,1.000000,256.368805,0.395308,1.000000,224.027206,0.165358,1.000000,223.820801,0.295409,1.000000,243.227203,0.200347,1.000000
D1-P001-S1-L4000,RHU175_SEMIQUANT_V1,val,4000,pH:5.0,pH:5.0,,,pH,5.0,RHU175_SEMIQUANT_V1_2026-05-03T13-28-39.zip,1,1,0,,100.788002,0.137362,0.640676,123.627998,0.088764,0.625357,109.229599,0.249724,0.726318,217.622406,0.303203,1.000000,222.995193,0.441206,1.000000,251.889603,0.417860,1.000000,256.368805,0.395308,1.000000,224.027206,0.165358,1.000000,223.820801,0.295409,1.000000,243.227203,0.200347,1.000000
D1-P001-S1-L4000,RHU175_SEMIQUANT_V1,val,4000,Blood:Neg,Blood:Neg,,,Blood,Neg,RHU175_SEMIQUANT_V1_2026-05-03T13-28-39.zip,1,1,0,,100.788002,0.137362,0.640676,123.627998,0.088764,0.625357,109.229599,0.249724,0.726318,217.622406,0.303203,1.000000,222.995193,0.441206,1.000000,251.889603,0.417860,1.000000,256.368805,0.395308,1.000000,224.027206,0.165358,1.000000,223.820801,0.295409,1.000000,243.227203,0.200347,1.000000
D1-P001-S1-L4000,RHU175_SEMIQUANT_V1,val,4000,Specific Gravity:1.025,Specific Gravity:1.025,,,Specific Gravity,1.025,RHU175_SEMIQUANT_V1_2026-05-03T13-28-39.zip,1,1,0,,100.788002,0.137362,0.640676,123.627998,0.088764,0.625357,109.229599,0.249724,0.726318,217.622406,0.303203,1.000000,222.995193,0.441206,1.000000,251.889603,0.417860,1.000000,256.368805,0.395308,1.000000,224.027206,0.165358,1.000000,223.820801,0.295409,1.000000,243.227203,0.200347,1.000000
D1-P001-S1-L4000,RHU175_SEMIQUANT_V1,val,4000,Ketone:Trace 0.5,Ketone:Trace 0.5,,,Ketone,Trace 0.5,RHU175_SEMIQUANT_V1_2026-05-03T13-28-39.zip,1,1,0,,100.788002,0.137362,0.640676,123.627998,0.088764,0.625357,109.229599,0.249724,0.726318,217.622406,0.303203,1.000000,222.995193,0.441206,1.000000,251.889603,0.417860,1.000000,256.368805,0.395308,1.000000,224.027206,0.165358,1.000000,223.820801,0.295409,1.000000,243.227203,0.200347,1.000000
D1-P001-S1-L4000,RHU175_SEMIQUANT_V1,val,4000,Bilirubin:Neg,Bilirubin:Neg,,,Bilirubin,Neg,RHU175_SEMIQUANT_V1_2026-05-03T13-28-39.zip,1,1,0,,100.788002,0.137362,0.640676,123.627998,0.088764,0.625357,109.229599,0.249724,0.726318,217.622406,0.303203,1.000000,222.995193,0.441206,1.000000,251.889603,0.417860,1.000000,256.368805,0.395308,1.000000,224.027206,0.165358,1.000000,223.820801,0.295409,1.000000,243.227203,0.200347,1.000000
D1-P001-S1-L4000,RHU175_SEMIQUANT_V1,val,4000,Glucose:Neg,Glucose:Neg,,,Glucose,Neg,RHU175_SEMIQUANT_V1_2026-05-03T13-28-39.zip,1,1,0,,100.788002,0.137362,0.640676,123.627998,0.088764,0.625357,109.229599,0.249724,0.726318,217.622406,0.303203,1.000000,222.995193,0.441206,1.000000,251.889603,0.417860,1.000000,256.368805,0.395308,1.000000,224.027206,0.165358,1.000000,223.820801,0.295409,1.000000,243.227203,0.200347,1.000000
D1-P001-S1-L5500,RHU175_SEMIQUANT_V1,val,5500,Leukocytes:Neg,Leukocytes:Neg,,,Leukocytes,Neg,RHU175_SEMIQUANT_V1_2026-05-03T13-28-39.zip,1,1,0,,121.851196,0.070755,0.539209,117.250397,0.068524,0.532607,218.390396,0.448637,1.000000,245.387207,0.494604,0.999898,223.518402,0.291299,1.000000,223.917603,0.343903,1.000000,229.372803,0.264838,1.000000,196.480804,0.247774,1.000000,202.063202,0.568834,1.000000,198.202393,0.624720,1.000000
D1-P001-S1-L5500,RHU175_SEMIQUANT_V1,val,5500,Nitrite:Neg,Nitrite:Neg,,,Nitrite,Neg,RHU175_SEMIQUANT_V1_2026-05-03T13-28-39.zip,1,1,0,,121.851196,0.070755,0.539209,117.250397,0.068524,0.532607,218.390396,0.448637,1.000000,245.387207,0.494604,0.999898,223.518402,0.291299,1.000000,223.917603,0.343903,1.000000,229.372803,0.264838,1.000000,196.480804,0.247774,1.000000,202.063202,0.568834,1.000000,198.202393,0.624720,1.000000
D1-P001-S1-L5500,RHU175_SEMIQUANT_V1,val,5500,Urobilinogen:16,Urobilinogen:16,,,Urobilinogen,16,RHU175_SEMIQUANT_V1_2026-05-03T13-28-39.zip,1,1,0,,121.851196,0.070755,0.539209,117.250397,0.068524,0.532607,218.390396,0.448637,1.000000,245.387207,0.494604,0.999898,223.518402,0.291299,1.000000,223.917603,0.343903,1.000000,229.372803,0.264838,1.000000,196.480804,0.247774,1.000000,202.063202,0.568834,1.000000,198.202393,0.624720,1.000000
D1-P001-S1-L5500,RHU175_SEMIQUANT_V1,val,5500,Protein:Neg,Protein:Neg,,,Protein,Neg,RHU175_SEMIQUANT_V1_2026-05-03T13-28-39.zip,1,1,0,,121.851196,0.070755,0.539209,117.250397,0.068524,0.532607,218.390396,0.448637,1.000000,245.387207,0.494604,0.999898,223.518402,0.291299,1.000000,223.917603,0.343903,1.000000,229.372803,0.264838,1.000000,196.480804,0.247774,1.000000,202.063202,0.568834,1.000000,198.202393,0.624720,1.000000
D1-P001-S1-L5500,RHU175_SEMIQUANT_V1,val,5500,pH:5.0,pH:5.0,,,pH,5.0,RHU175_SEMIQUANT_V1_2026-05-03T13-28-39.zip,1,1,0,,121.851196,0.070755,0.539209,117.250397,0.068524,0.532607,218.390396,0.448637,1.000000,245.387207,0.494604,0.999898,223.518402,0.291299,1.000000,223.917603,0.343903,1.000000,229.372803,0.264838,1.000000,196.480804,0.247774,1.000000,202.063202,0.568834,1.000000,198.202393,0.624720,1.000000
D1-P001-S1-L5500,RHU175_SEMIQUANT_V1,val,5500,Blood:Neg,Blood:Neg,,,Blood,Neg,RHU175_SEMIQUANT_V1_2026-05-03T13-28-39.zip,1,1,0,,121.851196,0.070755,0.539209,117.250397,0.068524,0.532607,218.390396,0.448637,1.000000,245.387207,0.494604,0.999898,223.518402,0.291299,1.000000,223.917603,0.343903,1.000000,229.372803,0.264838,1.000000,196.480804,0.247774,1.000000,202.063202,0.568834,1.000000,198.202393,0.624720,1.000000
D1-P001-S1-L5500,RHU175_SEMIQUANT_V1,val,5500,Specific Gravity:1.025,Specific Gravity:1.025,,,Specific Gravity,1.025,RHU175_SEMIQUANT_V1_2026-05-03T13-28-39.zip,1,1,0,,121.851196,0.070755,0.539209,117.250397,0.068524,0.532607,218.390396,0.448637,1.000000,245.387207,0.494604,0.999898,223.518402,0.291299,1.000000,223.917603,0.343903,1.000000,229.372803,0.264838,1.000000,196.480804,0.247774,1.000000,202.063202,0.568834,1.000000,198.202393,0.624720,1.000000
D1-P001-S1-L5500,RHU175_SEMIQUANT_V1,val,5500,Ketone:Trace 0.5,Ketone:Trace 0.5,,,Ketone,Trace 0.5,RHU175_SEMIQUANT_V1_2026-05-03T13-28-39.zip,1,1,0,,121.851196,0.070755,0.539209,117.250397,0.068524,0.532607,218.390396,0.448637,1.000000,245.387207,0.494604,0.999898,223.518402,0.291299,1.000000,223.917603,0.343903,1.000000,229.372803,0.264838,1.000000,196.480804,0.247774,1.000000,202.063202,0.568834,1.000000,198.202393,0.624720,1.000000
D1-P001-S1-L5500,RHU175_SEMIQUANT_V1,val,5500,Bilirubin:Neg,Bilirubin:Neg,,,Bilirubin,Neg,RHU175_SEMIQUANT_V1_2026-05-03T13-28-39.zip,1,1,0,,121.851196,0.070755,0.539209,117.250397,0.068524,0.532607,218.390396,0.448637,1.000000,245.387207,0.494604,0.999898,223.518402,0.291299,1.000000,223.917603,0.343903,1.000000,229.372803,0.264838,1.000000,196.480804,0.247774,1.000000,202.063202,0.568834,1.000000,198.202393,0.624720,1.000000
D1-P001-S1-L5500,RHU175_SEMIQUANT_V1,val,5500,Glucose:Neg,Glucose:Neg,,,Glucose,Neg,RHU175_SEMIQUANT_V1_2026-05-03T13-28-39.zip,1,1,0,,121.851196,0.070755,0.539209,117.250397,0.068524,0.532607,218.390396,0.448637,1.000000,245.387207,0.494604,0.999898,223.518402,0.291299,1.000000,223.917603,0.343903,1.000000,229.372803,0.264838,1.000000,196.480804,0.247774,1.000000,202.063202,0.568834,1.000000,198.202393,0.624720,1.000000
D1-P002-S1-L2700,RHU175_SEMIQUANT_V1,train,2700,Leukocytes:Neg,Leukocytes:Neg,,,Leukocytes,Neg,RHU175_SEMIQUANT_V1_2026-05-03T13-28-39.zip,1,1,0,,209.779999,0.023929,0.723147,204.166397,0.041616,0.766502,199.380798,0.049711,0.814397,202.594406,0.059012,0.871448,196.152802,0.058819,0.896577,0.000000,0.000000,0.000000,0.000000,0.000000,0.000000,0.000000,0.000000,0.000000,0.000000,0.000000,0.000000,0.000000,0.000000,0.000000
D1-P002-S1-L2700,RHU175_SEMIQUANT_V1,train,2700,Nitrite:Neg,Nitrite:Neg,,,Nitrite,Neg,RHU175_SEMIQUANT_V1_2026-05-03T13-28-39.zip,1,1,0,,209.779999,0.023929,0.723147,204.166397,0.041616,0.766502,199.380798,0.049711,0.814397,202.594406,0.059012,0.871448,196.152802,0.058819,0.896577,0.000000,0.000000,0.000000,0.000000,0.000000,0.000000,0.000000,0.000000,0.000000,0.000000,0.000000,0.000000,0.000000,0.000000,0.000000
D1-P002-S1-L2700,RHU175_SEMIQUANT_V1,train,2700,Urobilinogen:16,Urobilinogen:16,,,Urobilinogen,16,RHU175_SEMIQUANT_V1_2026-05-03T13-28-39.zip,1,1,0,,209.779999,0.023929,0.723147,204.166397,0.041616,0.766502,199.380798,0.049711,0.814397,202.594406,0.059012,0.871448,196.152802,0.058819,0.896577,0.000000,0.000000,0.000000,0.000000,0.000000,0.000000,0.000000,0.000000,0.000000,0.000000,0.000000,0.000000,0.000000,0.000000,0.000000
D1-P002-S1-L2700,RHU175_SEMIQUANT_V1,train,2700,Protein:Neg,Protein:Neg,,,Protein,Neg,RHU175_SEMIQUANT_V1_2026-05-03T13-28-39.zip,1,1,0,,209.779999,0.023929,0.723147,204.166397,0.041616,0.766502,199.380798,0.049711,0.814397,202.594406,0.059012,0.871448,196.152802,0.058819,0.896577,0.000000,0.000000,0.000000,0.000000,0.000000,0.000000,0.000000,0.000000,0.000000,0.000000,0.000000,0.000000,0.000000,0.000000,0.000000
D1-P002-S1-L2700,RHU175_SEMIQUANT_V1,train,2700,pH:5.0,pH:5.0,,,pH,5.0,RHU175_SEMIQUANT_V1_2026-05-03T13-28-39.zip,1,1,0,,209.779999,0.023929,0.723147,204.166397,0.041616,0.766502,199.380798,0.049711,0.814397,202.594406,0.059012,0.871448,196.152802,0.058819,0.896577,0.000000,0.000000,0.000000,0.000000,0.000000,0.000000,0.000000,0.000000,0.000000,0.000000,0.000000,0.000000,0.000000,0.000000,0.000000
D1-P002-S1-L2700,RHU175_SEMIQUANT_V1,train,2700,Blood:Neg,Blood:Neg,,,Blood,Neg,RHU175_SEMIQUANT_V1_2026-05-03T13-28-39.zip,1,1,0,,209.779999,0.023929,0.723147,204.166397,0.041616,0.766502,199.380798,0.049711,0.814397,202.594406,0.059012,0.871448,196.152802,0.058819,0.896577,0.000000,0.000000,0.000000,0.000000,0.000000,0.000000,0.000000,0.000000,0.000000,0.000000,0.000000,0.000000,0.000000,0.000000,0.000000
D1-P002-S1-L2700,RHU175_SEMIQUANT_V1,train,2700,Specific Gravity:1.030,Specific Gravity:1.030,,,Specific Gravity,1.030,RHU175_SEMIQUANT_V1_2026-05-03T13-28-39.zip,1,1,0,,209.779999,0.023929,0.723147,204.166397,0.041616,0.766502,199.380798,0.049711,0.814397,202.594406,0.059012,0.871448,196.152802,0.058819,0.896577,0.000000,0.000000,0.000000,0.000000,0.000000,0.000000,0.000000,0.000000,0.000000,0.000000,0.000000,0.000000,0.000000,0.000000,0.000000
D1-P002-S1-L2700,RHU175_SEMIQUANT_V1,train,2700,Ketone:Neg,Ketone:Neg,,,Ketone,Neg,RHU175_SEMIQUANT_V1_2026-05-03T13-28-39.zip,1,1,0,,209.779999,0.023929,0.723147,204.166397,0.041616,0.766502,199.380798,0.049711,0.814397,202.594406,0.059012,0.871448,196.152802,0.058819,0.896577,0.000000,0.000000,0.000000,0.000000,0.000000,0.000000,0.000000,0.000000,0.000000,0.000000,0.000000,0.000000,0.000000,0.000000,0.000000
D1-P002-S1-L2700,RHU175_SEMIQUANT_V1,train,2700,Bilirubin:Neg,Bilirubin:Neg,,,Bilirubin,Neg,RHU175_SEMIQUANT_V1_2026-05-03T13-28-39.zip,1,1,0,,209.779999,0.023929,0.723147,204.166397,0.041616,0.766502,199.380798,0.049711,0.814397,202.594406,0.059012,0.871448,196.152802,0.058819,0.896577,0.000000,0.000000,0.000000,0.000000,0.000000,0.000000,0.000000,0.000000,0.000000,0.000000,0.000000,0.000000,0.000000,0.000000,0.000000
D1-P002-S1-L2700,RHU175_SEMIQUANT_V1,train,2700,Glucose:Neg,Glucose:Neg,,,Glucose,Neg,RHU175_SEMIQUANT_V1_2026-05-03T13-28-39.zip,1,1,0,,209.779999,0.023929,0.723147,204.166397,0.041616,0.766502,199.380798,0.049711,0.814397,202.594406,0.059012,0.871448,196.152802,0.058819,0.896577,0.000000,0.000000,0.000000,0.000000,0.000000,0.000000,0.000000,0.000000,0.000000,0.000000,0.000000,0.000000,0.000000,0.000000,0.000000
D1-P002-S1-L4000,RHU175_SEMIQUANT_V1,train,4000,Leukocytes:Neg,Leukocytes:Neg,,,Leukocytes,Neg,RHU175_SEMIQUANT_V1_2026-05-03T13-28-39.zip,1,1,0,,55.056000,0.563799,0.648590,137.550400,0.234119,0.421285,222.826401,0.848726,0.943382,229.520004,0.682657,1.000000,251.188797,0.502397,1.000000,259.108795,0.411663,1.000000,248.264008,0.327898,1.000000,255.852798,0.306598,1.000000,247.820801,0.276555,1.000000,232.598404,0.213512,1.000000
D1-P002-S1-L4000,RHU175_SEMIQUANT_V1,train,4000,Nitrite:Neg,Nitrite:Neg,,,Nitrite,Neg,RHU175_SEMIQUANT_V1_2026-05-03T13-28-39.zip,1,1,0,,55.056000,0.563799,0.648590,137.550400,0.234119,0.421285,222.826401,0.848726,0.943382,229.520004,0.682657,1.000000,251.188797,0.502397,1.000000,259.108795,0.411663,1.000000,248.264008,0.327898,1.000000,255.852798,0.306598,1.000000,247.820801,0.276555,1.000000,232.598404,0.213512,1.000000
D1-P002-S1-L4000,RHU175_SEMIQUANT_V1,train,4000,Urobilinogen:16,Urobilinogen:16,,,Urobilinogen,16,RHU175_SEMIQUANT_V1_2026-05-03T13-28-39.zip,1,1,0,,55.056000,0.563799,0.648590,137.550400,0.234119,0.421285,222.826401,0.848726,0.943382,229.520004,0.682657,1.000000,251.188797,0.502397,1.000000,259.108795,0.411663,1.000000,248.264008,0.327898,1.000000,255.852798,0.306598,1.000000,247.820801,0.276555,1.000000,232.598404,0.213512,1.000000
D1-P002-S1-L4000,RHU175_SEMIQUANT_V1,train,4000,Protein:Neg,Protein:Neg,,,Protein,Neg,RHU175_SEMIQUANT_V1_2026-05-03T13-28-39.zip,1,1,0,,55.056000,0.563799,0.648590,137.550400,0.234119,0.421285,222.826401,0.848726,0.943382,229.520004,0.682657,1.000000,251.188797,0.502397,1.000000,259.108795,0.411663,1.000000,248.264008,0.327898,1.000000,255.852798,0.306598,1.000000,247.820801,0.276555,1.000000,232.598404,0.213512,1.000000
D1-P002-S1-L4000,RHU175_SEMIQUANT_V1,train,4000,pH:5.0,pH:5.0,,,pH,5.0,RHU175_SEMIQUANT_V1_2026-05-03T13-28-39.zip,1,1,0,,55.056000,0.563799,0.648590,137.550400,0.234119,0.421285,222.826401,0.848726,0.943382,229.520004,0.682657,1.000000,251.188797,0.502397,1.000000,259.108795,0.411663,1.000000,248.264008,0.327898,1.000000,255.852798,0.306598,1.000000,247.820801,0.276555,1.000000,232.598404,0.213512,1.000000
D1-P002-S1-L4000,RHU175_SEMIQUANT_V1,train,4000,Blood:Neg,Blood:Neg,,,Blood,Neg,RHU175_SEMIQUANT_V1_2026-05-03T13-28-39.zip,1,1,0,,55.056000,0.563799,0.648590,137.550400,0.234119,0.421285,222.826401,0.848726,0.943382,229.520004,0.682657,1.000000,251.188797,0.502397,1.000000,259.108795,0.411663,1.000000,248.264008,0.327898,1.000000,255.852798,0.306598,1.000000,247.820801,0.276555,1.000000,232.598404,0.213512,1.000000
D1-P002-S1-L4000,RHU175_SEMIQUANT_V1,train,4000,Specific Gravity:1.030,Specific Gravity:1.030,,,Specific Gravity,1.030,RHU175_SEMIQUANT_V1_2026-05-03T13-28-39.zip,1,1,0,,55.056000,0.563799,0.648590,137.550400,0.234119,0.421285,222.826401,0.848726,0.943382,229.520004,0.682657,1.000000,251.188797,0.502397,1.000000,259.108795,0.411663,1.000000,248.264008,0.327898,1.000000,255.852798,0.306598,1.000000,247.820801,0.276555,1.000000,232.598404,0.213512,1.000000
D1-P002-S1-L4000,RHU175_SEMIQUANT_V1,train,4000,Ketone:Neg,Ketone:Neg,,,Ketone,Neg,RHU175_SEMIQUANT_V1_2026-05-03T13-28-39.zip,1,1,0,,55.056000,0.563799,0.648590,137.550400,0.234119,0.421285,222.826401,0.848726,0.943382,229.520004,0.682657,1.000000,251.188797,0.502397,1.000000,259.108795,0.411663,1.000000,248.264008,0.327898,1.000000,255.852798,0.306598,1.000000,247.820801,0.276555,1.000000,232.598404,0.213512,1.000000
D1-P002-S1-L4000,RHU175_SEMIQUANT_V1,train,4000,Bilirubin:Neg,Bilirubin:Neg,,,Bilirubin,Neg,RHU175_SEMIQUANT_V1_2026-05-03T13-28-39.zip,1,1,0,,55.056000,0.563799,0.648590,137.550400,0.234119,0.421285,222.826401,0.848726,0.943382,229.520004,0.682657,1.000000,251.188797,0.502397,1.000000,259.108795,0.411663,1.000000,248.264008,0.327898,1.000000,255.852798,0.306598,1.000000,247.820801,0.276555,1.000000,232.598404,0.213512,1.000000
D1-P002-S1-L4000,RHU175_SEMIQUANT_V1,train,4000,Glucose:Neg,Glucose:Neg,,,Glucose,Neg,RHU175_SEMIQUANT_V1_2026-05-03T13-28-39.zip,1,1,0,,55.056000,0.563799,0.648590,137.550400,0.234119,0.421285,222.826401,0.848726,0.943382,229.520004,0.682657,1.000000,251.188797,0.502397,1.000000,259.108795,0.411663,1.000000,248.264008,0.327898,1.000000,255.852798,0.306598,1.000000,247.820801,0.276555,1.000000,232.598404,0.213512,1.000000
D1-P002-S1-L5500,RHU175_SEMIQUANT_V1,train,5500,Leukocytes:Neg,Leukocytes:Neg,,,Leukocytes,Neg,RHU175_SEMIQUANT_V1_2026-05-03T13-28-39.zip,1,1,0,,45.547199,0.392794,0.588463,122.251999,0.155936,0.413801,224.497604,0.741981,0.942524,230.086395,0.634188,1.000000,245.699203,0.454392,1.000000,244.527206,0.318061,1.000000,231.857605,0.290502,1.000000,233.076797,0.247005,1.000000,225.011993,0.260938,1.000000,214.570404,0.245766,1.000000
D1-P002-S1-L5500,RHU175_SEMIQUANT_V1,train,5500,Nitrite:Neg,Nitrite:Neg,,,Nitrite,Neg,RHU175_SEMIQUANT_V1_2026-05-03T13-28-39.zip,1,1,0,,45.547199,0.392794,0.588463,122.251999,0.155936,0.413801,224.497604,0.741981,0.942524,230.086395,0.634188,1.000000,245.699203,0.454392,1.000000,244.527206,0.318061,1.000000,231.857605,0.290502,1.000000,233.076797,0.247005,1.000000,225.011993,0.260938,1.000000,214.570404,0.245766,1.000000
D1-P002-S1-L5500,RHU175_SEMIQUANT_V1,train,5500,Urobilinogen:16,Urobilinogen:16,,,Urobilinogen,16,RHU175_SEMIQUANT_V1_2026-05-03T13-28-39.zip,1,1,0,,45.547199,0.392794,0.588463,122.251999,0.155936,0.413801,224.497604,0.741981,0.942524,230.086395,0.634188,1.000000,245.699203,0.454392,1.000000,244.527206,0.318061,1.000000,231.857605,0.290502,1.000000,233.076797,0.247005,1.000000,225.011993,0.260938,1.000000,214.570404,0.245766,1.000000
D1-P002-S1-L5500,RHU175_SEMIQUANT_V1,train,5500,Protein:Neg,Protein:Neg,,,Protein,Neg,RHU175_SEMIQUANT_V1_2026-05-03T13-28-39.zip,1,1,0,,45.547199,0.392794,0.588463,122.251999,0.155936,0.413801,224.497604,0.741981,0.942524,230.086395,0.634188,1.000000,245.699203,0.454392,1.000000,244.527206,0.318061,1.000000,231.857605,0.290502,1.000000,233.076797,0.247005,1.000000,225.011993,0.260938,1.000000,214.570404,0.245766,1.000000
D1-P002-S1-L5500,RHU175_SEMIQUANT_V1,train,5500,pH:5.0,pH:5.0,,,pH,5.0,RHU175_SEMIQUANT_V1_2026-05-03T13-28-39.zip,1,1,0,,45.547199,0.392794,0.588463,122.251999,0.155936,0.413801,224.497604,0.741981,0.942524,230.086395,0.634188,1.000000,245.699203,0.454392,1.000000,244.527206,0.318061,1.000000,231.857605,0.290502,1.000000,233.076797,0.247005,1.000000,225.011993,0.260938,1.000000,214.570404,0.245766,1.000000
D1-P002-S1-L5500,RHU175_SEMIQUANT_V1,train,5500,Blood:Neg,Blood:Neg,,,Blood,Neg,RHU175_SEMIQUANT_V1_2026-05-03T13-28-39.zip,1,1,0,,45.547199,0.392794,0.588463,122.251999,0.155936,0.413801,224.497604,0.741981,0.942524,230.086395,0.634188,1.000000,245.699203,0.454392,1.000000,244.527206,0.318061,1.000000,231.857605,0.290502,1.000000,233.076797,0.247005,1.000000,225.011993,0.260938,1.000000,214.570404,0.245766,1.000000
D1-P002-S1-L5500,RHU175_SEMIQUANT_V1,train,5500,Specific Gravity:1.030,Specific Gravity:1.030,,,Specific Gravity,1.030,RHU175_SEMIQUANT_V1_2026-05-03T13-28-39.zip,1,1,0,,45.547199,0.392794,0.588463,122.251999,0.155936,0.413801,224.497604,0.741981,0.942524,230.086395,0.634188,1.000000,245.699203,0.454392,1.000000,244.527206,0.318061,1.000000,231.857605,0.290502,1.000000,233.076797,0.247005,1.000000,225.011993,0.260938,1.000000,214.570404,0.245766,1.000000
D1-P002-S1-L5500,RHU175_SEMIQUANT_V1,train,5500,Ketone:Neg,Ketone:Neg,,,Ketone,Neg,RHU175_SEMIQUANT_V1_2026-05-03T13-28-39.zip,1,1,0,,45.547199,0.392794,0.588463,122.251999,0.155936,0.413801,224.497604,0.741981,0.942524,230.086395,0.634188,1.000000,245.699203,0.454392,1.000000,244.527206,0.318061,1.000000,231.857605,0.290502,1.000000,233.076797,0.247005,1.000000,225.011993,0.260938,1.000000,214.570404,0.245766,1.000000
D1-P002-S1-L5500,RHU175_SEMIQUANT_V1,train,5500,Bilirubin:Neg,Bilirubin:Neg,,,Bilirubin,Neg,RHU175_SEMIQUANT_V1_2026-05-03T13-28-39.zip,1,1,0,,45.547199,0.392794,0.588463,122.251999,0.155936,0.413801,224.497604,0.741981,0.942524,230.086395,0.634188,1.000000,245.699203,0.454392,1.000000,244.527206,0.318061,1.000000,231.857605,0.290502,1.000000,233.076797,0.247005,1.000000,225.011993,0.260938,1.000000,214.570404,0.245766,1.000000
D1-P002-S1-L5500,RHU175_SEMIQUANT_V1,train,5500,Glucose:Neg,Glucose:Neg,,,Glucose,Neg,RHU175_SEMIQUANT_V1_2026-05-03T13-28-39.zip,1,1,0,,45.547199,0.392794,0.588463,122.251999,0.155936,0.413801,224.497604,0.741981,0.942524,230.086395,0.634188,1.000000,245.699203,0.454392,1.000000,244.527206,0.318061,1.000000,231.857605,0.290502,1.000000,233.076797,0.247005,1.000000,225.011993,0.260938,1.000000,214.570404,0.245766,1.000000
D1-P003-S1-L2700,RHU175_SEMIQUANT_V1,val,2700,Leukocytes:Trace 15,Leukocytes:Trace 15,,,Leukocytes,Trace 15,RHU175_SEMIQUANT_V1_2026-05-03T13-28-39.zip,1,1,0,,187.709595,0.037029,0.567746,101.424797,0.036453,0.597049,181.544800,0.197478,0.994460,187.328796,0.303313,0.994925,126.283203,0.176163,0.903587,124.498398,0.178594,0.943035,135.206406,0.188143,0.977195,179.279999,0.148276,1.000000,185.503998,0.328927,0.999755,181.152802,0.522626,1.000000
D1-P003-S1-L2700,RHU175_SEMIQUANT_V1,val,2700,Nitrite:Neg,Nitrite:Neg,,,Nitrite,Neg,RHU175_SEMIQUANT_V1_2026-05-03T13-28-39.zip,1,1,0,,187.709595,0.037029,0.567746,101.424797,0.036453,0.597049,181.544800,0.197478,0.994460,187.328796,0.303313,0.994925,126.283203,0.176163,0.903587,124.498398,0.178594,0.943035,135.206406,0.188143,0.977195,179.279999,0.148276,1.000000,185.503998,0.328927,0.999755,181.152802,0.522626,1.000000
D1-P003-S1-L2700,RHU175_SEMIQUANT_V1,val,2700,Urobilinogen:16,Urobilinogen:16,,,Urobilinogen,16,RHU175_SEMIQUANT_V1_2026-05-03T13-28-39.zip,1,1,0,,187.709595,0.037029,0.567746,101.424797,0.036453,0.597049,181.544800,0.197478,0.994460,187.328796,0.303313,0.994925,126.283203,0.176163,0.903587,124.498398,0.178594,0.943035,135.206406,0.188143,0.977195,179.279999,0.148276,1.000000,185.503998,0.328927,0.999755,181.152802,0.522626,1.000000
D1-P003-S1-L2700,RHU175_SEMIQUANT_V1,val,2700,Protein:Neg,Protein:Neg,,,Protein,Neg,RHU175_SEMIQUANT_V1_2026-05-03T13-28-39.zip,1,1,0,,187.709595,0.037029,0.567746,101.424797,0.036453,0.597049,181.544800,0.197478,0.994460,187.328796,0.303313,0.994925,126.283203,0.176163,0.903587,124.498398,0.178594,0.943035,135.206406,0.188143,0.977195,179.279999,0.148276,1.000000,185.503998,0.328927,0.999755,181.152802,0.522626,1.000000
D1-P003-S1-L2700,RHU175_SEMIQUANT_V1,val,2700,pH:5.0,pH:5.0,,,pH,5.0,RHU175_SEMIQUANT_V1_2026-05-03T13-28-39.zip,1,1,0,,187.709595,0.037029,0.567746,101.424797,0.036453,0.597049,181.544800,0.197478,0.994460,187.328796,0.303313,0.994925,126.283203,0.176163,0.903587,124.498398,0.178594,0.943035,135.206406,0.188143,0.977195,179.279999,0.148276,1.000000,185.503998,0.328927,0.999755,181.152802,0.522626,1.000000
D1-P003-S1-L2700,RHU175_SEMIQUANT_V1,val,2700,Blood:Neg,Blood:Neg,,,Blood,Neg,RHU175_SEMIQUANT_V1_2026-05-03T13-28-39.zip,1,1,0,,187.709595,0.037029,0.567746,101.424797,0.036453,0.597049,181.544800,0.197478,0.994460,187.328796,0.303313,0.994925,126.283203,0.176163,0.903587,124.498398,0.178594,0.943035,135.206406,0.188143,0.977195,179.279999,0.148276,1.000000,185.503998,0.328927,0.999755,181.152802,0.522626,1.000000
D1-P003-S1-L2700,RHU175_SEMIQUANT_V1,val,2700,Specific Gravity:1.030,Specific Gravity:1.030,,,Specific Gravity,1.030,RHU175_SEMIQUANT_V1_2026-05-03T13-28-39.zip,1,1,0,,187.709595,0.037029,0.567746,101.424797,0.036453,0.597049,181.544800,0.197478,0.994460,187.328796,0.303313,0.994925,126.283203,0.176163,0.903587,124.498398,0.178594,0.943035,135.206406,0.188143,0.977195,179.279999,0.148276,1.000000,185.503998,0.328927,0.999755,181.152802,0.522626,1.000000
D1-P003-S1-L2700,RHU175_SEMIQUANT_V1,val,2700,Ketone:Neg,Ketone:Neg,,,Ketone,Neg,RHU175_SEMIQUANT_V1_2026-05-03T13-28-39.zip,1,1,0,,187.709595,0.037029,0.567746,101.424797,0.036453,0.597049,181.544800,0.197478,0.994460,187.328796,0.303313,0.994925,126.283203,0.176163,0.903587,124.498398,0.178594,0.943035,135.206406,0.188143,0.977195,179.279999,0.148276,1.000000,185.503998,0.328927,0.999755,181.152802,0.522626,1.000000
D1-P003-S1-L2700,RHU175_SEMIQUANT_V1,val,2700,Bilirubin:Small 17,Bilirubin:Small 17,,,Bilirubin,Small 17,RHU175_SEMIQUANT_V1_2026-05-03T13-28-39.zip,1,1,0,,187.709595,0.037029,0.567746,101.424797,0.036453,0.597049,181.544800,0.197478,0.994460,187.328796,0.303313,0.994925,126.283203,0.176163,0.903587,124.498398,0.178594,0.943035,135.206406,0.188143,0.977195,179.279999,0.148276,1.000000,185.503998,0.328927,0.999755,181.152802,0.522626,1.000000
D1-P003-S1-L2700,RHU175_SEMIQUANT_V1,val,2700,Glucose:Neg,Glucose:Neg,,,Glucose,Neg,RHU175_SEMIQUANT_V1_2026-05-03T13-28-39.zip,1,1,0,,187.709595,0.037029,0.567746,101.424797,0.036453,0.597049,181.544800,0.197478,0.994460,187.328796,0.303313,0.994925,126.283203,0.176163,0.903587,124.498398,0.178594,0.943035,135.206406,0.188143,0.977195,179.279999,0.148276,1.000000,185.503998,0.328927,0.999755,181.152802,0.522626,1.000000
D1-P003-S1-L4000,RHU175_SEMIQUANT_V1,val,4000,Leukocytes:Trace 15,Leukocytes:Trace 15,,,Leukocytes,Trace 15,RHU175_SEMIQUANT_V1_2026-05-03T13-28-39.zip,1,1,0,,35.755199,0.071565,0.602320,58.912800,0.089277,0.686982,180.649597,0.173344,0.999940,187.277603,0.298409,0.987211,87.618401,0.300933,0.912838,86.111198,0.325710,0.943515,88.963997,0.326889,0.976276,177.713593,0.128344,1.000000,182.265594,0.313158,1.000000,180.026398,0.588154,1.000000
D1-P003-S1-L4000,RHU175_SEMIQUANT_V1,val,4000,Nitrite:Neg,Nitrite:Neg,,,Nitrite,Neg,RHU175_SEMIQUANT_V1_2026-05-03T13-28-39.zip,1,1,0,,35.755199,0.071565,0.602320,58.912800,0.089277,0.686982,180.649597,0.173344,0.999940,187.277603,0.298409,0.987211,87.618401,0.300933,0.912838,86.111198,0.325710,0.943515,88.963997,0.326889,0.976276,177.713593,0.128344,1.000000,182.265594,0.313158,1.000000,180.026398,0.588154,1.000000
D1-P003-S1-L4000,RHU175_SEMIQUANT_V1,val,4000,Urobilinogen:16,Urobilinogen:16,,,Urobilinogen,16,RHU175_SEMIQUANT_V1_2026-05-03T13-28-39.zip,1,1,0,,35.755199,0.071565,0.602320,58.912800,0.089277,0.686982,180.649597,0.173344,0.999940,187.277603,0.298409,0.987211,87.618401,0.300933,0.912838,86.111198,0.325710,0.943515,88.963997,0.326889,0.976276,177.713593,0.128344,1.000000,182.265594,0.313158,1.000000,180.026398,0.588154,1.000000
D1-P003-S1-L4000,RHU175_SEMIQUANT_V1,val,4000,Protein:Neg,Protein:Neg,,,Protein,Neg,RHU175_SEMIQUANT_V1_2026-05-03T13-28-39.zip,1,1,0,,35.755199,0.071565,0.602320,58.912800,0.089277,0.686982,180.649597,0.173344,0.999940,187.277603,0.298409,0.987211,87.618401,0.300933,0.912838,86.111198,0.325710,0.943515,88.963997,0.326889,0.976276,177.713593,0.128344,1.000000,182.265594,0.313158,1.000000,180.026398,0.588154,1.000000
D1-P003-S1-L4000,RHU175_SEMIQUANT_V1,val,4000,pH:5.0,pH:5.0,,,pH,5.0,RHU175_SEMIQUANT_V1_2026-05-03T13-28-39.zip,1,1,0,,35.755199,0.071565,0.602320,58.912800,0.089277,0.686982,180.649597,0.173344,0.999940,187.277603,0.298409,0.987211,87.618401,0.300933,0.912838,86.111198,0.325710,0.943515,88.963997,0.326889,0.976276,177.713593,0.128344,1.000000,182.265594,0.313158,1.000000,180.026398,0.588154,1.000000
D1-P003-S1-L4000,RHU175_SEMIQUANT_V1,val,4000,Blood:Neg,Blood:Neg,,,Blood,Neg,RHU175_SEMIQUANT_V1_2026-05-03T13-28-39.zip,1,1,0,,35.755199,0.071565,0.602320,58.912800,0.089277,0.686982,180.649597,0.173344,0.999940,187.277603,0.298409,0.987211,87.618401,0.300933,0.912838,86.111198,0.325710,0.943515,88.963997,0.326889,0.976276,177.713593,0.128344,1.000000,182.265594,0.313158,1.000000,180.026398,0.588154,1.000000
D1-P003-S1-L4000,RHU175_SEMIQUANT_V1,val,4000,Specific Gravity:1.030,Specific Gravity:1.030,,,Specific Gravity,1.030,RHU175_SEMIQUANT_V1_2026-05-03T13-28-39.zip,1,1,0,,35.755199,0.071565,0.602320,58.912800,0.089277,0.686982,180.649597,0.173344,0.999940,187.277603,0.298409,0.987211,87.618401,0.300933,0.912838,86.111198,0.325710,0.943515,88.963997,0.326889,0.976276,177.713593,0.128344,1.000000,182.265594,0.313158,1.000000,180.026398,0.588154,1.000000
D1-P003-S1-L4000,RHU175_SEMIQUANT_V1,val,4000,Ketone:Neg,Ketone:Neg,,,Ketone,Neg,RHU175_SEMIQUANT_V1_2026-05-03T13-28-39.zip,1,1,0,,35.755199,0.071565,0.602320,58.912800,0.089277,0.686982,180.649597,0.173344,0.999940,187.277603,0.298409,0.987211,87.618401,0.300933,0.912838,86.111198,0.325710,0.943515,88.963997,0.326889,0.976276,177.713593,0.128344,1.000000,182.265594,0.313158,1.000000,180.026398,0.588154,1.000000
D1-P003-S1-L4000,RHU175_SEMIQUANT_V1,val,4000,Bilirubin:Small 17,Bilirubin:Small 17,,,Bilirubin,Small 17,RHU175_SEMIQUANT_V1_2026-05-03T13-28-39.zip,1,1,0,,35.755199,0.071565,0.602320,58.912800,0.089277,0.686982,180.649597,0.173344,0.999940,187.277603,0.298409,0.987211,87.618401,0.300933,0.912838,86.111198,0.325710,0.943515,88.963997,0.326889,0.976276,177.713593,0.128344,1.000000,182.265594,0.313158,1.000000,180.026398,0.588154,1.000000
D1-P003-S1-L4000,RHU175_SEMIQUANT_V1,val,4000,Glucose:Neg,Glucose:Neg,,,Glucose,Neg,RHU175_SEMIQUANT_V1_2026-05-03T13-28-39.zip,1,1,0,,35.755199,0.071565,0.602320,58.912800,0.089277,0.686982,180.649597,0.173344,0.999940,187.277603,0.298409,0.987211,87.618401,0.300933,0.912838,86.111198,0.325710,0.943515,88.963997,0.326889,0.976276,177.713593,0.128344,1.000000,182.265594,0.313158,1.000000,180.026398,0.588154,1.000000
D1-P003-S1-L5500,RHU175_SEMIQUANT_V1,val,5500,Leukocytes:Trace 15,Leukocytes:Trace 15,,,Leukocytes,Trace 15,RHU175_SEMIQUANT_V1_2026-05-03T13-28-39.zip,1,1,0,,133.991196,0.048924,0.547702,166.151199,0.053630,0.531675,211.416000,0.427769,0.955332,214.846405,0.482748,1.000000,236.003204,0.510326,1.000000,241.528793,0.482251,1.000000,217.944794,0.324460,1.000000,207.938400,0.372715,1.000000,224.742401,0.320935,1.000000,222.783203,0.304533,1.000000
D1-P003-S1-L5500,RHU175_SEMIQUANT_V1,val,5500,Nitrite:Neg,Nitrite:Neg,,,Nitrite,Neg,RHU175_SEMIQUANT_V1_2026-05-03T13-28-39.zip,1,1,0,,133.991196,0.048924,0.547702,166.151199,0.053630,0.531675,211.416000,0.427769,0.955332,214.846405,0.482748,1.000000,236.003204,0.510326,1.000000,241.528793,0.482251,1.000000,217.944794,0.324460,1.000000,207.938400,0.372715,1.000000,224.742401,0.320935,1.000000,222.783203,0.304533,1.000000
D1-P003-S1-L5500,RHU175_SEMIQUANT_V1,val,5500,Urobilinogen:16,Urobilinogen:16,,,Urobilinogen,16,RHU175_SEMIQUANT_V1_2026-05-03T13-28-39.zip,1,1,0,,133.991196,0.048924,0.547702,166.151199,0.053630,0.531675,211.416000,0.427769,0.955332,214.846405,0.482748,1.000000,236.003204,0.510326,1.000000,241.528793,0.482251,1.000000,217.944794,0.324460,1.000000,207.938400,0.372715,1.000000,224.742401,0.320935,1.000000,222.783203,0.304533,1.000000
D1-P003-S1-L5500,RHU175_SEMIQUANT_V1,val,5500,Protein:Neg,Protein:Neg,,,Protein,Neg,RHU175_SEMIQUANT_V1_2026-05-03T13-28-39.zip,1,1,0,,133.991196,0.048924,0.547702,166.151199,0.053630,0.531675,211.416000,0.427769,0.955332,214.846405,0.482748,1.000000,236.003204,0.510326,1.000000,241.528793,0.482251,1.000000,217.944794,0.324460,1.000000,207.938400,0.372715,1.000000,224.742401,0.320935,1.000000,222.783203,0.304533,1.000000
D1-P003-S1-L5500,RHU175_SEMIQUANT_V1,val,5500,pH:5.0,pH:5.0,,,pH,5.0,RHU175_SEMIQUANT_V1_2026-05-03T13-28-39.zip,1,1,0,,133.991196,0.048924,0.547702,166.151199,0.053630,0.531675,211.416000,0.427769,0.955332,214.846405,0.482748,1.000000,236.003204,0.510326,1.000000,241.528793,0.482251,1.000000,217.944794,0.324460,1.000000,207.938400,0.372715,1.000000,224.742401,0.320935,1.000000,222.783203,0.304533,1.000000
D1-P003-S1-L5500,RHU175_SEMIQUANT_V1,val,5500,Blood:Neg,Blood:Neg,,,Blood,Neg,RHU175_SEMIQUANT_V1_2026-05-03T13-28-39.zip,1,1,0,,133.991196,0.048924,0.547702,166.151199,0.053630,0.531675,211.416000,0.427769,0.955332,214.846405,0.482748,1.000000,236.003204,0.510326,1.000000,241.528793,0.482251,1.000000,217.944794,0.324460,1.000000,207.938400,0.372715,1.000000,224.742401,0.320935,1.000000,222.783203,0.304533,1.000000
D1-P003-S1-L5500,RHU175_SEMIQUANT_V1,val,5500,Specific Gravity:1.030,Specific Gravity:1.030,,,Specific Gravity,1.030,RHU175_SEMIQUANT_V1_2026-05-03T13-28-39.zip,1,1,0,,133.991196,0.048924,0.547702,166.151199,0.053630,0.531675,211.416000,0.427769,0.955332,214.846405,0.482748,1.000000,236.003204,0.510326,1.000000,241.528793,0.482251,1.000000,217.944794,0.324460,1.000000,207.938400,0.372715,1.000000,224.742401,0.320935,1.000000,222.783203,0.304533,1.000000
D1-P003-S1-L5500,RHU175_SEMIQUANT_V1,val,5500,Ketone:Neg,Ketone:Neg,,,Ketone,Neg,RHU175_SEMIQUANT_V1_2026-05-03T13-28-39.zip,1,1,0,,133.991196,0.048924,0.547702,166.151199,0.053630,0.531675,211.416000,0.427769,0.955332,214.846405,0.482748,1.000000,236.003204,0.510326,1.000000,241.528793,0.482251,1.000000,217.944794,0.324460,1.000000,207.938400,0.372715,1.000000,224.742401,0.320935,1.000000,222.783203,0.304533,1.000000
D1-P003-S1-L5500,RHU175_SEMIQUANT_V1,val,5500,Bilirubin:Small 17,Bilirubin:Small 17,,,Bilirubin,Small 17,RHU175_SEMIQUANT_V1_2026-05-03T13-28-39.zip,1,1,0,,133.991196,0.048924,0.547702,166.151199,0.053630,0.531675,211.416000,0.427769,0.955332,214.846405,0.482748,1.000000,236.003204,0.510326,1.000000,241.528793,0.482251,1.000000,217.944794,0.324460,1.000000,207.938400,0.372715,1.000000,224.742401,0.320935,1.000000,222.783203,0.304533,1.000000
D1-P003-S1-L5500,RHU175_SEMIQUANT_V1,val,5500,Glucose:Neg,Glucose:Neg,,,Glucose,Neg,RHU175_SEMIQUANT_V1_2026-05-03T13-28-39.zip,1,1,0,,133.991196,0.048924,0.547702,166.151199,0.053630,0.531675,211.416000,0.427769,0.955332,214.846405,0.482748,1.000000,236.003204,0.510326,1.000000,241.528793,0.482251,1.000000,217.944794,0.324460,1.000000,207.938400,0.372715,1.000000,224.742401,0.320935,1.000000,222.783203,0.304533,1.000000
D1-P006-S1-L2700,RHU175_SEMIQUANT_V1,train,2700,Leukocytes:Trace 15,Leukocytes:Trace 15,,,Leukocytes,Trace 15,RHU175_SEMIQUANT_V1_2026-05-03T13-28-39.zip,1,1,0,,25.886400,0.573663,0.214984,24.643200,0.608020,0.204979,32.520000,0.547520,0.239697,89.337601,0.045784,0.709191,127.087196,0.043104,0.740924,159.890396,0.054631,0.776397,182.458405,0.069136,0.822334,188.889603,0.088344,0.855864,200.532806,0.121522,0.927846,201.160004,0.143249,0.989205
D1-P006-S1-L2700,RHU175_SEMIQUANT_V1,train,2700,Nitrite:Neg,Nitrite:Neg,,,Nitrite,Neg,RHU175_SEMIQUANT_V1_2026-05-03T13-28-39.zip,1,1,0,,25.886400,0.573663,0.214984,24.643200,0.608020,0.204979,32.520000,0.547520,0.239697,89.337601,0.045784,0.709191,127.087196,0.043104,0.740924,159.890396,0.054631,0.776397,182.458405,0.069136,0.822334,188.889603,0.088344,0.855864,200.532806,0.121522,0.927846,201.160004,0.143249,0.989205
D1-P006-S1-L2700,RHU175_SEMIQUANT_V1,train,2700,Urobilinogen:3.2,Urobilinogen:3.2,,,Urobilinogen,3.2,RHU175_SEMIQUANT_V1_2026-05-03T13-28-39.zip,1,1,0,,25.886400,0.573663,0.214984,24.643200,0.608020,0.204979,32.520000,0.547520,0.239697,89.337601,0.045784,0.709191,127.087196,0.043104,0.740924,159.890396,0.054631,0.776397,182.458405,0.069136,0.822334,188.889603,0.088344,0.855864,200.532806,0.121522,0.927846,201.160004,0.143249,0.989205
D1-P006-S1-L2700,RHU175_SEMIQUANT_V1,train,2700,Protein:Trace,Protein:Trace,,,Protein,Trace,RHU175_SEMIQUANT_V1_2026-05-03T13-28-39.zip,1,1,0,,25.886400,0.573663,0.214984,24.643200,0.608020,0.204979,32.520000,0.547520,0.239697,89.337601,0.045784,0.709191,127.087196,0.043104,0.740924,159.890396,0.054631,0.776397,182.458405,0.069136,0.822334,188.889603,0.088344,0.855864,200.532806,0.121522,0.927846,201.160004,0.143249,0.989205
D1-P006-S1-L2700,RHU175_SEMIQUANT_V1,train,2700,pH:5.0,pH:5.0,,,pH,5.0,RHU175_SEMIQUANT_V1_2026-05-03T13-28-39.zip,1,1,0,,25.886400,0.573663,0.214984,24.643200,0.608020,0.204979,32.520000,0.547520,0.239697,89.337601,0.045784,0.709191,127.087196,0.043104,0.740924,159.890396,0.054631,0.776397,182.458405,0.069136,0.822334,188.889603,0.088344,0.855864,200.532806,0.121522,0.927846,201.160004,0.143249,0.989205
D1-P006-S1-L2700,RHU175_SEMIQUANT_V1,train,2700,Blood:Neg,Blood:Neg,,,Blood,Neg,RHU175_SEMIQUANT_V1_2026-05-03T13-28-39.zip,1,1,0,,25.886400,0.573663,0.214984,24.643200,0.608020,0.204979,32.520000,0.547520,0.239697,89.337601,0.045784,0.709191,127.087196,0.043104,0.740924,159.890396,0.054631,0.776397,182.458405,0.069136,0.822334,188.889603,0.088344,0.855864,200.532806,0.121522,0.927846,201.160004,0.143249,0.989205
D1-P006-S1-L2700,RHU175_SEMIQUANT_V1,train,2700,Specific Gravity:1.025,Specific Gravity:1.025,,,Specific Gravity,1.025,RHU175_SEMIQUANT_V1_2026-05-03T13-28-39.zip,1,1,0,,25.886400,0.573663,0.214984,24.643200,0.608020,0.204979,32.520000,0.547520,0.239697,89.337601,0.045784,0.709191,127.087196,0.043104,0.740924,159.890396,0.054631,0.776397,182.458405,0.069136,0.822334,188.889603,0.088344,0.855864,200.532806,0.121522,0.927846,201.160004,0.143249,0.989205
D1-P006-S1-L2700,RHU175_SEMIQUANT_V1,train,2700,Ketone:Neg,Ketone:Neg,,,Ketone,Neg,RHU175_SEMIQUANT_V1_2026-05-03T13-28-39.zip,1,1,0,,25.886400,0.573663,0.214984,24.643200,0.608020,0.204979,32.520000,0.547520,0.239697,89.337601,0.045784,0.709191,127.087196,0.043104,0.740924,159.890396,0.054631,0.776397,182.458405,0.069136,0.822334,188.889603,0.088344,0.855864,200.532806,0.121522,0.927846,201.160004,0.143249,0.989205
D1-P006-S1-L2700,RHU175_SEMIQUANT_V1,train,2700,Bilirubin:Moderate 50,Bilirubin:Moderate 50,,,Bilirubin,Moderate 50,RHU175_SEMIQUANT_V1_2026-05-03T13-28-39.zip,1,1,0,,25.886400,0.573663,0.214984,24.643200,0.608020,0.204979,32.520000,0.547520,0.239697,89.337601,0.045784,0.709191,127.087196,0.043104,0.740924,159.890396,0.054631,0.776397,182.458405,0.069136,0.822334,188.889603,0.088344,0.855864,200.532806,0.121522,0.927846,201.160004,0.143249,0.989205
D1-P006-S1-L2700,RHU175_SEMIQUANT_V1,train,2700,Glucose:Neg,Glucose:Neg,,,Glucose,Neg,RHU175_SEMIQUANT_V1_2026-05-03T13-28-39.zip,1,1,0,,25.886400,0.573663,0.214984,24.643200,0.608020,0.204979,32.520000,0.547520,0.239697,89.337601,0.045784,0.709191,127.087196,0.043104,0.740924,159.890396,0.054631,0.776397,182.458405,0.069136,0.822334,188.889603,0.088344,0.855864,200.532806,0.121522,0.927846,201.160004,0.143249,0.989205
D1-P006-S1-L4000,RHU175_SEMIQUANT_V1,train,4000,Leukocytes:Trace 15,Leukocytes:Trace 15,,,Leukocytes,Trace 15,RHU175_SEMIQUANT_V1_2026-05-03T13-28-39.zip,1,1,0,,86.112000,0.003771,0.672681,237.792007,0.012384,0.670995,240.604004,0.011758,0.690190,249.988007,0.012416,0.688565,144.960007,0.006689,0.688422,116.136002,0.005139,0.685473,124.223999,0.005719,0.687341,101.183998,0.004169,0.682262,233.212006,0.011018,0.683278,45.984001,0.001784,0.682700
D1-P006-S1-L4000,RHU175_SEMIQUANT_V1,train,4000,Nitrite:Neg,Nitrite:Neg,,,Nitrite,Neg,RHU175_SEMIQUANT_V1_2026-05-03T13-28-39.zip,1,1,0,,86.112000,0.003771,0.672681,237.792007,0.012384,0.670995,240.604004,0.011758,0.690190,249.988007,0.012416,0.688565,144.960007,0.006689,0.688422,116.136002,0.005139,0.685473,124.223999,0.005719,0.687341,101.183998,0.004169,0.682262,233.212006,0.011018,0.683278,45.984001,0.001784,0.682700
D1-P006-S1-L4000,RHU175_SEMIQUANT_V1,train,4000,Urobilinogen:3.2,Urobilinogen:3.2,,,Urobilinogen,3.2,RHU175_SEMIQUANT_V1_2026-05-03T13-28-39.zip,1,1,0,,86.112000,0.003771,0.672681,237.792007,0.012384,0.670995,240.604004,0.011758,0.690190,249.988007,0.012416,0.688565,144.960007,0.006689,0.688422,116.136002,0.005139,0.685473,124.223999,0.005719,0.687341,101.183998,0.004169,0.682262,233.212006,0.011018,0.683278,45.984001,0.001784,0.682700
D1-P006-S1-L4000,RHU175_SEMIQUANT_V1,train,4000,Protein:Trace,Protein:Trace,,,Protein,Trace,RHU175_SEMIQUANT_V1_2026-05-03T13-28-39.zip,1,1,0,,86.112000,0.003771,0.672681,237.792007,0.012384,0.670995,240.604004,0.011758,0.690190,249.988007,0.012416,0.688565,144.960007,0.006689,0.688422,116.136002,0.005139,0.685473,124.223999,0.005719,0.687341,101.183998,0.004169,0.682262,233.212006,0.011018,0.683278,45.984001,0.001784,0.682700
D1-P006-S1-L4000,RHU175_SEMIQUANT_V1,train,4000,pH:5.0,pH:5.0,,,pH,5.0,RHU175_SEMIQUANT_V1_2026-05-03T13-28-39.zip,1,1,0,,86.112000,0.003771,0.672681,237.792007,0.012384,0.670995,240.604004,0.011758,0.690190,249.988007,0.012416,0.688565,144.960007,0.006689,0.688422,116.136002,0.005139,0.685473,124.223999,0.005719,0.687341,101.183998,0.004169,0.682262,233.212006,0.011018,0.683278,45.984001,0.001784,0.682700
D1-P006-S1-L4000,RHU175_SEMIQUANT_V1,train,4000,Blood:Neg,Blood:Neg,,,Blood,Neg,RHU175_SEMIQUANT_V1_2026-05-03T13-28-39.zip,1,1,0,,86.112000,0.003771,0.672681,237.792007,0.012384,0.670995,240.604004,0.011758,0.690190,249.988007,0.012416,0.688565,144.960007,0.006689,0.688422,116.136002,0.005139,0.685473,124.223999,0.005719,0.687341,101.183998,0.004169,0.682262,233.212006,0.011018,0.683278,45.984001,0.001784,0.682700
D1-P006-S1-L4000,RHU175_SEMIQUANT_V1,train,4000,Specific Gravity:1.025,Specific Gravity:1.025,,,Specific Gravity,1.025,RHU175_SEMIQUANT_V1_2026-05-03T13-28-39.zip,1,1,0,,86.112000,0.003771,0.672681,237.792007,0.012384,0.670995,240.604004,0.011758,0.690190,249.988007,0.012416,0.688565,144.960007,0.006689,0.688422,116.136002,0.005139,0.685473,124.223999,0.005719,0.687341,101.183998,0.004169,0.682262,233.212006,0.011018,0.683278,45.984001,0.001784,0.682700
D1-P006-S1-L4000,RHU175_SEMIQUANT_V1,train,4000,Ketone:Neg,Ketone:Neg,,,Ketone,Neg,RHU175_SEMIQUANT_V1_2026-05-03T13-28-39.zip,1,1,0,,86.112000,0.003771,0.672681,237.792007,0.012384,0.670995,240.604004,0.011758,0.690190,249.988007,0.012416,0.688565,144.960007,0.006689,0.688422,116.136002,0.005139,0.685473,124.223999,0.005719,0.687341,101.183998,0.004169,0.682262,233.212006,0.011018,0.683278,45.984001,0.001784,0.682700
D1-P006-S1-L4000,RHU175_SEMIQUANT_V1,train,4000,Bilirubin:Moderate 50,Bilirubin:Moderate 50,,,Bilirubin,Moderate 50,RHU175_SEMIQUANT_V1_2026-05-03T13-28-39.zip,1,1,0,,86.112000,0.003771,0.672681,237.792007,0.012384,0.670995,240.604004,0.011758,0.690190,249.988007,0.012416,0.688565,144.960007,0.006689,0.688422,116.136002,0.005139,0.685473,124.223999,0.005719,0.687341,101.183998,0.004169,0.682262,233.212006,0.011018,0.683278,45.984001,0.001784,0.682700
D1-P006-S1-L4000,RHU175_SEMIQUANT_V1,train,4000,Glucose:Neg,Glucose:Neg,,,Glucose,Neg,RHU175_SEMIQUANT_V1_2026-05-03T13-28-39.zip,1,1,0,,86.112000,0.003771,0.672681,237.792007,0.012384,0.670995,240.604004,0.011758,0.690190,249.988007,0.012416,0.688565,144.960007,0.006689,0.688422,116.136002,0.005139,0.685473,124.223999,0.005719,0.687341,101.183998,0.004169,0.682262,233.212006,0.011018,0.683278,45.984001,0.001784,0.682700
D1-P006-S1-L5500,RHU175_SEMIQUANT_V1,train,5500,Leukocytes:Trace 15,Leukocytes:Trace 15,,,Leukocytes,Trace 15,RHU175_SEMIQUANT_V1_2026-05-03T13-28-39.zip,1,1,0,,236.916794,0.013043,0.708518,231.371994,0.012781,0.707147,235.303207,0.012667,0.710918,98.575996,0.002599,0.707849,67.547997,0.001514,0.707602,62.015999,0.001807,0.710194,31.488001,0.000605,0.710514,60.768002,0.001694,0.710905,41.147999,0.001507,0.715388,130.199997,0.005090,0.716665
D1-P006-S1-L5500,RHU175_SEMIQUANT_V1,train,5500,Nitrite:Neg,Nitrite:Neg,,,Nitrite,Neg,RHU175_SEMIQUANT_V1_2026-05-03T13-28-39.zip,1,1,0,,236.916794,0.013043,0.708518,231.371994,0.012781,0.707147,235.303207,0.012667,0.710918,98.575996,0.002599,0.707849,67.547997,0.001514,0.707602,62.015999,0.001807,0.710194,31.488001,0.000605,0.710514,60.768002,0.001694,0.710905,41.147999,0.001507,0.715388,130.199997,0.005090,0.716665
D1-P006-S1-L5500,RHU175_SEMIQUANT_V1,train,5500,Urobilinogen:3.2,Urobilinogen:3.2,,,Urobilinogen,3.2,RHU175_SEMIQUANT_V1_2026-05-03T13-28-39.zip,1,1,0,,236.916794,0.013043,0.708518,231.371994,0.012781,0.707147,235.303207,0.012667,0.710918,98.575996,0.002599,0.707849,67.547997,0.001514,0.707602,62.015999,0.001807,0.710194,31.488001,0.000605,0.710514,60.768002,0.001694,0.710905,41.147999,0.001507,0.715388,130.199997,0.005090,0.716665
D1-P006-S1-L5500,RHU175_SEMIQUANT_V1,train,5500,Protein:Trace,Protein:Trace,,,Protein,Trace,RHU175_SEMIQUANT_V1_2026-05-03T13-28-39.zip,1,1,0,,236.916794,0.013043,0.708518,231.371994,0.012781,0.707147,235.303207,0.012667,0.710918,98.575996,0.002599,0.707849,67.547997,0.001514,0.707602,62.015999,0.001807,0.710194,31.488001,0.000605,0.710514,60.768002,0.001694,0.710905,41.147999,0.001507,0.715388,130.199997,0.005090,0.716665
D1-P006-S1-L5500,RHU175_SEMIQUANT_V1,train,5500,pH:5.0,pH:5.0,,,pH,5.0,RHU175_SEMIQUANT_V1_2026-05-03T13-28-39.zip,1,1,0,,236.916794,0.013043,0.708518,231.371994,0.012781,0.707147,235.303207,0.012667,0.710918,98.575996,0.002599,0.707849,67.547997,0.001514,0.707602,62.015999,0.001807,0.710194,31.488001,0.000605,0.710514,60.768002,0.001694,0.710905,41.147999,0.001507,0.715388,130.199997,0.005090,0.716665
D1-P006-S1-L5500,RHU175_SEMIQUANT_V1,train,5500,Blood:Neg,Blood:Neg,,,Blood,Neg,RHU175_SEMIQUANT_V1_2026-05-03T13-28-39.zip,1,1,0,,236.916794,0.013043,0.708518,231.371994,0.012781,0.707147,235.303207,0.012667,0.710918,98.575996,0.002599,0.707849,67.547997,0.001514,0.707602,62.015999,0.001807,0.710194,31.488001,0.000605,0.710514,60.768002,0.001694,0.710905,41.147999,0.001507,0.715388,130.199997,0.005090,0.716665
D1-P006-S1-L5500,RHU175_SEMIQUANT_V1,train,5500,Specific Gravity:1.025,Specific Gravity:1.025,,,Specific Gravity,1.025,RHU175_SEMIQUANT_V1_2026-05-03T13-28-39.zip,1,1,0,,236.916794,0.013043,0.708518,231.371994,0.012781,0.707147,235.303207,0.012667,0.710918,98.575996,0.002599,0.707849,67.547997,0.001514,0.707602,62.015999,0.001807,0.710194,31.488001,0.000605,0.710514,60.768002,0.001694,0.710905,41.147999,0.001507,0.715388,130.199997,0.005090,0.716665
D1-P006-S1-L5500,RHU175_SEMIQUANT_V1,train,5500,Ketone:Neg,Ketone:Neg,,,Ketone,Neg,RHU175_SEMIQUANT_V1_2026-05-03T13-28-39.zip,1,1,0,,236.916794,0.013043,0.708518,231.371994,0.012781,0.707147,235.303207,0.012667,0.710918,98.575996,0.002599,0.707849,67.547997,0.001514,0.707602,62.015999,0.001807,0.710194,31.488001,0.000605,0.710514,60.768002,0.001694,0.710905,41.147999,0.001507,0.715388,130.199997,0.005090,0.716665
D1-P006-S1-L5500,RHU175_SEMIQUANT_V1,train,5500,Bilirubin:Moderate 50,Bilirubin:Moderate 50,,,Bilirubin,Moderate 50,RHU175_SEMIQUANT_V1_2026-05-03T13-28-39.zip,1,1,0,,236.916794,0.013043,0.708518,231.371994,0.012781,0.707147,235.303207,0.012667,0.710918,98.575996,0.002599,0.707849,67.547997,0.001514,0.707602,62.015999,0.001807,0.710194,31.488001,0.000605,0.710514,60.768002,0.001694,0.710905,41.147999,0.001507,0.715388,130.199997,0.005090,0.716665
D1-P006-S1-L5500,RHU175_SEMIQUANT_V1,train,5500,Glucose:Neg,Glucose:Neg,,,Glucose,Neg,RHU175_SEMIQUANT_V1_2026-05-03T13-28-39.zip,1,1,0,,236.916794,0.013043,0.708518,231.371994,0.012781,0.707147,235.303207,0.012667,0.710918,98.575996,0.002599,0.707849,67.547997,0.001514,0.707602,62.015999,0.001807,0.710194,31.488001,0.000605,0.710514,60.768002,0.001694,0.710905,41.147999,0.001507,0.715388,130.199997,0.005090,0.716665
D1-P007-S1-L4000,RHU175_SEMIQUANT_V1,train,4000,Leukocytes:Neg,Leukocytes:Neg,,,Leukocytes,Neg,RHU175_SEMIQUANT_V1_2026-05-03T13-28-39.zip,1,1,0,,177.175995,0.010213,0.728088,316.007996,0.012525,0.733658,294.212006,0.012827,0.741031,302.239990,0.011321,0.746795,278.160004,0.010541,0.752096,146.772003,0.005076,0.757537,49.560001,0.001713,0.762162,43.764000,0.001479,0.766806,86.122398,0.004593,0.774367,257.647186,0.018563,0.787645
D1-P007-S1-L4000,RHU175_SEMIQUANT_V1,train,4000,Nitrite:Neg,Nitrite:Neg,,,Nitrite,Neg,RHU175_SEMIQUANT_V1_2026-05-03T13-28-39.zip,1,1,0,,177.175995,0.010213,0.728088,316.007996,0.012525,0.733658,294.212006,0.012827,0.741031,302.239990,0.011321,0.746795,278.160004,0.010541,0.752096,146.772003,0.005076,0.757537,49.560001,0.001713,0.762162,43.764000,0.001479,0.766806,86.122398,0.004593,0.774367,257.647186,0.018563,0.787645
D1-P007-S1-L4000,RHU175_SEMIQUANT_V1,train,4000,Urobilinogen:16,Urobilinogen:16,,,Urobilinogen,16,RHU175_SEMIQUANT_V1_2026-05-03T13-28-39.zip,1,1,0,,177.175995,0.010213,0.728088,316.007996,0.012525,0.733658,294.212006,0.012827,0.741031,302.239990,0.011321,0.746795,278.160004,0.010541,0.752096,146.772003,0.005076,0.757537,49.560001,0.001713,0.762162,43.764000,0.001479,0.766806,86.122398,0.004593,0.774367,257.647186,0.018563,0.787645
D1-P007-S1-L4000,RHU175_SEMIQUANT_V1,train,4000,Protein:Neg,Protein:Neg,,,Protein,Neg,RHU175_SEMIQUANT_V1_2026-05-03T13-28-39.zip,1,1,0,,177.175995,0.010213,0.728088,316.007996,0.012525,0.733658,294.212006,0.012827,0.741031,302.239990,0.011321,0.746795,278.160004,0.010541,0.752096,146.772003,0.005076,0.757537,49.560001,0.001713,0.762162,43.764000,0.001479,0.766806,86.122398,0.004593,0.774367,257.647186,0.018563,0.787645
D1-P007-S1-L4000,RHU175_SEMIQUANT_V1,train,4000,pH:6.5,pH:6.5,,,pH,6.5,RHU175_SEMIQUANT_V1_2026-05-03T13-28-39.zip,1,1,0,,177.175995,0.010213,0.728088,316.007996,0.012525,0.733658,294.212006,0.012827,0.741031,302.239990,0.011321,0.746795,278.160004,0.010541,0.752096,146.772003,0.005076,0.757537,49.560001,0.001713,0.762162,43.764000,0.001479,0.766806,86.122398,0.004593,0.774367,257.647186,0.018563,0.787645
D1-P007-S1-L4000,RHU175_SEMIQUANT_V1,train,4000,Blood:Neg,Blood:Neg,,,Blood,Neg,RHU175_SEMIQUANT_V1_2026-05-03T13-28-39.zip,1,1,0,,177.175995,0.010213,0.728088,316.007996,0.012525,0.733658,294.212006,0.012827,0.741031,302.239990,0.011321,0.746795,278.160004,0.010541,0.752096,146.772003,0.005076,0.757537,49.560001,0.001713,0.762162,43.764000,0.001479,0.766806,86.122398,0.004593,0.774367,257.647186,0.018563,0.787645
D1-P007-S1-L4000,RHU175_SEMIQUANT_V1,train,4000,Specific Gravity:1.030,Specific Gravity:1.030,,,Specific Gravity,1.030,RHU175_SEMIQUANT_V1_2026-05-03T13-28-39.zip,1,1,0,,177.175995,0.010213,0.728088,316.007996,0.012525,0.733658,294.212006,0.012827,0.741031,302.239990,0.011321,0.746795,278.160004,0.010541,0.752096,146.772003,0.005076,0.757537,49.560001,0.001713,0.762162,43.764000,0.001479,0.766806,86.122398,0.004593,0.774367,257.647186,0.018563,0.787645
D1-P007-S1-L4000,RHU175_SEMIQUANT_V1,train,4000,Ketone:Neg,Ketone:Neg,,,Ketone,Neg,RHU175_SEMIQUANT_V1_2026-05-03T13-28-39.zip,1,1,0,,177.175995,0.010213,0.728088,316.007996,0.012525,0.733658,294.212006,0.012827,0.741031,302.239990,0.011321,0.746795,278.160004,0.010541,0.752096,146.772003,0.005076,0.757537,49.560001,0.001713,0.762162,43.764000,0.001479,0.766806,86.122398,0.004593,0.774367,257.647186,0.018563,0.787645
D1-P007-S1-L4000,RHU175_SEMIQUANT_V1,train,4000,Bilirubin:Neg,Bilirubin:Neg,,,Bilirubin,Neg,RHU175_SEMIQUANT_V1_2026-05-03T13-28-39.zip,1,1,0,,177.175995,0.010213,0.728088,316.007996,0.012525,0.733658,294.212006,0.012827,0.741031,302.239990,0.011321,0.746795,278.160004,0.010541,0.752096,146.772003,0.005076,0.757537,49.560001,0.001713,0.762162,43.764000,0.001479,0.766806,86.122398,0.004593,0.774367,257.647186,0.018563,0.787645
D1-P007-S1-L4000,RHU175_SEMIQUANT_V1,train,4000,Glucose:Neg,Glucose:Neg,,,Glucose,Neg,RHU175_SEMIQUANT_V1_2026-05-03T13-28-39.zip,1,1,0,,177.175995,0.010213,0.728088,316.007996,0.012525,0.733658,294.212006,0.012827,0.741031,302.239990,0.011321,0.746795,278.160004,0.010541,0.752096,146.772003,0.005076,0.757537,49.560001,0.001713,0.762162,43.764000,0.001479,0.766806,86.122398,0.004593,0.774367,257.647186,0.018563,0.787645
D1-P007-S1-L5500,RHU175_SEMIQUANT_V1,train,5500,Leukocytes:Neg,Leukocytes:Neg,,,Leukocytes,Neg,RHU175_SEMIQUANT_V1_2026-05-03T13-28-39.zip,1,1,0,,198.996002,0.007773,0.817442,197.591995,0.011547,0.824814,245.240005,0.012096,0.830003,295.717590,0.011972,0.835649,311.084808,0.014856,0.843007,314.423187,0.016551,0.850629,306.929596,0.016563,0.854935,300.082397,0.013539,0.864034,315.342407,0.012229,0.867777,311.032806,0.011600,0.872808
D1-P007-S1-L5500,RHU175_SEMIQUANT_V1,train,5500,Nitrite:Neg,Nitrite:Neg,,,Nitrite,Neg,RHU175_SEMIQUANT_V1_2026-05-03T13-28-39.zip,1,1,0,,198.996002,0.007773,0.817442,197.591995,0.011547,0.824814,245.240005,0.012096,0.830003,295.717590,0.011972,0.835649,311.084808,0.014856,0.843007,314.423187,0.016551,0.850629,306.929596,0.016563,0.854935,300.082397,0.013539,0.864034,315.342407,0.012229,0.867777,311.032806,0.011600,0.872808
D1-P007-S1-L5500,RHU175_SEMIQUANT_V1,train,5500,Urobilinogen:16,Urobilinogen:16,,,Urobilinogen,16,RHU175_SEMIQUANT_V1_2026-05-03T13-28-39.zip,1,1,0,,198.996002,0.007773,0.817442,197.591995,0.011547,0.824814,245.240005,0.012096,0.830003,295.717590,0.011972,0.835649,311.084808,0.014856,0.843007,314.423187,0.016551,0.850629,306.929596,0.016563,0.854935,300.082397,0.013539,0.864034,315.342407,0.012229,0.867777,311.032806,0.011600,0.872808
D1-P007-S1-L5500,RHU175_SEMIQUANT_V1,train,5500,Protein:Neg,Protein:Neg,,,Protein,Neg,RHU175_SEMIQUANT_V1_2026-05-03T13-28-39.zip,1,1,0,,198.996002,0.007773,0.817442,197.591995,0.011547,0.824814,245.240005,0.012096,0.830003,295.717590,0.011972,0.835649,311.084808,0.014856,0.843007,314.423187,0.016551,0.850629,306.929596,0.016563,0.854935,300.082397,0.013539,0.864034,315.342407,0.012229,0.867777,311.032806,0.011600,0.872808
D1-P007-S1-L5500,RHU175_SEMIQUANT_V1,train,5500,pH:6.5,pH:6.5,,,pH,6.5,RHU175_SEMIQUANT_V1_2026-05-03T13-28-39.zip,1,1,0,,198.996002,0.007773,0.817442,197.591995,0.011547,0.824814,245.240005,0.012096,0.830003,295.717590,0.011972,0.835649,311.084808,0.014856,0.843007,314.423187,0.016551,0.850629,306.929596,0.016563,0.854935,300.082397,0.013539,0.864034,315.342407,0.012229,0.867777,311.032806,0.011600,0.872808
D1-P007-S1-L5500,RHU175_SEMIQUANT_V1,train,5500,Blood:Neg,Blood:Neg,,,Blood,Neg,RHU175_SEMIQUANT_V1_2026-05-03T13-28-39.zip,1,1,0,,198.996002,0.007773,0.817442,197.591995,0.011547,0.824814,245.240005,0.012096,0.830003,295.717590,0.011972,0.835649,311.084808,0.014856,0.843007,314.423187,0.016551,0.850629,306.929596,0.016563,0.854935,300.082397,0.013539,0.864034,315.342407,0.012229,0.867777,311.032806,0.011600,0.872808
D1-P007-S1-L5500,RHU175_SEMIQUANT_V1,train,5500,Specific Gravity:1.030,Specific Gravity:1.030,,,Specific Gravity,1.030,RHU175_SEMIQUANT_V1_2026-05-03T13-28-39.zip,1,1,0,,198.996002,0.007773,0.817442,197.591995,0.011547,0.824814,245.240005,0.012096,0.830003,295.717590,0.011972,0.835649,311.084808,0.014856,0.843007,314.423187,0.016551,0.850629,306.929596,0.016563,0.854935,300.082397,0.013539,0.864034,315.342407,0.012229,0.867777,311.032806,0.011600,0.872808
D1-P007-S1-L5500,RHU175_SEMIQUANT_V1,train,5500,Ketone:Neg,Ketone:Neg,,,Ketone,Neg,RHU175_SEMIQUANT_V1_2026-05-03T13-28-39.zip,1,1,0,,198.996002,0.007773,0.817442,197.591995,0.011547,0.824814,245.240005,0.012096,0.830003,295.717590,0.011972,0.835649,311.084808,0.014856,0.843007,314.423187,0.016551,0.850629,306.929596,0.016563,0.854935,300.082397,0.013539,0.864034,315.342407,0.012229,0.867777,311.032806,0.011600,0.872808
D1-P007-S1-L5500,RHU175_SEMIQUANT_V1,train,5500,Bilirubin:Neg,Bilirubin:Neg,,,Bilirubin,Neg,RHU175_SEMIQUANT_V1_2026-05-03T13-28-39.zip,1,1,0,,198.996002,0.007773,0.817442,197.591995,0.011547,0.824814,245.240005,0.012096,0.830003,295.717590,0.011972,0.835649,311.084808,0.014856,0.843007,314.423187,0.016551,0.850629,306.929596,0.016563,0.854935,300.082397,0.013539,0.864034,315.342407,0.012229,0.867777,311.032806,0.011600,0.872808
D1-P007-S1-L5500,RHU175_SEMIQUANT_V1,train,5500,Glucose:Neg,Glucose:Neg,,,Glucose,Neg,RHU175_SEMIQUANT_V1_2026-05-03T13-28-39.zip,1,1,0,,198.996002,0.007773,0.817442,197.591995,0.011547,0.824814,245.240005,0.012096,0.830003,295.717590,0.011972,0.835649,311.084808,0.014856,0.843007,314.423187,0.016551,0.850629,306.929596,0.016563,0.854935,300.082397,0.013539,0.864034,315.342407,0.012229,0.867777,311.032806,0.011600,0.872808
D1-P009-S1-L4000,RHU175_SEMIQUANT_V1,train,4000,Leukocytes:Trace 15,Leukocytes:Trace 15,,,Leukocytes,Trace 15,RHU175_SEMIQUANT_V1_2026-05-03T13-28-39.zip,1,1,0,,123.183998,0.004822,0.664795,22.836000,0.004020,0.678543,16.624001,0.003898,0.682569,10.388000,0.001912,0.685247,43.723999,0.008124,0.687206,24.020000,0.004962,0.685584,16.988001,0.007245,0.691503,27.743999,0.009085,0.696723,18.758400,0.011790,0.701744,34.091999,0.014930,0.705774
D1-P009-S1-L4000,RHU175_SEMIQUANT_V1,train,4000,Nitrite:Neg,Nitrite:Neg,,,Nitrite,Neg,RHU175_SEMIQUANT_V1_2026-05-03T13-28-39.zip,1,1,0,,123.183998,0.004822,0.664795,22.836000,0.004020,0.678543,16.624001,0.003898,0.682569,10.388000,0.001912,0.685247,43.723999,0.008124,0.687206,24.020000,0.004962,0.685584,16.988001,0.007245,0.691503,27.743999,0.009085,0.696723,18.758400,0.011790,0.701744,34.091999,0.014930,0.705774
D1-P009-S1-L4000,RHU175_SEMIQUANT_V1,train,4000,Urobilinogen:3.2,Urobilinogen:3.2,,,Urobilinogen,3.2,RHU175_SEMIQUANT_V1_2026-05-03T13-28-39.zip,1,1,0,,123.183998,0.004822,0.664795,22.836000,0.004020,0.678543,16.624001,0.003898,0.682569,10.388000,0.001912,0.685247,43.723999,0.008124,0.687206,24.020000,0.004962,0.685584,16.988001,0.007245,0.691503,27.743999,0.009085,0.696723,18.758400,0.011790,0.701744,34.091999,0.014930,0.705774
D1-P009-S1-L4000,RHU175_SEMIQUANT_V1,train,4000,Protein:Neg,Protein:Neg,,,Protein,Neg,RHU175_SEMIQUANT_V1_2026-05-03T13-28-39.zip,1,1,0,,123.183998,0.004822,0.664795,22.836000,0.004020,0.678543,16.624001,0.003898,0.682569,10.388000,0.001912,0.685247,43.723999,0.008124,0.687206,24.020000,0.004962,0.685584,16.988001,0.007245,0.691503,27.743999,0.009085,0.696723,18.758400,0.011790,0.701744,34.091999,0.014930,0.705774
D1-P009-S1-L4000,RHU175_SEMIQUANT_V1,train,4000,pH:5.0,pH:5.0,,,pH,5.0,RHU175_SEMIQUANT_V1_2026-05-03T13-28-39.zip,1,1,0,,123.183998,0.004822,0.664795,22.836000,0.004020,0.678543,16.624001,0.003898,0.682569,10.388000,0.001912,0.685247,43.723999,0.008124,0.687206,24.020000,0.004962,0.685584,16.988001,0.007245,0.691503,27.743999,0.009085,0.696723,18.758400,0.011790,0.701744,34.091999,0.014930,0.705774
D1-P009-S1-L4000,RHU175_SEMIQUANT_V1,train,4000,Blood:Non-hemolyzed 10,Blood:Non-hemolyzed 10,,,Blood,Non-hemolyzed 10,RHU175_SEMIQUANT_V1_2026-05-03T13-28-39.zip,1,1,0,,123.183998,0.004822,0.664795,22.836000,0.004020,0.678543,16.624001,0.003898,0.682569,10.388000,0.001912,0.685247,43.723999,0.008124,0.687206,24.020000,0.004962,0.685584,16.988001,0.007245,0.691503,27.743999,0.009085,0.696723,18.758400,0.011790,0.701744,34.091999,0.014930,0.705774
D1-P009-S1-L4000,RHU175_SEMIQUANT_V1,train,4000,Specific Gravity:1.030,Specific Gravity:1.030,,,Specific Gravity,1.030,RHU175_SEMIQUANT_V1_2026-05-03T13-28-39.zip,1,1,0,,123.183998,0.004822,0.664795,22.836000,0.004020,0.678543,16.624001,0.003898,0.682569,10.388000,0.001912,0.685247,43.723999,0.008124,0.687206,24.020000,0.004962,0.685584,16.988001,0.007245,0.691503,27.743999,0.009085,0.696723,18.758400,0.011790,0.701744,34.091999,0.014930,0.705774
D1-P009-S1-L4000,RHU175_SEMIQUANT_V1,train,4000,Ketone:Neg,Ketone:Neg,,,Ketone,Neg,RHU175_SEMIQUANT_V1_2026-05-03T13-28-39.zip,1,1,0,,123.183998,0.004822,0.664795,22.836000,0.004020,0.678543,16.624001,0.003898,0.682569,10.388000,0.001912,0.685247,43.723999,0.008124,0.687206,24.020000,0.004962,0.685584,16.988001,0.007245,0.691503,27.743999,0.009085,0.696723,18.758400,0.011790,0.701744,34.091999,0.014930,0.705774
D1-P009-S1-L4000,RHU175_SEMIQUANT_V1,train,4000,Bilirubin:Large 100,Bilirubin:Large 100,,,Bilirubin,Large 100,RHU175_SEMIQUANT_V1_2026-05-03T13-28-39.zip,1,1,0,,123.183998,0.004822,0.664795,22.836000,0.004020,0.678543,16.624001,0.003898,0.682569,10.388000,0.001912,0.685247,43.723999,0.008124,0.687206,24.020000,0.004962,0.685584,16.988001,0.007245,0.691503,27.743999,0.009085,0.696723,18.758400,0.011790,0.701744,34.091999,0.014930,0.705774
D1-P009-S1-L4000,RHU175_SEMIQUANT_V1,train,4000,Glucose:Neg,Glucose:Neg,,,Glucose,Neg,RHU175_SEMIQUANT_V1_2026-05-03T13-28-39.zip,1,1,0,,123.183998,0.004822,0.664795,22.836000,0.004020,0.678543,16.624001,0.003898,0.682569,10.388000,0.001912,0.685247,43.723999,0.008124,0.687206,24.020000,0.004962,0.685584,16.988001,0.007245,0.691503,27.743999,0.009085,0.696723,18.758400,0.011790,0.701744,34.091999,0.014930,0.705774
D1-P011-S1-L2700,RHU175_SEMIQUANT_V1,train,2700,Leukocytes:Neg,Leukocytes:Neg,,,Leukocytes,Neg,RHU175_SEMIQUANT_V1_2026-05-03T13-28-39.zip,1,1,0,,123.289597,0.025915,0.761559,139.992798,0.021885,0.768292,183.329605,0.023747,0.776569,215.217606,0.022552,0.782493,233.040802,0.027024,0.790097,203.964005,0.018999,0.774157,203.129593,0.029755,0.790761,215.241592,0.025572,0.786136,205.044800,0.033325,0.793983,237.003204,0.036074,0.808924
D1-P011-S1-L2700,RHU175_SEMIQUANT_V1,train,2700,Nitrite:Neg,Nitrite:Neg,,,Nitrite,Neg,RHU175_SEMIQUANT_V1_2026-05-03T13-28-39.zip,1,1,0,,123.289597,0.025915,0.761559,139.992798,0.021885,0.768292,183.329605,0.023747,0.776569,215.217606,0.022552,0.782493,233.040802,0.027024,0.790097,203.964005,0.018999,0.774157,203.129593,0.029755,0.790761,215.241592,0.025572,0.786136,205.044800,0.033325,0.793983,237.003204,0.036074,0.808924
D1-P011-S1-L2700,RHU175_SEMIQUANT_V1,train,2700,Urobilinogen:16,Urobilinogen:16,,,Urobilinogen,16,RHU175_SEMIQUANT_V1_2026-05-03T13-28-39.zip,1,1,0,,123.289597,0.025915,0.761559,139.992798,0.021885,0.768292,183.329605,0.023747,0.776569,215.217606,0.022552,0.782493,233.040802,0.027024,0.790097,203.964005,0.018999,0.774157,203.129593,0.029755,0.790761,215.241592,0.025572,0.786136,205.044800,0.033325,0.793983,237.003204,0.036074,0.808924
D1-P011-S1-L2700,RHU175_SEMIQUANT_V1,train,2700,Protein:Neg,Protein:Neg,,,Protein,Neg,RHU175_SEMIQUANT_V1_2026-05-03T13-28-39.zip,1,1,0,,123.289597,0.025915,0.761559,139.992798,0.021885,0.768292,183.329605,0.023747,0.776569,215.217606,0.022552,0.782493,233.040802,0.027024,0.790097,203.964005,0.018999,0.774157,203.129593,0.029755,0.790761,215.241592,0.025572,0.786136,205.044800,0.033325,0.793983,237.003204,0.036074,0.808924
D1-P011-S1-L2700,RHU175_SEMIQUANT_V1,train,2700,pH:5.0,pH:5.0,,,pH,5.0,RHU175_SEMIQUANT_V1_2026-05-03T13-28-39.zip,1,1,0,,123.289597,0.025915,0.761559,139.992798,0.021885,0.768292,183.329605,0.023747,0.776569,215.217606,0.022552,0.782493,233.040802,0.027024,0.790097,203.964005,0.018999,0.774157,203.129593,0.029755,0.790761,215.241592,0.025572,0.786136,205.044800,0.033325,0.793983,237.003204,0.036074,0.808924
D1-P011-S1-L2700,RHU175_SEMIQUANT_V1,train,2700,Blood:Neg,Blood:Neg,,,Blood,Neg,RHU175_SEMIQUANT_V1_2026-05-03T13-28-39.zip,1,1,0,,123.289597,0.025915,0.761559,139.992798,0.021885,0.768292,183.329605,0.023747,0.776569,215.217606,0.022552,0.782493,233.040802,0.027024,0.790097,203.964005,0.018999,0.774157,203.129593,0.029755,0.790761,215.241592,0.025572,0.786136,205.044800,0.033325,0.793983,237.003204,0.036074,0.808924
D1-P011-S1-L2700,RHU175_SEMIQUANT_V1,train,2700,Specific Gravity:1.005,Specific Gravity:1.005,,,Specific Gravity,1.005,RHU175_SEMIQUANT_V1_2026-05-03T13-28-39.zip,1,1,0,,123.289597,0.025915,0.761559,139.992798,0.021885,0.768292,183.329605,0.023747,0.776569,215.217606,0.022552,0.782493,233.040802,0.027024,0.790097,203.964005,0.018999,0.774157,203.129593,0.029755,0.790761,215.241592,0.025572,0.786136,205.044800,0.033325,0.793983,237.003204,0.036074,0.808924
D1-P011-S1-L2700,RHU175_SEMIQUANT_V1,train,2700,Ketone:Neg,Ketone:Neg,,,Ketone,Neg,RHU175_SEMIQUANT_V1_2026-05-03T13-28-39.zip,1,1,0,,123.289597,0.025915,0.761559,139.992798,0.021885,0.768292,183.329605,0.023747,0.776569,215.217606,0.022552,0.782493,233.040802,0.027024,0.790097,203.964005,0.018999,0.774157,203.129593,0.029755,0.790761,215.241592,0.025572,0.786136,205.044800,0.033325,0.793983,237.003204,0.036074,0.808924
D1-P011-S1-L2700,RHU175_SEMIQUANT_V1,train,2700,Bilirubin:Neg,Bilirubin:Neg,,,Bilirubin,Neg,RHU175_SEMIQUANT_V1_2026-05-03T13-28-39.zip,1,1,0,,123.289597,0.025915,0.761559,139.992798,0.021885,0.768292,183.329605,0.023747,0.776569,215.217606,0.022552,0.782493,233.040802,0.027024,0.790097,203.964005,0.018999,0.774157,203.129593,0.029755,0.790761,215.241592,0.025572,0.786136,205.044800,0.033325,0.793983,237.003204,0.036074,0.808924
D1-P011-S1-L2700,RHU175_SEMIQUANT_V1,train,2700,Glucose:Neg,Glucose:Neg,,,Glucose,Neg,RHU175_SEMIQUANT_V1_2026-05-03T13-28-39.zip,1,1,0,,123.289597,0.025915,0.761559,139.992798,0.021885,0.768292,183.329605,0.023747,0.776569,215.217606,0.022552,0.782493,233.040802,0.027024,0.790097,203.964005,0.018999,0.774157,203.129593,0.029755,0.790761,215.241592,0.025572,0.786136,205.044800,0.033325,0.793983,237.003204,0.036074,0.808924
D1-P011-S1-L5500,RHU175_SEMIQUANT_V1,train,5500,Leukocytes:Neg,Leukocytes:Neg,,,Leukocytes,Neg,RHU175_SEMIQUANT_V1_2026-05-03T13-28-39.zip,1,1,0,,65.704803,0.036947,0.731846,176.677597,0.041300,0.527097,45.018398,0.085713,0.823689,51.993599,0.052447,0.884707,52.212799,0.052400,0.884828,51.899200,0.052733,0.879881,51.287201,0.053024,0.889948,52.657600,0.052229,0.879925,50.278400,0.053639,0.863509,54.147202,0.047550,0.846049
D1-P011-S1-L5500,RHU175_SEMIQUANT_V1,train,5500,Nitrite:Neg,Nitrite:Neg,,,Nitrite,Neg,RHU175_SEMIQUANT_V1_2026-05-03T13-28-39.zip,1,1,0,,65.704803,0.036947,0.731846,176.677597,0.041300,0.527097,45.018398,0.085713,0.823689,51.993599,0.052447,0.884707,52.212799,0.052400,0.884828,51.899200,0.052733,0.879881,51.287201,0.053024,0.889948,52.657600,0.052229,0.879925,50.278400,0.053639,0.863509,54.147202,0.047550,0.846049
D1-P011-S1-L5500,RHU175_SEMIQUANT_V1,train,5500,Urobilinogen:16,Urobilinogen:16,,,Urobilinogen,16,RHU175_SEMIQUANT_V1_2026-05-03T13-28-39.zip,1,1,0,,65.704803,0.036947,0.731846,176.677597,0.041300,0.527097,45.018398,0.085713,0.823689,51.993599,0.052447,0.884707,52.212799,0.052400,0.884828,51.899200,0.052733,0.879881,51.287201,0.053024,0.889948,52.657600,0.052229,0.879925,50.278400,0.053639,0.863509,54.147202,0.047550,0.846049
D1-P011-S1-L5500,RHU175_SEMIQUANT_V1,train,5500,Protein:Neg,Protein:Neg,,,Protein,Neg,RHU175_SEMIQUANT_V1_2026-05-03T13-28-39.zip,1,1,0,,65.704803,0.036947,0.731846,176.677597,0.041300,0.527097,45.018398,0.085713,0.823689,51.993599,0.052447,0.884707,52.212799,0.052400,0.884828,51.899200,0.052733,0.879881,51.287201,0.053024,0.889948,52.657600,0.052229,0.879925,50.278400,0.053639,0.863509,54.147202,0.047550,0.846049
D1-P011-S1-L5500,RHU175_SEMIQUANT_V1,train,5500,pH:5.0,pH:5.0,,,pH,5.0,RHU175_SEMIQUANT_V1_2026-05-03T13-28-39.zip,1,1,0,,65.704803,0.036947,0.731846,176.677597,0.041300,0.527097,45.018398,0.085713,0.823689,51.993599,0.052447,0.884707,52.212799,0.052400,0.884828,51.899200,0.052733,0.879881,51.287201,0.053024,0.889948,52.657600,0.052229,0.879925,50.278400,0.053639,0.863509,54.147202,0.047550,0.846049
D1-P011-S1-L5500,RHU175_SEMIQUANT_V1,train,5500,Blood:Neg,Blood:Neg,,,Blood,Neg,RHU175_SEMIQUANT_V1_2026-05-03T13-28-39.zip,1,1,0,,65.704803,0.036947,0.731846,176.677597,0.041300,0.527097,45.018398,0.085713,0.823689,51.993599,0.052447,0.884707,52.212799,0.052400,0.884828,51.899200,0.052733,0.879881,51.287201,0.053024,0.889948,52.657600,0.052229,0.879925,50.278400,0.053639,0.863509,54.147202,0.047550,0.846049
D1-P011-S1-L5500,RHU175_SEMIQUANT_V1,train,5500,Specific Gravity:1.005,Specific Gravity:1.005,,,Specific Gravity,1.005,RHU175_SEMIQUANT_V1_2026-05-03T13-28-39.zip,1,1,0,,65.704803,0.036947,0.731846,176.677597,0.041300,0.527097,45.018398,0.085713,0.823689,51.993599,0.052447,0.884707,52.212799,0.052400,0.884828,51.899200,0.052733,0.879881,51.287201,0.053024,0.889948,52.657600,0.052229,0.879925,50.278400,0.053639,0.863509,54.147202,0.047550,0.846049
D1-P011-S1-L5500,RHU175_SEMIQUANT_V1,train,5500,Ketone:Neg,Ketone:Neg,,,Ketone,Neg,RHU175_SEMIQUANT_V1_2026-05-03T13-28-39.zip,1,1,0,,65.704803,0.036947,0.731846,176.677597,0.041300,0.527097,45.018398,0.085713,0.823689,51.993599,0.052447,0.884707,52.212799,0.052400,0.884828,51.899200,0.052733,0.879881,51.287201,0.053024,0.889948,52.657600,0.052229,0.879925,50.278400,0.053639,0.863509,54.147202,0.047550,0.846049
D1-P011-S1-L5500,RHU175_SEMIQUANT_V1,train,5500,Bilirubin:Neg,Bilirubin:Neg,,,Bilirubin,Neg,RHU175_SEMIQUANT_V1_2026-05-03T13-28-39.zip,1,1,0,,65.704803,0.036947,0.731846,176.677597,0.041300,0.527097,45.018398,0.085713,0.823689,51.993599,0.052447,0.884707,52.212799,0.052400,0.884828,51.899200,0.052733,0.879881,51.287201,0.053024,0.889948,52.657600,0.052229,0.879925,50.278400,0.053639,0.863509,54.147202,0.047550,0.846049
D1-P011-S1-L5500,RHU175_SEMIQUANT_V1,train,5500,Glucose:Neg,Glucose:Neg,,,Glucose,Neg,RHU175_SEMIQUANT_V1_2026-05-03T13-28-39.zip,1,1,0,,65.704803,0.036947,0.731846,176.677597,0.041300,0.527097,45.018398,0.085713,0.823689,51.993599,0.052447,0.884707,52.212799,0.052400,0.884828,51.899200,0.052733,0.879881,51.287201,0.053024,0.889948,52.657600,0.052229,0.879925,50.278400,0.053639,0.863509,54.147202,0.047550,0.846049
D1-P012-S1-L2700,RHU175_SEMIQUANT_V1,train,2700,Leukocytes:Neg,Leukocytes:Neg,,,Leukocytes,Neg,RHU175_SEMIQUANT_V1_2026-05-03T13-28-39.zip,1,1,0,,221.352798,0.269247,0.992293,53.467999,0.312601,0.575021,183.693604,0.149197,0.999641,180.000000,0.113854,1.000000,180.000000,0.115465,1.000000,180.000000,0.119329,1.000000,180.000000,0.112742,1.000000,180.000000,0.115398,1.000000,180.058395,0.141812,1.000000,180.039200,0.140844,1.000000
D1-P012-S1-L2700,RHU175_SEMIQUANT_V1,train,2700,Nitrite:Neg,Nitrite:Neg,,,Nitrite,Neg,RHU175_SEMIQUANT_V1_2026-05-03T13-28-39.zip,1,1,0,,221.352798,0.269247,0.992293,53.467999,0.312601,0.575021,183.693604,0.149197,0.999641,180.000000,0.113854,1.000000,180.000000,0.115465,1.000000,180.000000,0.119329,1.000000,180.000000,0.112742,1.000000,180.000000,0.115398,1.000000,180.058395,0.141812,1.000000,180.039200,0.140844,1.000000
D1-P012-S1-L2700,RHU175_SEMIQUANT_V1,train,2700,Urobilinogen:16,Urobilinogen:16,,,Urobilinogen,16,RHU175_SEMIQUANT_V1_2026-05-03T13-28-39.zip,1,1,0,,221.352798,0.269247,0.992293,53.467999,0.312601,0.575021,183.693604,0.149197,0.999641,180.000000,0.113854,1.000000,180.000000,0.115465,1.000000,180.000000,0.119329,1.000000,180.000000,0.112742,1.000000,180.000000,0.115398,1.000000,180.058395,0.141812,1.000000,180.039200,0.140844,1.000000
D1-P012-S1-L2700,RHU175_SEMIQUANT_V1,train,2700,Protein:Neg,Protein:Neg,,,Protein,Neg,RHU175_SEMIQUANT_V1_2026-05-03T13-28-39.zip,1,1,0,,221.352798,0.269247,0.992293,53.467999,0.312601,0.575021,183.693604,0.149197,0.999641,180.000000,0.113854,1.000000,180.000000,0.115465,1.000000,180.000000,0.119329,1.000000,180.000000,0.112742,1.000000,180.000000,0.115398,1.000000,180.058395,0.141812,1.000000,180.039200,0.140844,1.000000
D1-P012-S1-L2700,RHU175_SEMIQUANT_V1,train,2700,pH:5.0,pH:5.0,,,pH,5.0,RHU175_SEMIQUANT_V1_2026-05-03T13-28-39.zip,1,1,0,,221.352798,0.269247,0.992293,53.467999,0.312601,0.575021,183.693604,0.149197,0.999641,180.000000,0.113854,1.000000,180.000000,0.115465,1.000000,180.000000,0.119329,1.000000,180.000000,0.112742,1.000000,180.000000,0.115398,1.000000,180.058395,0.141812,1.000000,180.039200,0.140844,1.000000
D1-P012-S1-L2700,RHU175_SEMIQUANT_V1,train,2700,Blood:Neg,Blood:Neg,,,Blood,Neg,RHU175_SEMIQUANT_V1_2026-05-03T13-28-39.zip,1,1,0,,221.352798,0.269247,0.992293,53.467999,0.312601,0.575021,183.693604,0.149197,0.999641,180.000000,0.113854,1.000000,180.000000,0.115465,1.000000,180.000000,0.119329,1.000000,180.000000,0.112742,1.000000,180.000000,0.115398,1.000000,180.058395,0.141812,1.000000,180.039200,0.140844,1.000000
D1-P012-S1-L2700,RHU175_SEMIQUANT_V1,train,2700,Specific Gravity:1.010,Specific Gravity:1.010,,,Specific Gravity,1.010,RHU175_SEMIQUANT_V1_2026-05-03T13-28-39.zip,1,1,0,,221.352798,0.269247,0.992293,53.467999,0.312601,0.575021,183.693604,0.149197,0.999641,180.000000,0.113854,1.000000,180.000000,0.115465,1.000000,180.000000,0.119329,1.000000,180.000000,0.112742,1.000000,180.000000,0.115398,1.000000,180.058395,0.141812,1.000000,180.039200,0.140844,1.000000
D1-P012-S1-L2700,RHU175_SEMIQUANT_V1,train,2700,Ketone:Neg,Ketone:Neg,,,Ketone,Neg,RHU175_SEMIQUANT_V1_2026-05-03T13-28-39.zip,1,1,0,,221.352798,0.269247,0.992293,53.467999,0.312601,0.575021,183.693604,0.149197,0.999641,180.000000,0.113854,1.000000,180.000000,0.115465,1.000000,180.000000,0.119329,1.000000,180.000000,0.112742,1.000000,180.000000,0.115398,1.000000,180.058395,0.141812,1.000000,180.039200,0.140844,1.000000
D1-P012-S1-L2700,RHU175_SEMIQUANT_V1,train,2700,Bilirubin:Neg,Bilirubin:Neg,,,Bilirubin,Neg,RHU175_SEMIQUANT_V1_2026-05-03T13-28-39.zip,1,1,0,,221.352798,0.269247,0.992293,53.467999,0.312601,0.575021,183.693604,0.149197,0.999641,180.000000,0.113854,1.000000,180.000000,0.115465,1.000000,180.000000,0.119329,1.000000,180.000000,0.112742,1.000000,180.000000,0.115398,1.000000,180.058395,0.141812,1.000000,180.039200,0.140844,1.000000
D1-P012-S1-L2700,RHU175_SEMIQUANT_V1,train,2700,Glucose:Neg,Glucose:Neg,,,Glucose,Neg,RHU175_SEMIQUANT_V1_2026-05-03T13-28-39.zip,1,1,0,,221.352798,0.269247,0.992293,53.467999,0.312601,0.575021,183.693604,0.149197,0.999641,180.000000,0.113854,1.000000,180.000000,0.115465,1.000000,180.000000,0.119329,1.000000,180.000000,0.112742,1.000000,180.000000,0.115398,1.000000,180.058395,0.141812,1.000000,180.039200,0.140844,1.000000
D1-P012-S1-L4000,RHU175_SEMIQUANT_V1,train,4000,Leukocytes:Neg,Leukocytes:Neg,,,Leukocytes,Neg,RHU175_SEMIQUANT_V1_2026-05-03T13-28-39.zip,1,1,0,,7.758400,0.017104,0.633117,110.160004,0.032256,0.475531,36.532799,0.182384,0.646268,24.137600,0.050794,0.769081,33.606400,0.040375,0.771289,29.877600,0.036847,0.769912,35.179199,0.038620,0.769498,31.335199,0.034656,0.770290,35.529598,0.040620,0.771437,36.548801,0.040066,0.744668
D1-P012-S1-L4000,RHU175_SEMIQUANT_V1,train,4000,Nitrite:Neg,Nitrite:Neg,,,Nitrite,Neg,RHU175_SEMIQUANT_V1_2026-05-03T13-28-39.zip,1,1,0,,7.758400,0.017104,0.633117,110.160004,0.032256,0.475531,36.532799,0.182384,0.646268,24.137600,0.050794,0.769081,33.606400,0.040375,0.771289,29.877600,0.036847,0.769912,35.179199,0.038620,0.769498,31.335199,0.034656,0.770290,35.529598,0.040620,0.771437,36.548801,0.040066,0.744668
D1-P012-S1-L4000,RHU175_SEMIQUANT_V1,train,4000,Urobilinogen:16,Urobilinogen:16,,,Urobilinogen,16,RHU175_SEMIQUANT_V1_2026-05-03T13-28-39.zip,1,1,0,,7.758400,0.017104,0.633117,110.160004,0.032256,0.475531,36.532799,0.182384,0.646268,24.137600,0.050794,0.769081,33.606400,0.040375,0.771289,29.877600,0.036847,0.769912,35.179199,0.038620,0.769498,31.335199,0.034656,0.770290,35.529598,0.040620,0.771437,36.548801,0.040066,0.744668
D1-P012-S1-L4000,RHU175_SEMIQUANT_V1,train,4000,Protein:Neg,Protein:Neg,,,Protein,Neg,RHU175_SEMIQUANT_V1_2026-05-03T13-28-39.zip,1,1,0,,7.758400,0.017104,0.633117,110.160004,0.032256,0.475531,36.532799,0.182384,0.646268,24.137600,0.050794,0.769081,33.606400,0.040375,0.771289,29.877600,0.036847,0.769912,35.179199,0.038620,0.769498,31.335199,0.034656,0.770290,35.529598,0.040620,0.771437,36.548801,0.040066,0.744668
D1-P012-S1-L4000,RHU175_SEMIQUANT_V1,train,4000,pH:5.0,pH:5.0,,,pH,5.0,RHU175_SEMIQUANT_V1_2026-05-03T13-28-39.zip,1,1,0,,7.758400,0.017104,0.633117,110.160004,0.032256,0.475531,36.532799,0.182384,0.646268,24.137600,0.050794,0.769081,33.606400,0.040375,0.771289,29.877600,0.036847,0.769912,35.179199,0.038620,0.769498,31.335199,0.034656,0.770290,35.529598,0.040620,0.771437,36.548801,0.040066,0.744668
D1-P012-S1-L4000,RHU175_SEMIQUANT_V1,train,4000,Blood:Neg,Blood:Neg,,,Blood,Neg,RHU175_SEMIQUANT_V1_2026-05-03T13-28-39.zip,1,1,0,,7.758400,0.017104,0.633117,110.160004,0.032256,0.475531,36.532799,0.182384,0.646268,24.137600,0.050794,0.769081,33.606400,0.040375,0.771289,29.877600,0.036847,0.769912,35.179199,0.038620,0.769498,31.335199,0.034656,0.770290,35.529598,0.040620,0.771437,36.548801,0.040066,0.744668
D1-P012-S1-L4000,RHU175_SEMIQUANT_V1,train,4000,Specific Gravity:1.010,Specific Gravity:1.010,,,Specific Gravity,1.010,RHU175_SEMIQUANT_V1_2026-05-03T13-28-39.zip,1,1,0,,7.758400,0.017104,0.633117,110.160004,0.032256,0.475531,36.532799,0.182384,0.646268,24.137600,0.050794,0.769081,33.606400,0.040375,0.771289,29.877600,0.036847,0.769912,35.179199,0.038620,0.769498,31.335199,0.034656,0.770290,35.529598,0.040620,0.771437,36.548801,0.040066,0.744668
D1-P012-S1-L4000,RHU175_SEMIQUANT_V1,train,4000,Ketone:Neg,Ketone:Neg,,,Ketone,Neg,RHU175_SEMIQUANT_V1_2026-05-03T13-28-39.zip,1,1,0,,7.758400,0.017104,0.633117,110.160004,0.032256,0.475531,36.532799,0.182384,0.646268,24.137600,0.050794,0.769081,33.606400,0.040375,0.771289,29.877600,0.036847,0.769912,35.179199,0.038620,0.769498,31.335199,0.034656,0.770290,35.529598,0.040620,0.771437,36.548801,0.040066,0.744668
D1-P012-S1-L4000,RHU175_SEMIQUANT_V1,train,4000,Bilirubin:Neg,Bilirubin:Neg,,,Bilirubin,Neg,RHU175_SEMIQUANT_V1_2026-05-03T13-28-39.zip,1,1,0,,7.758400,0.017104,0.633117,110.160004,0.032256,0.475531,36.532799,0.182384,0.646268,24.137600,0.050794,0.769081,33.606400,0.040375,0.771289,29.877600,0.036847,0.769912,35.179199,0.038620,0.769498,31.335199,0.034656,0.770290,35.529598,0.040620,0.771437,36.548801,0.040066,0.744668
D1-P012-S1-L4000,RHU175_SEMIQUANT_V1,train,4000,Glucose:Neg,Glucose:Neg,,,Glucose,Neg,RHU175_SEMIQUANT_V1_2026-05-03T13-28-39.zip,1,1,0,,7.758400,0.017104,0.633117,110.160004,0.032256,0.475531,36.532799,0.182384,0.646268,24.137600,0.050794,0.769081,33.606400,0.040375,0.771289,29.877600,0.036847,0.769912,35.179199,0.038620,0.769498,31.335199,0.034656,0.770290,35.529598,0.040620,0.771437,36.548801,0.040066,0.744668
D1-P012-S1-L5500,RHU175_SEMIQUANT_V1,train,5500,Leukocytes:Neg,Leukocytes:Neg,,,Leukocytes,Neg,RHU175_SEMIQUANT_V1_2026-05-03T13-28-39.zip,1,1,0,,215.781601,0.043929,0.659330,46.192001,0.090323,0.443333,143.397598,0.034602,0.758836,209.503998,0.056187,0.819649,209.664795,0.056132,0.818227,212.184799,0.054731,0.818074,209.161606,0.057462,0.819148,214.004807,0.054910,0.820916,208.350403,0.055451,0.793758,207.845596,0.055258,0.794154
D1-P012-S1-L5500,RHU175_SEMIQUANT_V1,train,5500,Nitrite:Neg,Nitrite:Neg,,,Nitrite,Neg,RHU175_SEMIQUANT_V1_2026-05-03T13-28-39.zip,1,1,0,,215.781601,0.043929,0.659330,46.192001,0.090323,0.443333,143.397598,0.034602,0.758836,209.503998,0.056187,0.819649,209.664795,0.056132,0.818227,212.184799,0.054731,0.818074,209.161606,0.057462,0.819148,214.004807,0.054910,0.820916,208.350403,0.055451,0.793758,207.845596,0.055258,0.794154
D1-P012-S1-L5500,RHU175_SEMIQUANT_V1,train,5500,Urobilinogen:16,Urobilinogen:16,,,Urobilinogen,16,RHU175_SEMIQUANT_V1_2026-05-03T13-28-39.zip,1,1,0,,215.781601,0.043929,0.659330,46.192001,0.090323,0.443333,143.397598,0.034602,0.758836,209.503998,0.056187,0.819649,209.664795,0.056132,0.818227,212.184799,0.054731,0.818074,209.161606,0.057462,0.819148,214.004807,0.054910,0.820916,208.350403,0.055451,0.793758,207.845596,0.055258,0.794154
D1-P012-S1-L5500,RHU175_SEMIQUANT_V1,train,5500,Protein:Neg,Protein:Neg,,,Protein,Neg,RHU175_SEMIQUANT_V1_2026-05-03T13-28-39.zip,1,1,0,,215.781601,0.043929,0.659330,46.192001,0.090323,0.443333,143.397598,0.034602,0.758836,209.503998,0.056187,0.819649,209.664795,0.056132,0.818227,212.184799,0.054731,0.818074,209.161606,0.057462,0.819148,214.004807,0.054910,0.820916,208.350403,0.055451,0.793758,207.845596,0.055258,0.794154
D1-P012-S1-L5500,RHU175_SEMIQUANT_V1,train,5500,pH:5.0,pH:5.0,,,pH,5.0,RHU175_SEMIQUANT_V1_2026-05-03T13-28-39.zip,1,1,0,,215.781601,0.043929,0.659330,46.192001,0.090323,0.443333,143.397598,0.034602,0.758836,209.503998,0.056187,0.819649,209.664795,0.056132,0.818227,212.184799,0.054731,0.818074,209.161606,0.057462,0.819148,214.004807,0.054910,0.820916,208.350403,0.055451,0.793758,207.845596,0.055258,0.794154
D1-P012-S1-L5500,RHU175_SEMIQUANT_V1,train,5500,Blood:Neg,Blood:Neg,,,Blood,Neg,RHU175_SEMIQUANT_V1_2026-05-03T13-28-39.zip,1,1,0,,215.781601,0.043929,0.659330,46.192001,0.090323,0.443333,143.397598,0.034602,0.758836,209.503998,0.056187,0.819649,209.664795,0.056132,0.818227,212.184799,0.054731,0.818074,209.161606,0.057462,0.819148,214.004807,0.054910,0.820916,208.350403,0.055451,0.793758,207.845596,0.055258,0.794154
D1-P012-S1-L5500,RHU175_SEMIQUANT_V1,train,5500,Specific Gravity:1.010,Specific Gravity:1.010,,,Specific Gravity,1.010,RHU175_SEMIQUANT_V1_2026-05-03T13-28-39.zip,1,1,0,,215.781601,0.043929,0.659330,46.192001,0.090323,0.443333,143.397598,0.034602,0.758836,209.503998,0.056187,0.819649,209.664795,0.056132,0.818227,212.184799,0.054731,0.818074,209.161606,0.057462,0.819148,214.004807,0.054910,0.820916,208.350403,0.055451,0.793758,207.845596,0.055258,0.794154
D1-P012-S1-L5500,RHU175_SEMIQUANT_V1,train,5500,Ketone:Neg,Ketone:Neg,,,Ketone,Neg,RHU175_SEMIQUANT_V1_2026-05-03T13-28-39.zip,1,1,0,,215.781601,0.043929,0.659330,46.192001,0.090323,0.443333,143.397598,0.034602,0.758836,209.503998,0.056187,0.819649,209.664795,0.056132,0.818227,212.184799,0.054731,0.818074,209.161606,0.057462,0.819148,214.004807,0.054910,0.820916,208.350403,0.055451,0.793758,207.845596,0.055258,0.794154
D1-P012-S1-L5500,RHU175_SEMIQUANT_V1,train,5500,Bilirubin:Neg,Bilirubin:Neg,,,Bilirubin,Neg,RHU175_SEMIQUANT_V1_2026-05-03T13-28-39.zip,1,1,0,,215.781601,0.043929,0.659330,46.192001,0.090323,0.443333,143.397598,0.034602,0.758836,209.503998,0.056187,0.819649,209.664795,0.056132,0.818227,212.184799,0.054731,0.818074,209.161606,0.057462,0.819148,214.004807,0.054910,0.820916,208.350403,0.055451,0.793758,207.845596,0.055258,0.794154
D1-P012-S1-L5500,RHU175_SEMIQUANT_V1,train,5500,Glucose:Neg,Glucose:Neg,,,Glucose,Neg,RHU175_SEMIQUANT_V1_2026-05-03T13-28-39.zip,1,1,0,,215.781601,0.043929,0.659330,46.192001,0.090323,0.443333,143.397598,0.034602,0.758836,209.503998,0.056187,0.819649,209.664795,0.056132,0.818227,212.184799,0.054731,0.818074,209.161606,0.057462,0.819148,214.004807,0.054910,0.820916,208.350403,0.055451,0.793758,207.845596,0.055258,0.794154
D1-P013-S1-L2700,RHU175_SEMIQUANT_V1,train,2700,Leukocytes:Neg,Leukocytes:Neg,,,Leukocytes,Neg,RHU175_SEMIQUANT_V1_2026-05-03T13-28-39.zip,1,1,0,,213.560806,0.177998,0.993421,47.180801,0.404574,0.676915,179.852005,0.064201,0.999545,180.000000,0.029258,1.000000,180.000000,0.030201,1.000000,180.000000,0.036987,1.000000,180.000000,0.030254,1.000000,180.000000,0.033758,1.000000,180.000000,0.057592,1.000000,180.000000,0.066104,1.000000
D1-P013-S1-L2700,RHU175_SEMIQUANT_V1,train,2700,Nitrite:Neg,Nitrite:Neg,,,Nitrite,Neg,RHU175_SEMIQUANT_V1_2026-05-03T13-28-39.zip,1,1,0,,213.560806,0.177998,0.993421,47.180801,0.404574,0.676915,179.852005,0.064201,0.999545,180.000000,0.029258,1.000000,180.000000,0.030201,1.000000,180.000000,0.036987,1.000000,180.000000,0.030254,1.000000,180.000000,0.033758,1.000000,180.000000,0.057592,1.000000,180.000000,0.066104,1.000000
D1-P013-S1-L2700,RHU175_SEMIQUANT_V1,train,2700,Urobilinogen:16,Urobilinogen:16,,,Urobilinogen,16,RHU175_SEMIQUANT_V1_2026-05-03T13-28-39.zip,1,1,0,,213.560806,0.177998,0.993421,47.180801,0.404574,0.676915,179.852005,0.064201,0.999545,180.000000,0.029258,1.000000,180.000000,0.030201,1.000000,180.000000,0.036987,1.000000,180.000000,0.030254,1.000000,180.000000,0.033758,1.000000,180.000000,0.057592,1.000000,180.000000,0.066104,1.000000
D1-P013-S1-L2700,RHU175_SEMIQUANT_V1,train,2700,Protein:Trace,Protein:Trace,,,Protein,Trace,RHU175_SEMIQUANT_V1_2026-05-03T13-28-39.zip,1,1,0,,213.560806,0.177998,0.993421,47.180801,0.404574,0.676915,179.852005,0.064201,0.999545,180.000000,0.029258,1.000000,180.000000,0.030201,1.000000,180.000000,0.036987,1.000000,180.000000,0.030254,1.000000,180.000000,0.033758,1.000000,180.000000,0.057592,1.000000,180.000000,0.066104,1.000000
D1-P013-S1-L2700,RHU175_SEMIQUANT_V1,train,2700,pH:5.0,pH:5.0,,,pH,5.0,RHU175_SEMIQUANT_V1_2026-05-03T13-28-39.zip,1,1,0,,213.560806,0.177998,0.993421,47.180801,0.404574,0.676915,179.852005,0.064201,0.999545,180.000000,0.029258,1.000000,180.000000,0.030201,1.000000,180.000000,0.036987,1.000000,180.000000,0.030254,1.000000,180.000000,0.033758,1.000000,180.000000,0.057592,1.000000,180.000000,0.066104,1.000000
D1-P013-S1-L2700,RHU175_SEMIQUANT_V1,train,2700,Blood:Neg,Blood:Neg,,,Blood,Neg,RHU175_SEMIQUANT_V1_2026-05-03T13-28-39.zip,1,1,0,,213.560806,0.177998,0.993421,47.180801,0.404574,0.676915,179.852005,0.064201,0.999545,180.000000,0.029258,1.000000,180.000000,0.030201,1.000000,180.000000,0.036987,1.000000,180.000000,0.030254,1.000000,180.000000,0.033758,1.000000,180.000000,0.057592,1.000000,180.000000,0.066104,1.000000
D1-P013-S1-L2700,RHU175_SEMIQUANT_V1,train,2700,Specific Gravity:1.015,Specific Gravity:1.015,,,Specific Gravity,1.015,RHU175_SEMIQUANT_V1_2026-05-03T13-28-39.zip,1,1,0,,213.560806,0.177998,0.993421,47.180801,0.404574,0.676915,179.852005,0.064201,0.999545,180.000000,0.029258,1.000000,180.000000,0.030201,1.000000,180.000000,0.036987,1.000000,180.000000,0.030254,1.000000,180.000000,0.033758,1.000000,180.000000,0.057592,1.000000,180.000000,0.066104,1.000000
D1-P013-S1-L2700,RHU175_SEMIQUANT_V1,train,2700,Ketone:Neg,Ketone:Neg,,,Ketone,Neg,RHU175_SEMIQUANT_V1_2026-05-03T13-28-39.zip,1,1,0,,213.560806,0.177998,0.993421,47.180801,0.404574,0.676915,179.852005,0.064201,0.999545,180.000000,0.029258,1.000000,180.000000,0.030201,1.000000,180.000000,0.036987,1.000000,180.000000,0.030254,1.000000,180.000000,0.033758,1.000000,180.000000,0.057592,1.000000,180.000000,0.066104,1.000000
D1-P013-S1-L2700,RHU175_SEMIQUANT_V1,train,2700,Bilirubin:Neg,Bilirubin:Neg,,,Bilirubin,Neg,RHU175_SEMIQUANT_V1_2026-05-03T13-28-39.zip,1,1,0,,213.560806,0.177998,0.993421,47.180801,0.404574,0.676915,179.852005,0.064201,0.999545,180.000000,0.029258,1.000000,180.000000,0.030201,1.000000,180.000000,0.036987,1.000000,180.000000,0.030254,1.000000,180.000000,0.033758,1.000000,180.000000,0.057592,1.000000,180.000000,0.066104,1.000000
D1-P013-S1-L2700,RHU175_SEMIQUANT_V1,train,2700,Glucose:Neg,Glucose:Neg,,,Glucose,Neg,RHU175_SEMIQUANT_V1_2026-05-03T13-28-39.zip,1,1,0,,213.560806,0.177998,0.993421,47.180801,0.404574,0.676915,179.852005,0.064201,0.999545,180.000000,0.029258,1.000000,180.000000,0.030201,1.000000,180.000000,0.036987,1.000000,180.000000,0.030254,1.000000,180.000000,0.033758,1.000000,180.000000,0.057592,1.000000,180.000000,0.066104,1.000000
D1-P013-S1-L4000,RHU175_SEMIQUANT_V1,train,4000,Leukocytes:Neg,Leukocytes:Neg,,,Leukocytes,Neg,RHU175_SEMIQUANT_V1_2026-05-03T13-28-39.zip,1,1,0,,24.782400,0.026380,0.658657,146.035995,0.029395,0.520513,33.684799,0.181944,0.661464,23.279200,0.042601,0.766681,21.341600,0.040715,0.775776,20.688801,0.041661,0.776286,20.258400,0.041355,0.780149,16.704000,0.040562,0.786660,21.938400,0.040692,0.765151,22.057600,0.041613,0.756152
D1-P013-S1-L4000,RHU175_SEMIQUANT_V1,train,4000,Nitrite:Neg,Nitrite:Neg,,,Nitrite,Neg,RHU175_SEMIQUANT_V1_2026-05-03T13-28-39.zip,1,1,0,,24.782400,0.026380,0.658657,146.035995,0.029395,0.520513,33.684799,0.181944,0.661464,23.279200,0.042601,0.766681,21.341600,0.040715,0.775776,20.688801,0.041661,0.776286,20.258400,0.041355,0.780149,16.704000,0.040562,0.786660,21.938400,0.040692,0.765151,22.057600,0.041613,0.756152
D1-P013-S1-L4000,RHU175_SEMIQUANT_V1,train,4000,Urobilinogen:16,Urobilinogen:16,,,Urobilinogen,16,RHU175_SEMIQUANT_V1_2026-05-03T13-28-39.zip,1,1,0,,24.782400,0.026380,0.658657,146.035995,0.029395,0.520513,33.684799,0.181944,0.661464,23.279200,0.042601,0.766681,21.341600,0.040715,0.775776,20.688801,0.041661,0.776286,20.258400,0.041355,0.780149,16.704000,0.040562,0.786660,21.938400,0.040692,0.765151,22.057600,0.041613,0.756152
D1-P013-S1-L4000,RHU175_SEMIQUANT_V1,train,4000,Protein:Trace,Protein:Trace,,,Protein,Trace,RHU175_SEMIQUANT_V1_2026-05-03T13-28-39.zip,1,1,0,,24.782400,0.026380,0.658657,146.035995,0.029395,0.520513,33.684799,0.181944,0.661464,23.279200,0.042601,0.766681,21.341600,0.040715,0.775776,20.688801,0.041661,0.776286,20.258400,0.041355,0.780149,16.704000,0.040562,0.786660,21.938400,0.040692,0.765151,22.057600,0.041613,0.756152
D1-P013-S1-L4000,RHU175_SEMIQUANT_V1,train,4000,pH:5.0,pH:5.0,,,pH,5.0,RHU175_SEMIQUANT_V1_2026-05-03T13-28-39.zip,1,1,0,,24.782400,0.026380,0.658657,146.035995,0.029395,0.520513,33.684799,0.181944,0.661464,23.279200,0.042601,0.766681,21.341600,0.040715,0.775776,20.688801,0.041661,0.776286,20.258400,0.041355,0.780149,16.704000,0.040562,0.786660,21.938400,0.040692,0.765151,22.057600,0.041613,0.756152
D1-P013-S1-L4000,RHU175_SEMIQUANT_V1,train,4000,Blood:Neg,Blood:Neg,,,Blood,Neg,RHU175_SEMIQUANT_V1_2026-05-03T13-28-39.zip,1,1,0,,24.782400,0.026380,0.658657,146.035995,0.029395,0.520513,33.684799,0.181944,0.661464,23.279200,0.042601,0.766681,21.341600,0.040715,0.775776,20.688801,0.041661,0.776286,20.258400,0.041355,0.780149,16.704000,0.040562,0.786660,21.938400,0.040692,0.765151,22.057600,0.041613,0.756152
D1-P013-S1-L4000,RHU175_SEMIQUANT_V1,train,4000,Specific Gravity:1.015,Specific Gravity:1.015,,,Specific Gravity,1.015,RHU175_SEMIQUANT_V1_2026-05-03T13-28-39.zip,1,1,0,,24.782400,0.026380,0.658657,146.035995,0.029395,0.520513,33.684799,0.181944,0.661464,23.279200,0.042601,0.766681,21.341600,0.040715,0.775776,20.688801,0.041661,0.776286,20.258400,0.041355,0.780149,16.704000,0.040562,0.786660,21.938400,0.040692,0.765151,22.057600,0.041613,0.756152
D1-P013-S1-L4000,RHU175_SEMIQUANT_V1,train,4000,Ketone:Neg,Ketone:Neg,,,Ketone,Neg,RHU175_SEMIQUANT_V1_2026-05-03T13-28-39.zip,1,1,0,,24.782400,0.026380,0.658657,146.035995,0.029395,0.520513,33.684799,0.181944,0.661464,23.279200,0.042601,0.766681,21.341600,0.040715,0.775776,20.688801,0.041661,0.776286,20.258400,0.041355,0.780149,16.704000,0.040562,0.786660,21.938400,0.040692,0.765151,22.057600,0.041613,0.756152
D1-P013-S1-L4000,RHU175_SEMIQUANT_V1,train,4000,Bilirubin:Neg,Bilirubin:Neg,,,Bilirubin,Neg,RHU175_SEMIQUANT_V1_2026-05-03T13-28-39.zip,1,1,0,,24.782400,0.026380,0.658657,146.035995,0.029395,0.520513,33.684799,0.181944,0.661464,23.279200,0.042601,0.766681,21.341600,0.040715,0.775776,20.688801,0.041661,0.776286,20.258400,0.041355,0.780149,16.704000,0.040562,0.786660,21.938400,0.040692,0.765151,22.057600,0.041613,0.756152
D1-P013-S1-L4000,RHU175_SEMIQUANT_V1,train,4000,Glucose:Neg,Glucose:Neg,,,Glucose,Neg,RHU175_SEMIQUANT_V1_2026-05-03T13-28-39.zip,1,1,0,,24.782400,0.026380,0.658657,146.035995,0.029395,0.520513,33.684799,0.181944,0.661464,23.279200,0.042601,0.766681,21.341600,0.040715,0.775776,20.688801,0.041661,0.776286,20.258400,0.041355,0.780149,16.704000,0.040562,0.786660,21.938400,0.040692,0.765151,22.057600,0.041613,0.756152
D1-P014-S1-L2700,RHU175_SEMIQUANT_V1,val,2700,Leukocytes:Trace 15,Leukocytes:Trace 15,,,Leukocytes,Trace 15,RHU175_SEMIQUANT_V1_2026-05-03T13-28-39.zip,1,1,0,,39.817600,0.022279,0.628599,178.526398,0.013282,0.463027,37.217602,0.109131,0.719255,39.348000,0.051790,0.769068,36.808800,0.045619,0.764271,35.992802,0.043715,0.763823,34.846401,0.044006,0.768762,37.006401,0.045009,0.763962,37.847198,0.043197,0.743496,39.671200,0.047107,0.742938
D1-P014-S1-L2700,RHU175_SEMIQUANT_V1,val,2700,Nitrite:Neg,Nitrite:Neg,,,Nitrite,Neg,RHU175_SEMIQUANT_V1_2026-05-03T13-28-39.zip,1,1,0,,39.817600,0.022279,0.628599,178.526398,0.013282,0.463027,37.217602,0.109131,0.719255,39.348000,0.051790,0.769068,36.808800,0.045619,0.764271,35.992802,0.043715,0.763823,34.846401,0.044006,0.768762,37.006401,0.045009,0.763962,37.847198,0.043197,0.743496,39.671200,0.047107,0.742938
D1-P014-S1-L2700,RHU175_SEMIQUANT_V1,val,2700,Urobilinogen:16,Urobilinogen:16,,,Urobilinogen,16,RHU175_SEMIQUANT_V1_2026-05-03T13-28-39.zip,1,1,0,,39.817600,0.022279,0.628599,178.526398,0.013282,0.463027,37.217602,0.109131,0.719255,39.348000,0.051790,0.769068,36.808800,0.045619,0.764271,35.992802,0.043715,0.763823,34.846401,0.044006,0.768762,37.006401,0.045009,0.763962,37.847198,0.043197,0.743496,39.671200,0.047107,0.742938
D1-P014-S1-L2700,RHU175_SEMIQUANT_V1,val,2700,Protein:Neg,Protein:Neg,,,Protein,Neg,RHU175_SEMIQUANT_V1_2026-05-03T13-28-39.zip,1,1,0,,39.817600,0.022279,0.628599,178.526398,0.013282,0.463027,37.217602,0.109131,0.719255,39.348000,0.051790,0.769068,36.808800,0.045619,0.764271,35.992802,0.043715,0.763823,34.846401,0.044006,0.768762,37.006401,0.045009,0.763962,37.847198,0.043197,0.743496,39.671200,0.047107,0.742938
D1-P014-S1-L2700,RHU175_SEMIQUANT_V1,val,2700,pH:6.0,pH:6.0,,,pH,6.0,RHU175_SEMIQUANT_V1_2026-05-03T13-28-39.zip,1,1,0,,39.817600,0.022279,0.628599,178.526398,0.013282,0.463027,37.217602,0.109131,0.719255,39.348000,0.051790,0.769068,36.808800,0.045619,0.764271,35.992802,0.043715,0.763823,34.846401,0.044006,0.768762,37.006401,0.045009,0.763962,37.847198,0.043197,0.743496,39.671200,0.047107,0.742938
D1-P014-S1-L2700,RHU175_SEMIQUANT_V1,val,2700,Blood:Neg,Blood:Neg,,,Blood,Neg,RHU175_SEMIQUANT_V1_2026-05-03T13-28-39.zip,1,1,0,,39.817600,0.022279,0.628599,178.526398,0.013282,0.463027,37.217602,0.109131,0.719255,39.348000,0.051790,0.769068,36.808800,0.045619,0.764271,35.992802,0.043715,0.763823,34.846401,0.044006,0.768762,37.006401,0.045009,0.763962,37.847198,0.043197,0.743496,39.671200,0.047107,0.742938
D1-P014-S1-L2700,RHU175_SEMIQUANT_V1,val,2700,Specific Gravity:1.025,Specific Gravity:1.025,,,Specific Gravity,1.025,RHU175_SEMIQUANT_V1_2026-05-03T13-28-39.zip,1,1,0,,39.817600,0.022279,0.628599,178.526398,0.013282,0.463027,37.217602,0.109131,0.719255,39.348000,0.051790,0.769068,36.808800,0.045619,0.764271,35.992802,0.043715,0.763823,34.846401,0.044006,0.768762,37.006401,0.045009,0.763962,37.847198,0.043197,0.743496,39.671200,0.047107,0.742938
D1-P014-S1-L2700,RHU175_SEMIQUANT_V1,val,2700,Ketone:Neg,Ketone:Neg,,,Ketone,Neg,RHU175_SEMIQUANT_V1_2026-05-03T13-28-39.zip,1,1,0,,39.817600,0.022279,0.628599,178.526398,0.013282,0.463027,37.217602,0.109131,0.719255,39.348000,0.051790,0.769068,36.808800,0.045619,0.764271,35.992802,0.043715,0.763823,34.846401,0.044006,0.768762,37.006401,0.045009,0.763962,37.847198,0.043197,0.743496,39.671200,0.047107,0.742938
D1-P014-S1-L2700,RHU175_SEMIQUANT_V1,val,2700,Bilirubin:Small 17,Bilirubin:Small 17,,,Bilirubin,Small 17,RHU175_SEMIQUANT_V1_2026-05-03T13-28-39.zip,1,1,0,,39.817600,0.022279,0.628599,178.526398,0.013282,0.463027,37.217602,0.109131,0.719255,39.348000,0.051790,0.769068,36.808800,0.045619,0.764271,35.992802,0.043715,0.763823,34.846401,0.044006,0.768762,37.006401,0.045009,0.763962,37.847198,0.043197,0.743496,39.671200,0.047107,0.742938
D1-P014-S1-L2700,RHU175_SEMIQUANT_V1,val,2700,Glucose:Neg,Glucose:Neg,,,Glucose,Neg,RHU175_SEMIQUANT_V1_2026-05-03T13-28-39.zip,1,1,0,,39.817600,0.022279,0.628599,178.526398,0.013282,0.463027,37.217602,0.109131,0.719255,39.348000,0.051790,0.769068,36.808800,0.045619,0.764271,35.992802,0.043715,0.763823,34.846401,0.044006,0.768762,37.006401,0.045009,0.763962,37.847198,0.043197,0.743496,39.671200,0.047107,0.742938
D1-P014-S1-L5500,RHU175_SEMIQUANT_V1,val,5500,Leukocytes:Trace 15,Leukocytes:Trace 15,,,Leukocytes,Trace 15,RHU175_SEMIQUANT_V1_2026-05-03T13-28-39.zip,1,1,0,,26.016800,0.055533,0.774198,119.171997,0.030056,0.535261,25.020800,0.112985,0.875636,21.452000,0.076645,0.922149,21.264799,0.077484,0.923870,20.902399,0.077260,0.919231,20.861601,0.078489,0.928424,22.212799,0.076635,0.927677,22.955999,0.071782,0.893032,22.026400,0.073925,0.898450
D1-P014-S1-L5500,RHU175_SEMIQUANT_V1,val,5500,Nitrite:Neg,Nitrite:Neg,,,Nitrite,Neg,RHU175_SEMIQUANT_V1_2026-05-03T13-28-39.zip,1,1,0,,26.016800,0.055533,0.774198,119.171997,0.030056,0.535261,25.020800,0.112985,0.875636,21.452000,0.076645,0.922149,21.264799,0.077484,0.923870,20.902399,0.077260,0.919231,20.861601,0.078489,0.928424,22.212799,0.076635,0.927677,22.955999,0.071782,0.893032,22.026400,0.073925,0.898450
D1-P014-S1-L5500,RHU175_SEMIQUANT_V1,val,5500,Urobilinogen:16,Urobilinogen:16,,,Urobilinogen,16,RHU175_SEMIQUANT_V1_2026-05-03T13-28-39.zip,1,1,0,,26.016800,0.055533,0.774198,119.171997,0.030056,0.535261,25.020800,0.112985,0.875636,21.452000,0.076645,0.922149,21.264799,0.077484,0.923870,20.902399,0.077260,0.919231,20.861601,0.078489,0.928424,22.212799,0.076635,0.927677,22.955999,0.071782,0.893032,22.026400,0.073925,0.898450
D1-P014-S1-L5500,RHU175_SEMIQUANT_V1,val,5500,Protein:Neg,Protein:Neg,,,Protein,Neg,RHU175_SEMIQUANT_V1_2026-05-03T13-28-39.zip,1,1,0,,26.016800,0.055533,0.774198,119.171997,0.030056,0.535261,25.020800,0.112985,0.875636,21.452000,0.076645,0.922149,21.264799,0.077484,0.923870,20.902399,0.077260,0.919231,20.861601,0.078489,0.928424,22.212799,0.076635,0.927677,22.955999,0.071782,0.893032,22.026400,0.073925,0.898450
D1-P014-S1-L5500,RHU175_SEMIQUANT_V1,val,5500,pH:6.0,pH:6.0,,,pH,6.0,RHU175_SEMIQUANT_V1_2026-05-03T13-28-39.zip,1,1,0,,26.016800,0.055533,0.774198,119.171997,0.030056,0.535261,25.020800,0.112985,0.875636,21.452000,0.076645,0.922149,21.264799,0.077484,0.923870,20.902399,0.077260,0.919231,20.861601,0.078489,0.928424,22.212799,0.076635,0.927677,22.955999,0.071782,0.893032,22.026400,0.073925,0.898450
D1-P014-S1-L5500,RHU175_SEMIQUANT_V1,val,5500,Blood:Neg,Blood:Neg,,,Blood,Neg,RHU175_SEMIQUANT_V1_2026-05-03T13-28-39.zip,1,1,0,,26.016800,0.055533,0.774198,119.171997,0.030056,0.535261,25.020800,0.112985,0.875636,21.452000,0.076645,0.922149,21.264799,0.077484,0.923870,20.902399,0.077260,0.919231,20.861601,0.078489,0.928424,22.212799,0.076635,0.927677,22.955999,0.071782,0.893032,22.026400,0.073925,0.898450
D1-P014-S1-L5500,RHU175_SEMIQUANT_V1,val,5500,Specific Gravity:1.025,Specific Gravity:1.025,,,Specific Gravity,1.025,RHU175_SEMIQUANT_V1_2026-05-03T13-28-39.zip,1,1,0,,26.016800,0.055533,0.774198,119.171997,0.030056,0.535261,25.020800,0.112985,0.875636,21.452000,0.076645,0.922149,21.264799,0.077484,0.923870,20.902399,0.077260,0.919231,20.861601,0.078489,0.928424,22.212799,0.076635,0.927677,22.955999,0.071782,0.893032,22.026400,0.073925,0.898450
D1-P014-S1-L5500,RHU175_SEMIQUANT_V1,val,5500,Ketone:Neg,Ketone:Neg,,,Ketone,Neg,RHU175_SEMIQUANT_V1_2026-05-03T13-28-39.zip,1,1,0,,26.016800,0.055533,0.774198,119.171997,0.030056,0.535261,25.020800,0.112985,0.875636,21.452000,0.076645,0.922149,21.264799,0.077484,0.923870,20.902399,0.077260,0.919231,20.861601,0.078489,0.928424,22.212799,0.076635,0.927677,22.955999,0.071782,0.893032,22.026400,0.073925,0.898450
D1-P014-S1-L5500,RHU175_SEMIQUANT_V1,val,5500,Bilirubin:Small 17,Bilirubin:Small 17,,,Bilirubin,Small 17,RHU175_SEMIQUANT_V1_2026-05-03T13-28-39.zip,1,1,0,,26.016800,0.055533,0.774198,119.171997,0.030056,0.535261,25.020800,0.112985,0.875636,21.452000,0.076645,0.922149,21.264799,0.077484,0.923870,20.902399,0.077260,0.919231,20.861601,0.078489,0.928424,22.212799,0.076635,0.927677,22.955999,0.071782,0.893032,22.026400,0.073925,0.898450
D1-P014-S1-L5500,RHU175_SEMIQUANT_V1,val,5500,Glucose:Neg,Glucose:Neg,,,Glucose,Neg,RHU175_SEMIQUANT_V1_2026-05-03T13-28-39.zip,1,1,0,,26.016800,0.055533,0.774198,119.171997,0.030056,0.535261,25.020800,0.112985,0.875636,21.452000,0.076645,0.922149,21.264799,0.077484,0.923870,20.902399,0.077260,0.919231,20.861601,0.078489,0.928424,22.212799,0.076635,0.927677,22.955999,0.071782,0.893032,22.026400,0.073925,0.898450
D1-P015-S1-L2700,RHU175_SEMIQUANT_V1,train,2700,Leukocytes:Neg,Leukocytes:Neg,,,Leukocytes,Neg,RHU175_SEMIQUANT_V1_2026-05-03T13-28-39.zip,1,1,0,,72.105598,0.012753,0.873027,51.925598,0.020693,0.867161,139.640793,0.015970,0.889671,144.336807,0.016212,0.884899,166.874405,0.015920,0.892480,199.800797,0.023611,0.906544,201.322403,0.024097,0.910050,211.259201,0.030747,0.918002,212.485596,0.028378,0.914637,196.727997,0.021103,0.905624
D1-P015-S1-L2700,RHU175_SEMIQUANT_V1,train,2700,Nitrite:Neg,Nitrite:Neg,,,Nitrite,Neg,RHU175_SEMIQUANT_V1_2026-05-03T13-28-39.zip,1,1,0,,72.105598,0.012753,0.873027,51.925598,0.020693,0.867161,139.640793,0.015970,0.889671,144.336807,0.016212,0.884899,166.874405,0.015920,0.892480,199.800797,0.023611,0.906544,201.322403,0.024097,0.910050,211.259201,0.030747,0.918002,212.485596,0.028378,0.914637,196.727997,0.021103,0.905624
D1-P015-S1-L2700,RHU175_SEMIQUANT_V1,train,2700,Urobilinogen:16,Urobilinogen:16,,,Urobilinogen,16,RHU175_SEMIQUANT_V1_2026-05-03T13-28-39.zip,1,1,0,,72.105598,0.012753,0.873027,51.925598,0.020693,0.867161,139.640793,0.015970,0.889671,144.336807,0.016212,0.884899,166.874405,0.015920,0.892480,199.800797,0.023611,0.906544,201.322403,0.024097,0.910050,211.259201,0.030747,0.918002,212.485596,0.028378,0.914637,196.727997,0.021103,0.905624
D1-P015-S1-L2700,RHU175_SEMIQUANT_V1,train,2700,Protein:Trace,Protein:Trace,,,Protein,Trace,RHU175_SEMIQUANT_V1_2026-05-03T13-28-39.zip,1,1,0,,72.105598,0.012753,0.873027,51.925598,0.020693,0.867161,139.640793,0.015970,0.889671,144.336807,0.016212,0.884899,166.874405,0.015920,0.892480,199.800797,0.023611,0.906544,201.322403,0.024097,0.910050,211.259201,0.030747,0.918002,212.485596,0.028378,0.914637,196.727997,0.021103,0.905624
D1-P015-S1-L2700,RHU175_SEMIQUANT_V1,train,2700,pH:5.0,pH:5.0,,,pH,5.0,RHU175_SEMIQUANT_V1_2026-05-03T13-28-39.zip,1,1,0,,72.105598,0.012753,0.873027,51.925598,0.020693,0.867161,139.640793,0.015970,0.889671,144.336807,0.016212,0.884899,166.874405,0.015920,0.892480,199.800797,0.023611,0.906544,201.322403,0.024097,0.910050,211.259201,0.030747,0.918002,212.485596,0.028378,0.914637,196.727997,0.021103,0.905624
D1-P015-S1-L2700,RHU175_SEMIQUANT_V1,train,2700,Blood:Neg,Blood:Neg,,,Blood,Neg,RHU175_SEMIQUANT_V1_2026-05-03T13-28-39.zip,1,1,0,,72.105598,0.012753,0.873027,51.925598,0.020693,0.867161,139.640793,0.015970,0.889671,144.336807,0.016212,0.884899,166.874405,0.015920,0.892480,199.800797,0.023611,0.906544,201.322403,0.024097,0.910050,211.259201,0.030747,0.918002,212.485596,0.028378,0.914637,196.727997,0.021103,0.905624
D1-P015-S1-L2700,RHU175_SEMIQUANT_V1,train,2700,Specific Gravity:1.030,Specific Gravity:1.030,,,Specific Gravity,1.030,RHU175_SEMIQUANT_V1_2026-05-03T13-28-39.zip,1,1,0,,72.105598,0.012753,0.873027,51.925598,0.020693,0.867161,139.640793,0.015970,0.889671,144.336807,0.016212,0.884899,166.874405,0.015920,0.892480,199.800797,0.023611,0.906544,201.322403,0.024097,0.910050,211.259201,0.030747,0.918002,212.485596,0.028378,0.914637,196.727997,0.021103,0.905624
D1-P015-S1-L2700,RHU175_SEMIQUANT_V1,train,2700,Ketone:Neg,Ketone:Neg,,,Ketone,Neg,RHU175_SEMIQUANT_V1_2026-05-03T13-28-39.zip,1,1,0,,72.105598,0.012753,0.873027,51.925598,0.020693,0.867161,139.640793,0.015970,0.889671,144.336807,0.016212,0.884899,166.874405,0.015920,0.892480,199.800797,0.023611,0.906544,201.322403,0.024097,0.910050,211.259201,0.030747,0.918002,212.485596,0.028378,0.914637,196.727997,0.021103,0.905624
D1-P015-S1-L2700,RHU175_SEMIQUANT_V1,train,2700,Bilirubin:Moderate 50,Bilirubin:Moderate 50,,,Bilirubin,Moderate 50,RHU175_SEMIQUANT_V1_2026-05-03T13-28-39.zip,1,1,0,,72.105598,0.012753,0.873027,51.925598,0.020693,0.867161,139.640793,0.015970,0.889671,144.336807,0.016212,0.884899,166.874405,0.015920,0.892480,199.800797,0.023611,0.906544,201.322403,0.024097,0.910050,211.259201,0.030747,0.918002,212.485596,0.028378,0.914637,196.727997,0.021103,0.905624
D1-P015-S1-L2700,RHU175_SEMIQUANT_V1,train,2700,Glucose:Neg,Glucose:Neg,,,Glucose,Neg,RHU175_SEMIQUANT_V1_2026-05-03T13-28-39.zip,1,1,0,,72.105598,0.012753,0.873027,51.925598,0.020693,0.867161,139.640793,0.015970,0.889671,144.336807,0.016212,0.884899,166.874405,0.015920,0.892480,199.800797,0.023611,0.906544,201.322403,0.024097,0.910050,211.259201,0.030747,0.918002,212.485596,0.028378,0.914637,196.727997,0.021103,0.905624
D1-P015-S1-L4000,RHU175_SEMIQUANT_V1,train,4000,Leukocytes:Neg,Leukocytes:Neg,,,Leukocytes,Neg,RHU175_SEMIQUANT_V1_2026-05-03T13-28-39.zip,1,1,0,,56.486401,0.012963,0.661812,135.992798,0.026510,0.493481,37.837601,0.226579,0.587247,40.528801,0.033024,0.763752,40.012798,0.031366,0.778328,36.836800,0.030055,0.768806,34.967201,0.029225,0.773434,40.022400,0.031341,0.775547,40.291199,0.031178,0.775580,40.388000,0.031562,0.758224
D1-P015-S1-L4000,RHU175_SEMIQUANT_V1,train,4000,Nitrite:Neg,Nitrite:Neg,,,Nitrite,Neg,RHU175_SEMIQUANT_V1_2026-05-03T13-28-39.zip,1,1,0,,56.486401,0.012963,0.661812,135.992798,0.026510,0.493481,37.837601,0.226579,0.587247,40.528801,0.033024,0.763752,40.012798,0.031366,0.778328,36.836800,0.030055,0.768806,34.967201,0.029225,0.773434,40.022400,0.031341,0.775547,40.291199,0.031178,0.775580,40.388000,0.031562,0.758224
D1-P015-S1-L4000,RHU175_SEMIQUANT_V1,train,4000,Urobilinogen:16,Urobilinogen:16,,,Urobilinogen,16,RHU175_SEMIQUANT_V1_2026-05-03T13-28-39.zip,1,1,0,,56.486401,0.012963,0.661812,135.992798,0.026510,0.493481,37.837601,0.226579,0.587247,40.528801,0.033024,0.763752,40.012798,0.031366,0.778328,36.836800,0.030055,0.768806,34.967201,0.029225,0.773434,40.022400,0.031341,0.775547,40.291199,0.031178,0.775580,40.388000,0.031562,0.758224
D1-P015-S1-L4000,RHU175_SEMIQUANT_V1,train,4000,Protein:Trace,Protein:Trace,,,Protein,Trace,RHU175_SEMIQUANT_V1_2026-05-03T13-28-39.zip,1,1,0,,56.486401,0.012963,0.661812,135.992798,0.026510,0.493481,37.837601,0.226579,0.587247,40.528801,0.033024,0.763752,40.012798,0.031366,0.778328,36.836800,0.030055,0.768806,34.967201,0.029225,0.773434,40.022400,0.031341,0.775547,40.291199,0.031178,0.775580,40.388000,0.031562,0.758224
D1-P015-S1-L4000,RHU175_SEMIQUANT_V1,train,4000,pH:5.0,pH:5.0,,,pH,5.0,RHU175_SEMIQUANT_V1_2026-05-03T13-28-39.zip,1,1,0,,56.486401,0.012963,0.661812,135.992798,0.026510,0.493481,37.837601,0.226579,0.587247,40.528801,0.033024,0.763752,40.012798,0.031366,0.778328,36.836800,0.030055,0.768806,34.967201,0.029225,0.773434,40.022400,0.031341,0.775547,40.291199,0.031178,0.775580,40.388000,0.031562,0.758224
D1-P015-S1-L4000,RHU175_SEMIQUANT_V1,train,4000,Blood:Neg,Blood:Neg,,,Blood,Neg,RHU175_SEMIQUANT_V1_2026-05-03T13-28-39.zip,1,1,0,,56.486401,0.012963,0.661812,135.992798,0.026510,0.493481,37.837601,0.226579,0.587247,40.528801,0.033024,0.763752,40.012798,0.031366,0.778328,36.836800,0.030055,0.768806,34.967201,0.029225,0.773434,40.022400,0.031341,0.775547,40.291199,0.031178,0.775580,40.388000,0.031562,0.758224
D1-P015-S1-L4000,RHU175_SEMIQUANT_V1,train,4000,Specific Gravity:1.030,Specific Gravity:1.030,,,Specific Gravity,1.030,RHU175_SEMIQUANT_V1_2026-05-03T13-28-39.zip,1,1,0,,56.486401,0.012963,0.661812,135.992798,0.026510,0.493481,37.837601,0.226579,0.587247,40.528801,0.033024,0.763752,40.012798,0.031366,0.778328,36.836800,0.030055,0.768806,34.967201,0.029225,0.773434,40.022400,0.031341,0.775547,40.291199,0.031178,0.775580,40.388000,0.031562,0.758224
D1-P015-S1-L4000,RHU175_SEMIQUANT_V1,train,4000,Ketone:Neg,Ketone:Neg,,,Ketone,Neg,RHU175_SEMIQUANT_V1_2026-05-03T13-28-39.zip,1,1,0,,56.486401,0.012963,0.661812,135.992798,0.026510,0.493481,37.837601,0.226579,0.587247,40.528801,0.033024,0.763752,40.012798,0.031366,0.778328,36.836800,0.030055,0.768806,34.967201,0.029225,0.773434,40.022400,0.031341,0.775547,40.291199,0.031178,0.775580,40.388000,0.031562,0.758224
D1-P015-S1-L4000,RHU175_SEMIQUANT_V1,train,4000,Bilirubin:Moderate 50,Bilirubin:Moderate 50,,,Bilirubin,Moderate 50,RHU175_SEMIQUANT_V1_2026-05-03T13-28-39.zip,1,1,0,,56.486401,0.012963,0.661812,135.992798,0.026510,0.493481,37.837601,0.226579,0.587247,40.528801,0.033024,0.763752,40.012798,0.031366,0.778328,36.836800,0.030055,0.768806,34.967201,0.029225,0.773434,40.022400,0.031341,0.775547,40.291199,0.031178,0.775580,40.388000,0.031562,0.758224
D1-P015-S1-L4000,RHU175_SEMIQUANT_V1,train,4000,Glucose:Neg,Glucose:Neg,,,Glucose,Neg,RHU175_SEMIQUANT_V1_2026-05-03T13-28-39.zip,1,1,0,,56.486401,0.012963,0.661812,135.992798,0.026510,0.493481,37.837601,0.226579,0.587247,40.528801,0.033024,0.763752,40.012798,0.031366,0.778328,36.836800,0.030055,0.768806,34.967201,0.029225,0.773434,40.022400,0.031341,0.775547,40.291199,0.031178,0.775580,40.388000,0.031562,0.758224
D1-P015-S1-L5500,RHU175_SEMIQUANT_V1,train,5500,Leukocytes:Neg,Leukocytes:Neg,,,Leukocytes,Neg,RHU175_SEMIQUANT_V1_2026-05-03T13-28-39.zip,1,1,0,,47.661598,0.037700,0.757068,174.147995,0.033280,0.539548,30.786400,0.115387,0.818282,38.354401,0.059288,0.899929,37.532001,0.059026,0.910387,38.167999,0.059641,0.906742,36.796799,0.055118,0.909531,36.628799,0.055338,0.910759,37.813599,0.059989,0.910413,38.779202,0.059565,0.882325
D1-P015-S1-L5500,RHU175_SEMIQUANT_V1,train,5500,Nitrite:Neg,Nitrite:Neg,,,Nitrite,Neg,RHU175_SEMIQUANT_V1_2026-05-03T13-28-39.zip,1,1,0,,47.661598,0.037700,0.757068,174.147995,0.033280,0.539548,30.786400,0.115387,0.818282,38.354401,0.059288,0.899929,37.532001,0.059026,0.910387,38.167999,0.059641,0.906742,36.796799,0.055118,0.909531,36.628799,0.055338,0.910759,37.813599,0.059989,0.910413,38.779202,0.059565,0.882325
D1-P015-S1-L5500,RHU175_SEMIQUANT_V1,train,5500,Urobilinogen:16,Urobilinogen:16,,,Urobilinogen,16,RHU175_SEMIQUANT_V1_2026-05-03T13-28-39.zip,1,1,0,,47.661598,0.037700,0.757068,174.147995,0.033280,0.539548,30.786400,0.115387,0.818282,38.354401,0.059288,0.899929,37.532001,0.059026,0.910387,38.167999,0.059641,0.906742,36.796799,0.055118,0.909531,36.628799,0.055338,0.910759,37.813599,0.059989,0.910413,38.779202,0.059565,0.882325
D1-P015-S1-L5500,RHU175_SEMIQUANT_V1,train,5500,Protein:Trace,Protein:Trace,,,Protein,Trace,RHU175_SEMIQUANT_V1_2026-05-03T13-28-39.zip,1,1,0,,47.661598,0.037700,0.757068,174.147995,0.033280,0.539548,30.786400,0.115387,0.818282,38.354401,0.059288,0.899929,37.532001,0.059026,0.910387,38.167999,0.059641,0.906742,36.796799,0.055118,0.909531,36.628799,0.055338,0.910759,37.813599,0.059989,0.910413,38.779202,0.059565,0.882325
D1-P015-S1-L5500,RHU175_SEMIQUANT_V1,train,5500,pH:5.0,pH:5.0,,,pH,5.0,RHU175_SEMIQUANT_V1_2026-05-03T13-28-39.zip,1,1,0,,47.661598,0.037700,0.757068,174.147995,0.033280,0.539548,30.786400,0.115387,0.818282,38.354401,0.059288,0.899929,37.532001,0.059026,0.910387,38.167999,0.059641,0.906742,36.796799,0.055118,0.909531,36.628799,0.055338,0.910759,37.813599,0.059989,0.910413,38.779202,0.059565,0.882325
D1-P015-S1-L5500,RHU175_SEMIQUANT_V1,train,5500,Blood:Neg,Blood:Neg,,,Blood,Neg,RHU175_SEMIQUANT_V1_2026-05-03T13-28-39.zip,1,1,0,,47.661598,0.037700,0.757068,174.147995,0.033280,0.539548,30.786400,0.115387,0.818282,38.354401,0.059288,0.899929,37.532001,0.059026,0.910387,38.167999,0.059641,0.906742,36.796799,0.055118,0.909531,36.628799,0.055338,0.910759,37.813599,0.059989,0.910413,38.779202,0.059565,0.882325
D1-P015-S1-L5500,RHU175_SEMIQUANT_V1,train,5500,Specific Gravity:1.030,Specific Gravity:1.030,,,Specific Gravity,1.030,RHU175_SEMIQUANT_V1_2026-05-03T13-28-39.zip,1,1,0,,47.661598,0.037700,0.757068,174.147995,0.033280,0.539548,30.786400,0.115387,0.818282,38.354401,0.059288,0.899929,37.532001,0.059026,0.910387,38.167999,0.059641,0.906742,36.796799,0.055118,0.909531,36.628799,0.055338,0.910759,37.813599,0.059989,0.910413,38.779202,0.059565,0.882325
D1-P015-S1-L5500,RHU175_SEMIQUANT_V1,train,5500,Ketone:Neg,Ketone:Neg,,,Ketone,Neg,RHU175_SEMIQUANT_V1_2026-05-03T13-28-39.zip,1,1,0,,47.661598,0.037700,0.757068,174.147995,0.033280,0.539548,30.786400,0.115387,0.818282,38.354401,0.059288,0.899929,37.532001,0.059026,0.910387,38.167999,0.059641,0.906742,36.796799,0.055118,0.909531,36.628799,0.055338,0.910759,37.813599,0.059989,0.910413,38.779202,0.059565,0.882325
D1-P015-S1-L5500,RHU175_SEMIQUANT_V1,train,5500,Bilirubin:Moderate 50,Bilirubin:Moderate 50,,,Bilirubin,Moderate 50,RHU175_SEMIQUANT_V1_2026-05-03T13-28-39.zip,1,1,0,,47.661598,0.037700,0.757068,174.147995,0.033280,0.539548,30.786400,0.115387,0.818282,38.354401,0.059288,0.899929,37.532001,0.059026,0.910387,38.167999,0.059641,0.906742,36.796799,0.055118,0.909531,36.628799,0.055338,0.910759,37.813599,0.059989,0.910413,38.779202,0.059565,0.882325
D1-P015-S1-L5500,RHU175_SEMIQUANT_V1,train,5500,Glucose:Neg,Glucose:Neg,,,Glucose,Neg,RHU175_SEMIQUANT_V1_2026-05-03T13-28-39.zip,1,1,0,,47.661598,0.037700,0.757068,174.147995,0.033280,0.539548,30.786400,0.115387,0.818282,38.354401,0.059288,0.899929,37.532001,0.059026,0.910387,38.167999,0.059641,0.906742,36.796799,0.055118,0.909531,36.628799,0.055338,0.910759,37.813599,0.059989,0.910413,38.779202,0.059565,0.882325
D1-P017-S1-L4000,RHU175_SEMIQUANT_V1,train,4000,Leukocytes:Neg,Leukocytes:Neg,,,Leukocytes,Neg,RHU175_SEMIQUANT_V1_2026-05-03T13-28-39.zip,1,1,0,,94.491997,0.002880,0.710973,80.311996,0.006325,0.712602,64.639999,0.003261,0.717920,59.492001,0.007741,0.720838,22.091999,0.002136,0.719584,86.228798,0.010483,0.721838,23.760000,0.002783,0.722038,28.525600,0.005758,0.727305,11.704000,0.002249,0.727103,96.896004,0.007559,0.718984
D1-P017-S1-L4000,RHU175_SEMIQUANT_V1,train,4000,Nitrite:Neg,Nitrite:Neg,,,Nitrite,Neg,RHU175_SEMIQUANT_V1_2026-05-03T13-28-39.zip,1,1,0,,94.491997,0.002880,0.710973,80.311996,0.006325,0.712602,64.639999,0.003261,0.717920,59.492001,0.007741,0.720838,22.091999,0.002136,0.719584,86.228798,0.010483,0.721838,23.760000,0.002783,0.722038,28.525600,0.005758,0.727305,11.704000,0.002249,0.727103,96.896004,0.007559,0.718984
D1-P017-S1-L4000,RHU175_SEMIQUANT_V1,train,4000,Urobilinogen:16,Urobilinogen:16,,,Urobilinogen,16,RHU175_SEMIQUANT_V1_2026-05-03T13-28-39.zip,1,1,0,,94.491997,0.002880,0.710973,80.311996,0.006325,0.712602,64.639999,0.003261,0.717920,59.492001,0.007741,0.720838,22.091999,0.002136,0.719584,86.228798,0.010483,0.721838,23.760000,0.002783,0.722038,28.525600,0.005758,0.727305,11.704000,0.002249,0.727103,96.896004,0.007559,0.718984
D1-P017-S1-L4000,RHU175_SEMIQUANT_V1,train,4000,Protein:Trace,Protein:Trace,,,Protein,Trace,RHU175_SEMIQUANT_V1_2026-05-03T13-28-39.zip,1,1,0,,94.491997,0.002880,0.710973,80.311996,0.006325,0.712602,64.639999,0.003261,0.717920,59.492001,0.007741,0.720838,22.091999,0.002136,0.719584,86.228798,0.010483,0.721838,23.760000,0.002783,0.722038,28.525600,0.005758,0.727305,11.704000,0.002249,0.727103,96.896004,0.007559,0.718984
D1-P017-S1-L4000,RHU175_SEMIQUANT_V1,train,4000,pH:5.0,pH:5.0,,,pH,5.0,RHU175_SEMIQUANT_V1_2026-05-03T13-28-39.zip,1,1,0,,94.491997,0.002880,0.710973,80.311996,0.006325,0.712602,64.639999,0.003261,0.717920,59.492001,0.007741,0.720838,22.091999,0.002136,0.719584,86.228798,0.010483,0.721838,23.760000,0.002783,0.722038,28.525600,0.005758,0.727305,11.704000,0.002249,0.727103,96.896004,0.007559,0.718984
D1-P017-S1-L4000,RHU175_SEMIQUANT_V1,train,4000,Blood:Neg,Blood:Neg,,,Blood,Neg,RHU175_SEMIQUANT_V1_2026-05-03T13-28-39.zip,1,1,0,,94.491997,0.002880,0.710973,80.311996,0.006325,0.712602,64.639999,0.003261,0.717920,59.492001,0.007741,0.720838,22.091999,0.002136,0.719584,86.228798,0.010483,0.721838,23.760000,0.002783,0.722038,28.525600,0.005758,0.727305,11.704000,0.002249,0.727103,96.896004,0.007559,0.718984
D1-P017-S1-L4000,RHU175_SEMIQUANT_V1,train,4000,Specific Gravity:1.025,Specific Gravity:1.025,,,Specific Gravity,1.025,RHU175_SEMIQUANT_V1_2026-05-03T13-28-39.zip,1,1,0,,94.491997,0.002880,0.710973,80.311996,0.006325,0.712602,64.639999,0.003261,0.717920,59.492001,0.007741,0.720838,22.091999,0.002136,0.719584,86.228798,0.010483,0.721838,23.760000,0.002783,0.722038,28.525600,0.005758,0.727305,11.704000,0.002249,0.727103,96.896004,0.007559,0.718984
D1-P017-S1-L4000,RHU175_SEMIQUANT_V1,train,4000,Ketone:Trace 0.5,Ketone:Trace 0.5,,,Ketone,Trace 0.5,RHU175_SEMIQUANT_V1_2026-05-03T13-28-39.zip,1,1,0,,94.491997,0.002880,0.710973,80.311996,0.006325,0.712602,64.639999,0.003261,0.717920,59.492001,0.007741,0.720838,22.091999,0.002136,0.719584,86.228798,0.010483,0.721838,23.760000,0.002783,0.722038,28.525600,0.005758,0.727305,11.704000,0.002249,0.727103,96.896004,0.007559,0.718984
D1-P017-S1-L4000,RHU175_SEMIQUANT_V1,train,4000,Bilirubin:Small 17,Bilirubin:Small 17,,,Bilirubin,Small 17,RHU175_SEMIQUANT_V1_2026-05-03T13-28-39.zip,1,1,0,,94.491997,0.002880,0.710973,80.311996,0.006325,0.712602,64.639999,0.003261,0.717920,59.492001,0.007741,0.720838,22.091999,0.002136,0.719584,86.228798,0.010483,0.721838,23.760000,0.002783,0.722038,28.525600,0.005758,0.727305,11.704000,0.002249,0.727103,96.896004,0.007559,0.718984
D1-P017-S1-L4000,RHU175_SEMIQUANT_V1,train,4000,Glucose:Neg,Glucose:Neg,,,Glucose,Neg,RHU175_SEMIQUANT_V1_2026-05-03T13-28-39.zip,1,1,0,,94.491997,0.002880,0.710973,80.311996,0.006325,0.712602,64.639999,0.003261,0.717920,59.492001,0.007741,0.720838,22.091999,0.002136,0.719584,86.228798,0.010483,0.721838,23.760000,0.002783,0.722038,28.525600,0.005758,0.727305,11.704000,0.002249,0.727103,96.896004,0.007559,0.718984
D1-P018-S1-L2700,RHU175_SEMIQUANT_V1,train,2700,Leukocytes:Trace 15,Leukocytes:Trace 15,,,Leukocytes,Trace 15,RHU175_SEMIQUANT_V1_2026-05-03T13-28-39.zip,1,1,0,,27.060801,0.625729,0.232996,28.821600,0.607437,0.256932,180.535995,0.036420,0.786365,204.151993,0.075056,0.853079,207.489594,0.102444,0.900035,206.960007,0.109603,0.916758,205.667206,0.129111,0.993777,190.241592,0.106558,0.999478,180.034393,0.061305,1.000000,0.000000,0.000000,0.000000
D1-P018-S1-L2700,RHU175_SEMIQUANT_V1,train,2700,Nitrite:Neg,Nitrite:Neg,,,Nitrite,Neg,RHU175_SEMIQUANT_V1_2026-05-03T13-28-39.zip,1,1,0,,27.060801,0.625729,0.232996,28.821600,0.607437,0.256932,180.535995,0.036420,0.786365,204.151993,0.075056,0.853079,207.489594,0.102444,0.900035,206.960007,0.109603,0.916758,205.667206,0.129111,0.993777,190.241592,0.106558,0.999478,180.034393,0.061305,1.000000,0.000000,0.000000,0.000000
D1-P018-S1-L2700,RHU175_SEMIQUANT_V1,train,2700,Urobilinogen:16,Urobilinogen:16,,,Urobilinogen,16,RHU175_SEMIQUANT_V1_2026-05-03T13-28-39.zip,1,1,0,,27.060801,0.625729,0.232996,28.821600,0.607437,0.256932,180.535995,0.036420,0.786365,204.151993,0.075056,0.853079,207.489594,0.102444,0.900035,206.960007,0.109603,0.916758,205.667206,0.129111,0.993777,190.241592,0.106558,0.999478,180.034393,0.061305,1.000000,0.000000,0.000000,0.000000
D1-P018-S1-L2700,RHU175_SEMIQUANT_V1,train,2700,Protein:Neg,Protein:Neg,,,Protein,Neg,RHU175_SEMIQUANT_V1_2026-05-03T13-28-39.zip,1,1,0,,27.060801,0.625729,0.232996,28.821600,0.607437,0.256932,180.535995,0.036420,0.786365,204.151993,0.075056,0.853079,207.489594,0.102444,0.900035,206.960007,0.109603,0.916758,205.667206,0.129111,0.993777,190.241592,0.106558,0.999478,180.034393,0.061305,1.000000,0.000000,0.000000,0.000000
D1-P018-S1-L2700,RHU175_SEMIQUANT_V1,train,2700,pH:5.0,pH:5.0,,,pH,5.0,RHU175_SEMIQUANT_V1_2026-05-03T13-28-39.zip,1,1,0,,27.060801,0.625729,0.232996,28.821600,0.607437,0.256932,180.535995,0.036420,0.786365,204.151993,0.075056,0.853079,207.489594,0.102444,0.900035,206.960007,0.109603,0.916758,205.667206,0.129111,0.993777,190.241592,0.106558,0.999478,180.034393,0.061305,1.000000,0.000000,0.000000,0.000000
D1-P018-S1-L2700,RHU175_SEMIQUANT_V1,train,2700,Blood:Neg,Blood:Neg,,,Blood,Neg,RHU175_SEMIQUANT_V1_2026-05-03T13-28-39.zip,1,1,0,,27.060801,0.625729,0.232996,28.821600,0.607437,0.256932,180.535995,0.036420,0.786365,204.151993,0.075056,0.853079,207.489594,0.102444,0.900035,206.960007,0.109603,0.916758,205.667206,0.129111,0.993777,190.241592,0.106558,0.999478,180.034393,0.061305,1.000000,0.000000,0.000000,0.000000
D1-P018-S1-L2700,RHU175_SEMIQUANT_V1,train,2700,Specific Gravity:1.030,Specific Gravity:1.030,,,Specific Gravity,1.030,RHU175_SEMIQUANT_V1_2026-05-03T13-28-39.zip,1,1,0,,27.060801,0.625729,0.232996,28.821600,0.607437,0.256932,180.535995,0.036420,0.786365,204.151993,0.075056,0.853079,207.489594,0.102444,0.900035,206.960007,0.109603,0.916758,205.667206,0.129111,0.993777,190.241592,0.106558,0.999478,180.034393,0.061305,1.000000,0.000000,0.000000,0.000000
D1-P018-S1-L2700,RHU175_SEMIQUANT_V1,train,2700,Ketone:Neg,Ketone:Neg,,,Ketone,Neg,RHU175_SEMIQUANT_V1_2026-05-03T13-28-39.zip,1,1,0,,27.060801,0.625729,0.232996,28.821600,0.607437,0.256932,180.535995,0.036420,0.786365,204.151993,0.075056,0.853079,207.489594,0.102444,0.900035,206.960007,0.109603,0.916758,205.667206,0.129111,0.993777,190.241592,0.106558,0.999478,180.034393,0.061305,1.000000,0.000000,0.000000,0.000000
D1-P018-S1-L2700,RHU175_SEMIQUANT_V1,train,2700,Bilirubin:Small 17,Bilirubin:Small 17,,,Bilirubin,Small 17,RHU175_SEMIQUANT_V1_2026-05-03T13-28-39.zip,1,1,0,,27.060801,0.625729,0.232996,28.821600,0.607437,0.256932,180.535995,0.036420,0.786365,204.151993,0.075056,0.853079,207.489594,0.102444,0.900035,206.960007,0.109603,0.916758,205.667206,0.129111,0.993777,190.241592,0.106558,0.999478,180.034393,0.061305,1.000000,0.000000,0.000000,0.000000
D1-P018-S1-L2700,RHU175_SEMIQUANT_V1,train,2700,Glucose:Neg,Glucose:Neg,,,Glucose,Neg,RHU175_SEMIQUANT_V1_2026-05-03T13-28-39.zip,1,1,0,,27.060801,0.625729,0.232996,28.821600,0.607437,0.256932,180.535995,0.036420,0.786365,204.151993,0.075056,0.853079,207.489594,0.102444,0.900035,206.960007,0.109603,0.916758,205.667206,0.129111,0.993777,190.241592,0.106558,0.999478,180.034393,0.061305,1.000000,0.000000,0.000000,0.000000
D1-P018-S1-L4000,RHU175_SEMIQUANT_V1,train,4000,Leukocytes:Trace 15,Leukocytes:Trace 15,,,Leukocytes,Trace 15,RHU175_SEMIQUANT_V1_2026-05-03T13-28-39.zip,1,1,0,,218.840805,0.197926,0.233693,225.466400,0.199485,0.189627,214.464798,0.168351,0.250995,33.107201,0.014728,0.690436,25.626400,0.018585,0.717815,22.858400,0.022864,0.736312,28.822399,0.026469,0.742403,27.725599,0.029675,0.787998,37.270401,0.028985,0.810130,73.830399,0.014631,0.859779
D1-P018-S1-L4000,RHU175_SEMIQUANT_V1,train,4000,Nitrite:Neg,Nitrite:Neg,,,Nitrite,Neg,RHU175_SEMIQUANT_V1_2026-05-03T13-28-39.zip,1,1,0,,218.840805,0.197926,0.233693,225.466400,0.199485,0.189627,214.464798,0.168351,0.250995,33.107201,0.014728,0.690436,25.626400,0.018585,0.717815,22.858400,0.022864,0.736312,28.822399,0.026469,0.742403,27.725599,0.029675,0.787998,37.270401,0.028985,0.810130,73.830399,0.014631,0.859779
D1-P018-S1-L4000,RHU175_SEMIQUANT_V1,train,4000,Urobilinogen:16,Urobilinogen:16,,,Urobilinogen,16,RHU175_SEMIQUANT_V1_2026-05-03T13-28-39.zip,1,1,0,,218.840805,0.197926,0.233693,225.466400,0.199485,0.189627,214.464798,0.168351,0.250995,33.107201,0.014728,0.690436,25.626400,0.018585,0.717815,22.858400,0.022864,0.736312,28.822399,0.026469,0.742403,27.725599,0.029675,0.787998,37.270401,0.028985,0.810130,73.830399,0.014631,0.859779
D1-P018-S1-L4000,RHU175_SEMIQUANT_V1,train,4000,Protein:Neg,Protein:Neg,,,Protein,Neg,RHU175_SEMIQUANT_V1_2026-05-03T13-28-39.zip,1,1,0,,218.840805,0.197926,0.233693,225.466400,0.199485,0.189627,214.464798,0.168351,0.250995,33.107201,0.014728,0.690436,25.626400,0.018585,0.717815,22.858400,0.022864,0.736312,28.822399,0.026469,0.742403,27.725599,0.029675,0.787998,37.270401,0.028985,0.810130,73.830399,0.014631,0.859779
D1-P018-S1-L4000,RHU175_SEMIQUANT_V1,train,4000,pH:5.0,pH:5.0,,,pH,5.0,RHU175_SEMIQUANT_V1_2026-05-03T13-28-39.zip,1,1,0,,218.840805,0.197926,0.233693,225.466400,0.199485,0.189627,214.464798,0.168351,0.250995,33.107201,0.014728,0.690436,25.626400,0.018585,0.717815,22.858400,0.022864,0.736312,28.822399,0.026469,0.742403,27.725599,0.029675,0.787998,37.270401,0.028985,0.810130,73.830399,0.014631,0.859779
D1-P018-S1-L4000,RHU175_SEMIQUANT_V1,train,4000,Blood:Neg,Blood:Neg,,,Blood,Neg,RHU175_SEMIQUANT_V1_2026-05-03T13-28-39.zip,1,1,0,,218.840805,0.197926,0.233693,225.466400,0.199485,0.189627,214.464798,0.168351,0.250995,33.107201,0.014728,0.690436,25.626400,0.018585,0.717815,22.858400,0.022864,0.736312,28.822399,0.026469,0.742403,27.725599,0.029675,0.787998,37.270401,0.028985,0.810130,73.830399,0.014631,0.859779
D1-P018-S1-L4000,RHU175_SEMIQUANT_V1,train,4000,Specific Gravity:1.030,Specific Gravity:1.030,,,Specific Gravity,1.030,RHU175_SEMIQUANT_V1_2026-05-03T13-28-39.zip,1,1,0,,218.840805,0.197926,0.233693,225.466400,0.199485,0.189627,214.464798,0.168351,0.250995,33.107201,0.014728,0.690436,25.626400,0.018585,0.717815,22.858400,0.022864,0.736312,28.822399,0.026469,0.742403,27.725599,0.029675,0.787998,37.270401,0.028985,0.810130,73.830399,0.014631,0.859779
D1-P018-S1-L4000,RHU175_SEMIQUANT_V1,train,4000,Ketone:Neg,Ketone:Neg,,,Ketone,Neg,RHU175_SEMIQUANT_V1_2026-05-03T13-28-39.zip,1,1,0,,218.840805,0.197926,0.233693,225.466400,0.199485,0.189627,214.464798,0.168351,0.250995,33.107201,0.014728,0.690436,25.626400,0.018585,0.717815,22.858400,0.022864,0.736312,28.822399,0.026469,0.742403,27.725599,0.029675,0.787998,37.270401,0.028985,0.810130,73.830399,0.014631,0.859779
D1-P018-S1-L4000,RHU175_SEMIQUANT_V1,train,4000,Bilirubin:Small 17,Bilirubin:Small 17,,,Bilirubin,Small 17,RHU175_SEMIQUANT_V1_2026-05-03T13-28-39.zip,1,1,0,,218.840805,0.197926,0.233693,225.466400,0.199485,0.189627,214.464798,0.168351,0.250995,33.107201,0.014728,0.690436,25.626400,0.018585,0.717815,22.858400,0.022864,0.736312,28.822399,0.026469,0.742403,27.725599,0.029675,0.787998,37.270401,0.028985,0.810130,73.830399,0.014631,0.859779
D1-P018-S1-L4000,RHU175_SEMIQUANT_V1,train,4000,Glucose:Neg,Glucose:Neg,,,Glucose,Neg,RHU175_SEMIQUANT_V1_2026-05-03T13-28-39.zip,1,1,0,,218.840805,0.197926,0.233693,225.466400,0.199485,0.189627,214.464798,0.168351,0.250995,33.107201,0.014728,0.690436,25.626400,0.018585,0.717815,22.858400,0.022864,0.736312,28.822399,0.026469,0.742403,27.725599,0.029675,0.787998,37.270401,0.028985,0.810130,73.830399,0.014631,0.859779
D1-P018-S1-L5500,RHU175_SEMIQUANT_V1,train,5500,Leukocytes:Trace 15,Leukocytes:Trace 15,,,Leukocytes,Trace 15,RHU175_SEMIQUANT_V1_2026-05-03T13-28-39.zip,1,1,0,,212.557602,0.272491,0.304544,223.293594,0.305994,0.238765,211.830399,0.258762,0.307178,47.381599,0.018300,0.770447,22.423201,0.024077,0.809445,31.472799,0.030508,0.835337,31.272800,0.031826,0.844577,24.965599,0.033540,0.900355,34.469601,0.033079,0.922165,52.111198,0.024204,0.964050
D1-P018-S1-L5500,RHU175_SEMIQUANT_V1,train,5500,Nitrite:Neg,Nitrite:Neg,,,Nitrite,Neg,RHU175_SEMIQUANT_V1_2026-05-03T13-28-39.zip,1,1,0,,212.557602,0.272491,0.304544,223.293594,0.305994,0.238765,211.830399,0.258762,0.307178,47.381599,0.018300,0.770447,22.423201,0.024077,0.809445,31.472799,0.030508,0.835337,31.272800,0.031826,0.844577,24.965599,0.033540,0.900355,34.469601,0.033079,0.922165,52.111198,0.024204,0.964050
D1-P018-S1-L5500,RHU175_SEMIQUANT_V1,train,5500,Urobilinogen:16,Urobilinogen:16,,,Urobilinogen,16,RHU175_SEMIQUANT_V1_2026-05-03T13-28-39.zip,1,1,0,,212.557602,0.272491,0.304544,223.293594,0.305994,0.238765,211.830399,0.258762,0.307178,47.381599,0.018300,0.770447,22.423201,0.024077,0.809445,31.472799,0.030508,0.835337,31.272800,0.031826,0.844577,24.965599,0.033540,0.900355,34.469601,0.033079,0.922165,52.111198,0.024204,0.964050
D1-P018-S1-L5500,RHU175_SEMIQUANT_V1,train,5500,Protein:Neg,Protein:Neg,,,Protein,Neg,RHU175_SEMIQUANT_V1_2026-05-03T13-28-39.zip,1,1,0,,212.557602,0.272491,0.304544,223.293594,0.305994,0.238765,211.830399,0.258762,0.307178,47.381599,0.018300,0.770447,22.423201,0.024077,0.809445,31.472799,0.030508,0.835337,31.272800,0.031826,0.844577,24.965599,0.033540,0.900355,34.469601,0.033079,0.922165,52.111198,0.024204,0.964050
D1-P018-S1-L5500,RHU175_SEMIQUANT_V1,train,5500,pH:5.0,pH:5.0,,,pH,5.0,RHU175_SEMIQUANT_V1_2026-05-03T13-28-39.zip,1,1,0,,212.557602,0.272491,0.304544,223.293594,0.305994,0.238765,211.830399,0.258762,0.307178,47.381599,0.018300,0.770447,22.423201,0.024077,0.809445,31.472799,0.030508,0.835337,31.272800,0.031826,0.844577,24.965599,0.033540,0.900355,34.469601,0.033079,0.922165,52.111198,0.024204,0.964050
D1-P018-S1-L5500,RHU175_SEMIQUANT_V1,train,5500,Blood:Neg,Blood:Neg,,,Blood,Neg,RHU175_SEMIQUANT_V1_2026-05-03T13-28-39.zip,1,1,0,,212.557602,0.272491,0.304544,223.293594,0.305994,0.238765,211.830399,0.258762,0.307178,47.381599,0.018300,0.770447,22.423201,0.024077,0.809445,31.472799,0.030508,0.835337,31.272800,0.031826,0.844577,24.965599,0.033540,0.900355,34.469601,0.033079,0.922165,52.111198,0.024204,0.964050
D1-P018-S1-L5500,RHU175_SEMIQUANT_V1,train,5500,Specific Gravity:1.030,Specific Gravity:1.030,,,Specific Gravity,1.030,RHU175_SEMIQUANT_V1_2026-05-03T13-28-39.zip,1,1,0,,212.557602,0.272491,0.304544,223.293594,0.305994,0.238765,211.830399,0.258762,0.307178,47.381599,0.018300,0.770447,22.423201,0.024077,0.809445,31.472799,0.030508,0.835337,31.272800,0.031826,0.844577,24.965599,0.033540,0.900355,34.469601,0.033079,0.922165,52.111198,0.024204,0.964050
D1-P018-S1-L5500,RHU175_SEMIQUANT_V1,train,5500,Ketone:Neg,Ketone:Neg,,,Ketone,Neg,RHU175_SEMIQUANT_V1_2026-05-03T13-28-39.zip,1,1,0,,212.557602,0.272491,0.304544,223.293594,0.305994,0.238765,211.830399,0.258762,0.307178,47.381599,0.018300,0.770447,22.423201,0.024077,0.809445,31.472799,0.030508,0.835337,31.272800,0.031826,0.844577,24.965599,0.033540,0.900355,34.469601,0.033079,0.922165,52.111198,0.024204,0.964050
D1-P018-S1-L5500,RHU175_SEMIQUANT_V1,train,5500,Bilirubin:Small 17,Bilirubin:Small 17,,,Bilirubin,Small 17,RHU175_SEMIQUANT_V1_2026-05-03T13-28-39.zip,1,1,0,,212.557602,0.272491,0.304544,223.293594,0.305994,0.238765,211.830399,0.258762,0.307178,47.381599,0.018300,0.770447,22.423201,0.024077,0.809445,31.472799,0.030508,0.835337,31.272800,0.031826,0.844577,24.965599,0.033540,0.900355,34.469601,0.033079,0.922165,52.111198,0.024204,0.964050
D1-P018-S1-L5500,RHU175_SEMIQUANT_V1,train,5500,Glucose:Neg,Glucose:Neg,,,Glucose,Neg,RHU175_SEMIQUANT_V1_2026-05-03T13-28-39.zip,1,1,0,,212.557602,0.272491,0.304544,223.293594,0.305994,0.238765,211.830399,0.258762,0.307178,47.381599,0.018300,0.770447,22.423201,0.024077,0.809445,31.472799,0.030508,0.835337,31.272800,0.031826,0.844577,24.965599,0.033540,0.900355,34.469601,0.033079,0.922165,52.111198,0.024204,0.964050
D1-P019-S1-L4000,RHU175_SEMIQUANT_V1,train,4000,Leukocytes:Neg,Leukocytes:Neg,,,Leukocytes,Neg,RHU175_SEMIQUANT_V1_2026-05-03T13-28-39.zip,1,1,0,,208.552795,0.280008,0.226933,217.495193,0.287340,0.204063,191.079193,0.212463,0.301189,44.043201,0.013192,0.695341,16.849600,0.029890,0.733945,17.165600,0.033647,0.758271,18.107201,0.035167,0.762467,16.900000,0.040925,0.810019,21.789600,0.038637,0.839569,32.052799,0.021939,0.888516
D1-P019-S1-L4000,RHU175_SEMIQUANT_V1,train,4000,Nitrite:Neg,Nitrite:Neg,,,Nitrite,Neg,RHU175_SEMIQUANT_V1_2026-05-03T13-28-39.zip,1,1,0,,208.552795,0.280008,0.226933,217.495193,0.287340,0.204063,191.079193,0.212463,0.301189,44.043201,0.013192,0.695341,16.849600,0.029890,0.733945,17.165600,0.033647,0.758271,18.107201,0.035167,0.762467,16.900000,0.040925,0.810019,21.789600,0.038637,0.839569,32.052799,0.021939,0.888516
D1-P019-S1-L4000,RHU175_SEMIQUANT_V1,train,4000,Urobilinogen:16,Urobilinogen:16,,,Urobilinogen,16,RHU175_SEMIQUANT_V1_2026-05-03T13-28-39.zip,1,1,0,,208.552795,0.280008,0.226933,217.495193,0.287340,0.204063,191.079193,0.212463,0.301189,44.043201,0.013192,0.695341,16.849600,0.029890,0.733945,17.165600,0.033647,0.758271,18.107201,0.035167,0.762467,16.900000,0.040925,0.810019,21.789600,0.038637,0.839569,32.052799,0.021939,0.888516
D1-P019-S1-L4000,RHU175_SEMIQUANT_V1,train,4000,Protein:Neg,Protein:Neg,,,Protein,Neg,RHU175_SEMIQUANT_V1_2026-05-03T13-28-39.zip,1,1,0,,208.552795,0.280008,0.226933,217.495193,0.287340,0.204063,191.079193,0.212463,0.301189,44.043201,0.013192,0.695341,16.849600,0.029890,0.733945,17.165600,0.033647,0.758271,18.107201,0.035167,0.762467,16.900000,0.040925,0.810019,21.789600,0.038637,0.839569,32.052799,0.021939,0.888516
D1-P019-S1-L4000,RHU175_SEMIQUANT_V1,train,4000,pH:6.0,pH:6.0,,,pH,6.0,RHU175_SEMIQUANT_V1_2026-05-03T13-28-39.zip,1,1,0,,208.552795,0.280008,0.226933,217.495193,0.287340,0.204063,191.079193,0.212463,0.301189,44.043201,0.013192,0.695341,16.849600,0.029890,0.733945,17.165600,0.033647,0.758271,18.107201,0.035167,0.762467,16.900000,0.040925,0.810019,21.789600,0.038637,0.839569,32.052799,0.021939,0.888516
D1-P019-S1-L4000,RHU175_SEMIQUANT_V1,train,4000,Blood:Neg,Blood:Neg,,,Blood,Neg,RHU175_SEMIQUANT_V1_2026-05-03T13-28-39.zip,1,1,0,,208.552795,0.280008,0.226933,217.495193,0.287340,0.204063,191.079193,0.212463,0.301189,44.043201,0.013192,0.695341,16.849600,0.029890,0.733945,17.165600,0.033647,0.758271,18.107201,0.035167,0.762467,16.900000,0.040925,0.810019,21.789600,0.038637,0.839569,32.052799,0.021939,0.888516
D1-P019-S1-L4000,RHU175_SEMIQUANT_V1,train,4000,Specific Gravity:1.020,Specific Gravity:1.020,,,Specific Gravity,1.020,RHU175_SEMIQUANT_V1_2026-05-03T13-28-39.zip,1,1,0,,208.552795,0.280008,0.226933,217.495193,0.287340,0.204063,191.079193,0.212463,0.301189,44.043201,0.013192,0.695341,16.849600,0.029890,0.733945,17.165600,0.033647,0.758271,18.107201,0.035167,0.762467,16.900000,0.040925,0.810019,21.789600,0.038637,0.839569,32.052799,0.021939,0.888516
D1-P019-S1-L4000,RHU175_SEMIQUANT_V1,train,4000,Ketone:Neg,Ketone:Neg,,,Ketone,Neg,RHU175_SEMIQUANT_V1_2026-05-03T13-28-39.zip,1,1,0,,208.552795,0.280008,0.226933,217.495193,0.287340,0.204063,191.079193,0.212463,0.301189,44.043201,0.013192,0.695341,16.849600,0.029890,0.733945,17.165600,0.033647,0.758271,18.107201,0.035167,0.762467,16.900000,0.040925,0.810019,21.789600,0.038637,0.839569,32.052799,0.021939,0.888516
D1-P019-S1-L4000,RHU175_SEMIQUANT_V1,train,4000,Bilirubin:Small 17,Bilirubin:Small 17,,,Bilirubin,Small 17,RHU175_SEMIQUANT_V1_2026-05-03T13-28-39.zip,1,1,0,,208.552795,0.280008,0.226933,217.495193,0.287340,0.204063,191.079193,0.212463,0.301189,44.043201,0.013192,0.695341,16.849600,0.029890,0.733945,17.165600,0.033647,0.758271,18.107201,0.035167,0.762467,16.900000,0.040925,0.810019,21.789600,0.038637,0.839569,32.052799,0.021939,0.888516
D1-P019-S1-L4000,RHU175_SEMIQUANT_V1,train,4000,Glucose:Neg,Glucose:Neg,,,Glucose,Neg,RHU175_SEMIQUANT_V1_2026-05-03T13-28-39.zip,1,1,0,,208.552795,0.280008,0.226933,217.495193,0.287340,0.204063,191.079193,0.212463,0.301189,44.043201,0.013192,0.695341,16.849600,0.029890,0.733945,17.165600,0.033647,0.758271,18.107201,0.035167,0.762467,16.900000,0.040925,0.810019,21.789600,0.038637,0.839569,32.052799,0.021939,0.888516
D1-P019-S1-L5500,RHU175_SEMIQUANT_V1,train,5500,Leukocytes:Neg,Leukocytes:Neg,,,Leukocytes,Neg,RHU175_SEMIQUANT_V1_2026-05-03T13-28-39.zip,1,1,0,,220.179199,0.367027,0.225104,218.831207,0.349405,0.250306,208.535995,0.295264,0.312475,62.291199,0.018871,0.765456,17.473600,0.036471,0.803484,15.957600,0.035683,0.833405,16.394400,0.035718,0.840914,25.467199,0.037415,0.893060,16.306400,0.037849,0.921114,17.521601,0.031109,0.982194
D1-P019-S1-L5500,RHU175_SEMIQUANT_V1,train,5500,Nitrite:Neg,Nitrite:Neg,,,Nitrite,Neg,RHU175_SEMIQUANT_V1_2026-05-03T13-28-39.zip,1,1,0,,220.179199,0.367027,0.225104,218.831207,0.349405,0.250306,208.535995,0.295264,0.312475,62.291199,0.018871,0.765456,17.473600,0.036471,0.803484,15.957600,0.035683,0.833405,16.394400,0.035718,0.840914,25.467199,0.037415,0.893060,16.306400,0.037849,0.921114,17.521601,0.031109,0.982194
D1-P019-S1-L5500,RHU175_SEMIQUANT_V1,train,5500,Urobilinogen:16,Urobilinogen:16,,,Urobilinogen,16,RHU175_SEMIQUANT_V1_2026-05-03T13-28-39.zip,1,1,0,,220.179199,0.367027,0.225104,218.831207,0.349405,0.250306,208.535995,0.295264,0.312475,62.291199,0.018871,0.765456,17.473600,0.036471,0.803484,15.957600,0.035683,0.833405,16.394400,0.035718,0.840914,25.467199,0.037415,0.893060,16.306400,0.037849,0.921114,17.521601,0.031109,0.982194
D1-P019-S1-L5500,RHU175_SEMIQUANT_V1,train,5500,Protein:Neg,Protein:Neg,,,Protein,Neg,RHU175_SEMIQUANT_V1_2026-05-03T13-28-39.zip,1,1,0,,220.179199,0.367027,0.225104,218.831207,0.349405,0.250306,208.535995,0.295264,0.312475,62.291199,0.018871,0.765456,17.473600,0.036471,0.803484,15.957600,0.035683,0.833405,16.394400,0.035718,0.840914,25.467199,0.037415,0.893060,16.306400,0.037849,0.921114,17.521601,0.031109,0.982194
D1-P019-S1-L5500,RHU175_SEMIQUANT_V1,train,5500,pH:6.0,pH:6.0,,,pH,6.0,RHU175_SEMIQUANT_V1_2026-05-03T13-28-39.zip,1,1,0,,220.179199,0.367027,0.225104,218.831207,0.349405,0.250306,208.535995,0.295264,0.312475,62.291199,0.018871,0.765456,17.473600,0.036471,0.803484,15.957600,0.035683,0.833405,16.394400,0.035718,0.840914,25.467199,0.037415,0.893060,16.306400,0.037849,0.921114,17.521601,0.031109,0.982194
D1-P019-S1-L5500,RHU175_SEMIQUANT_V1,train,5500,Blood:Neg,Blood:Neg,,,Blood,Neg,RHU175_SEMIQUANT_V1_2026-05-03T13-28-39.zip,1,1,0,,220.179199,0.367027,0.225104,218.831207,0.349405,0.250306,208.535995,0.295264,0.312475,62.291199,0.018871,0.765456,17.473600,0.036471,0.803484,15.957600,0.035683,0.833405,16.394400,0.035718,0.840914,25.467199,0.037415,0.893060,16.306400,0.037849,0.921114,17.521601,0.031109,0.982194
D1-P019-S1-L5500,RHU175_SEMIQUANT_V1,train,5500,Specific Gravity:1.020,Specific Gravity:1.020,,,Specific Gravity,1.020,RHU175_SEMIQUANT_V1_2026-05-03T13-28-39.zip,1,1,0,,220.179199,0.367027,0.225104,218.831207,0.349405,0.250306,208.535995,0.295264,0.312475,62.291199,0.018871,0.765456,17.473600,0.036471,0.803484,15.957600,0.035683,0.833405,16.394400,0.035718,0.840914,25.467199,0.037415,0.893060,16.306400,0.037849,0.921114,17.521601,0.031109,0.982194
D1-P019-S1-L5500,RHU175_SEMIQUANT_V1,train,5500,Ketone:Neg,Ketone:Neg,,,Ketone,Neg,RHU175_SEMIQUANT_V1_2026-05-03T13-28-39.zip,1,1,0,,220.179199,0.367027,0.225104,218.831207,0.349405,0.250306,208.535995,0.295264,0.312475,62.291199,0.018871,0.765456,17.473600,0.036471,0.803484,15.957600,0.035683,0.833405,16.394400,0.035718,0.840914,25.467199,0.037415,0.893060,16.306400,0.037849,0.921114,17.521601,0.031109,0.982194
D1-P019-S1-L5500,RHU175_SEMIQUANT_V1,train,5500,Bilirubin:Small 17,Bilirubin:Small 17,,,Bilirubin,Small 17,RHU175_SEMIQUANT_V1_2026-05-03T13-28-39.zip,1,1,0,,220.179199,0.367027,0.225104,218.831207,0.349405,0.250306,208.535995,0.295264,0.312475,62.291199,0.018871,0.765456,17.473600,0.036471,0.803484,15.957600,0.035683,0.833405,16.394400,0.035718,0.840914,25.467199,0.037415,0.893060,16.306400,0.037849,0.921114,17.521601,0.031109,0.982194
D1-P019-S1-L5500,RHU175_SEMIQUANT_V1,train,5500,Glucose:Neg,Glucose:Neg,,,Glucose,Neg,RHU175_SEMIQUANT_V1_2026-05-03T13-28-39.zip,1,1,0,,220.179199,0.367027,0.225104,218.831207,0.349405,0.250306,208.535995,0.295264,0.312475,62.291199,0.018871,0.765456,17.473600,0.036471,0.803484,15.957600,0.035683,0.833405,16.394400,0.035718,0.840914,25.467199,0.037415,0.893060,16.306400,0.037849,0.921114,17.521601,0.031109,0.982194
D1-P020-S1-L2700,RHU175_SEMIQUANT_V1,val,2700,Leukocytes:Neg,Leukocytes:Neg,,,Leukocytes,Neg,RHU175_SEMIQUANT_V1_2026-05-03T13-28-39.zip,1,1,0,,28.812799,0.741896,0.280933,32.359200,0.702056,0.309191,140.457596,0.035015,0.862195,198.899200,0.059776,0.920276,201.874405,0.084491,0.973114,197.809601,0.085247,0.982132,182.369598,0.061896,0.999699,166.628799,0.027611,0.999989,29.087999,0.000996,1.000000,0.000000,0.000000,0.000000
D1-P020-S1-L2700,RHU175_SEMIQUANT_V1,val,2700,Nitrite:Neg,Nitrite:Neg,,,Nitrite,Neg,RHU175_SEMIQUANT_V1_2026-05-03T13-28-39.zip,1,1,0,,28.812799,0.741896,0.280933,32.359200,0.702056,0.309191,140.457596,0.035015,0.862195,198.899200,0.059776,0.920276,201.874405,0.084491,0.973114,197.809601,0.085247,0.982132,182.369598,0.061896,0.999699,166.628799,0.027611,0.999989,29.087999,0.000996,1.000000,0.000000,0.000000,0.000000
D1-P020-S1-L2700,RHU175_SEMIQUANT_V1,val,2700,Urobilinogen:16,Urobilinogen:16,,,Urobilinogen,16,RHU175_SEMIQUANT_V1_2026-05-03T13-28-39.zip,1,1,0,,28.812799,0.741896,0.280933,32.359200,0.702056,0.309191,140.457596,0.035015,0.862195,198.899200,0.059776,0.920276,201.874405,0.084491,0.973114,197.809601,0.085247,0.982132,182.369598,0.061896,0.999699,166.628799,0.027611,0.999989,29.087999,0.000996,1.000000,0.000000,0.000000,0.000000
D1-P020-S1-L2700,RHU175_SEMIQUANT_V1,val,2700,Protein:Neg,Protein:Neg,,,Protein,Neg,RHU175_SEMIQUANT_V1_2026-05-03T13-28-39.zip,1,1,0,,28.812799,0.741896,0.280933,32.359200,0.702056,0.309191,140.457596,0.035015,0.862195,198.899200,0.059776,0.920276,201.874405,0.084491,0.973114,197.809601,0.085247,0.982132,182.369598,0.061896,0.999699,166.628799,0.027611,0.999989,29.087999,0.000996,1.000000,0.000000,0.000000,0.000000
D1-P020-S1-L2700,RHU175_SEMIQUANT_V1,val,2700,pH:6.0,pH:6.0,,,pH,6.0,RHU175_SEMIQUANT_V1_2026-05-03T13-28-39.zip,1,1,0,,28.812799,0.741896,0.280933,32.359200,0.702056,0.309191,140.457596,0.035015,0.862195,198.899200,0.059776,0.920276,201.874405,0.084491,0.973114,197.809601,0.085247,0.982132,182.369598,0.061896,0.999699,166.628799,0.027611,0.999989,29.087999,0.000996,1.000000,0.000000,0.000000,0.000000
D1-P020-S1-L2700,RHU175_SEMIQUANT_V1,val,2700,Blood:Neg,Blood:Neg,,,Blood,Neg,RHU175_SEMIQUANT_V1_2026-05-03T13-28-39.zip,1,1,0,,28.812799,0.741896,0.280933,32.359200,0.702056,0.309191,140.457596,0.035015,0.862195,198.899200,0.059776,0.920276,201.874405,0.084491,0.973114,197.809601,0.085247,0.982132,182.369598,0.061896,0.999699,166.628799,0.027611,0.999989,29.087999,0.000996,1.000000,0.000000,0.000000,0.000000
D1-P020-S1-L2700,RHU175_SEMIQUANT_V1,val,2700,Specific Gravity:1.015,Specific Gravity:1.015,,,Specific Gravity,1.015,RHU175_SEMIQUANT_V1_2026-05-03T13-28-39.zip,1,1,0,,28.812799,0.741896,0.280933,32.359200,0.702056,0.309191,140.457596,0.035015,0.862195,198.899200,0.059776,0.920276,201.874405,0.084491,0.973114,197.809601,0.085247,0.982132,182.369598,0.061896,0.999699,166.628799,0.027611,0.999989,29.087999,0.000996,1.000000,0.000000,0.000000,0.000000
D1-P020-S1-L2700,RHU175_SEMIQUANT_V1,val,2700,Ketone:Neg,Ketone:Neg,,,Ketone,Neg,RHU175_SEMIQUANT_V1_2026-05-03T13-28-39.zip,1,1,0,,28.812799,0.741896,0.280933,32.359200,0.702056,0.309191,140.457596,0.035015,0.862195,198.899200,0.059776,0.920276,201.874405,0.084491,0.973114,197.809601,0.085247,0.982132,182.369598,0.061896,0.999699,166.628799,0.027611,0.999989,29.087999,0.000996,1.000000,0.000000,0.000000,0.000000
D1-P020-S1-L2700,RHU175_SEMIQUANT_V1,val,2700,Bilirubin:Small 17,Bilirubin:Small 17,,,Bilirubin,Small 17,RHU175_SEMIQUANT_V1_2026-05-03T13-28-39.zip,1,1,0,,28.812799,0.741896,0.280933,32.359200,0.702056,0.309191,140.457596,0.035015,0.862195,198.899200,0.059776,0.920276,201.874405,0.084491,0.973114,197.809601,0.085247,0.982132,182.369598,0.061896,0.999699,166.628799,0.027611,0.999989,29.087999,0.000996,1.000000,0.000000,0.000000,0.000000
D1-P020-S1-L2700,RHU175_SEMIQUANT_V1,val,2700,Glucose:Neg,Glucose:Neg,,,Glucose,Neg,RHU175_SEMIQUANT_V1_2026-05-03T13-28-39.zip,1,1,0,,28.812799,0.741896,0.280933,32.359200,0.702056,0.309191,140.457596,0.035015,0.862195,198.899200,0.059776,0.920276,201.874405,0.084491,0.973114,197.809601,0.085247,0.982132,182.369598,0.061896,0.999699,166.628799,0.027611,0.999989,29.087999,0.000996,1.000000,0.000000,0.000000,0.000000
D1-P020-S1-L4000,RHU175_SEMIQUANT_V1,val,4000,Leukocytes:Neg,Leukocytes:Neg,,,Leukocytes,Neg,RHU175_SEMIQUANT_V1_2026-05-03T13-28-39.zip,1,1,0,,151.199997,0.006640,0.659694,97.620003,0.005686,0.663412,146.600006,0.009075,0.658886,120.688004,0.006202,0.658598,46.287998,0.002499,0.665507,48.896000,0.002314,0.662791,49.563999,0.003537,0.664078,32.063999,0.003449,0.665194,8.088000,0.001093,0.668478,61.388000,0.005929,0.665818
D1-P020-S1-L4000,RHU175_SEMIQUANT_V1,val,4000,Nitrite:Neg,Nitrite:Neg,,,Nitrite,Neg,RHU175_SEMIQUANT_V1_2026-05-03T13-28-39.zip,1,1,0,,151.199997,0.006640,0.659694,97.620003,0.005686,0.663412,146.600006,0.009075,0.658886,120.688004,0.006202,0.658598,46.287998,0.002499,0.665507,48.896000,0.002314,0.662791,49.563999,0.003537,0.664078,32.063999,0.003449,0.665194,8.088000,0.001093,0.668478,61.388000,0.005929,0.665818
D1-P020-S1-L4000,RHU175_SEMIQUANT_V1,val,4000,Urobilinogen:16,Urobilinogen:16,,,Urobilinogen,16,RHU175_SEMIQUANT_V1_2026-05-03T13-28-39.zip,1,1,0,,151.199997,0.006640,0.659694,97.620003,0.005686,0.663412,146.600006,0.009075,0.658886,120.688004,0.006202,0.658598,46.287998,0.002499,0.665507,48.896000,0.002314,0.662791,49.563999,0.003537,0.664078,32.063999,0.003449,0.665194,8.088000,0.001093,0.668478,61.388000,0.005929,0.665818
D1-P020-S1-L4000,RHU175_SEMIQUANT_V1,val,4000,Protein:Neg,Protein:Neg,,,Protein,Neg,RHU175_SEMIQUANT_V1_2026-05-03T13-28-39.zip,1,1,0,,151.199997,0.006640,0.659694,97.620003,0.005686,0.663412,146.600006,0.009075,0.658886,120.688004,0.006202,0.658598,46.287998,0.002499,0.665507,48.896000,0.002314,0.662791,49.563999,0.003537,0.664078,32.063999,0.003449,0.665194,8.088000,0.001093,0.668478,61.388000,0.005929,0.665818
D1-P020-S1-L4000,RHU175_SEMIQUANT_V1,val,4000,pH:6.0,pH:6.0,,,pH,6.0,RHU175_SEMIQUANT_V1_2026-05-03T13-28-39.zip,1,1,0,,151.199997,0.006640,0.659694,97.620003,0.005686,0.663412,146.600006,0.009075,0.658886,120.688004,0.006202,0.658598,46.287998,0.002499,0.665507,48.896000,0.002314,0.662791,49.563999,0.003537,0.664078,32.063999,0.003449,0.665194,8.088000,0.001093,0.668478,61.388000,0.005929,0.665818
D1-P020-S1-L4000,RHU175_SEMIQUANT_V1,val,4000,Blood:Neg,Blood:Neg,,,Blood,Neg,RHU175_SEMIQUANT_V1_2026-05-03T13-28-39.zip,1,1,0,,151.199997,0.006640,0.659694,97.620003,0.005686,0.663412,146.600006,0.009075,0.658886,120.688004,0.006202,0.658598,46.287998,0.002499,0.665507,48.896000,0.002314,0.662791,49.563999,0.003537,0.664078,32.063999,0.003449,0.665194,8.088000,0.001093,0.668478,61.388000,0.005929,0.665818
D1-P020-S1-L4000,RHU175_SEMIQUANT_V1,val,4000,Specific Gravity:1.015,Specific Gravity:1.015,,,Specific Gravity,1.015,RHU175_SEMIQUANT_V1_2026-05-03T13-28-39.zip,1,1,0,,151.199997,0.006640,0.659694,97.620003,0.005686,0.663412,146.600006,0.009075,0.658886,120.688004,0.006202,0.658598,46.287998,0.002499,0.665507,48.896000,0.002314,0.662791,49.563999,0.003537,0.664078,32.063999,0.003449,0.665194,8.088000,0.001093,0.668478,61.388000,0.005929,0.665818
D1-P020-S1-L4000,RHU175_SEMIQUANT_V1,val,4000,Ketone:Neg,Ketone:Neg,,,Ketone,Neg,RHU175_SEMIQUANT_V1_2026-05-03T13-28-39.zip,1,1,0,,151.199997,0.006640,0.659694,97.620003,0.005686,0.663412,146.600006,0.009075,0.658886,120.688004,0.006202,0.658598,46.287998,0.002499,0.665507,48.896000,0.002314,0.662791,49.563999,0.003537,0.664078,32.063999,0.003449,0.665194,8.088000,0.001093,0.668478,61.388000,0.005929,0.665818
D1-P020-S1-L4000,RHU175_SEMIQUANT_V1,val,4000,Bilirubin:Small 17,Bilirubin:Small 17,,,Bilirubin,Small 17,RHU175_SEMIQUANT_V1_2026-05-03T13-28-39.zip,1,1,0,,151.199997,0.006640,0.659694,97.620003,0.005686,0.663412,146.600006,0.009075,0.658886,120.688004,0.006202,0.658598,46.287998,0.002499,0.665507,48.896000,0.002314,0.662791,49.563999,0.003537,0.664078,32.063999,0.003449,0.665194,8.088000,0.001093,0.668478,61.388000,0.005929,0.665818
D1-P020-S1-L4000,RHU175_SEMIQUANT_V1,val,4000,Glucose:Neg,Glucose:Neg,,,Glucose,Neg,RHU175_SEMIQUANT_V1_2026-05-03T13-28-39.zip,1,1,0,,151.199997,0.006640,0.659694,97.620003,0.005686,0.663412,146.600006,0.009075,0.658886,120.688004,0.006202,0.658598,46.287998,0.002499,0.665507,48.896000,0.002314,0.662791,49.563999,0.003537,0.664078,32.063999,0.003449,0.665194,8.088000,0.001093,0.668478,61.388000,0.005929,0.665818
D1-P020-S1-L5500,RHU175_SEMIQUANT_V1,val,5500,Leukocytes:Neg,Leukocytes:Neg,,,Leukocytes,Neg,RHU175_SEMIQUANT_V1_2026-05-03T13-28-39.zip,1,1,0,,219.993607,0.386151,0.216554,218.698395,0.362158,0.244318,206.680801,0.303078,0.314071,37.820801,0.020921,0.779015,16.982401,0.031382,0.823045,15.720000,0.041820,0.854770,20.296801,0.043937,0.858196,15.865600,0.041363,0.907299,20.780001,0.042580,0.935189,19.854401,0.029282,0.974424
D1-P020-S1-L5500,RHU175_SEMIQUANT_V1,val,5500,Nitrite:Neg,Nitrite:Neg,,,Nitrite,Neg,RHU175_SEMIQUANT_V1_2026-05-03T13-28-39.zip,1,1,0,,219.993607,0.386151,0.216554,218.698395,0.362158,0.244318,206.680801,0.303078,0.314071,37.820801,0.020921,0.779015,16.982401,0.031382,0.823045,15.720000,0.041820,0.854770,20.296801,0.043937,0.858196,15.865600,0.041363,0.907299,20.780001,0.042580,0.935189,19.854401,0.029282,0.974424
D1-P020-S1-L5500,RHU175_SEMIQUANT_V1,val,5500,Urobilinogen:16,Urobilinogen:16,,,Urobilinogen,16,RHU175_SEMIQUANT_V1_2026-05-03T13-28-39.zip,1,1,0,,219.993607,0.386151,0.216554,218.698395,0.362158,0.244318,206.680801,0.303078,0.314071,37.820801,0.020921,0.779015,16.982401,0.031382,0.823045,15.720000,0.041820,0.854770,20.296801,0.043937,0.858196,15.865600,0.041363,0.907299,20.780001,0.042580,0.935189,19.854401,0.029282,0.974424
D1-P020-S1-L5500,RHU175_SEMIQUANT_V1,val,5500,Protein:Neg,Protein:Neg,,,Protein,Neg,RHU175_SEMIQUANT_V1_2026-05-03T13-28-39.zip,1,1,0,,219.993607,0.386151,0.216554,218.698395,0.362158,0.244318,206.680801,0.303078,0.314071,37.820801,0.020921,0.779015,16.982401,0.031382,0.823045,15.720000,0.041820,0.854770,20.296801,0.043937,0.858196,15.865600,0.041363,0.907299,20.780001,0.042580,0.935189,19.854401,0.029282,0.974424
D1-P020-S1-L5500,RHU175_SEMIQUANT_V1,val,5500,pH:6.0,pH:6.0,,,pH,6.0,RHU175_SEMIQUANT_V1_2026-05-03T13-28-39.zip,1,1,0,,219.993607,0.386151,0.216554,218.698395,0.362158,0.244318,206.680801,0.303078,0.314071,37.820801,0.020921,0.779015,16.982401,0.031382,0.823045,15.720000,0.041820,0.854770,20.296801,0.043937,0.858196,15.865600,0.041363,0.907299,20.780001,0.042580,0.935189,19.854401,0.029282,0.974424
D1-P020-S1-L5500,RHU175_SEMIQUANT_V1,val,5500,Blood:Neg,Blood:Neg,,,Blood,Neg,RHU175_SEMIQUANT_V1_2026-05-03T13-28-39.zip,1,1,0,,219.993607,0.386151,0.216554,218.698395,0.362158,0.244318,206.680801,0.303078,0.314071,37.820801,0.020921,0.779015,16.982401,0.031382,0.823045,15.720000,0.041820,0.854770,20.296801,0.043937,0.858196,15.865600,0.041363,0.907299,20.780001,0.042580,0.935189,19.854401,0.029282,0.974424
D1-P020-S1-L5500,RHU175_SEMIQUANT_V1,val,5500,Specific Gravity:1.015,Specific Gravity:1.015,,,Specific Gravity,1.015,RHU175_SEMIQUANT_V1_2026-05-03T13-28-39.zip,1,1,0,,219.993607,0.386151,0.216554,218.698395,0.362158,0.244318,206.680801,0.303078,0.314071,37.820801,0.020921,0.779015,16.982401,0.031382,0.823045,15.720000,0.041820,0.854770,20.296801,0.043937,0.858196,15.865600,0.041363,0.907299,20.780001,0.042580,0.935189,19.854401,0.029282,0.974424
D1-P020-S1-L5500,RHU175_SEMIQUANT_V1,val,5500,Ketone:Neg,Ketone:Neg,,,Ketone,Neg,RHU175_SEMIQUANT_V1_2026-05-03T13-28-39.zip,1,1,0,,219.993607,0.386151,0.216554,218.698395,0.362158,0.244318,206.680801,0.303078,0.314071,37.820801,0.020921,0.779015,16.982401,0.031382,0.823045,15.720000,0.041820,0.854770,20.296801,0.043937,0.858196,15.865600,0.041363,0.907299,20.780001,0.042580,0.935189,19.854401,0.029282,0.974424
D1-P020-S1-L5500,RHU175_SEMIQUANT_V1,val,5500,Bilirubin:Small 17,Bilirubin:Small 17,,,Bilirubin,Small 17,RHU175_SEMIQUANT_V1_2026-05-03T13-28-39.zip,1,1,0,,219.993607,0.386151,0.216554,218.698395,0.362158,0.244318,206.680801,0.303078,0.314071,37.820801,0.020921,0.779015,16.982401,0.031382,0.823045,15.720000,0.041820,0.854770,20.296801,0.043937,0.858196,15.865600,0.041363,0.907299,20.780001,0.042580,0.935189,19.854401,0.029282,0.974424
D1-P020-S1-L5500,RHU175_SEMIQUANT_V1,val,5500,Glucose:Neg,Glucose:Neg,,,Glucose,Neg,RHU175_SEMIQUANT_V1_2026-05-03T13-28-39.zip,1,1,0,,219.993607,0.386151,0.216554,218.698395,0.362158,0.244318,206.680801,0.303078,0.314071,37.820801,0.020921,0.779015,16.982401,0.031382,0.823045,15.720000,0.041820,0.854770,20.296801,0.043937,0.858196,15.865600,0.041363,0.907299,20.780001,0.042580,0.935189,19.854401,0.029282,0.974424
D1-P021-S1-L4000,RHU175_SEMIQUANT_V1,train,4000,Leukocytes:Neg,Leukocytes:Neg,,,Leukocytes,Neg,RHU175_SEMIQUANT_V1_2026-05-03T13-28-39.zip,1,1,0,,218.030396,0.199815,0.222758,226.472000,0.200238,0.191195,214.608002,0.158024,0.251233,13.618400,0.001098,0.672803,118.976799,0.016042,0.706682,73.874397,0.014047,0.724541,50.667198,0.018085,0.735818,67.820000,0.025013,0.783554,39.315201,0.020712,0.802403,47.771198,0.003735,0.855496
D1-P021-S1-L4000,RHU175_SEMIQUANT_V1,train,4000,Nitrite:Neg,Nitrite:Neg,,,Nitrite,Neg,RHU175_SEMIQUANT_V1_2026-05-03T13-28-39.zip,1,1,0,,218.030396,0.199815,0.222758,226.472000,0.200238,0.191195,214.608002,0.158024,0.251233,13.618400,0.001098,0.672803,118.976799,0.016042,0.706682,73.874397,0.014047,0.724541,50.667198,0.018085,0.735818,67.820000,0.025013,0.783554,39.315201,0.020712,0.802403,47.771198,0.003735,0.855496
D1-P021-S1-L4000,RHU175_SEMIQUANT_V1,train,4000,Urobilinogen:16,Urobilinogen:16,,,Urobilinogen,16,RHU175_SEMIQUANT_V1_2026-05-03T13-28-39.zip,1,1,0,,218.030396,0.199815,0.222758,226.472000,0.200238,0.191195,214.608002,0.158024,0.251233,13.618400,0.001098,0.672803,118.976799,0.016042,0.706682,73.874397,0.014047,0.724541,50.667198,0.018085,0.735818,67.820000,0.025013,0.783554,39.315201,0.020712,0.802403,47.771198,0.003735,0.855496
D1-P021-S1-L4000,RHU175_SEMIQUANT_V1,train,4000,Protein:Neg,Protein:Neg,,,Protein,Neg,RHU175_SEMIQUANT_V1_2026-05-03T13-28-39.zip,1,1,0,,218.030396,0.199815,0.222758,226.472000,0.200238,0.191195,214.608002,0.158024,0.251233,13.618400,0.001098,0.672803,118.976799,0.016042,0.706682,73.874397,0.014047,0.724541,50.667198,0.018085,0.735818,67.820000,0.025013,0.783554,39.315201,0.020712,0.802403,47.771198,0.003735,0.855496
D1-P021-S1-L4000,RHU175_SEMIQUANT_V1,train,4000,pH:6.0,pH:6.0,,,pH,6.0,RHU175_SEMIQUANT_V1_2026-05-03T13-28-39.zip,1,1,0,,218.030396,0.199815,0.222758,226.472000,0.200238,0.191195,214.608002,0.158024,0.251233,13.618400,0.001098,0.672803,118.976799,0.016042,0.706682,73.874397,0.014047,0.724541,50.667198,0.018085,0.735818,67.820000,0.025013,0.783554,39.315201,0.020712,0.802403,47.771198,0.003735,0.855496
D1-P021-S1-L4000,RHU175_SEMIQUANT_V1,train,4000,Blood:Neg,Blood:Neg,,,Blood,Neg,RHU175_SEMIQUANT_V1_2026-05-03T13-28-39.zip,1,1,0,,218.030396,0.199815,0.222758,226.472000,0.200238,0.191195,214.608002,0.158024,0.251233,13.618400,0.001098,0.672803,118.976799,0.016042,0.706682,73.874397,0.014047,0.724541,50.667198,0.018085,0.735818,67.820000,0.025013,0.783554,39.315201,0.020712,0.802403,47.771198,0.003735,0.855496
D1-P021-S1-L4000,RHU175_SEMIQUANT_V1,train,4000,Specific Gravity:1.010,Specific Gravity:1.010,,,Specific Gravity,1.010,RHU175_SEMIQUANT_V1_2026-05-03T13-28-39.zip,1,1,0,,218.030396,0.199815,0.222758,226.472000,0.200238,0.191195,214.608002,0.158024,0.251233,13.618400,0.001098,0.672803,118.976799,0.016042,0.706682,73.874397,0.014047,0.724541,50.667198,0.018085,0.735818,67.820000,0.025013,0.783554,39.315201,0.020712,0.802403,47.771198,0.003735,0.855496
D1-P021-S1-L4000,RHU175_SEMIQUANT_V1,train,4000,Ketone:Neg,Ketone:Neg,,,Ketone,Neg,RHU175_SEMIQUANT_V1_2026-05-03T13-28-39.zip,1,1,0,,218.030396,0.199815,0.222758,226.472000,0.200238,0.191195,214.608002,0.158024,0.251233,13.618400,0.001098,0.672803,118.976799,0.016042,0.706682,73.874397,0.014047,0.724541,50.667198,0.018085,0.735818,67.820000,0.025013,0.783554,39.315201,0.020712,0.802403,47.771198,0.003735,0.855496
D1-P021-S1-L4000,RHU175_SEMIQUANT_V1,train,4000,Bilirubin:Neg,Bilirubin:Neg,,,Bilirubin,Neg,RHU175_SEMIQUANT_V1_2026-05-03T13-28-39.zip,1,1,0,,218.030396,0.199815,0.222758,226.472000,0.200238,0.191195,214.608002,0.158024,0.251233,13.618400,0.001098,0.672803,118.976799,0.016042,0.706682,73.874397,0.014047,0.724541,50.667198,0.018085,0.735818,67.820000,0.025013,0.783554,39.315201,0.020712,0.802403,47.771198,0.003735,0.855496
D1-P021-S1-L4000,RHU175_SEMIQUANT_V1,train,4000,Glucose:Neg,Glucose:Neg,,,Glucose,Neg,RHU175_SEMIQUANT_V1_2026-05-03T13-28-39.zip,1,1,0,,218.030396,0.199815,0.222758,226.472000,0.200238,0.191195,214.608002,0.158024,0.251233,13.618400,0.001098,0.672803,118.976799,0.016042,0.706682,73.874397,0.014047,0.724541,50.667198,0.018085,0.735818,67.820000,0.025013,0.783554,39.315201,0.020712,0.802403,47.771198,0.003735,0.855496
D1-P021-S1-L5500,RHU175_SEMIQUANT_V1,train,5500,Leukocytes:Neg,Leukocytes:Neg,,,Leukocytes,Neg,RHU175_SEMIQUANT_V1_2026-05-03T13-28-39.zip,1,1,0,,209.627197,0.255271,0.230424,220.965607,0.269423,0.200187,194.511993,0.219824,0.302726,44.375198,0.013551,0.712985,35.613602,0.025945,0.755442,34.283199,0.029330,0.782715,23.342400,0.029936,0.792687,28.351200,0.031984,0.839187,33.226398,0.032223,0.862558,53.283199,0.022838,0.903892
D1-P021-S1-L5500,RHU175_SEMIQUANT_V1,train,5500,Nitrite:Neg,Nitrite:Neg,,,Nitrite,Neg,RHU175_SEMIQUANT_V1_2026-05-03T13-28-39.zip,1,1,0,,209.627197,0.255271,0.230424,220.965607,0.269423,0.200187,194.511993,0.219824,0.302726,44.375198,0.013551,0.712985,35.613602,0.025945,0.755442,34.283199,0.029330,0.782715,23.342400,0.029936,0.792687,28.351200,0.031984,0.839187,33.226398,0.032223,0.862558,53.283199,0.022838,0.903892
D1-P021-S1-L5500,RHU175_SEMIQUANT_V1,train,5500,Urobilinogen:16,Urobilinogen:16,,,Urobilinogen,16,RHU175_SEMIQUANT_V1_2026-05-03T13-28-39.zip,1,1,0,,209.627197,0.255271,0.230424,220.965607,0.269423,0.200187,194.511993,0.219824,0.302726,44.375198,0.013551,0.712985,35.613602,0.025945,0.755442,34.283199,0.029330,0.782715,23.342400,0.029936,0.792687,28.351200,0.031984,0.839187,33.226398,0.032223,0.862558,53.283199,0.022838,0.903892
D1-P021-S1-L5500,RHU175_SEMIQUANT_V1,train,5500,Protein:Neg,Protein:Neg,,,Protein,Neg,RHU175_SEMIQUANT_V1_2026-05-03T13-28-39.zip,1,1,0,,209.627197,0.255271,0.230424,220.965607,0.269423,0.200187,194.511993,0.219824,0.302726,44.375198,0.013551,0.712985,35.613602,0.025945,0.755442,34.283199,0.029330,0.782715,23.342400,0.029936,0.792687,28.351200,0.031984,0.839187,33.226398,0.032223,0.862558,53.283199,0.022838,0.903892
D1-P021-S1-L5500,RHU175_SEMIQUANT_V1,train,5500,pH:6.0,pH:6.0,,,pH,6.0,RHU175_SEMIQUANT_V1_2026-05-03T13-28-39.zip,1,1,0,,209.627197,0.255271,0.230424,220.965607,0.269423,0.200187,194.511993,0.219824,0.302726,44.375198,0.013551,0.712985,35.613602,0.025945,0.755442,34.283199,0.029330,0.782715,23.342400,0.029936,0.792687,28.351200,0.031984,0.839187,33.226398,0.032223,0.862558,53.283199,0.022838,0.903892
D1-P021-S1-L5500,RHU175_SEMIQUANT_V1,train,5500,Blood:Neg,Blood:Neg,,,Blood,Neg,RHU175_SEMIQUANT_V1_2026-05-03T13-28-39.zip,1,1,0,,209.627197,0.255271,0.230424,220.965607,0.269423,0.200187,194.511993,0.219824,0.302726,44.375198,0.013551,0.712985,35.613602,0.025945,0.755442,34.283199,0.029330,0.782715,23.342400,0.029936,0.792687,28.351200,0.031984,0.839187,33.226398,0.032223,0.862558,53.283199,0.022838,0.903892
D1-P021-S1-L5500,RHU175_SEMIQUANT_V1,train,5500,Specific Gravity:1.010,Specific Gravity:1.010,,,Specific Gravity,1.010,RHU175_SEMIQUANT_V1_2026-05-03T13-28-39.zip,1,1,0,,209.627197,0.255271,0.230424,220.965607,0.269423,0.200187,194.511993,0.219824,0.302726,44.375198,0.013551,0.712985,35.613602,0.025945,0.755442,34.283199,0.029330,0.782715,23.342400,0.029936,0.792687,28.351200,0.031984,0.839187,33.226398,0.032223,0.862558,53.283199,0.022838,0.903892
D1-P021-S1-L5500,RHU175_SEMIQUANT_V1,train,5500,Ketone:Neg,Ketone:Neg,,,Ketone,Neg,RHU175_SEMIQUANT_V1_2026-05-03T13-28-39.zip,1,1,0,,209.627197,0.255271,0.230424,220.965607,0.269423,0.200187,194.511993,0.219824,0.302726,44.375198,0.013551,0.712985,35.613602,0.025945,0.755442,34.283199,0.029330,0.782715,23.342400,0.029936,0.792687,28.351200,0.031984,0.839187,33.226398,0.032223,0.862558,53.283199,0.022838,0.903892
D1-P021-S1-L5500,RHU175_SEMIQUANT_V1,train,5500,Bilirubin:Neg,Bilirubin:Neg,,,Bilirubin,Neg,RHU175_SEMIQUANT_V1_2026-05-03T13-28-39.zip,1,1,0,,209.627197,0.255271,0.230424,220.965607,0.269423,0.200187,194.511993,0.219824,0.302726,44.375198,0.013551,0.712985,35.613602,0.025945,0.755442,34.283199,0.029330,0.782715,23.342400,0.029936,0.792687,28.351200,0.031984,0.839187,33.226398,0.032223,0.862558,53.283199,0.022838,0.903892
D1-P021-S1-L5500,RHU175_SEMIQUANT_V1,train,5500,Glucose:Neg,Glucose:Neg,,,Glucose,Neg,RHU175_SEMIQUANT_V1_2026-05-03T13-28-39.zip,1,1,0,,209.627197,0.255271,0.230424,220.965607,0.269423,0.200187,194.511993,0.219824,0.302726,44.375198,0.013551,0.712985,35.613602,0.025945,0.755442,34.283199,0.029330,0.782715,23.342400,0.029936,0.792687,28.351200,0.031984,0.839187,33.226398,0.032223,0.862558,53.283199,0.022838,0.903892
D1-P022-S1-L2700,RHU175_SEMIQUANT_V1,train,2700,Leukocytes:Neg,Leukocytes:Neg,,,Leukocytes,Neg,RHU175_SEMIQUANT_V1_2026-05-03T13-28-39.zip,1,1,0,,31.886400,0.687879,0.329854,30.680000,0.641098,0.365936,183.198395,0.026311,0.921827,212.101593,0.060866,0.990088,188.580002,0.048467,0.999943,182.642395,0.040088,0.999355,45.325600,0.002292,1.000000,21.600000,0.000673,1.000000,13.316800,0.002190,0.766003,0.000000,0.000000,0.000000
D1-P022-S1-L2700,RHU175_SEMIQUANT_V1,train,2700,Nitrite:Neg,Nitrite:Neg,,,Nitrite,Neg,RHU175_SEMIQUANT_V1_2026-05-03T13-28-39.zip,1,1,0,,31.886400,0.687879,0.329854,30.680000,0.641098,0.365936,183.198395,0.026311,0.921827,212.101593,0.060866,0.990088,188.580002,0.048467,0.999943,182.642395,0.040088,0.999355,45.325600,0.002292,1.000000,21.600000,0.000673,1.000000,13.316800,0.002190,0.766003,0.000000,0.000000,0.000000
D1-P022-S1-L2700,RHU175_SEMIQUANT_V1,train,2700,Urobilinogen:16,Urobilinogen:16,,,Urobilinogen,16,RHU175_SEMIQUANT_V1_2026-05-03T13-28-39.zip,1,1,0,,31.886400,0.687879,0.329854,30.680000,0.641098,0.365936,183.198395,0.026311,0.921827,212.101593,0.060866,0.990088,188.580002,0.048467,0.999943,182.642395,0.040088,0.999355,45.325600,0.002292,1.000000,21.600000,0.000673,1.000000,13.316800,0.002190,0.766003,0.000000,0.000000,0.000000
D1-P022-S1-L2700,RHU175_SEMIQUANT_V1,train,2700,Protein:Neg,Protein:Neg,,,Protein,Neg,RHU175_SEMIQUANT_V1_2026-05-03T13-28-39.zip,1,1,0,,31.886400,0.687879,0.329854,30.680000,0.641098,0.365936,183.198395,0.026311,0.921827,212.101593,0.060866,0.990088,188.580002,0.048467,0.999943,182.642395,0.040088,0.999355,45.325600,0.002292,1.000000,21.600000,0.000673,1.000000,13.316800,0.002190,0.766003,0.000000,0.000000,0.000000
D1-P022-S1-L2700,RHU175_SEMIQUANT_V1,train,2700,pH:5.0,pH:5.0,,,pH,5.0,RHU175_SEMIQUANT_V1_2026-05-03T13-28-39.zip,1,1,0,,31.886400,0.687879,0.329854,30.680000,0.641098,0.365936,183.198395,0.026311,0.921827,212.101593,0.060866,0.990088,188.580002,0.048467,0.999943,182.642395,0.040088,0.999355,45.325600,0.002292,1.000000,21.600000,0.000673,1.000000,13.316800,0.002190,0.766003,0.000000,0.000000,0.000000
D1-P022-S1-L2700,RHU175_SEMIQUANT_V1,train,2700,Blood:Neg,Blood:Neg,,,Blood,Neg,RHU175_SEMIQUANT_V1_2026-05-03T13-28-39.zip,1,1,0,,31.886400,0.687879,0.329854,30.680000,0.641098,0.365936,183.198395,0.026311,0.921827,212.101593,0.060866,0.990088,188.580002,0.048467,0.999943,182.642395,0.040088,0.999355,45.325600,0.002292,1.000000,21.600000,0.000673,1.000000,13.316800,0.002190,0.766003,0.000000,0.000000,0.000000
D1-P022-S1-L2700,RHU175_SEMIQUANT_V1,train,2700,Specific Gravity:1.010,Specific Gravity:1.010,,,Specific Gravity,1.010,RHU175_SEMIQUANT_V1_2026-05-03T13-28-39.zip,1,1,0,,31.886400,0.687879,0.329854,30.680000,0.641098,0.365936,183.198395,0.026311,0.921827,212.101593,0.060866,0.990088,188.580002,0.048467,0.999943,182.642395,0.040088,0.999355,45.325600,0.002292,1.000000,21.600000,0.000673,1.000000,13.316800,0.002190,0.766003,0.000000,0.000000,0.000000
D1-P022-S1-L2700,RHU175_SEMIQUANT_V1,train,2700,Ketone:Neg,Ketone:Neg,,,Ketone,Neg,RHU175_SEMIQUANT_V1_2026-05-03T13-28-39.zip,1,1,0,,31.886400,0.687879,0.329854,30.680000,0.641098,0.365936,183.198395,0.026311,0.921827,212.101593,0.060866,0.990088,188.580002,0.048467,0.999943,182.642395,0.040088,0.999355,45.325600,0.002292,1.000000,21.600000,0.000673,1.000000,13.316800,0.002190,0.766003,0.000000,0.000000,0.000000
D1-P022-S1-L2700,RHU175_SEMIQUANT_V1,train,2700,Bilirubin:Small 17,Bilirubin:Small 17,,,Bilirubin,Small 17,RHU175_SEMIQUANT_V1_2026-05-03T13-28-39.zip,1,1,0,,31.886400,0.687879,0.329854,30.680000,0.641098,0.365936,183.198395,0.026311,0.921827,212.101593,0.060866,0.990088,188.580002,0.048467,0.999943,182.642395,0.040088,0.999355,45.325600,0.002292,1.000000,21.600000,0.000673,1.000000,13.316800,0.002190,0.766003,0.000000,0.000000,0.000000
D1-P022-S1-L2700,RHU175_SEMIQUANT_V1,train,2700,Glucose:Neg,Glucose:Neg,,,Glucose,Neg,RHU175_SEMIQUANT_V1_2026-05-03T13-28-39.zip,1,1,0,,31.886400,0.687879,0.329854,30.680000,0.641098,0.365936,183.198395,0.026311,0.921827,212.101593,0.060866,0.990088,188.580002,0.048467,0.999943,182.642395,0.040088,0.999355,45.325600,0.002292,1.000000,21.600000,0.000673,1.000000,13.316800,0.002190,0.766003,0.000000,0.000000,0.000000
D1-P022-S1-L4000,RHU175_SEMIQUANT_V1,train,4000,Leukocytes:Neg,Leukocytes:Neg,,,Leukocytes,Neg,RHU175_SEMIQUANT_V1_2026-05-03T13-28-39.zip,1,1,0,,6.720000,0.000220,0.660086,102.832001,0.005106,0.663205,1.828000,0.000104,0.663718,189.661606,0.009736,0.671799,5.984000,0.000295,0.673085,178.639999,0.008897,0.671937,140.360001,0.007589,0.675868,10.804000,0.000513,0.670433,275.644012,0.013583,0.673151,312.347992,0.016094,0.674329
D1-P022-S1-L4000,RHU175_SEMIQUANT_V1,train,4000,Nitrite:Neg,Nitrite:Neg,,,Nitrite,Neg,RHU175_SEMIQUANT_V1_2026-05-03T13-28-39.zip,1,1,0,,6.720000,0.000220,0.660086,102.832001,0.005106,0.663205,1.828000,0.000104,0.663718,189.661606,0.009736,0.671799,5.984000,0.000295,0.673085,178.639999,0.008897,0.671937,140.360001,0.007589,0.675868,10.804000,0.000513,0.670433,275.644012,0.013583,0.673151,312.347992,0.016094,0.674329
D1-P022-S1-L4000,RHU175_SEMIQUANT_V1,train,4000,Urobilinogen:16,Urobilinogen:16,,,Urobilinogen,16,RHU175_SEMIQUANT_V1_2026-05-03T13-28-39.zip,1,1,0,,6.720000,0.000220,0.660086,102.832001,0.005106,0.663205,1.828000,0.000104,0.663718,189.661606,0.009736,0.671799,5.984000,0.000295,0.673085,178.639999,0.008897,0.671937,140.360001,0.007589,0.675868,10.804000,0.000513,0.670433,275.644012,0.013583,0.673151,312.347992,0.016094,0.674329
D1-P022-S1-L4000,RHU175_SEMIQUANT_V1,train,4000,Protein:Neg,Protein:Neg,,,Protein,Neg,RHU175_SEMIQUANT_V1_2026-05-03T13-28-39.zip,1,1,0,,6.720000,0.000220,0.660086,102.832001,0.005106,0.663205,1.828000,0.000104,0.663718,189.661606,0.009736,0.671799,5.984000,0.000295,0.673085,178.639999,0.008897,0.671937,140.360001,0.007589,0.675868,10.804000,0.000513,0.670433,275.644012,0.013583,0.673151,312.347992,0.016094,0.674329
D1-P022-S1-L4000,RHU175_SEMIQUANT_V1,train,4000,pH:5.0,pH:5.0,,,pH,5.0,RHU175_SEMIQUANT_V1_2026-05-03T13-28-39.zip,1,1,0,,6.720000,0.000220,0.660086,102.832001,0.005106,0.663205,1.828000,0.000104,0.663718,189.661606,0.009736,0.671799,5.984000,0.000295,0.673085,178.639999,0.008897,0.671937,140.360001,0.007589,0.675868,10.804000,0.000513,0.670433,275.644012,0.013583,0.673151,312.347992,0.016094,0.674329
D1-P022-S1-L4000,RHU175_SEMIQUANT_V1,train,4000,Blood:Neg,Blood:Neg,,,Blood,Neg,RHU175_SEMIQUANT_V1_2026-05-03T13-28-39.zip,1,1,0,,6.720000,0.000220,0.660086,102.832001,0.005106,0.663205,1.828000,0.000104,0.663718,189.661606,0.009736,0.671799,5.984000,0.000295,0.673085,178.639999,0.008897,0.671937,140.360001,0.007589,0.675868,10.804000,0.000513,0.670433,275.644012,0.013583,0.673151,312.347992,0.016094,0.674329
D1-P022-S1-L4000,RHU175_SEMIQUANT_V1,train,4000,Specific Gravity:1.010,Specific Gravity:1.010,,,Specific Gravity,1.010,RHU175_SEMIQUANT_V1_2026-05-03T13-28-39.zip,1,1,0,,6.720000,0.000220,0.660086,102.832001,0.005106,0.663205,1.828000,0.000104,0.663718,189.661606,0.009736,0.671799,5.984000,0.000295,0.673085,178.639999,0.008897,0.671937,140.360001,0.007589,0.675868,10.804000,0.000513,0.670433,275.644012,0.013583,0.673151,312.347992,0.016094,0.674329
D1-P022-S1-L4000,RHU175_SEMIQUANT_V1,train,4000,Ketone:Neg,Ketone:Neg,,,Ketone,Neg,RHU175_SEMIQUANT_V1_2026-05-03T13-28-39.zip,1,1,0,,6.720000,0.000220,0.660086,102.832001,0.005106,0.663205,1.828000,0.000104,0.663718,189.661606,0.009736,0.671799,5.984000,0.000295,0.673085,178.639999,0.008897,0.671937,140.360001,0.007589,0.675868,10.804000,0.000513,0.670433,275.644012,0.013583,0.673151,312.347992,0.016094,0.674329
D1-P022-S1-L4000,RHU175_SEMIQUANT_V1,train,4000,Bilirubin:Small 17,Bilirubin:Small 17,,,Bilirubin,Small 17,RHU175_SEMIQUANT_V1_2026-05-03T13-28-39.zip,1,1,0,,6.720000,0.000220,0.660086,102.832001,0.005106,0.663205,1.828000,0.000104,0.663718,189.661606,0.009736,0.671799,5.984000,0.000295,0.673085,178.639999,0.008897,0.671937,140.360001,0.007589,0.675868,10.804000,0.000513,0.670433,275.644012,0.013583,0.673151,312.347992,0.016094,0.674329
D1-P022-S1-L4000,RHU175_SEMIQUANT_V1,train,4000,Glucose:Neg,Glucose:Neg,,,Glucose,Neg,RHU175_SEMIQUANT_V1_2026-05-03T13-28-39.zip,1,1,0,,6.720000,0.000220,0.660086,102.832001,0.005106,0.663205,1.828000,0.000104,0.663718,189.661606,0.009736,0.671799,5.984000,0.000295,0.673085,178.639999,0.008897,0.671937,140.360001,0.007589,0.675868,10.804000,0.000513,0.670433,275.644012,0.013583,0.673151,312.347992,0.016094,0.674329
D1-P022-S1-L5500,RHU175_SEMIQUANT_V1,train,5500,Leukocytes:Neg,Leukocytes:Neg,,,Leukocytes,Neg,RHU175_SEMIQUANT_V1_2026-05-03T13-28-39.zip,1,1,0,,218.306396,0.335015,0.287335,200.428802,0.262900,0.368311,21.910400,0.011418,0.814267,213.516800,0.011365,0.844028,65.921600,0.010452,0.867249,72.737602,0.011953,0.872791,19.111200,0.020808,0.926221,33.347198,0.016769,0.951304,28.580799,0.006450,0.732436,0.000000,0.000000,0.000000
D1-P022-S1-L5500,RHU175_SEMIQUANT_V1,train,5500,Nitrite:Neg,Nitrite:Neg,,,Nitrite,Neg,RHU175_SEMIQUANT_V1_2026-05-03T13-28-39.zip,1,1,0,,218.306396,0.335015,0.287335,200.428802,0.262900,0.368311,21.910400,0.011418,0.814267,213.516800,0.011365,0.844028,65.921600,0.010452,0.867249,72.737602,0.011953,0.872791,19.111200,0.020808,0.926221,33.347198,0.016769,0.951304,28.580799,0.006450,0.732436,0.000000,0.000000,0.000000
D1-P022-S1-L5500,RHU175_SEMIQUANT_V1,train,5500,Urobilinogen:16,Urobilinogen:16,,,Urobilinogen,16,RHU175_SEMIQUANT_V1_2026-05-03T13-28-39.zip,1,1,0,,218.306396,0.335015,0.287335,200.428802,0.262900,0.368311,21.910400,0.011418,0.814267,213.516800,0.011365,0.844028,65.921600,0.010452,0.867249,72.737602,0.011953,0.872791,19.111200,0.020808,0.926221,33.347198,0.016769,0.951304,28.580799,0.006450,0.732436,0.000000,0.000000,0.000000
D1-P022-S1-L5500,RHU175_SEMIQUANT_V1,train,5500,Protein:Neg,Protein:Neg,,,Protein,Neg,RHU175_SEMIQUANT_V1_2026-05-03T13-28-39.zip,1,1,0,,218.306396,0.335015,0.287335,200.428802,0.262900,0.368311,21.910400,0.011418,0.814267,213.516800,0.011365,0.844028,65.921600,0.010452,0.867249,72.737602,0.011953,0.872791,19.111200,0.020808,0.926221,33.347198,0.016769,0.951304,28.580799,0.006450,0.732436,0.000000,0.000000,0.000000
D1-P022-S1-L5500,RHU175_SEMIQUANT_V1,train,5500,pH:5.0,pH:5.0,,,pH,5.0,RHU175_SEMIQUANT_V1_2026-05-03T13-28-39.zip,1,1,0,,218.306396,0.335015,0.287335,200.428802,0.262900,0.368311,21.910400,0.011418,0.814267,213.516800,0.011365,0.844028,65.921600,0.010452,0.867249,72.737602,0.011953,0.872791,19.111200,0.020808,0.926221,33.347198,0.016769,0.951304,28.580799,0.006450,0.732436,0.000000,0.000000,0.000000
D1-P022-S1-L5500,RHU175_SEMIQUANT_V1,train,5500,Blood:Neg,Blood:Neg,,,Blood,Neg,RHU175_SEMIQUANT_V1_2026-05-03T13-28-39.zip,1,1,0,,218.306396,0.335015,0.287335,200.428802,0.262900,0.368311,21.910400,0.011418,0.814267,213.516800,0.011365,0.844028,65.921600,0.010452,0.867249,72.737602,0.011953,0.872791,19.111200,0.020808,0.926221,33.347198,0.016769,0.951304,28.580799,0.006450,0.732436,0.000000,0.000000,0.000000
D1-P022-S1-L5500,RHU175_SEMIQUANT_V1,train,5500,Specific Gravity:1.010,Specific Gravity:1.010,,,Specific Gravity,1.010,RHU175_SEMIQUANT_V1_2026-05-03T13-28-39.zip,1,1,0,,218.306396,0.335015,0.287335,200.428802,0.262900,0.368311,21.910400,0.011418,0.814267,213.516800,0.011365,0.844028,65.921600,0.010452,0.867249,72.737602,0.011953,0.872791,19.111200,0.020808,0.926221,33.347198,0.016769,0.951304,28.580799,0.006450,0.732436,0.000000,0.000000,0.000000
D1-P022-S1-L5500,RHU175_SEMIQUANT_V1,train,5500,Ketone:Neg,Ketone:Neg,,,Ketone,Neg,RHU175_SEMIQUANT_V1_2026-05-03T13-28-39.zip,1,1,0,,218.306396,0.335015,0.287335,200.428802,0.262900,0.368311,21.910400,0.011418,0.814267,213.516800,0.011365,0.844028,65.921600,0.010452,0.867249,72.737602,0.011953,0.872791,19.111200,0.020808,0.926221,33.347198,0.016769,0.951304,28.580799,0.006450,0.732436,0.000000,0.000000,0.000000
D1-P022-S1-L5500,RHU175_SEMIQUANT_V1,train,5500,Bilirubin:Small 17,Bilirubin:Small 17,,,Bilirubin,Small 17,RHU175_SEMIQUANT_V1_2026-05-03T13-28-39.zip,1,1,0,,218.306396,0.335015,0.287335,200.428802,0.262900,0.368311,21.910400,0.011418,0.814267,213.516800,0.011365,0.844028,65.921600,0.010452,0.867249,72.737602,0.011953,0.872791,19.111200,0.020808,0.926221,33.347198,0.016769,0.951304,28.580799,0.006450,0.732436,0.000000,0.000000,0.000000
D1-P022-S1-L5500,RHU175_SEMIQUANT_V1,train,5500,Glucose:Neg,Glucose:Neg,,,Glucose,Neg,RHU175_SEMIQUANT_V1_2026-05-03T13-28-39.zip,1,1,0,,218.306396,0.335015,0.287335,200.428802,0.262900,0.368311,21.910400,0.011418,0.814267,213.516800,0.011365,0.844028,65.921600,0.010452,0.867249,72.737602,0.011953,0.872791,19.111200,0.020808,0.926221,33.347198,0.016769,0.951304,28.580799,0.006450,0.732436,0.000000,0.000000,0.000000
D1-P023-S1-L2700,RHU175_SEMIQUANT_V1,train,2700,Leukocytes:Trace 15,Leukocytes:Trace 15,,,Leukocytes,Trace 15,RHU175_SEMIQUANT_V1_2026-05-03T13-28-39.zip,1,1,0,,130.584793,0.016229,0.737059,95.081596,0.015325,0.731166,185.135193,0.017286,0.754687,171.665604,0.017976,0.752737,213.950394,0.034637,0.781722,207.114395,0.034348,0.786598,195.602402,0.031594,0.788367,203.309601,0.041694,0.792820,195.751999,0.039012,0.790182,212.549606,0.055324,0.825885
D1-P023-S1-L2700,RHU175_SEMIQUANT_V1,train,2700,Nitrite:Neg,Nitrite:Neg,,,Nitrite,Neg,RHU175_SEMIQUANT_V1_2026-05-03T13-28-39.zip,1,1,0,,130.584793,0.016229,0.737059,95.081596,0.015325,0.731166,185.135193,0.017286,0.754687,171.665604,0.017976,0.752737,213.950394,0.034637,0.781722,207.114395,0.034348,0.786598,195.602402,0.031594,0.788367,203.309601,0.041694,0.792820,195.751999,0.039012,0.790182,212.549606,0.055324,0.825885
D1-P023-S1-L2700,RHU175_SEMIQUANT_V1,train,2700,Urobilinogen:16,Urobilinogen:16,,,Urobilinogen,16,RHU175_SEMIQUANT_V1_2026-05-03T13-28-39.zip,1,1,0,,130.584793,0.016229,0.737059,95.081596,0.015325,0.731166,185.135193,0.017286,0.754687,171.665604,0.017976,0.752737,213.950394,0.034637,0.781722,207.114395,0.034348,0.786598,195.602402,0.031594,0.788367,203.309601,0.041694,0.792820,195.751999,0.039012,0.790182,212.549606,0.055324,0.825885
D1-P023-S1-L2700,RHU175_SEMIQUANT_V1,train,2700,Protein:Neg,Protein:Neg,,,Protein,Neg,RHU175_SEMIQUANT_V1_2026-05-03T13-28-39.zip,1,1,0,,130.584793,0.016229,0.737059,95.081596,0.015325,0.731166,185.135193,0.017286,0.754687,171.665604,0.017976,0.752737,213.950394,0.034637,0.781722,207.114395,0.034348,0.786598,195.602402,0.031594,0.788367,203.309601,0.041694,0.792820,195.751999,0.039012,0.790182,212.549606,0.055324,0.825885
D1-P023-S1-L2700,RHU175_SEMIQUANT_V1,train,2700,pH:5.0,pH:5.0,,,pH,5.0,RHU175_SEMIQUANT_V1_2026-05-03T13-28-39.zip,1,1,0,,130.584793,0.016229,0.737059,95.081596,0.015325,0.731166,185.135193,0.017286,0.754687,171.665604,0.017976,0.752737,213.950394,0.034637,0.781722,207.114395,0.034348,0.786598,195.602402,0.031594,0.788367,203.309601,0.041694,0.792820,195.751999,0.039012,0.790182,212.549606,0.055324,0.825885
D1-P023-S1-L2700,RHU175_SEMIQUANT_V1,train,2700,Blood:Neg,Blood:Neg,,,Blood,Neg,RHU175_SEMIQUANT_V1_2026-05-03T13-28-39.zip,1,1,0,,130.584793,0.016229,0.737059,95.081596,0.015325,0.731166,185.135193,0.017286,0.754687,171.665604,0.017976,0.752737,213.950394,0.034637,0.781722,207.114395,0.034348,0.786598,195.602402,0.031594,0.788367,203.309601,0.041694,0.792820,195.751999,0.039012,0.790182,212.549606,0.055324,0.825885
D1-P023-S1-L2700,RHU175_SEMIQUANT_V1,train,2700,Specific Gravity:1.010,Specific Gravity:1.010,,,Specific Gravity,1.010,RHU175_SEMIQUANT_V1_2026-05-03T13-28-39.zip,1,1,0,,130.584793,0.016229,0.737059,95.081596,0.015325,0.731166,185.135193,0.017286,0.754687,171.665604,0.017976,0.752737,213.950394,0.034637,0.781722,207.114395,0.034348,0.786598,195.602402,0.031594,0.788367,203.309601,0.041694,0.792820,195.751999,0.039012,0.790182,212.549606,0.055324,0.825885
D1-P023-S1-L2700,RHU175_SEMIQUANT_V1,train,2700,Ketone:Neg,Ketone:Neg,,,Ketone,Neg,RHU175_SEMIQUANT_V1_2026-05-03T13-28-39.zip,1,1,0,,130.584793,0.016229,0.737059,95.081596,0.015325,0.731166,185.135193,0.017286,0.754687,171.665604,0.017976,0.752737,213.950394,0.034637,0.781722,207.114395,0.034348,0.786598,195.602402,0.031594,0.788367,203.309601,0.041694,0.792820,195.751999,0.039012,0.790182,212.549606,0.055324,0.825885
D1-P023-S1-L2700,RHU175_SEMIQUANT_V1,train,2700,Bilirubin:Neg,Bilirubin:Neg,,,Bilirubin,Neg,RHU175_SEMIQUANT_V1_2026-05-03T13-28-39.zip,1,1,0,,130.584793,0.016229,0.737059,95.081596,0.015325,0.731166,185.135193,0.017286,0.754687,171.665604,0.017976,0.752737,213.950394,0.034637,0.781722,207.114395,0.034348,0.786598,195.602402,0.031594,0.788367,203.309601,0.041694,0.792820,195.751999,0.039012,0.790182,212.549606,0.055324,0.825885
D1-P023-S1-L2700,RHU175_SEMIQUANT_V1,train,2700,Glucose:Neg,Glucose:Neg,,,Glucose,Neg,RHU175_SEMIQUANT_V1_2026-05-03T13-28-39.zip,1,1,0,,130.584793,0.016229,0.737059,95.081596,0.015325,0.731166,185.135193,0.017286,0.754687,171.665604,0.017976,0.752737,213.950394,0.034637,0.781722,207.114395,0.034348,0.786598,195.602402,0.031594,0.788367,203.309601,0.041694,0.792820,195.751999,0.039012,0.790182,212.549606,0.055324,0.825885
D1-P023-S1-L4000,RHU175_SEMIQUANT_V1,train,4000,Leukocytes:Trace 15,Leukocytes:Trace 15,,,Leukocytes,Trace 15,RHU175_SEMIQUANT_V1_2026-05-03T13-28-39.zip,1,1,0,,64.732002,0.010019,0.663068,5.396000,0.001005,0.658585,7.104000,0.001250,0.659398,21.195999,0.004226,0.664315,1.776000,0.000309,0.665424,40.299999,0.008340,0.662082,51.596001,0.004828,0.665849,88.851997,0.006725,0.663437,80.236000,0.010447,0.666962,99.308800,0.012976,0.665048
D1-P023-S1-L4000,RHU175_SEMIQUANT_V1,train,4000,Nitrite:Neg,Nitrite:Neg,,,Nitrite,Neg,RHU175_SEMIQUANT_V1_2026-05-03T13-28-39.zip,1,1,0,,64.732002,0.010019,0.663068,5.396000,0.001005,0.658585,7.104000,0.001250,0.659398,21.195999,0.004226,0.664315,1.776000,0.000309,0.665424,40.299999,0.008340,0.662082,51.596001,0.004828,0.665849,88.851997,0.006725,0.663437,80.236000,0.010447,0.666962,99.308800,0.012976,0.665048
D1-P023-S1-L4000,RHU175_SEMIQUANT_V1,train,4000,Urobilinogen:16,Urobilinogen:16,,,Urobilinogen,16,RHU175_SEMIQUANT_V1_2026-05-03T13-28-39.zip,1,1,0,,64.732002,0.010019,0.663068,5.396000,0.001005,0.658585,7.104000,0.001250,0.659398,21.195999,0.004226,0.664315,1.776000,0.000309,0.665424,40.299999,0.008340,0.662082,51.596001,0.004828,0.665849,88.851997,0.006725,0.663437,80.236000,0.010447,0.666962,99.308800,0.012976,0.665048
D1-P023-S1-L4000,RHU175_SEMIQUANT_V1,train,4000,Protein:Neg,Protein:Neg,,,Protein,Neg,RHU175_SEMIQUANT_V1_2026-05-03T13-28-39.zip,1,1,0,,64.732002,0.010019,0.663068,5.396000,0.001005,0.658585,7.104000,0.001250,0.659398,21.195999,0.004226,0.664315,1.776000,0.000309,0.665424,40.299999,0.008340,0.662082,51.596001,0.004828,0.665849,88.851997,0.006725,0.663437,80.236000,0.010447,0.666962,99.308800,0.012976,0.665048
D1-P023-S1-L4000,RHU175_SEMIQUANT_V1,train,4000,pH:5.0,pH:5.0,,,pH,5.0,RHU175_SEMIQUANT_V1_2026-05-03T13-28-39.zip,1,1,0,,64.732002,0.010019,0.663068,5.396000,0.001005,0.658585,7.104000,0.001250,0.659398,21.195999,0.004226,0.664315,1.776000,0.000309,0.665424,40.299999,0.008340,0.662082,51.596001,0.004828,0.665849,88.851997,0.006725,0.663437,80.236000,0.010447,0.666962,99.308800,0.012976,0.665048
D1-P023-S1-L4000,RHU175_SEMIQUANT_V1,train,4000,Blood:Neg,Blood:Neg,,,Blood,Neg,RHU175_SEMIQUANT_V1_2026-05-03T13-28-39.zip,1,1,0,,64.732002,0.010019,0.663068,5.396000,0.001005,0.658585,7.104000,0.001250,0.659398,21.195999,0.004226,0.664315,1.776000,0.000309,0.665424,40.299999,0.008340,0.662082,51.596001,0.004828,0.665849,88.851997,0.006725,0.663437,80.236000,0.010447,0.666962,99.308800,0.012976,0.665048
D1-P023-S1-L4000,RHU175_SEMIQUANT_V1,train,4000,Specific Gravity:1.010,Specific Gravity:1.010,,,Specific Gravity,1.010,RHU175_SEMIQUANT_V1_2026-05-03T13-28-39.zip,1,1,0,,64.732002,0.010019,0.663068,5.396000,0.001005,0.658585,7.104000,0.001250,0.659398,21.195999,0.004226,0.664315,1.776000,0.000309,0.665424,40.299999,0.008340,0.662082,51.596001,0.004828,0.665849,88.851997,0.006725,0.663437,80.236000,0.010447,0.666962,99.308800,0.012976,0.665048
D1-P023-S1-L4000,RHU175_SEMIQUANT_V1,train,4000,Ketone:Neg,Ketone:Neg,,,Ketone,Neg,RHU175_SEMIQUANT_V1_2026-05-03T13-28-39.zip,1,1,0,,64.732002,0.010019,0.663068,5.396000,0.001005,0.658585,7.104000,0.001250,0.659398,21.195999,0.004226,0.664315,1.776000,0.000309,0.665424,40.299999,0.008340,0.662082,51.596001,0.004828,0.665849,88.851997,0.006725,0.663437,80.236000,0.010447,0.666962,99.308800,0.012976,0.665048
D1-P023-S1-L4000,RHU175_SEMIQUANT_V1,train,4000,Bilirubin:Neg,Bilirubin:Neg,,,Bilirubin,Neg,RHU175_SEMIQUANT_V1_2026-05-03T13-28-39.zip,1,1,0,,64.732002,0.010019,0.663068,5.396000,0.001005,0.658585,7.104000,0.001250,0.659398,21.195999,0.004226,0.664315,1.776000,0.000309,0.665424,40.299999,0.008340,0.662082,51.596001,0.004828,0.665849,88.851997,0.006725,0.663437,80.236000,0.010447,0.666962,99.308800,0.012976,0.665048
D1-P023-S1-L4000,RHU175_SEMIQUANT_V1,train,4000,Glucose:Neg,Glucose:Neg,,,Glucose,Neg,RHU175_SEMIQUANT_V1_2026-05-03T13-28-39.zip,1,1,0,,64.732002,0.010019,0.663068,5.396000,0.001005,0.658585,7.104000,0.001250,0.659398,21.195999,0.004226,0.664315,1.776000,0.000309,0.665424,40.299999,0.008340,0.662082,51.596001,0.004828,0.665849,88.851997,0.006725,0.663437,80.236000,0.010447,0.666962,99.308800,0.012976,0.665048
D1-P023-S1-L5500,RHU175_SEMIQUANT_V1,train,5500,Leukocytes:Trace 15,Leukocytes:Trace 15,,,Leukocytes,Trace 15,RHU175_SEMIQUANT_V1_2026-05-03T13-28-39.zip,1,1,0,,222.115997,0.323586,0.266758,221.356796,0.288265,0.296080,105.453598,0.012808,0.806312,207.227203,0.008767,0.827774,49.189602,0.007369,0.854657,39.541599,0.011448,0.872825,20.379999,0.015602,0.900383,31.392000,0.019627,0.933064,50.502399,0.007206,0.983660,0.000000,0.000000,0.000000
D1-P023-S1-L5500,RHU175_SEMIQUANT_V1,train,5500,Nitrite:Neg,Nitrite:Neg,,,Nitrite,Neg,RHU175_SEMIQUANT_V1_2026-05-03T13-28-39.zip,1,1,0,,222.115997,0.323586,0.266758,221.356796,0.288265,0.296080,105.453598,0.012808,0.806312,207.227203,0.008767,0.827774,49.189602,0.007369,0.854657,39.541599,0.011448,0.872825,20.379999,0.015602,0.900383,31.392000,0.019627,0.933064,50.502399,0.007206,0.983660,0.000000,0.000000,0.000000
D1-P023-S1-L5500,RHU175_SEMIQUANT_V1,train,5500,Urobilinogen:16,Urobilinogen:16,,,Urobilinogen,16,RHU175_SEMIQUANT_V1_2026-05-03T13-28-39.zip,1,1,0,,222.115997,0.323586,0.266758,221.356796,0.288265,0.296080,105.453598,0.012808,0.806312,207.227203,0.008767,0.827774,49.189602,0.007369,0.854657,39.541599,0.011448,0.872825,20.379999,0.015602,0.900383,31.392000,0.019627,0.933064,50.502399,0.007206,0.983660,0.000000,0.000000,0.000000
D1-P023-S1-L5500,RHU175_SEMIQUANT_V1,train,5500,Protein:Neg,Protein:Neg,,,Protein,Neg,RHU175_SEMIQUANT_V1_2026-05-03T13-28-39.zip,1,1,0,,222.115997,0.323586,0.266758,221.356796,0.288265,0.296080,105.453598,0.012808,0.806312,207.227203,0.008767,0.827774,49.189602,0.007369,0.854657,39.541599,0.011448,0.872825,20.379999,0.015602,0.900383,31.392000,0.019627,0.933064,50.502399,0.007206,0.983660,0.000000,0.000000,0.000000
D1-P023-S1-L5500,RHU175_SEMIQUANT_V1,train,5500,pH:5.0,pH:5.0,,,pH,5.0,RHU175_SEMIQUANT_V1_2026-05-03T13-28-39.zip,1,1,0,,222.115997,0.323586,0.266758,221.356796,0.288265,0.296080,105.453598,0.012808,0.806312,207.227203,0.008767,0.827774,49.189602,0.007369,0.854657,39.541599,0.011448,0.872825,20.379999,0.015602,0.900383,31.392000,0.019627,0.933064,50.502399,0.007206,0.983660,0.000000,0.000000,0.000000
D1-P023-S1-L5500,RHU175_SEMIQUANT_V1,train,5500,Blood:Neg,Blood:Neg,,,Blood,Neg,RHU175_SEMIQUANT_V1_2026-05-03T13-28-39.zip,1,1,0,,222.115997,0.323586,0.266758,221.356796,0.288265,0.296080,105.453598,0.012808,0.806312,207.227203,0.008767,0.827774,49.189602,0.007369,0.854657,39.541599,0.011448,0.872825,20.379999,0.015602,0.900383,31.392000,0.019627,0.933064,50.502399,0.007206,0.983660,0.000000,0.000000,0.000000
D1-P023-S1-L5500,RHU175_SEMIQUANT_V1,train,5500,Specific Gravity:1.010,Specific Gravity:1.010,,,Specific Gravity,1.010,RHU175_SEMIQUANT_V1_2026-05-03T13-28-39.zip,1,1,0,,222.115997,0.323586,0.266758,221.356796,0.288265,0.296080,105.453598,0.012808,0.806312,207.227203,0.008767,0.827774,49.189602,0.007369,0.854657,39.541599,0.011448,0.872825,20.379999,0.015602,0.900383,31.392000,0.019627,0.933064,50.502399,0.007206,0.983660,0.000000,0.000000,0.000000
D1-P023-S1-L5500,RHU175_SEMIQUANT_V1,train,5500,Ketone:Neg,Ketone:Neg,,,Ketone,Neg,RHU175_SEMIQUANT_V1_2026-05-03T13-28-39.zip,1,1,0,,222.115997,0.323586,0.266758,221.356796,0.288265,0.296080,105.453598,0.012808,0.806312,207.227203,0.008767,0.827774,49.189602,0.007369,0.854657,39.541599,0.011448,0.872825,20.379999,0.015602,0.900383,31.392000,0.019627,0.933064,50.502399,0.007206,0.983660,0.000000,0.000000,0.000000
D1-P023-S1-L5500,RHU175_SEMIQUANT_V1,train,5500,Bilirubin:Neg,Bilirubin:Neg,,,Bilirubin,Neg,RHU175_SEMIQUANT_V1_2026-05-03T13-28-39.zip,1,1,0,,222.115997,0.323586,0.266758,221.356796,0.288265,0.296080,105.453598,0.012808,0.806312,207.227203,0.008767,0.827774,49.189602,0.007369,0.854657,39.541599,0.011448,0.872825,20.379999,0.015602,0.900383,31.392000,0.019627,0.933064,50.502399,0.007206,0.983660,0.000000,0.000000,0.000000
D1-P023-S1-L5500,RHU175_SEMIQUANT_V1,train,5500,Glucose:Neg,Glucose:Neg,,,Glucose,Neg,RHU175_SEMIQUANT_V1_2026-05-03T13-28-39.zip,1,1,0,,222.115997,0.323586,0.266758,221.356796,0.288265,0.296080,105.453598,0.012808,0.806312,207.227203,0.008767,0.827774,49.189602,0.007369,0.854657,39.541599,0.011448,0.872825,20.379999,0.015602,0.900383,31.392000,0.019627,0.933064,50.502399,0.007206,0.983660,0.000000,0.000000,0.000000
D1-P035-S1-L2700,RHU175_SEMIQUANT_V1,train,2700,Leukocytes:Neg,Leukocytes:Neg,,,Leukocytes,Neg,RHU175_SEMIQUANT_V1_2026-05-03T13-28-39.zip,1,1,0,,17.808800,0.512573,0.226778,19.920000,0.481489,0.254849,182.910400,0.101591,0.741202,209.791199,0.063129,0.852165,212.569595,0.072307,0.897537,216.703995,0.085192,0.947724,217.770401,0.095272,0.994679,175.190399,0.033650,0.962769,0.000000,0.000000,0.000000,0.000000,0.000000,0.000000
D1-P035-S1-L2700,RHU175_SEMIQUANT_V1,train,2700,Nitrite:Neg,Nitrite:Neg,,,Nitrite,Neg,RHU175_SEMIQUANT_V1_2026-05-03T13-28-39.zip,1,1,0,,17.808800,0.512573,0.226778,19.920000,0.481489,0.254849,182.910400,0.101591,0.741202,209.791199,0.063129,0.852165,212.569595,0.072307,0.897537,216.703995,0.085192,0.947724,217.770401,0.095272,0.994679,175.190399,0.033650,0.962769,0.000000,0.000000,0.000000,0.000000,0.000000,0.000000
D1-P035-S1-L2700,RHU175_SEMIQUANT_V1,train,2700,Urobilinogen:3.2,Urobilinogen:3.2,,,Urobilinogen,3.2,RHU175_SEMIQUANT_V1_2026-05-03T13-28-39.zip,1,1,0,,17.808800,0.512573,0.226778,19.920000,0.481489,0.254849,182.910400,0.101591,0.741202,209.791199,0.063129,0.852165,212.569595,0.072307,0.897537,216.703995,0.085192,0.947724,217.770401,0.095272,0.994679,175.190399,0.033650,0.962769,0.000000,0.000000,0.000000,0.000000,0.000000,0.000000
D1-P035-S1-L2700,RHU175_SEMIQUANT_V1,train,2700,Protein:Neg,Protein:Neg,,,Protein,Neg,RHU175_SEMIQUANT_V1_2026-05-03T13-28-39.zip,1,1,0,,17.808800,0.512573,0.226778,19.920000,0.481489,0.254849,182.910400,0.101591,0.741202,209.791199,0.063129,0.852165,212.569595,0.072307,0.897537,216.703995,0.085192,0.947724,217.770401,0.095272,0.994679,175.190399,0.033650,0.962769,0.000000,0.000000,0.000000,0.000000,0.000000,0.000000
D1-P035-S1-L2700,RHU175_SEMIQUANT_V1,train,2700,pH:6.0,pH:6.0,,,pH,6.0,RHU175_SEMIQUANT_V1_2026-05-03T13-28-39.zip,1,1,0,,17.808800,0.512573,0.226778,19.920000,0.481489,0.254849,182.910400,0.101591,0.741202,209.791199,0.063129,0.852165,212.569595,0.072307,0.897537,216.703995,0.085192,0.947724,217.770401,0.095272,0.994679,175.190399,0.033650,0.962769,0.000000,0.000000,0.000000,0.000000,0.000000,0.000000
D1-P035-S1-L2700,RHU175_SEMIQUANT_V1,train,2700,Blood:Neg,Blood:Neg,,,Blood,Neg,RHU175_SEMIQUANT_V1_2026-05-03T13-28-39.zip,1,1,0,,17.808800,0.512573,0.226778,19.920000,0.481489,0.254849,182.910400,0.101591,0.741202,209.791199,0.063129,0.852165,212.569595,0.072307,0.897537,216.703995,0.085192,0.947724,217.770401,0.095272,0.994679,175.190399,0.033650,0.962769,0.000000,0.000000,0.000000,0.000000,0.000000,0.000000
D1-P035-S1-L2700,RHU175_SEMIQUANT_V1,train,2700,Specific Gravity:1.010,Specific Gravity:1.010,,,Specific Gravity,1.010,RHU175_SEMIQUANT_V1_2026-05-03T13-28-39.zip,1,1,0,,17.808800,0.512573,0.226778,19.920000,0.481489,0.254849,182.910400,0.101591,0.741202,209.791199,0.063129,0.852165,212.569595,0.072307,0.897537,216.703995,0.085192,0.947724,217.770401,0.095272,0.994679,175.190399,0.033650,0.962769,0.000000,0.000000,0.000000,0.000000,0.000000,0.000000
D1-P035-S1-L2700,RHU175_SEMIQUANT_V1,train,2700,Ketone:Neg,Ketone:Neg,,,Ketone,Neg,RHU175_SEMIQUANT_V1_2026-05-03T13-28-39.zip,1,1,0,,17.808800,0.512573,0.226778,19.920000,0.481489,0.254849,182.910400,0.101591,0.741202,209.791199,0.063129,0.852165,212.569595,0.072307,0.897537,216.703995,0.085192,0.947724,217.770401,0.095272,0.994679,175.190399,0.033650,0.962769,0.000000,0.000000,0.000000,0.000000,0.000000,0.000000
D1-P035-S1-L2700,RHU175_SEMIQUANT_V1,train,2700,Bilirubin:Neg,Bilirubin:Neg,,,Bilirubin,Neg,RHU175_SEMIQUANT_V1_2026-05-03T13-28-39.zip,1,1,0,,17.808800,0.512573,0.226778,19.920000,0.481489,0.254849,182.910400,0.101591,0.741202,209.791199,0.063129,0.852165,212.569595,0.072307,0.897537,216.703995,0.085192,0.947724,217.770401,0.095272,0.994679,175.190399,0.033650,0.962769,0.000000,0.000000,0.000000,0.000000,0.000000,0.000000
D1-P035-S1-L2700,RHU175_SEMIQUANT_V1,train,2700,Glucose:Neg,Glucose:Neg,,,Glucose,Neg,RHU175_SEMIQUANT_V1_2026-05-03T13-28-39.zip,1,1,0,,17.808800,0.512573,0.226778,19.920000,0.481489,0.254849,182.910400,0.101591,0.741202,209.791199,0.063129,0.852165,212.569595,0.072307,0.897537,216.703995,0.085192,0.947724,217.770401,0.095272,0.994679,175.190399,0.033650,0.962769,0.000000,0.000000,0.000000,0.000000,0.000000,0.000000
D1-P036-S1-L2700,RHU175_SEMIQUANT_V1,train,2700,Leukocytes:Neg,Leukocytes:Neg,,,Leukocytes,Neg,RHU175_SEMIQUANT_V1_2026-05-03T13-28-39.zip,1,1,0,,16.184799,0.513399,0.222475,19.035200,0.485244,0.261456,189.007202,0.083104,0.762831,200.659195,0.055975,0.844748,209.541595,0.068287,0.892011,213.592804,0.080439,0.939702,216.094406,0.095148,0.989122,161.138397,0.041144,0.872361,0.000000,0.000000,0.000000,0.000000,0.000000,0.000000
D1-P036-S1-L2700,RHU175_SEMIQUANT_V1,train,2700,Nitrite:Neg,Nitrite:Neg,,,Nitrite,Neg,RHU175_SEMIQUANT_V1_2026-05-03T13-28-39.zip,1,1,0,,16.184799,0.513399,0.222475,19.035200,0.485244,0.261456,189.007202,0.083104,0.762831,200.659195,0.055975,0.844748,209.541595,0.068287,0.892011,213.592804,0.080439,0.939702,216.094406,0.095148,0.989122,161.138397,0.041144,0.872361,0.000000,0.000000,0.000000,0.000000,0.000000,0.000000
D1-P036-S1-L2700,RHU175_SEMIQUANT_V1,train,2700,Urobilinogen:3.2,Urobilinogen:3.2,,,Urobilinogen,3.2,RHU175_SEMIQUANT_V1_2026-05-03T13-28-39.zip,1,1,0,,16.184799,0.513399,0.222475,19.035200,0.485244,0.261456,189.007202,0.083104,0.762831,200.659195,0.055975,0.844748,209.541595,0.068287,0.892011,213.592804,0.080439,0.939702,216.094406,0.095148,0.989122,161.138397,0.041144,0.872361,0.000000,0.000000,0.000000,0.000000,0.000000,0.000000
D1-P036-S1-L2700,RHU175_SEMIQUANT_V1,train,2700,Protein:Neg,Protein:Neg,,,Protein,Neg,RHU175_SEMIQUANT_V1_2026-05-03T13-28-39.zip,1,1,0,,16.184799,0.513399,0.222475,19.035200,0.485244,0.261456,189.007202,0.083104,0.762831,200.659195,0.055975,0.844748,209.541595,0.068287,0.892011,213.592804,0.080439,0.939702,216.094406,0.095148,0.989122,161.138397,0.041144,0.872361,0.000000,0.000000,0.000000,0.000000,0.000000,0.000000
D1-P036-S1-L2700,RHU175_SEMIQUANT_V1,train,2700,pH:6.0,pH:6.0,,,pH,6.0,RHU175_SEMIQUANT_V1_2026-05-03T13-28-39.zip,1,1,0,,16.184799,0.513399,0.222475,19.035200,0.485244,0.261456,189.007202,0.083104,0.762831,200.659195,0.055975,0.844748,209.541595,0.068287,0.892011,213.592804,0.080439,0.939702,216.094406,0.095148,0.989122,161.138397,0.041144,0.872361,0.000000,0.000000,0.000000,0.000000,0.000000,0.000000
D1-P036-S1-L2700,RHU175_SEMIQUANT_V1,train,2700,Blood:Neg,Blood:Neg,,,Blood,Neg,RHU175_SEMIQUANT_V1_2026-05-03T13-28-39.zip,1,1,0,,16.184799,0.513399,0.222475,19.035200,0.485244,0.261456,189.007202,0.083104,0.762831,200.659195,0.055975,0.844748,209.541595,0.068287,0.892011,213.592804,0.080439,0.939702,216.094406,0.095148,0.989122,161.138397,0.041144,0.872361,0.000000,0.000000,0.000000,0.000000,0.000000,0.000000
D1-P036-S1-L2700,RHU175_SEMIQUANT_V1,train,2700,Specific Gravity:1.010,Specific Gravity:1.010,,,Specific Gravity,1.010,RHU175_SEMIQUANT_V1_2026-05-03T13-28-39.zip,1,1,0,,16.184799,0.513399,0.222475,19.035200,0.485244,0.261456,189.007202,0.083104,0.762831,200.659195,0.055975,0.844748,209.541595,0.068287,0.892011,213.592804,0.080439,0.939702,216.094406,0.095148,0.989122,161.138397,0.041144,0.872361,0.000000,0.000000,0.000000,0.000000,0.000000,0.000000
D1-P036-S1-L2700,RHU175_SEMIQUANT_V1,train,2700,Ketone:Neg,Ketone:Neg,,,Ketone,Neg,RHU175_SEMIQUANT_V1_2026-05-03T13-28-39.zip,1,1,0,,16.184799,0.513399,0.222475,19.035200,0.485244,0.261456,189.007202,0.083104,0.762831,200.659195,0.055975,0.844748,209.541595,0.068287,0.892011,213.592804,0.080439,0.939702,216.094406,0.095148,0.989122,161.138397,0.041144,0.872361,0.000000,0.000000,0.000000,0.000000,0.000000,0.000000
D1-P036-S1-L2700,RHU175_SEMIQUANT_V1,train,2700,Bilirubin:Neg,Bilirubin:Neg,,,Bilirubin,Neg,RHU175_SEMIQUANT_V1_2026-05-03T13-28-39.zip,1,1,0,,16.184799,0.513399,0.222475,19.035200,0.485244,0.261456,189.007202,0.083104,0.762831,200.659195,0.055975,0.844748,209.541595,0.068287,0.892011,213.592804,0.080439,0.939702,216.094406,0.095148,0.989122,161.138397,0.041144,0.872361,0.000000,0.000000,0.000000,0.000000,0.000000,0.000000
D1-P036-S1-L2700,RHU175_SEMIQUANT_V1,train,2700,Glucose:Neg,Glucose:Neg,,,Glucose,Neg,RHU175_SEMIQUANT_V1_2026-05-03T13-28-39.zip,1,1,0,,16.184799,0.513399,0.222475,19.035200,0.485244,0.261456,189.007202,0.083104,0.762831,200.659195,0.055975,0.844748,209.541595,0.068287,0.892011,213.592804,0.080439,0.939702,216.094406,0.095148,0.989122,161.138397,0.041144,0.872361,0.000000,0.000000,0.000000,0.000000,0.000000,0.000000
D1-P042-S1-L2700,RHU175_SEMIQUANT_V1,train,2700,Leukocytes:Trace 15,Leukocytes:Trace 15,,,Leukocytes,Trace 15,RHU175_SEMIQUANT_V1_2026-05-03T13-28-39.zip,1,1,0,,180.000000,0.058696,1.000000,194.967194,0.108218,0.856143,215.511200,0.120590,0.788066,156.800003,0.070229,0.852544,0.000000,0.000000,0.000000,0.000000,0.000000,0.000000,0.000000,0.000000,0.000000,0.000000,0.000000,0.000000,0.000000,0.000000,0.000000,0.000000,0.000000,0.000000
D1-P042-S1-L2700,RHU175_SEMIQUANT_V1,train,2700,Nitrite:Neg,Nitrite:Neg,,,Nitrite,Neg,RHU175_SEMIQUANT_V1_2026-05-03T13-28-39.zip,1,1,0,,180.000000,0.058696,1.000000,194.967194,0.108218,0.856143,215.511200,0.120590,0.788066,156.800003,0.070229,0.852544,0.000000,0.000000,0.000000,0.000000,0.000000,0.000000,0.000000,0.000000,0.000000,0.000000,0.000000,0.000000,0.000000,0.000000,0.000000,0.000000,0.000000,0.000000
D1-P042-S1-L2700,RHU175_SEMIQUANT_V1,train,2700,Urobilinogen:16,Urobilinogen:16,,,Urobilinogen,16,RHU175_SEMIQUANT_V1_2026-05-03T13-28-39.zip,1,1,0,,180.000000,0.058696,1.000000,194.967194,0.108218,0.856143,215.511200,0.120590,0.788066,156.800003,0.070229,0.852544,0.000000,0.000000,0.000000,0.000000,0.000000,0.000000,0.000000,0.000000,0.000000,0.000000,0.000000,0.000000,0.000000,0.000000,0.000000,0.000000,0.000000,0.000000
D1-P042-S1-L2700,RHU175_SEMIQUANT_V1,train,2700,Protein:Trace,Protein:Trace,,,Protein,Trace,RHU175_SEMIQUANT_V1_2026-05-03T13-28-39.zip,1,1,0,,180.000000,0.058696,1.000000,194.967194,0.108218,0.856143,215.511200,0.120590,0.788066,156.800003,0.070229,0.852544,0.000000,0.000000,0.000000,0.000000,0.000000,0.000000,0.000000,0.000000,0.000000,0.000000,0.000000,0.000000,0.000000,0.000000,0.000000,0.000000,0.000000,0.000000
D1-P042-S1-L2700,RHU175_SEMIQUANT_V1,train,2700,pH:6.0,pH:6.0,,,pH,6.0,RHU175_SEMIQUANT_V1_2026-05-03T13-28-39.zip,1,1,0,,180.000000,0.058696,1.000000,194.967194,0.108218,0.856143,215.511200,0.120590,0.788066,156.800003,0.070229,0.852544,0.000000,0.000000,0.000000,0.000000,0.000000,0.000000,0.000000,0.000000,0.000000,0.000000,0.000000,0.000000,0.000000,0.000000,0.000000,0.000000,0.000000,0.000000
D1-P042-S1-L2700,RHU175_SEMIQUANT_V1,train,2700,Blood:Neg,Blood:Neg,,,Blood,Neg,RHU175_SEMIQUANT_V1_2026-05-03T13-28-39.zip,1,1,0,,180.000000,0.058696,1.000000,194.967194,0.108218,0.856143,215.511200,0.120590,0.788066,156.800003,0.070229,0.852544,0.000000,0.000000,0.000000,0.000000,0.000000,0.000000,0.000000,0.000000,0.000000,0.000000,0.000000,0.000000,0.000000,0.000000,0.000000,0.000000,0.000000,0.000000
D1-P042-S1-L2700,RHU175_SEMIQUANT_V1,train,2700,Specific Gravity:1.025,Specific Gravity:1.025,,,Specific Gravity,1.025,RHU175_SEMIQUANT_V1_2026-05-03T13-28-39.zip,1,1,0,,180.000000,0.058696,1.000000,194.967194,0.108218,0.856143,215.511200,0.120590,0.788066,156.800003,0.070229,0.852544,0.000000,0.000000,0.000000,0.000000,0.000000,0.000000,0.000000,0.000000,0.000000,0.000000,0.000000,0.000000,0.000000,0.000000,0.000000,0.000000,0.000000,0.000000
D1-P042-S1-L2700,RHU175_SEMIQUANT_V1,train,2700,Ketone:Neg,Ketone:Neg,,,Ketone,Neg,RHU175_SEMIQUANT_V1_2026-05-03T13-28-39.zip,1,1,0,,180.000000,0.058696,1.000000,194.967194,0.108218,0.856143,215.511200,0.120590,0.788066,156.800003,0.070229,0.852544,0.000000,0.000000,0.000000,0.000000,0.000000,0.000000,0.000000,0.000000,0.000000,0.000000,0.000000,0.000000,0.000000,0.000000,0.000000,0.000000,0.000000,0.000000
D1-P042-S1-L2700,RHU175_SEMIQUANT_V1,train,2700,Bilirubin:Small 17,Bilirubin:Small 17,,,Bilirubin,Small 17,RHU175_SEMIQUANT_V1_2026-05-03T13-28-39.zip,1,1,0,,180.000000,0.058696,1.000000,194.967194,0.108218,0.856143,215.511200,0.120590,0.788066,156.800003,0.070229,0.852544,0.000000,0.000000,0.000000,0.000000,0.000000,0.000000,0.000000,0.000000,0.000000,0.000000,0.000000,0.000000,0.000000,0.000000,0.000000,0.000000,0.000000,0.000000
D1-P042-S1-L2700,RHU175_SEMIQUANT_V1,train,2700,Glucose:Neg,Glucose:Neg,,,Glucose,Neg,RHU175_SEMIQUANT_V1_2026-05-03T13-28-39.zip,1,1,0,,180.000000,0.058696,1.000000,194.967194,0.108218,0.856143,215.511200,0.120590,0.788066,156.800003,0.070229,0.852544,0.000000,0.000000,0.000000,0.000000,0.000000,0.000000,0.000000,0.000000,0.000000,0.000000,0.000000,0.000000,0.000000,0.000000,0.000000,0.000000,0.000000,0.000000
D1-P042-S1-L4000,RHU175_SEMIQUANT_V1,train,4000,Leukocytes:Trace 15,Leukocytes:Trace 15,,,Leukocytes,Trace 15,RHU175_SEMIQUANT_V1_2026-05-03T13-28-39.zip,1,1,0,,16.848000,0.001685,1.000000,34.736000,0.049222,0.944483,117.232803,0.065773,0.623354,47.784000,0.008883,1.000000,0.000000,0.000000,0.000000,0.000000,0.000000,0.000000,0.000000,0.000000,0.000000,0.000000,0.000000,0.000000,0.000000,0.000000,0.000000,0.000000,0.000000,0.000000
D1-P042-S1-L4000,RHU175_SEMIQUANT_V1,train,4000,Nitrite:Neg,Nitrite:Neg,,,Nitrite,Neg,RHU175_SEMIQUANT_V1_2026-05-03T13-28-39.zip,1,1,0,,16.848000,0.001685,1.000000,34.736000,0.049222,0.944483,117.232803,0.065773,0.623354,47.784000,0.008883,1.000000,0.000000,0.000000,0.000000,0.000000,0.000000,0.000000,0.000000,0.000000,0.000000,0.000000,0.000000,0.000000,0.000000,0.000000,0.000000,0.000000,0.000000,0.000000
D1-P042-S1-L4000,RHU175_SEMIQUANT_V1,train,4000,Urobilinogen:16,Urobilinogen:16,,,Urobilinogen,16,RHU175_SEMIQUANT_V1_2026-05-03T13-28-39.zip,1,1,0,,16.848000,0.001685,1.000000,34.736000,0.049222,0.944483,117.232803,0.065773,0.623354,47.784000,0.008883,1.000000,0.000000,0.000000,0.000000,0.000000,0.000000,0.000000,0.000000,0.000000,0.000000,0.000000,0.000000,0.000000,0.000000,0.000000,0.000000,0.000000,0.000000,0.000000
D1-P042-S1-L4000,RHU175_SEMIQUANT_V1,train,4000,Protein:Trace,Protein:Trace,,,Protein,Trace,RHU175_SEMIQUANT_V1_2026-05-03T13-28-39.zip,1,1,0,,16.848000,0.001685,1.000000,34.736000,0.049222,0.944483,117.232803,0.065773,0.623354,47.784000,0.008883,1.000000,0.000000,0.000000,0.000000,0.000000,0.000000,0.000000,0.000000,0.000000,0.000000,0.000000,0.000000,0.000000,0.000000,0.000000,0.000000,0.000000,0.000000,0.000000
D1-P042-S1-L4000,RHU175_SEMIQUANT_V1,train,4000,pH:6.0,pH:6.0,,,pH,6.0,RHU175_SEMIQUANT_V1_2026-05-03T13-28-39.zip,1,1,0,,16.848000,0.001685,1.000000,34.736000,0.049222,0.944483,117.232803,0.065773,0.623354,47.784000,0.008883,1.000000,0.000000,0.000000,0.000000,0.000000,0.000000,0.000000,0.000000,0.000000,0.000000,0.000000,0.000000,0.000000,0.000000,0.000000,0.000000,0.000000,0.000000,0.000000
D1-P042-S1-L4000,RHU175_SEMIQUANT_V1,train,4000,Blood:Neg,Blood:Neg,,,Blood,Neg,RHU175_SEMIQUANT_V1_2026-05-03T13-28-39.zip,1,1,0,,16.848000,0.001685,1.000000,34.736000,0.049222,0.944483,117.232803,0.065773,0.623354,47.784000,0.008883,1.000000,0.000000,0.000000,0.000000,0.000000,0.000000,0.000000,0.000000,0.000000,0.000000,0.000000,0.000000,0.000000,0.000000,0.000000,0.000000,0.000000,0.000000,0.000000
D1-P042-S1-L4000,RHU175_SEMIQUANT_V1,train,4000,Specific Gravity:1.025,Specific Gravity:1.025,,,Specific Gravity,1.025,RHU175_SEMIQUANT_V1_2026-05-03T13-28-39.zip,1,1,0,,16.848000,0.001685,1.000000,34.736000,0.049222,0.944483,117.232803,0.065773,0.623354,47.784000,0.008883,1.000000,0.000000,0.000000,0.000000,0.000000,0.000000,0.000000,0.000000,0.000000,0.000000,0.000000,0.000000,0.000000,0.000000,0.000000,0.000000,0.000000,0.000000,0.000000
D1-P042-S1-L4000,RHU175_SEMIQUANT_V1,train,4000,Ketone:Neg,Ketone:Neg,,,Ketone,Neg,RHU175_SEMIQUANT_V1_2026-05-03T13-28-39.zip,1,1,0,,16.848000,0.001685,1.000000,34.736000,0.049222,0.944483,117.232803,0.065773,0.623354,47.784000,0.008883,1.000000,0.000000,0.000000,0.000000,0.000000,0.000000,0.000000,0.000000,0.000000,0.000000,0.000000,0.000000,0.000000,0.000000,0.000000,0.000000,0.000000,0.000000,0.000000
D1-P042-S1-L4000,RHU175_SEMIQUANT_V1,train,4000,Bilirubin:Small 17,Bilirubin:Small 17,,,Bilirubin,Small 17,RHU175_SEMIQUANT_V1_2026-05-03T13-28-39.zip,1,1,0,,16.848000,0.001685,1.000000,34.736000,0.049222,0.944483,117.232803,0.065773,0.623354,47.784000,0.008883,1.000000,0.000000,0.000000,0.000000,0.000000,0.000000,0.000000,0.000000,0.000000,0.000000,0.000000,0.000000,0.000000,0.000000,0.000000,0.000000,0.000000,0.000000,0.000000
D1-P042-S1-L4000,RHU175_SEMIQUANT_V1,train,4000,Glucose:Neg,Glucose:Neg,,,Glucose,Neg,RHU175_SEMIQUANT_V1_2026-05-03T13-28-39.zip,1,1,0,,16.848000,0.001685,1.000000,34.736000,0.049222,0.944483,117.232803,0.065773,0.623354,47.784000,0.008883,1.000000,0.000000,0.000000,0.000000,0.000000,0.000000,0.000000,0.000000,0.000000,0.000000,0.000000,0.000000,0.000000,0.000000,0.000000,0.000000,0.000000,0.000000,0.000000
D1-P042-S1-L5500,RHU175_SEMIQUANT_V1,train,5500,Leukocytes:Trace 15,Leukocytes:Trace 15,,,Leukocytes,Trace 15,RHU175_SEMIQUANT_V1_2026-05-03T13-28-39.zip,1,1,0,,147.189606,0.094072,1.000000,147.391998,0.094323,0.992002,206.617599,0.075012,0.601338,146.652802,0.104573,1.000000,0.000000,0.000000,0.000000,0.000000,0.000000,0.000000,0.000000,0.000000,0.000000,0.000000,0.000000,0.000000,0.000000,0.000000,0.000000,0.000000,0.000000,0.000000
D1-P042-S1-L5500,RHU175_SEMIQUANT_V1,train,5500,Nitrite:Neg,Nitrite:Neg,,,Nitrite,Neg,RHU175_SEMIQUANT_V1_2026-05-03T13-28-39.zip,1,1,0,,147.189606,0.094072,1.000000,147.391998,0.094323,0.992002,206.617599,0.075012,0.601338,146.652802,0.104573,1.000000,0.000000,0.000000,0.000000,0.000000,0.000000,0.000000,0.000000,0.000000,0.000000,0.000000,0.000000,0.000000,0.000000,0.000000,0.000000,0.000000,0.000000,0.000000
D1-P042-S1-L5500,RHU175_SEMIQUANT_V1,train,5500,Urobilinogen:16,Urobilinogen:16,,,Urobilinogen,16,RHU175_SEMIQUANT_V1_2026-05-03T13-28-39.zip,1,1,0,,147.189606,0.094072,1.000000,147.391998,0.094323,0.992002,206.617599,0.075012,0.601338,146.652802,0.104573,1.000000,0.000000,0.000000,0.000000,0.000000,0.000000,0.000000,0.000000,0.000000,0.000000,0.000000,0.000000,0.000000,0.000000,0.000000,0.000000,0.000000,0.000000,0.000000
D1-P042-S1-L5500,RHU175_SEMIQUANT_V1,train,5500,Protein:Trace,Protein:Trace,,,Protein,Trace,RHU175_SEMIQUANT_V1_2026-05-03T13-28-39.zip,1,1,0,,147.189606,0.094072,1.000000,147.391998,0.094323,0.992002,206.617599,0.075012,0.601338,146.652802,0.104573,1.000000,0.000000,0.000000,0.000000,0.000000,0.000000,0.000000,0.000000,0.000000,0.000000,0.000000,0.000000,0.000000,0.000000,0.000000,0.000000,0.000000,0.000000,0.000000
D1-P042-S1-L5500,RHU175_SEMIQUANT_V1,train,5500,pH:6.0,pH:6.0,,,pH,6.0,RHU175_SEMIQUANT_V1_2026-05-03T13-28-39.zip,1,1,0,,147.189606,0.094072,1.000000,147.391998,0.094323,0.992002,206.617599,0.075012,0.601338,146.652802,0.104573,1.000000,0.000000,0.000000,0.000000,0.000000,0.000000,0.000000,0.000000,0.000000,0.000000,0.000000,0.000000,0.000000,0.000000,0.000000,0.000000,0.000000,0.000000,0.000000
D1-P042-S1-L5500,RHU175_SEMIQUANT_V1,train,5500,Blood:Neg,Blood:Neg,,,Blood,Neg,RHU175_SEMIQUANT_V1_2026-05-03T13-28-39.zip,1,1,0,,147.189606,0.094072,1.000000,147.391998,0.094323,0.992002,206.617599,0.075012,0.601338,146.652802,0.104573,1.000000,0.000000,0.000000,0.000000,0.000000,0.000000,0.000000,0.000000,0.000000,0.000000,0.000000,0.000000,0.000000,0.000000,0.000000,0.000000,0.000000,0.000000,0.000000
D1-P042-S1-L5500,RHU175_SEMIQUANT_V1,train,5500,Specific Gravity:1.025,Specific Gravity:1.025,,,Specific Gravity,1.025,RHU175_SEMIQUANT_V1_2026-05-03T13-28-39.zip,1,1,0,,147.189606,0.094072,1.000000,147.391998,0.094323,0.992002,206.617599,0.075012,0.601338,146.652802,0.104573,1.000000,0.000000,0.000000,0.000000,0.000000,0.000000,0.000000,0.000000,0.000000,0.000000,0.000000,0.000000,0.000000,0.000000,0.000000,0.000000,0.000000,0.000000,0.000000
D1-P042-S1-L5500,RHU175_SEMIQUANT_V1,train,5500,Ketone:Neg,Ketone:Neg,,,Ketone,Neg,RHU175_SEMIQUANT_V1_2026-05-03T13-28-39.zip,1,1,0,,147.189606,0.094072,1.000000,147.391998,0.094323,0.992002,206.617599,0.075012,0.601338,146.652802,0.104573,1.000000,0.000000,0.000000,0.000000,0.000000,0.000000,0.000000,0.000000,0.000000,0.000000,0.000000,0.000000,0.000000,0.000000,0.000000,0.000000,0.000000,0.000000,0.000000
D1-P042-S1-L5500,RHU175_SEMIQUANT_V1,train,5500,Bilirubin:Small 17,Bilirubin:Small 17,,,Bilirubin,Small 17,RHU175_SEMIQUANT_V1_2026-05-03T13-28-39.zip,1,1,0,,147.189606,0.094072,1.000000,147.391998,0.094323,0.992002,206.617599,0.075012,0.601338,146.652802,0.104573,1.000000,0.000000,0.000000,0.000000,0.000000,0.000000,0.000000,0.000000,0.000000,0.000000,0.000000,0.000000,0.000000,0.000000,0.000000,0.000000,0.000000,0.000000,0.000000
D1-P042-S1-L5500,RHU175_SEMIQUANT_V1,train,5500,Glucose:Neg,Glucose:Neg,,,Glucose,Neg,RHU175_SEMIQUANT_V1_2026-05-03T13-28-39.zip,1,1,0,,147.189606,0.094072,1.000000,147.391998,0.094323,0.992002,206.617599,0.075012,0.601338,146.652802,0.104573,1.000000,0.000000,0.000000,0.000000,0.000000,0.000000,0.000000,0.000000,0.000000,0.000000,0.000000,0.000000,0.000000,0.000000,0.000000,0.000000,0.000000,0.000000,0.000000
D1-P043-S1-L2700,RHU175_SEMIQUANT_V1,val,2700,Leukocytes:Neg,Leukocytes:Neg,,,Leukocytes,Neg,RHU175_SEMIQUANT_V1_2026-05-03T13-28-39.zip,1,1,0,,180.000000,0.091972,1.000000,180.000000,0.091594,1.000000,180.000000,0.089981,1.000000,180.000000,0.097906,1.000000,180.000000,0.090601,1.000000,180.000000,0.091115,1.000000,180.000000,0.082168,1.000000,180.000000,0.080326,1.000000,8.732800,0.012375,0.026441,0.000000,0.000000,0.000000
D1-P043-S1-L2700,RHU175_SEMIQUANT_V1,val,2700,Nitrite:Neg,Nitrite:Neg,,,Nitrite,Neg,RHU175_SEMIQUANT_V1_2026-05-03T13-28-39.zip,1,1,0,,180.000000,0.091972,1.000000,180.000000,0.091594,1.000000,180.000000,0.089981,1.000000,180.000000,0.097906,1.000000,180.000000,0.090601,1.000000,180.000000,0.091115,1.000000,180.000000,0.082168,1.000000,180.000000,0.080326,1.000000,8.732800,0.012375,0.026441,0.000000,0.000000,0.000000
D1-P043-S1-L2700,RHU175_SEMIQUANT_V1,val,2700,Urobilinogen:16,Urobilinogen:16,,,Urobilinogen,16,RHU175_SEMIQUANT_V1_2026-05-03T13-28-39.zip,1,1,0,,180.000000,0.091972,1.000000,180.000000,0.091594,1.000000,180.000000,0.089981,1.000000,180.000000,0.097906,1.000000,180.000000,0.090601,1.000000,180.000000,0.091115,1.000000,180.000000,0.082168,1.000000,180.000000,0.080326,1.000000,8.732800,0.012375,0.026441,0.000000,0.000000,0.000000
D1-P043-S1-L2700,RHU175_SEMIQUANT_V1,val,2700,Protein:Neg,Protein:Neg,,,Protein,Neg,RHU175_SEMIQUANT_V1_2026-05-03T13-28-39.zip,1,1,0,,180.000000,0.091972,1.000000,180.000000,0.091594,1.000000,180.000000,0.089981,1.000000,180.000000,0.097906,1.000000,180.000000,0.090601,1.000000,180.000000,0.091115,1.000000,180.000000,0.082168,1.000000,180.000000,0.080326,1.000000,8.732800,0.012375,0.026441,0.000000,0.000000,0.000000
D1-P043-S1-L2700,RHU175_SEMIQUANT_V1,val,2700,pH:6.0,pH:6.0,,,pH,6.0,RHU175_SEMIQUANT_V1_2026-05-03T13-28-39.zip,1,1,0,,180.000000,0.091972,1.000000,180.000000,0.091594,1.000000,180.000000,0.089981,1.000000,180.000000,0.097906,1.000000,180.000000,0.090601,1.000000,180.000000,0.091115,1.000000,180.000000,0.082168,1.000000,180.000000,0.080326,1.000000,8.732800,0.012375,0.026441,0.000000,0.000000,0.000000
D1-P043-S1-L2700,RHU175_SEMIQUANT_V1,val,2700,Blood:Neg,Blood:Neg,,,Blood,Neg,RHU175_SEMIQUANT_V1_2026-05-03T13-28-39.zip,1,1,0,,180.000000,0.091972,1.000000,180.000000,0.091594,1.000000,180.000000,0.089981,1.000000,180.000000,0.097906,1.000000,180.000000,0.090601,1.000000,180.000000,0.091115,1.000000,180.000000,0.082168,1.000000,180.000000,0.080326,1.000000,8.732800,0.012375,0.026441,0.000000,0.000000,0.000000
D1-P043-S1-L2700,RHU175_SEMIQUANT_V1,val,2700,Specific Gravity:1.025,Specific Gravity:1.025,,,Specific Gravity,1.025,RHU175_SEMIQUANT_V1_2026-05-03T13-28-39.zip,1,1,0,,180.000000,0.091972,1.000000,180.000000,0.091594,1.000000,180.000000,0.089981,1.000000,180.000000,0.097906,1.000000,180.000000,0.090601,1.000000,180.000000,0.091115,1.000000,180.000000,0.082168,1.000000,180.000000,0.080326,1.000000,8.732800,0.012375,0.026441,0.000000,0.000000,0.000000
D1-P043-S1-L2700,RHU175_SEMIQUANT_V1,val,2700,Ketone:Neg,Ketone:Neg,,,Ketone,Neg,RHU175_SEMIQUANT_V1_2026-05-03T13-28-39.zip,1,1,0,,180.000000,0.091972,1.000000,180.000000,0.091594,1.000000,180.000000,0.089981,1.000000,180.000000,0.097906,1.000000,180.000000,0.090601,1.000000,180.000000,0.091115,1.000000,180.000000,0.082168,1.000000,180.000000,0.080326,1.000000,8.732800,0.012375,0.026441,0.000000,0.000000,0.000000
D1-P043-S1-L2700,RHU175_SEMIQUANT_V1,val,2700,Bilirubin:Neg,Bilirubin:Neg,,,Bilirubin,Neg,RHU175_SEMIQUANT_V1_2026-05-03T13-28-39.zip,1,1,0,,180.000000,0.091972,1.000000,180.000000,0.091594,1.000000,180.000000,0.089981,1.000000,180.000000,0.097906,1.000000,180.000000,0.090601,1.000000,180.000000,0.091115,1.000000,180.000000,0.082168,1.000000,180.000000,0.080326,1.000000,8.732800,0.012375,0.026441,0.000000,0.000000,0.000000
D1-P043-S1-L2700,RHU175_SEMIQUANT_V1,val,2700,Glucose:Neg,Glucose:Neg,,,Glucose,Neg,RHU175_SEMIQUANT_V1_2026-05-03T13-28-39.zip,1,1,0,,180.000000,0.091972,1.000000,180.000000,0.091594,1.000000,180.000000,0.089981,1.000000,180.000000,0.097906,1.000000,180.000000,0.090601,1.000000,180.000000,0.091115,1.000000,180.000000,0.082168,1.000000,180.000000,0.080326,1.000000,8.732800,0.012375,0.026441,0.000000,0.000000,0.000000
D1-P044-S1-L2700,RHU175_SEMIQUANT_V1,val,2700,Leukocytes:Neg,Leukocytes:Neg,,,Leukocytes,Neg,RHU175_SEMIQUANT_V1_2026-05-03T13-28-39.zip,1,1,0,,223.530396,0.110952,0.889001,222.448807,0.119570,0.943939,219.053604,0.126560,0.997192,212.823196,0.101667,0.968963,143.858398,0.062631,0.904770,86.171204,0.056935,0.825482,45.742401,0.049100,0.771890,46.949600,0.033228,0.776119,49.307201,0.030579,0.778973,49.179199,0.029976,0.779663
D1-P044-S1-L2700,RHU175_SEMIQUANT_V1,val,2700,Nitrite:Neg,Nitrite:Neg,,,Nitrite,Neg,RHU175_SEMIQUANT_V1_2026-05-03T13-28-39.zip,1,1,0,,223.530396,0.110952,0.889001,222.448807,0.119570,0.943939,219.053604,0.126560,0.997192,212.823196,0.101667,0.968963,143.858398,0.062631,0.904770,86.171204,0.056935,0.825482,45.742401,0.049100,0.771890,46.949600,0.033228,0.776119,49.307201,0.030579,0.778973,49.179199,0.029976,0.779663
D1-P044-S1-L2700,RHU175_SEMIQUANT_V1,val,2700,Urobilinogen:16,Urobilinogen:16,,,Urobilinogen,16,RHU175_SEMIQUANT_V1_2026-05-03T13-28-39.zip,1,1,0,,223.530396,0.110952,0.889001,222.448807,0.119570,0.943939,219.053604,0.126560,0.997192,212.823196,0.101667,0.968963,143.858398,0.062631,0.904770,86.171204,0.056935,0.825482,45.742401,0.049100,0.771890,46.949600,0.033228,0.776119,49.307201,0.030579,0.778973,49.179199,0.029976,0.779663
D1-P044-S1-L2700,RHU175_SEMIQUANT_V1,val,2700,Protein:Neg,Protein:Neg,,,Protein,Neg,RHU175_SEMIQUANT_V1_2026-05-03T13-28-39.zip,1,1,0,,223.530396,0.110952,0.889001,222.448807,0.119570,0.943939,219.053604,0.126560,0.997192,212.823196,0.101667,0.968963,143.858398,0.062631,0.904770,86.171204,0.056935,0.825482,45.742401,0.049100,0.771890,46.949600,0.033228,0.776119,49.307201,0.030579,0.778973,49.179199,0.029976,0.779663
D1-P044-S1-L2700,RHU175_SEMIQUANT_V1,val,2700,pH:6.5,pH:6.5,,,pH,6.5,RHU175_SEMIQUANT_V1_2026-05-03T13-28-39.zip,1,1,0,,223.530396,0.110952,0.889001,222.448807,0.119570,0.943939,219.053604,0.126560,0.997192,212.823196,0.101667,0.968963,143.858398,0.062631,0.904770,86.171204,0.056935,0.825482,45.742401,0.049100,0.771890,46.949600,0.033228,0.776119,49.307201,0.030579,0.778973,49.179199,0.029976,0.779663
D1-P044-S1-L2700,RHU175_SEMIQUANT_V1,val,2700,Blood:Neg,Blood:Neg,,,Blood,Neg,RHU175_SEMIQUANT_V1_2026-05-03T13-28-39.zip,1,1,0,,223.530396,0.110952,0.889001,222.448807,0.119570,0.943939,219.053604,0.126560,0.997192,212.823196,0.101667,0.968963,143.858398,0.062631,0.904770,86.171204,0.056935,0.825482,45.742401,0.049100,0.771890,46.949600,0.033228,0.776119,49.307201,0.030579,0.778973,49.179199,0.029976,0.779663
D1-P044-S1-L2700,RHU175_SEMIQUANT_V1,val,2700,Specific Gravity:1.015,Specific Gravity:1.015,,,Specific Gravity,1.015,RHU175_SEMIQUANT_V1_2026-05-03T13-28-39.zip,1,1,0,,223.530396,0.110952,0.889001,222.448807,0.119570,0.943939,219.053604,0.126560,0.997192,212.823196,0.101667,0.968963,143.858398,0.062631,0.904770,86.171204,0.056935,0.825482,45.742401,0.049100,0.771890,46.949600,0.033228,0.776119,49.307201,0.030579,0.778973,49.179199,0.029976,0.779663
D1-P044-S1-L2700,RHU175_SEMIQUANT_V1,val,2700,Ketone:Neg,Ketone:Neg,,,Ketone,Neg,RHU175_SEMIQUANT_V1_2026-05-03T13-28-39.zip,1,1,0,,223.530396,0.110952,0.889001,222.448807,0.119570,0.943939,219.053604,0.126560,0.997192,212.823196,0.101667,0.968963,143.858398,0.062631,0.904770,86.171204,0.056935,0.825482,45.742401,0.049100,0.771890,46.949600,0.033228,0.776119,49.307201,0.030579,0.778973,49.179199,0.029976,0.779663
D1-P044-S1-L2700,RHU175_SEMIQUANT_V1,val,2700,Bilirubin:Neg,Bilirubin:Neg,,,Bilirubin,Neg,RHU175_SEMIQUANT_V1_2026-05-03T13-28-39.zip,1,1,0,,223.530396,0.110952,0.889001,222.448807,0.119570,0.943939,219.053604,0.126560,0.997192,212.823196,0.101667,0.968963,143.858398,0.062631,0.904770,86.171204,0.056935,0.825482,45.742401,0.049100,0.771890,46.949600,0.033228,0.776119,49.307201,0.030579,0.778973,49.179199,0.029976,0.779663
D1-P044-S1-L2700,RHU175_SEMIQUANT_V1,val,2700,Glucose:Neg,Glucose:Neg,,,Glucose,Neg,RHU175_SEMIQUANT_V1_2026-05-03T13-28-39.zip,1,1,0,,223.530396,0.110952,0.889001,222.448807,0.119570,0.943939,219.053604,0.126560,0.997192,212.823196,0.101667,0.968963,143.858398,0.062631,0.904770,86.171204,0.056935,0.825482,45.742401,0.049100,0.771890,46.949600,0.033228,0.776119,49.307201,0.030579,0.778973,49.179199,0.029976,0.779663
D1-P044-S1-L4000,RHU175_SEMIQUANT_V1,val,4000,Leukocytes:Neg,Leukocytes:Neg,,,Leukocytes,Neg,RHU175_SEMIQUANT_V1_2026-05-03T13-28-39.zip,1,1,0,,39.668800,0.002107,0.760626,136.175995,0.002458,0.754166,37.876801,0.003114,0.759562,36.568802,0.013539,0.768965,101.919197,0.024936,0.793238,207.987198,0.032100,0.886078,320.661591,0.035542,0.980872,333.279205,0.030982,0.984794,332.069611,0.028990,0.980507,329.557587,0.029741,0.976265
D1-P044-S1-L4000,RHU175_SEMIQUANT_V1,val,4000,Nitrite:Neg,Nitrite:Neg,,,Nitrite,Neg,RHU175_SEMIQUANT_V1_2026-05-03T13-28-39.zip,1,1,0,,39.668800,0.002107,0.760626,136.175995,0.002458,0.754166,37.876801,0.003114,0.759562,36.568802,0.013539,0.768965,101.919197,0.024936,0.793238,207.987198,0.032100,0.886078,320.661591,0.035542,0.980872,333.279205,0.030982,0.984794,332.069611,0.028990,0.980507,329.557587,0.029741,0.976265
D1-P044-S1-L4000,RHU175_SEMIQUANT_V1,val,4000,Urobilinogen:16,Urobilinogen:16,,,Urobilinogen,16,RHU175_SEMIQUANT_V1_2026-05-03T13-28-39.zip,1,1,0,,39.668800,0.002107,0.760626,136.175995,0.002458,0.754166,37.876801,0.003114,0.759562,36.568802,0.013539,0.768965,101.919197,0.024936,0.793238,207.987198,0.032100,0.886078,320.661591,0.035542,0.980872,333.279205,0.030982,0.984794,332.069611,0.028990,0.980507,329.557587,0.029741,0.976265
D1-P044-S1-L4000,RHU175_SEMIQUANT_V1,val,4000,Protein:Neg,Protein:Neg,,,Protein,Neg,RHU175_SEMIQUANT_V1_2026-05-03T13-28-39.zip,1,1,0,,39.668800,0.002107,0.760626,136.175995,0.002458,0.754166,37.876801,0.003114,0.759562,36.568802,0.013539,0.768965,101.919197,0.024936,0.793238,207.987198,0.032100,0.886078,320.661591,0.035542,0.980872,333.279205,0.030982,0.984794,332.069611,0.028990,0.980507,329.557587,0.029741,0.976265
D1-P044-S1-L4000,RHU175_SEMIQUANT_V1,val,4000,pH:6.5,pH:6.5,,,pH,6.5,RHU175_SEMIQUANT_V1_2026-05-03T13-28-39.zip,1,1,0,,39.668800,0.002107,0.760626,136.175995,0.002458,0.754166,37.876801,0.003114,0.759562,36.568802,0.013539,0.768965,101.919197,0.024936,0.793238,207.987198,0.032100,0.886078,320.661591,0.035542,0.980872,333.279205,0.030982,0.984794,332.069611,0.028990,0.980507,329.557587,0.029741,0.976265
D1-P044-S1-L4000,RHU175_SEMIQUANT_V1,val,4000,Blood:Neg,Blood:Neg,,,Blood,Neg,RHU175_SEMIQUANT_V1_2026-05-03T13-28-39.zip,1,1,0,,39.668800,0.002107,0.760626,136.175995,0.002458,0.754166,37.876801,0.003114,0.759562,36.568802,0.013539,0.768965,101.919197,0.024936,0.793238,207.987198,0.032100,0.886078,320.661591,0.035542,0.980872,333.279205,0.030982,0.984794,332.069611,0.028990,0.980507,329.557587,0.029741,0.976265
D1-P044-S1-L4000,RHU175_SEMIQUANT_V1,val,4000,Specific Gravity:1.015,Specific Gravity:1.015,,,Specific Gravity,1.015,RHU175_SEMIQUANT_V1_2026-05-03T13-28-39.zip,1,1,0,,39.668800,0.002107,0.760626,136.175995,0.002458,0.754166,37.876801,0.003114,0.759562,36.568802,0.013539,0.768965,101.919197,0.024936,0.793238,207.987198,0.032100,0.886078,320.661591,0.035542,0.980872,333.279205,0.030982,0.984794,332.069611,0.028990,0.980507,329.557587,0.029741,0.976265
D1-P044-S1-L4000,RHU175_SEMIQUANT_V1,val,4000,Ketone:Neg,Ketone:Neg,,,Ketone,Neg,RHU175_SEMIQUANT_V1_2026-05-03T13-28-39.zip,1,1,0,,39.668800,0.002107,0.760626,136.175995,0.002458,0.754166,37.876801,0.003114,0.759562,36.568802,0.013539,0.768965,101.919197,0.024936,0.793238,207.987198,0.032100,0.886078,320.661591,0.035542,0.980872,333.279205,0.030982,0.984794,332.069611,0.028990,0.980507,329.557587,0.029741,0.976265
D1-P044-S1-L4000,RHU175_SEMIQUANT_V1,val,4000,Bilirubin:Neg,Bilirubin:Neg,,,Bilirubin,Neg,RHU175_SEMIQUANT_V1_2026-05-03T13-28-39.zip,1,1,0,,39.668800,0.002107,0.760626,136.175995,0.002458,0.754166,37.876801,0.003114,0.759562,36.568802,0.013539,0.768965,101.919197,0.024936,0.793238,207.987198,0.032100,0.886078,320.661591,0.035542,0.980872,333.279205,0.030982,0.984794,332.069611,0.028990,0.980507,329.557587,0.029741,0.976265
D1-P044-S1-L4000,RHU175_SEMIQUANT_V1,val,4000,Glucose:Neg,Glucose:Neg,,,Glucose,Neg,RHU175_SEMIQUANT_V1_2026-05-03T13-28-39.zip,1,1,0,,39.668800,0.002107,0.760626,136.175995,0.002458,0.754166,37.876801,0.003114,0.759562,36.568802,0.013539,0.768965,101.919197,0.024936,0.793238,207.987198,0.032100,0.886078,320.661591,0.035542,0.980872,333.279205,0.030982,0.984794,332.069611,0.028990,0.980507,329.557587,0.029741,0.976265
D1-P045-S1-L2700,RHU175_SEMIQUANT_V1,val,2700,Leukocytes:Neg,Leukocytes:Neg,,,Leukocytes,Neg,RHU175_SEMIQUANT_V1_2026-05-03T13-28-39.zip,1,1,0,,180.000000,0.041520,1.000000,180.000000,0.040130,1.000000,182.291199,0.086162,0.976353,160.698395,0.054088,0.872593,0.000000,0.000000,0.000000,0.000000,0.000000,0.000000,0.000000,0.000000,0.000000,0.000000,0.000000,0.000000,0.000000,0.000000,0.000000,0.000000,0.000000,0.000000
D1-P045-S1-L2700,RHU175_SEMIQUANT_V1,val,2700,Nitrite:Neg,Nitrite:Neg,,,Nitrite,Neg,RHU175_SEMIQUANT_V1_2026-05-03T13-28-39.zip,1,1,0,,180.000000,0.041520,1.000000,180.000000,0.040130,1.000000,182.291199,0.086162,0.976353,160.698395,0.054088,0.872593,0.000000,0.000000,0.000000,0.000000,0.000000,0.000000,0.000000,0.000000,0.000000,0.000000,0.000000,0.000000,0.000000,0.000000,0.000000,0.000000,0.000000,0.000000
D1-P045-S1-L2700,RHU175_SEMIQUANT_V1,val,2700,Urobilinogen:16,Urobilinogen:16,,,Urobilinogen,16,RHU175_SEMIQUANT_V1_2026-05-03T13-28-39.zip,1,1,0,,180.000000,0.041520,1.000000,180.000000,0.040130,1.000000,182.291199,0.086162,0.976353,160.698395,0.054088,0.872593,0.000000,0.000000,0.000000,0.000000,0.000000,0.000000,0.000000,0.000000,0.000000,0.000000,0.000000,0.000000,0.000000,0.000000,0.000000,0.000000,0.000000,0.000000
D1-P045-S1-L2700,RHU175_SEMIQUANT_V1,val,2700,Protein:Trace,Protein:Trace,,,Protein,Trace,RHU175_SEMIQUANT_V1_2026-05-03T13-28-39.zip,1,1,0,,180.000000,0.041520,1.000000,180.000000,0.040130,1.000000,182.291199,0.086162,0.976353,160.698395,0.054088,0.872593,0.000000,0.000000,0.000000,0.000000,0.000000,0.000000,0.000000,0.000000,0.000000,0.000000,0.000000,0.000000,0.000000,0.000000,0.000000,0.000000,0.000000,0.000000
D1-P045-S1-L2700,RHU175_SEMIQUANT_V1,val,2700,pH:5.0,pH:5.0,,,pH,5.0,RHU175_SEMIQUANT_V1_2026-05-03T13-28-39.zip,1,1,0,,180.000000,0.041520,1.000000,180.000000,0.040130,1.000000,182.291199,0.086162,0.976353,160.698395,0.054088,0.872593,0.000000,0.000000,0.000000,0.000000,0.000000,0.000000,0.000000,0.000000,0.000000,0.000000,0.000000,0.000000,0.000000,0.000000,0.000000,0.000000,0.000000,0.000000
D1-P045-S1-L2700,RHU175_SEMIQUANT_V1,val,2700,Blood:Neg,Blood:Neg,,,Blood,Neg,RHU175_SEMIQUANT_V1_2026-05-03T13-28-39.zip,1,1,0,,180.000000,0.041520,1.000000,180.000000,0.040130,1.000000,182.291199,0.086162,0.976353,160.698395,0.054088,0.872593,0.000000,0.000000,0.000000,0.000000,0.000000,0.000000,0.000000,0.000000,0.000000,0.000000,0.000000,0.000000,0.000000,0.000000,0.000000,0.000000,0.000000,0.000000
D1-P045-S1-L2700,RHU175_SEMIQUANT_V1,val,2700,Specific Gravity:1.030,Specific Gravity:1.030,,,Specific Gravity,1.030,RHU175_SEMIQUANT_V1_2026-05-03T13-28-39.zip,1,1,0,,180.000000,0.041520,1.000000,180.000000,0.040130,1.000000,182.291199,0.086162,0.976353,160.698395,0.054088,0.872593,0.000000,0.000000,0.000000,0.000000,0.000000,0.000000,0.000000,0.000000,0.000000,0.000000,0.000000,0.000000,0.000000,0.000000,0.000000,0.000000,0.000000,0.000000
D1-P045-S1-L2700,RHU175_SEMIQUANT_V1,val,2700,Ketone:Trace 0.5,Ketone:Trace 0.5,,,Ketone,Trace 0.5,RHU175_SEMIQUANT_V1_2026-05-03T13-28-39.zip,1,1,0,,180.000000,0.041520,1.000000,180.000000,0.040130,1.000000,182.291199,0.086162,0.976353,160.698395,0.054088,0.872593,0.000000,0.000000,0.000000,0.000000,0.000000,0.000000,0.000000,0.000000,0.000000,0.000000,0.000000,0.000000,0.000000,0.000000,0.000000,0.000000,0.000000,0.000000
D1-P045-S1-L2700,RHU175_SEMIQUANT_V1,val,2700,Bilirubin:Small 17,Bilirubin:Small 17,,,Bilirubin,Small 17,RHU175_SEMIQUANT_V1_2026-05-03T13-28-39.zip,1,1,0,,180.000000,0.041520,1.000000,180.000000,0.040130,1.000000,182.291199,0.086162,0.976353,160.698395,0.054088,0.872593,0.000000,0.000000,0.000000,0.000000,0.000000,0.000000,0.000000,0.000000,0.000000,0.000000,0.000000,0.000000,0.000000,0.000000,0.000000,0.000000,0.000000,0.000000
D1-P045-S1-L2700,RHU175_SEMIQUANT_V1,val,2700,Glucose:Neg,Glucose:Neg,,,Glucose,Neg,RHU175_SEMIQUANT_V1_2026-05-03T13-28-39.zip,1,1,0,,180.000000,0.041520,1.000000,180.000000,0.040130,1.000000,182.291199,0.086162,0.976353,160.698395,0.054088,0.872593,0.000000,0.000000,0.000000,0.000000,0.000000,0.000000,0.000000,0.000000,0.000000,0.000000,0.000000,0.000000,0.000000,0.000000,0.000000,0.000000,0.000000,0.000000
D1-P045-S1-L4000,RHU175_SEMIQUANT_V1,val,4000,Leukocytes:Neg,Leukocytes:Neg,,,Leukocytes,Neg,RHU175_SEMIQUANT_V1_2026-05-03T13-28-39.zip,1,1,0,,9.468800,0.001944,1.000000,158.628799,0.059598,0.598099,52.799999,0.025351,1.000000,13.083200,0.013198,0.360249,0.000000,0.000000,0.000000,0.000000,0.000000,0.000000,0.000000,0.000000,0.000000,0.000000,0.000000,0.000000,0.000000,0.000000,0.000000,0.000000,0.000000,0.000000
D1-P045-S1-L4000,RHU175_SEMIQUANT_V1,val,4000,Nitrite:Neg,Nitrite:Neg,,,Nitrite,Neg,RHU175_SEMIQUANT_V1_2026-05-03T13-28-39.zip,1,1,0,,9.468800,0.001944,1.000000,158.628799,0.059598,0.598099,52.799999,0.025351,1.000000,13.083200,0.013198,0.360249,0.000000,0.000000,0.000000,0.000000,0.000000,0.000000,0.000000,0.000000,0.000000,0.000000,0.000000,0.000000,0.000000,0.000000,0.000000,0.000000,0.000000,0.000000
D1-P045-S1-L4000,RHU175_SEMIQUANT_V1,val,4000,Urobilinogen:16,Urobilinogen:16,,,Urobilinogen,16,RHU175_SEMIQUANT_V1_2026-05-03T13-28-39.zip,1,1,0,,9.468800,0.001944,1.000000,158.628799,0.059598,0.598099,52.799999,0.025351,1.000000,13.083200,0.013198,0.360249,0.000000,0.000000,0.000000,0.000000,0.000000,0.000000,0.000000,0.000000,0.000000,0.000000,0.000000,0.000000,0.000000,0.000000,0.000000,0.000000,0.000000,0.000000
D1-P045-S1-L4000,RHU175_SEMIQUANT_V1,val,4000,Protein:Trace,Protein:Trace,,,Protein,Trace,RHU175_SEMIQUANT_V1_2026-05-03T13-28-39.zip,1,1,0,,9.468800,0.001944,1.000000,158.628799,0.059598,0.598099,52.799999,0.025351,1.000000,13.083200,0.013198,0.360249,0.000000,0.000000,0.000000,0.000000,0.000000,0.000000,0.000000,0.000000,0.000000,0.000000,0.000000,0.000000,0.000000,0.000000,0.000000,0.000000,0.000000,0.000000
D1-P045-S1-L4000,RHU175_SEMIQUANT_V1,val,4000,pH:5.0,pH:5.0,,,pH,5.0,RHU175_SEMIQUANT_V1_2026-05-03T13-28-39.zip,1,1,0,,9.468800,0.001944,1.000000,158.628799,0.059598,0.598099,52.799999,0.025351,1.000000,13.083200,0.013198,0.360249,0.000000,0.000000,0.000000,0.000000,0.000000,0.000000,0.000000,0.000000,0.000000,0.000000,0.000000,0.000000,0.000000,0.000000,0.000000,0.000000,0.000000,0.000000
D1-P045-S1-L4000,RHU175_SEMIQUANT_V1,val,4000,Blood:Neg,Blood:Neg,,,Blood,Neg,RHU175_SEMIQUANT_V1_2026-05-03T13-28-39.zip,1,1,0,,9.468800,0.001944,1.000000,158.628799,0.059598,0.598099,52.799999,0.025351,1.000000,13.083200,0.013198,0.360249,0.000000,0.000000,0.000000,0.000000,0.000000,0.000000,0.000000,0.000000,0.000000,0.000000,0.000000,0.000000,0.000000,0.000000,0.000000,0.000000,0.000000,0.000000
D1-P045-S1-L4000,RHU175_SEMIQUANT_V1,val,4000,Specific Gravity:1.030,Specific Gravity:1.030,,,Specific Gravity,1.030,RHU175_SEMIQUANT_V1_2026-05-03T13-28-39.zip,1,1,0,,9.468800,0.001944,1.000000,158.628799,0.059598,0.598099,52.799999,0.025351,1.000000,13.083200,0.013198,0.360249,0.000000,0.000000,0.000000,0.000000,0.000000,0.000000,0.000000,0.000000,0.000000,0.000000,0.000000,0.000000,0.000000,0.000000,0.000000,0.000000,0.000000,0.000000
D1-P045-S1-L4000,RHU175_SEMIQUANT_V1,val,4000,Ketone:Trace 0.5,Ketone:Trace 0.5,,,Ketone,Trace 0.5,RHU175_SEMIQUANT_V1_2026-05-03T13-28-39.zip,1,1,0,,9.468800,0.001944,1.000000,158.628799,0.059598,0.598099,52.799999,0.025351,1.000000,13.083200,0.013198,0.360249,0.000000,0.000000,0.000000,0.000000,0.000000,0.000000,0.000000,0.000000,0.000000,0.000000,0.000000,0.000000,0.000000,0.000000,0.000000,0.000000,0.000000,0.000000
D1-P045-S1-L4000,RHU175_SEMIQUANT_V1,val,4000,Bilirubin:Small 17,Bilirubin:Small 17,,,Bilirubin,Small 17,RHU175_SEMIQUANT_V1_2026-05-03T13-28-39.zip,1,1,0,,9.468800,0.001944,1.000000,158.628799,0.059598,0.598099,52.799999,0.025351,1.000000,13.083200,0.013198,0.360249,0.000000,0.000000,0.000000,0.000000,0.000000,0.000000,0.000000,0.000000,0.000000,0.000000,0.000000,0.000000,0.000000,0.000000,0.000000,0.000000,0.000000,0.000000
D1-P045-S1-L4000,RHU175_SEMIQUANT_V1,val,4000,Glucose:Neg,Glucose:Neg,,,Glucose,Neg,RHU175_SEMIQUANT_V1_2026-05-03T13-28-39.zip,1,1,0,,9.468800,0.001944,1.000000,158.628799,0.059598,0.598099,52.799999,0.025351,1.000000,13.083200,0.013198,0.360249,0.000000,0.000000,0.000000,0.000000,0.000000,0.000000,0.000000,0.000000,0.000000,0.000000,0.000000,0.000000,0.000000,0.000000,0.000000,0.000000,0.000000,0.000000
D1-P046-S1-L2700,RHU175_SEMIQUANT_V1,train,2700,Leukocytes:Neg,Leukocytes:Neg,,,Leukocytes,Neg,RHU175_SEMIQUANT_V1_2026-05-03T13-28-39.zip,1,1,0,,199.502396,0.096590,0.750364,190.531998,0.133537,0.795895,180.000000,0.074502,1.000000,180.000000,0.064671,1.000000,180.000000,0.062990,1.000000,0.000000,0.000000,0.000000,0.000000,0.000000,0.000000,0.000000,0.000000,0.000000,0.000000,0.000000,0.000000,0.000000,0.000000,0.000000
D1-P046-S1-L2700,RHU175_SEMIQUANT_V1,train,2700,Nitrite:Neg,Nitrite:Neg,,,Nitrite,Neg,RHU175_SEMIQUANT_V1_2026-05-03T13-28-39.zip,1,1,0,,199.502396,0.096590,0.750364,190.531998,0.133537,0.795895,180.000000,0.074502,1.000000,180.000000,0.064671,1.000000,180.000000,0.062990,1.000000,0.000000,0.000000,0.000000,0.000000,0.000000,0.000000,0.000000,0.000000,0.000000,0.000000,0.000000,0.000000,0.000000,0.000000,0.000000
D1-P046-S1-L2700,RHU175_SEMIQUANT_V1,train,2700,Urobilinogen:3.2,Urobilinogen:3.2,,,Urobilinogen,3.2,RHU175_SEMIQUANT_V1_2026-05-03T13-28-39.zip,1,1,0,,199.502396,0.096590,0.750364,190.531998,0.133537,0.795895,180.000000,0.074502,1.000000,180.000000,0.064671,1.000000,180.000000,0.062990,1.000000,0.000000,0.000000,0.000000,0.000000,0.000000,0.000000,0.000000,0.000000,0.000000,0.000000,0.000000,0.000000,0.000000,0.000000,0.000000
D1-P046-S1-L2700,RHU175_SEMIQUANT_V1,train,2700,Protein:Trace,Protein:Trace,,,Protein,Trace,RHU175_SEMIQUANT_V1_2026-05-03T13-28-39.zip,1,1,0,,199.502396,0.096590,0.750364,190.531998,0.133537,0.795895,180.000000,0.074502,1.000000,180.000000,0.064671,1.000000,180.000000,0.062990,1.000000,0.000000,0.000000,0.000000,0.000000,0.000000,0.000000,0.000000,0.000000,0.000000,0.000000,0.000000,0.000000,0.000000,0.000000,0.000000
D1-P046-S1-L2700,RHU175_SEMIQUANT_V1,train,2700,pH:6.0,pH:6.0,,,pH,6.0,RHU175_SEMIQUANT_V1_2026-05-03T13-28-39.zip,1,1,0,,199.502396,0.096590,0.750364,190.531998,0.133537,0.795895,180.000000,0.074502,1.000000,180.000000,0.064671,1.000000,180.000000,0.062990,1.000000,0.000000,0.000000,0.000000,0.000000,0.000000,0.000000,0.000000,0.000000,0.000000,0.000000,0.000000,0.000000,0.000000,0.000000,0.000000
D1-P046-S1-L2700,RHU175_SEMIQUANT_V1,train,2700,Blood:Non-hemolyzed 10,Blood:Non-hemolyzed 10,,,Blood,Non-hemolyzed 10,RHU175_SEMIQUANT_V1_2026-05-03T13-28-39.zip,1,1,0,,199.502396,0.096590,0.750364,190.531998,0.133537,0.795895,180.000000,0.074502,1.000000,180.000000,0.064671,1.000000,180.000000,0.062990,1.000000,0.000000,0.000000,0.000000,0.000000,0.000000,0.000000,0.000000,0.000000,0.000000,0.000000,0.000000,0.000000,0.000000,0.000000,0.000000
D1-P046-S1-L2700,RHU175_SEMIQUANT_V1,train,2700,Specific Gravity:1.025,Specific Gravity:1.025,,,Specific Gravity,1.025,RHU175_SEMIQUANT_V1_2026-05-03T13-28-39.zip,1,1,0,,199.502396,0.096590,0.750364,190.531998,0.133537,0.795895,180.000000,0.074502,1.000000,180.000000,0.064671,1.000000,180.000000,0.062990,1.000000,0.000000,0.000000,0.000000,0.000000,0.000000,0.000000,0.000000,0.000000,0.000000,0.000000,0.000000,0.000000,0.000000,0.000000,0.000000
D1-P046-S1-L2700,RHU175_SEMIQUANT_V1,train,2700,Ketone:Neg,Ketone:Neg,,,Ketone,Neg,RHU175_SEMIQUANT_V1_2026-05-03T13-28-39.zip,1,1,0,,199.502396,0.096590,0.750364,190.531998,0.133537,0.795895,180.000000,0.074502,1.000000,180.000000,0.064671,1.000000,180.000000,0.062990,1.000000,0.000000,0.000000,0.000000,0.000000,0.000000,0.000000,0.000000,0.000000,0.000000,0.000000,0.000000,0.000000,0.000000,0.000000,0.000000
D1-P046-S1-L2700,RHU175_SEMIQUANT_V1,train,2700,Bilirubin:Small 17,Bilirubin:Small 17,,,Bilirubin,Small 17,RHU175_SEMIQUANT_V1_2026-05-03T13-28-39.zip,1,1,0,,199.502396,0.096590,0.750364,190.531998,0.133537,0.795895,180.000000,0.074502,1.000000,180.000000,0.064671,1.000000,180.000000,0.062990,1.000000,0.000000,0.000000,0.000000,0.000000,0.000000,0.000000,0.000000,0.000000,0.000000,0.000000,0.000000,0.000000,0.000000,0.000000,0.000000
D1-P046-S1-L2700,RHU175_SEMIQUANT_V1,train,2700,Glucose:Neg,Glucose:Neg,,,Glucose,Neg,RHU175_SEMIQUANT_V1_2026-05-03T13-28-39.zip,1,1,0,,199.502396,0.096590,0.750364,190.531998,0.133537,0.795895,180.000000,0.074502,1.000000,180.000000,0.064671,1.000000,180.000000,0.062990,1.000000,0.000000,0.000000,0.000000,0.000000,0.000000,0.000000,0.000000,0.000000,0.000000,0.000000,0.000000,0.000000,0.000000,0.000000,0.000000
D1-P046-S1-L4000,RHU175_SEMIQUANT_V1,train,4000,Leukocytes:Neg,Leukocytes:Neg,,,Leukocytes,Neg,RHU175_SEMIQUANT_V1_2026-05-03T13-28-39.zip,1,1,0,,140.435196,0.061200,0.596083,57.976799,0.049010,1.000000,55.368000,0.007269,1.000000,53.063999,0.005492,1.000000,42.343201,0.018238,0.906902,0.000000,0.000000,0.000000,0.000000,0.000000,0.000000,0.000000,0.000000,0.000000,0.000000,0.000000,0.000000,0.000000,0.000000,0.000000
D1-P046-S1-L4000,RHU175_SEMIQUANT_V1,train,4000,Nitrite:Neg,Nitrite:Neg,,,Nitrite,Neg,RHU175_SEMIQUANT_V1_2026-05-03T13-28-39.zip,1,1,0,,140.435196,0.061200,0.596083,57.976799,0.049010,1.000000,55.368000,0.007269,1.000000,53.063999,0.005492,1.000000,42.343201,0.018238,0.906902,0.000000,0.000000,0.000000,0.000000,0.000000,0.000000,0.000000,0.000000,0.000000,0.000000,0.000000,0.000000,0.000000,0.000000,0.000000
D1-P046-S1-L4000,RHU175_SEMIQUANT_V1,train,4000,Urobilinogen:3.2,Urobilinogen:3.2,,,Urobilinogen,3.2,RHU175_SEMIQUANT_V1_2026-05-03T13-28-39.zip,1,1,0,,140.435196,0.061200,0.596083,57.976799,0.049010,1.000000,55.368000,0.007269,1.000000,53.063999,0.005492,1.000000,42.343201,0.018238,0.906902,0.000000,0.000000,0.000000,0.000000,0.000000,0.000000,0.000000,0.000000,0.000000,0.000000,0.000000,0.000000,0.000000,0.000000,0.000000
D1-P046-S1-L4000,RHU175_SEMIQUANT_V1,train,4000,Protein:Trace,Protein:Trace,,,Protein,Trace,RHU175_SEMIQUANT_V1_2026-05-03T13-28-39.zip,1,1,0,,140.435196,0.061200,0.596083,57.976799,0.049010,1.000000,55.368000,0.007269,1.000000,53.063999,0.005492,1.000000,42.343201,0.018238,0.906902,0.000000,0.000000,0.000000,0.000000,0.000000,0.000000,0.000000,0.000000,0.000000,0.000000,0.000000,0.000000,0.000000,0.000000,0.000000
D1-P046-S1-L4000,RHU175_SEMIQUANT_V1,train,4000,pH:6.0,pH:6.0,,,pH,6.0,RHU175_SEMIQUANT_V1_2026-05-03T13-28-39.zip,1,1,0,,140.435196,0.061200,0.596083,57.976799,0.049010,1.000000,55.368000,0.007269,1.000000,53.063999,0.005492,1.000000,42.343201,0.018238,0.906902,0.000000,0.000000,0.000000,0.000000,0.000000,0.000000,0.000000,0.000000,0.000000,0.000000,0.000000,0.000000,0.000000,0.000000,0.000000
D1-P046-S1-L4000,RHU175_SEMIQUANT_V1,train,4000,Blood:Non-hemolyzed 10,Blood:Non-hemolyzed 10,,,Blood,Non-hemolyzed 10,RHU175_SEMIQUANT_V1_2026-05-03T13-28-39.zip,1,1,0,,140.435196,0.061200,0.596083,57.976799,0.049010,1.000000,55.368000,0.007269,1.000000,53.063999,0.005492,1.000000,42.343201,0.018238,0.906902,0.000000,0.000000,0.000000,0.000000,0.000000,0.000000,0.000000,0.000000,0.000000,0.000000,0.000000,0.000000,0.000000,0.000000,0.000000
D1-P046-S1-L4000,RHU175_SEMIQUANT_V1,train,4000,Specific Gravity:1.025,Specific Gravity:1.025,,,Specific Gravity,1.025,RHU175_SEMIQUANT_V1_2026-05-03T13-28-39.zip,1,1,0,,140.435196,0.061200,0.596083,57.976799,0.049010,1.000000,55.368000,0.007269,1.000000,53.063999,0.005492,1.000000,42.343201,0.018238,0.906902,0.000000,0.000000,0.000000,0.000000,0.000000,0.000000,0.000000,0.000000,0.000000,0.000000,0.000000,0.000000,0.000000,0.000000,0.000000
D1-P046-S1-L4000,RHU175_SEMIQUANT_V1,train,4000,Ketone:Neg,Ketone:Neg,,,Ketone,Neg,RHU175_SEMIQUANT_V1_2026-05-03T13-28-39.zip,1,1,0,,140.435196,0.061200,0.596083,57.976799,0.049010,1.000000,55.368000,0.007269,1.000000,53.063999,0.005492,1.000000,42.343201,0.018238,0.906902,0.000000,0.000000,0.000000,0.000000,0.000000,0.000000,0.000000,0.000000,0.000000,0.000000,0.000000,0.000000,0.000000,0.000000,0.000000
D1-P046-S1-L4000,RHU175_SEMIQUANT_V1,train,4000,Bilirubin:Small 17,Bilirubin:Small 17,,,Bilirubin,Small 17,RHU175_SEMIQUANT_V1_2026-05-03T13-28-39.zip,1,1,0,,140.435196,0.061200,0.596083,57.976799,0.049010,1.000000,55.368000,0.007269,1.000000,53.063999,0.005492,1.000000,42.343201,0.018238,0.906902,0.000000,0.000000,0.000000,0.000000,0.000000,0.000000,0.000000,0.000000,0.000000,0.000000,0.000000,0.000000,0.000000,0.000000,0.000000
D1-P046-S1-L4000,RHU175_SEMIQUANT_V1,train,4000,Glucose:Neg,Glucose:Neg,,,Glucose,Neg,RHU175_SEMIQUANT_V1_2026-05-03T13-28-39.zip,1,1,0,,140.435196,0.061200,0.596083,57.976799,0.049010,1.000000,55.368000,0.007269,1.000000,53.063999,0.005492,1.000000,42.343201,0.018238,0.906902,0.000000,0.000000,0.000000,0.000000,0.000000,0.000000,0.000000,0.000000,0.000000,0.000000,0.000000,0.000000,0.000000,0.000000,0.000000
D1-P046-S1-L5500,RHU175_SEMIQUANT_V1,train,5500,Leukocytes:Neg,Leukocytes:Neg,,,Leukocytes,Neg,RHU175_SEMIQUANT_V1_2026-05-03T13-28-39.zip,1,1,0,,203.543198,0.043165,0.509252,139.113602,0.146162,0.988921,149.168793,0.104831,1.000000,150.520004,0.107060,1.000000,125.884804,0.086122,0.808954,0.000000,0.000000,0.000000,0.000000,0.000000,0.000000,0.000000,0.000000,0.000000,0.000000,0.000000,0.000000,0.000000,0.000000,0.000000
D1-P046-S1-L5500,RHU175_SEMIQUANT_V1,train,5500,Nitrite:Neg,Nitrite:Neg,,,Nitrite,Neg,RHU175_SEMIQUANT_V1_2026-05-03T13-28-39.zip,1,1,0,,203.543198,0.043165,0.509252,139.113602,0.146162,0.988921,149.168793,0.104831,1.000000,150.520004,0.107060,1.000000,125.884804,0.086122,0.808954,0.000000,0.000000,0.000000,0.000000,0.000000,0.000000,0.000000,0.000000,0.000000,0.000000,0.000000,0.000000,0.000000,0.000000,0.000000
D1-P046-S1-L5500,RHU175_SEMIQUANT_V1,train,5500,Urobilinogen:3.2,Urobilinogen:3.2,,,Urobilinogen,3.2,RHU175_SEMIQUANT_V1_2026-05-03T13-28-39.zip,1,1,0,,203.543198,0.043165,0.509252,139.113602,0.146162,0.988921,149.168793,0.104831,1.000000,150.520004,0.107060,1.000000,125.884804,0.086122,0.808954,0.000000,0.000000,0.000000,0.000000,0.000000,0.000000,0.000000,0.000000,0.000000,0.000000,0.000000,0.000000,0.000000,0.000000,0.000000
D1-P046-S1-L5500,RHU175_SEMIQUANT_V1,train,5500,Protein:Trace,Protein:Trace,,,Protein,Trace,RHU175_SEMIQUANT_V1_2026-05-03T13-28-39.zip,1,1,0,,203.543198,0.043165,0.509252,139.113602,0.146162,0.988921,149.168793,0.104831,1.000000,150.520004,0.107060,1.000000,125.884804,0.086122,0.808954,0.000000,0.000000,0.000000,0.000000,0.000000,0.000000,0.000000,0.000000,0.000000,0.000000,0.000000,0.000000,0.000000,0.000000,0.000000
D1-P046-S1-L5500,RHU175_SEMIQUANT_V1,train,5500,pH:6.0,pH:6.0,,,pH,6.0,RHU175_SEMIQUANT_V1_2026-05-03T13-28-39.zip,1,1,0,,203.543198,0.043165,0.509252,139.113602,0.146162,0.988921,149.168793,0.104831,1.000000,150.520004,0.107060,1.000000,125.884804,0.086122,0.808954,0.000000,0.000000,0.000000,0.000000,0.000000,0.000000,0.000000,0.000000,0.000000,0.000000,0.000000,0.000000,0.000000,0.000000,0.000000
D1-P046-S1-L5500,RHU175_SEMIQUANT_V1,train,5500,Blood:Non-hemolyzed 10,Blood:Non-hemolyzed 10,,,Blood,Non-hemolyzed 10,RHU175_SEMIQUANT_V1_2026-05-03T13-28-39.zip,1,1,0,,203.543198,0.043165,0.509252,139.113602,0.146162,0.988921,149.168793,0.104831,1.000000,150.520004,0.107060,1.000000,125.884804,0.086122,0.808954,0.000000,0.000000,0.000000,0.000000,0.000000,0.000000,0.000000,0.000000,0.000000,0.000000,0.000000,0.000000,0.000000,0.000000,0.000000
D1-P046-S1-L5500,RHU175_SEMIQUANT_V1,train,5500,Specific Gravity:1.025,Specific Gravity:1.025,,,Specific Gravity,1.025,RHU175_SEMIQUANT_V1_2026-05-03T13-28-39.zip,1,1,0,,203.543198,0.043165,0.509252,139.113602,0.146162,0.988921,149.168793,0.104831,1.000000,150.520004,0.107060,1.000000,125.884804,0.086122,0.808954,0.000000,0.000000,0.000000,0.000000,0.000000,0.000000,0.000000,0.000000,0.000000,0.000000,0.000000,0.000000,0.000000,0.000000,0.000000
D1-P046-S1-L5500,RHU175_SEMIQUANT_V1,train,5500,Ketone:Neg,Ketone:Neg,,,Ketone,Neg,RHU175_SEMIQUANT_V1_2026-05-03T13-28-39.zip,1,1,0,,203.543198,0.043165,0.509252,139.113602,0.146162,0.988921,149.168793,0.104831,1.000000,150.520004,0.107060,1.000000,125.884804,0.086122,0.808954,0.000000,0.000000,0.000000,0.000000,0.000000,0.000000,0.000000,0.000000,0.000000,0.000000,0.000000,0.000000,0.000000,0.000000,0.000000
D1-P046-S1-L5500,RHU175_SEMIQUANT_V1,train,5500,Bilirubin:Small 17,Bilirubin:Small 17,,,Bilirubin,Small 17,RHU175_SEMIQUANT_V1_2026-05-03T13-28-39.zip,1,1,0,,203.543198,0.043165,0.509252,139.113602,0.146162,0.988921,149.168793,0.104831,1.000000,150.520004,0.107060,1.000000,125.884804,0.086122,0.808954,0.000000,0.000000,0.000000,0.000000,0.000000,0.000000,0.000000,0.000000,0.000000,0.000000,0.000000,0.000000,0.000000,0.000000,0.000000
D1-P046-S1-L5500,RHU175_SEMIQUANT_V1,train,5500,Glucose:Neg,Glucose:Neg,,,Glucose,Neg,RHU175_SEMIQUANT_V1_2026-05-03T13-28-39.zip,1,1,0,,203.543198,0.043165,0.509252,139.113602,0.146162,0.988921,149.168793,0.104831,1.000000,150.520004,0.107060,1.000000,125.884804,0.086122,0.808954,0.000000,0.000000,0.000000,0.000000,0.000000,0.000000,0.000000,0.000000,0.000000,0.000000,0.000000,0.000000,0.000000,0.000000,0.000000
D1-P047-S1-L4000,RHU175_SEMIQUANT_V1,train,4000,Leukocytes:Neg,Leukocytes:Neg,,,Leukocytes,Neg,RHU175_SEMIQUANT_V1_2026-05-03T13-28-39.zip,1,1,0,,188.182404,0.392557,0.369689,204.019196,0.427743,0.320055,182.759201,0.389333,0.371289,22.107201,0.053517,0.824064,17.407200,0.069465,0.887123,10.064000,0.078734,0.943912,12.165600,0.093492,0.993427,17.392799,0.063076,0.999961,51.605598,0.014965,1.000000,0.000000,0.000000,0.000000
D1-P047-S1-L4000,RHU175_SEMIQUANT_V1,train,4000,Nitrite:Neg,Nitrite:Neg,,,Nitrite,Neg,RHU175_SEMIQUANT_V1_2026-05-03T13-28-39.zip,1,1,0,,188.182404,0.392557,0.369689,204.019196,0.427743,0.320055,182.759201,0.389333,0.371289,22.107201,0.053517,0.824064,17.407200,0.069465,0.887123,10.064000,0.078734,0.943912,12.165600,0.093492,0.993427,17.392799,0.063076,0.999961,51.605598,0.014965,1.000000,0.000000,0.000000,0.000000
D1-P047-S1-L4000,RHU175_SEMIQUANT_V1,train,4000,Urobilinogen:3.2,Urobilinogen:3.2,,,Urobilinogen,3.2,RHU175_SEMIQUANT_V1_2026-05-03T13-28-39.zip,1,1,0,,188.182404,0.392557,0.369689,204.019196,0.427743,0.320055,182.759201,0.389333,0.371289,22.107201,0.053517,0.824064,17.407200,0.069465,0.887123,10.064000,0.078734,0.943912,12.165600,0.093492,0.993427,17.392799,0.063076,0.999961,51.605598,0.014965,1.000000,0.000000,0.000000,0.000000
D1-P047-S1-L4000,RHU175_SEMIQUANT_V1,train,4000,Protein:Neg,Protein:Neg,,,Protein,Neg,RHU175_SEMIQUANT_V1_2026-05-03T13-28-39.zip,1,1,0,,188.182404,0.392557,0.369689,204.019196,0.427743,0.320055,182.759201,0.389333,0.371289,22.107201,0.053517,0.824064,17.407200,0.069465,0.887123,10.064000,0.078734,0.943912,12.165600,0.093492,0.993427,17.392799,0.063076,0.999961,51.605598,0.014965,1.000000,0.000000,0.000000,0.000000
D1-P047-S1-L4000,RHU175_SEMIQUANT_V1,train,4000,pH:6.0,pH:6.0,,,pH,6.0,RHU175_SEMIQUANT_V1_2026-05-03T13-28-39.zip,1,1,0,,188.182404,0.392557,0.369689,204.019196,0.427743,0.320055,182.759201,0.389333,0.371289,22.107201,0.053517,0.824064,17.407200,0.069465,0.887123,10.064000,0.078734,0.943912,12.165600,0.093492,0.993427,17.392799,0.063076,0.999961,51.605598,0.014965,1.000000,0.000000,0.000000,0.000000
D1-P047-S1-L4000,RHU175_SEMIQUANT_V1,train,4000,Blood:Neg,Blood:Neg,,,Blood,Neg,RHU175_SEMIQUANT_V1_2026-05-03T13-28-39.zip,1,1,0,,188.182404,0.392557,0.369689,204.019196,0.427743,0.320055,182.759201,0.389333,0.371289,22.107201,0.053517,0.824064,17.407200,0.069465,0.887123,10.064000,0.078734,0.943912,12.165600,0.093492,0.993427,17.392799,0.063076,0.999961,51.605598,0.014965,1.000000,0.000000,0.000000,0.000000
D1-P047-S1-L4000,RHU175_SEMIQUANT_V1,train,4000,Specific Gravity:1.010,Specific Gravity:1.010,,,Specific Gravity,1.010,RHU175_SEMIQUANT_V1_2026-05-03T13-28-39.zip,1,1,0,,188.182404,0.392557,0.369689,204.019196,0.427743,0.320055,182.759201,0.389333,0.371289,22.107201,0.053517,0.824064,17.407200,0.069465,0.887123,10.064000,0.078734,0.943912,12.165600,0.093492,0.993427,17.392799,0.063076,0.999961,51.605598,0.014965,1.000000,0.000000,0.000000,0.000000
D1-P047-S1-L4000,RHU175_SEMIQUANT_V1,train,4000,Ketone:Neg,Ketone:Neg,,,Ketone,Neg,RHU175_SEMIQUANT_V1_2026-05-03T13-28-39.zip,1,1,0,,188.182404,0.392557,0.369689,204.019196,0.427743,0.320055,182.759201,0.389333,0.371289,22.107201,0.053517,0.824064,17.407200,0.069465,0.887123,10.064000,0.078734,0.943912,12.165600,0.093492,0.993427,17.392799,0.063076,0.999961,51.605598,0.014965,1.000000,0.000000,0.000000,0.000000
D1-P047-S1-L4000,RHU175_SEMIQUANT_V1,train,4000,Bilirubin:Neg,Bilirubin:Neg,,,Bilirubin,Neg,RHU175_SEMIQUANT_V1_2026-05-03T13-28-39.zip,1,1,0,,188.182404,0.392557,0.369689,204.019196,0.427743,0.320055,182.759201,0.389333,0.371289,22.107201,0.053517,0.824064,17.407200,0.069465,0.887123,10.064000,0.078734,0.943912,12.165600,0.093492,0.993427,17.392799,0.063076,0.999961,51.605598,0.014965,1.000000,0.000000,0.000000,0.000000
D1-P047-S1-L4000,RHU175_SEMIQUANT_V1,train,4000,Glucose:Neg,Glucose:Neg,,,Glucose,Neg,RHU175_SEMIQUANT_V1_2026-05-03T13-28-39.zip,1,1,0,,188.182404,0.392557,0.369689,204.019196,0.427743,0.320055,182.759201,0.389333,0.371289,22.107201,0.053517,0.824064,17.407200,0.069465,0.887123,10.064000,0.078734,0.943912,12.165600,0.093492,0.993427,17.392799,0.063076,0.999961,51.605598,0.014965,1.000000,0.000000,0.000000,0.000000
D1-P047-S1-L5500,RHU175_SEMIQUANT_V1,train,5500,Leukocytes:Neg,Leukocytes:Neg,,,Leukocytes,Neg,RHU175_SEMIQUANT_V1_2026-05-03T13-28-39.zip,1,1,0,,291.931213,0.242115,0.221859,288.060791,0.220893,0.279667,153.347198,0.023733,0.726602,139.078400,0.033922,0.774756,149.703201,0.051089,0.822212,143.455994,0.039412,0.852166,151.209595,0.041799,0.888885,160.800003,0.053694,0.938767,0.000000,0.000000,0.000000,0.000000,0.000000,0.000000
D1-P047-S1-L5500,RHU175_SEMIQUANT_V1,train,5500,Nitrite:Neg,Nitrite:Neg,,,Nitrite,Neg,RHU175_SEMIQUANT_V1_2026-05-03T13-28-39.zip,1,1,0,,291.931213,0.242115,0.221859,288.060791,0.220893,0.279667,153.347198,0.023733,0.726602,139.078400,0.033922,0.774756,149.703201,0.051089,0.822212,143.455994,0.039412,0.852166,151.209595,0.041799,0.888885,160.800003,0.053694,0.938767,0.000000,0.000000,0.000000,0.000000,0.000000,0.000000
D1-P047-S1-L5500,RHU175_SEMIQUANT_V1,train,5500,Urobilinogen:3.2,Urobilinogen:3.2,,,Urobilinogen,3.2,RHU175_SEMIQUANT_V1_2026-05-03T13-28-39.zip,1,1,0,,291.931213,0.242115,0.221859,288.060791,0.220893,0.279667,153.347198,0.023733,0.726602,139.078400,0.033922,0.774756,149.703201,0.051089,0.822212,143.455994,0.039412,0.852166,151.209595,0.041799,0.888885,160.800003,0.053694,0.938767,0.000000,0.000000,0.000000,0.000000,0.000000,0.000000
D1-P047-S1-L5500,RHU175_SEMIQUANT_V1,train,5500,Protein:Neg,Protein:Neg,,,Protein,Neg,RHU175_SEMIQUANT_V1_2026-05-03T13-28-39.zip,1,1,0,,291.931213,0.242115,0.221859,288.060791,0.220893,0.279667,153.347198,0.023733,0.726602,139.078400,0.033922,0.774756,149.703201,0.051089,0.822212,143.455994,0.039412,0.852166,151.209595,0.041799,0.888885,160.800003,0.053694,0.938767,0.000000,0.000000,0.000000,0.000000,0.000000,0.000000
D1-P047-S1-L5500,RHU175_SEMIQUANT_V1,train,5500,pH:6.0,pH:6.0,,,pH,6.0,RHU175_SEMIQUANT_V1_2026-05-03T13-28-39.zip,1,1,0,,291.931213,0.242115,0.221859,288.060791,0.220893,0.279667,153.347198,0.023733,0.726602,139.078400,0.033922,0.774756,149.703201,0.051089,0.822212,143.455994,0.039412,0.852166,151.209595,0.041799,0.888885,160.800003,0.053694,0.938767,0.000000,0.000000,0.000000,0.000000,0.000000,0.000000
D1-P047-S1-L5500,RHU175_SEMIQUANT_V1,train,5500,Blood:Neg,Blood:Neg,,,Blood,Neg,RHU175_SEMIQUANT_V1_2026-05-03T13-28-39.zip,1,1,0,,291.931213,0.242115,0.221859,288.060791,0.220893,0.279667,153.347198,0.023733,0.726602,139.078400,0.033922,0.774756,149.703201,0.051089,0.822212,143.455994,0.039412,0.852166,151.209595,0.041799,0.888885,160.800003,0.053694,0.938767,0.000000,0.000000,0.000000,0.000000,0.000000,0.000000
D1-P047-S1-L5500,RHU175_SEMIQUANT_V1,train,5500,Specific Gravity:1.010,Specific Gravity:1.010,,,Specific Gravity,1.010,RHU175_SEMIQUANT_V1_2026-05-03T13-28-39.zip,1,1,0,,291.931213,0.242115,0.221859,288.060791,0.220893,0.279667,153.347198,0.023733,0.726602,139.078400,0.033922,0.774756,149.703201,0.051089,0.822212,143.455994,0.039412,0.852166,151.209595,0.041799,0.888885,160.800003,0.053694,0.938767,0.000000,0.000000,0.000000,0.000000,0.000000,0.000000
D1-P047-S1-L5500,RHU175_SEMIQUANT_V1,train,5500,Ketone:Neg,Ketone:Neg,,,Ketone,Neg,RHU175_SEMIQUANT_V1_2026-05-03T13-28-39.zip,1,1,0,,291.931213,0.242115,0.221859,288.060791,0.220893,0.279667,153.347198,0.023733,0.726602,139.078400,0.033922,0.774756,149.703201,0.051089,0.822212,143.455994,0.039412,0.852166,151.209595,0.041799,0.888885,160.800003,0.053694,0.938767,0.000000,0.000000,0.000000,0.000000,0.000000,0.000000
D1-P047-S1-L5500,RHU175_SEMIQUANT_V1,train,5500,Bilirubin:Neg,Bilirubin:Neg,,,Bilirubin,Neg,RHU175_SEMIQUANT_V1_2026-05-03T13-28-39.zip,1,1,0,,291.931213,0.242115,0.221859,288.060791,0.220893,0.279667,153.347198,0.023733,0.726602,139.078400,0.033922,0.774756,149.703201,0.051089,0.822212,143.455994,0.039412,0.852166,151.209595,0.041799,0.888885,160.800003,0.053694,0.938767,0.000000,0.000000,0.000000,0.000000,0.000000,0.000000
D1-P047-S1-L5500,RHU175_SEMIQUANT_V1,train,5500,Glucose:Neg,Glucose:Neg,,,Glucose,Neg,RHU175_SEMIQUANT_V1_2026-05-03T13-28-39.zip,1,1,0,,291.931213,0.242115,0.221859,288.060791,0.220893,0.279667,153.347198,0.023733,0.726602,139.078400,0.033922,0.774756,149.703201,0.051089,0.822212,143.455994,0.039412,0.852166,151.209595,0.041799,0.888885,160.800003,0.053694,0.938767,0.000000,0.000000,0.000000,0.000000,0.000000,0.000000
D1-P048-S1-L2700,RHU175_SEMIQUANT_V1,train,2700,Leukocytes:Small 70,Leukocytes:Small 70,,,Leukocytes,Small 70,RHU175_SEMIQUANT_V1_2026-05-03T13-28-39.zip,1,1,0,,180.000000,0.055608,1.000000,192.001602,0.085473,0.872563,182.229599,0.112020,0.971948,0.000000,0.000000,0.000000,0.000000,0.000000,0.000000,0.000000,0.000000,0.000000,0.000000,0.000000,0.000000,0.000000,0.000000,0.000000,0.000000,0.000000,0.000000,0.000000,0.000000,0.000000
D1-P048-S1-L2700,RHU175_SEMIQUANT_V1,train,2700,Nitrite:Neg,Nitrite:Neg,,,Nitrite,Neg,RHU175_SEMIQUANT_V1_2026-05-03T13-28-39.zip,1,1,0,,180.000000,0.055608,1.000000,192.001602,0.085473,0.872563,182.229599,0.112020,0.971948,0.000000,0.000000,0.000000,0.000000,0.000000,0.000000,0.000000,0.000000,0.000000,0.000000,0.000000,0.000000,0.000000,0.000000,0.000000,0.000000,0.000000,0.000000,0.000000,0.000000,0.000000
D1-P048-S1-L2700,RHU175_SEMIQUANT_V1,train,2700,Urobilinogen:3.2,Urobilinogen:3.2,,,Urobilinogen,3.2,RHU175_SEMIQUANT_V1_2026-05-03T13-28-39.zip,1,1,0,,180.000000,0.055608,1.000000,192.001602,0.085473,0.872563,182.229599,0.112020,0.971948,0.000000,0.000000,0.000000,0.000000,0.000000,0.000000,0.000000,0.000000,0.000000,0.000000,0.000000,0.000000,0.000000,0.000000,0.000000,0.000000,0.000000,0.000000,0.000000,0.000000,0.000000
D1-P048-S1-L2700,RHU175_SEMIQUANT_V1,train,2700,Protein:Neg,Protein:Neg,,,Protein,Neg,RHU175_SEMIQUANT_V1_2026-05-03T13-28-39.zip,1,1,0,,180.000000,0.055608,1.000000,192.001602,0.085473,0.872563,182.229599,0.112020,0.971948,0.000000,0.000000,0.000000,0.000000,0.000000,0.000000,0.000000,0.000000,0.000000,0.000000,0.000000,0.000000,0.000000,0.000000,0.000000,0.000000,0.000000,0.000000,0.000000,0.000000,0.000000
D1-P048-S1-L2700,RHU175_SEMIQUANT_V1,train,2700,pH:6.0,pH:6.0,,,pH,6.0,RHU175_SEMIQUANT_V1_2026-05-03T13-28-39.zip,1,1,0,,180.000000,0.055608,1.000000,192.001602,0.085473,0.872563,182.229599,0.112020,0.971948,0.000000,0.000000,0.000000,0.000000,0.000000,0.000000,0.000000,0.000000,0.000000,0.000000,0.000000,0.000000,0.000000,0.000000,0.000000,0.000000,0.000000,0.000000,0.000000,0.000000,0.000000
D1-P048-S1-L2700,RHU175_SEMIQUANT_V1,train,2700,Blood:Neg,Blood:Neg,,,Blood,Neg,RHU175_SEMIQUANT_V1_2026-05-03T13-28-39.zip,1,1,0,,180.000000,0.055608,1.000000,192.001602,0.085473,0.872563,182.229599,0.112020,0.971948,0.000000,0.000000,0.000000,0.000000,0.000000,0.000000,0.000000,0.000000,0.000000,0.000000,0.000000,0.000000,0.000000,0.000000,0.000000,0.000000,0.000000,0.000000,0.000000,0.000000,0.000000
D1-P048-S1-L2700,RHU175_SEMIQUANT_V1,train,2700,Specific Gravity:1.025,Specific Gravity:1.025,,,Specific Gravity,1.025,RHU175_SEMIQUANT_V1_2026-05-03T13-28-39.zip,1,1,0,,180.000000,0.055608,1.000000,192.001602,0.085473,0.872563,182.229599,0.112020,0.971948,0.000000,0.000000,0.000000,0.000000,0.000000,0.000000,0.000000,0.000000,0.000000,0.000000,0.000000,0.000000,0.000000,0.000000,0.000000,0.000000,0.000000,0.000000,0.000000,0.000000,0.000000
D1-P048-S1-L2700,RHU175_SEMIQUANT_V1,train,2700,Ketone:Neg,Ketone:Neg,,,Ketone,Neg,RHU175_SEMIQUANT_V1_2026-05-03T13-28-39.zip,1,1,0,,180.000000,0.055608,1.000000,192.001602,0.085473,0.872563,182.229599,0.112020,0.971948,0.000000,0.000000,0.000000,0.000000,0.000000,0.000000,0.000000,0.000000,0.000000,0.000000,0.000000,0.000000,0.000000,0.000000,0.000000,0.000000,0.000000,0.000000,0.000000,0.000000,0.000000
D1-P048-S1-L2700,RHU175_SEMIQUANT_V1,train,2700,Bilirubin:Moderate 50,Bilirubin:Moderate 50,,,Bilirubin,Moderate 50,RHU175_SEMIQUANT_V1_2026-05-03T13-28-39.zip,1,1,0,,180.000000,0.055608,1.000000,192.001602,0.085473,0.872563,182.229599,0.112020,0.971948,0.000000,0.000000,0.000000,0.000000,0.000000,0.000000,0.000000,0.000000,0.000000,0.000000,0.000000,0.000000,0.000000,0.000000,0.000000,0.000000,0.000000,0.000000,0.000000,0.000000,0.000000
D1-P048-S1-L2700,RHU175_SEMIQUANT_V1,train,2700,Glucose:Neg,Glucose:Neg,,,Glucose,Neg,RHU175_SEMIQUANT_V1_2026-05-03T13-28-39.zip,1,1,0,,180.000000,0.055608,1.000000,192.001602,0.085473,0.872563,182.229599,0.112020,0.971948,0.000000,0.000000,0.000000,0.000000,0.000000,0.000000,0.000000,0.000000,0.000000,0.000000,0.000000,0.000000,0.000000,0.000000,0.000000,0.000000,0.000000,0.000000,0.000000,0.000000,0.000000
D1-P048-S1-L4000,RHU175_SEMIQUANT_V1,train,4000,Leukocytes:Small 70,Leukocytes:Small 70,,,Leukocytes,Small 70,RHU175_SEMIQUANT_V1_2026-05-03T13-28-39.zip,1,1,0,,43.728001,0.006538,1.000000,131.355194,0.057208,0.585667,45.216000,0.023678,1.000000,0.000000,0.000000,0.000000,0.000000,0.000000,0.000000,0.000000,0.000000,0.000000,0.000000,0.000000,0.000000,0.000000,0.000000,0.000000,0.000000,0.000000,0.000000,0.000000,0.000000,0.000000
D1-P048-S1-L4000,RHU175_SEMIQUANT_V1,train,4000,Nitrite:Neg,Nitrite:Neg,,,Nitrite,Neg,RHU175_SEMIQUANT_V1_2026-05-03T13-28-39.zip,1,1,0,,43.728001,0.006538,1.000000,131.355194,0.057208,0.585667,45.216000,0.023678,1.000000,0.000000,0.000000,0.000000,0.000000,0.000000,0.000000,0.000000,0.000000,0.000000,0.000000,0.000000,0.000000,0.000000,0.000000,0.000000,0.000000,0.000000,0.000000,0.000000,0.000000,0.000000
D1-P048-S1-L4000,RHU175_SEMIQUANT_V1,train,4000,Urobilinogen:3.2,Urobilinogen:3.2,,,Urobilinogen,3.2,RHU175_SEMIQUANT_V1_2026-05-03T13-28-39.zip,1,1,0,,43.728001,0.006538,1.000000,131.355194,0.057208,0.585667,45.216000,0.023678,1.000000,0.000000,0.000000,0.000000,0.000000,0.000000,0.000000,0.000000,0.000000,0.000000,0.000000,0.000000,0.000000,0.000000,0.000000,0.000000,0.000000,0.000000,0.000000,0.000000,0.000000,0.000000
D1-P048-S1-L4000,RHU175_SEMIQUANT_V1,train,4000,Protein:Neg,Protein:Neg,,,Protein,Neg,RHU175_SEMIQUANT_V1_2026-05-03T13-28-39.zip,1,1,0,,43.728001,0.006538,1.000000,131.355194,0.057208,0.585667,45.216000,0.023678,1.000000,0.000000,0.000000,0.000000,0.000000,0.000000,0.000000,0.000000,0.000000,0.000000,0.000000,0.000000,0.000000,0.000000,0.000000,0.000000,0.000000,0.000000,0.000000,0.000000,0.000000,0.000000
D1-P048-S1-L4000,RHU175_SEMIQUANT_V1,train,4000,pH:6.0,pH:6.0,,,pH,6.0,RHU175_SEMIQUANT_V1_2026-05-03T13-28-39.zip,1,1,0,,43.728001,0.006538,1.000000,131.355194,0.057208,0.585667,45.216000,0.023678,1.000000,0.000000,0.000000,0.000000,0.000000,0.000000,0.000000,0.000000,0.000000,0.000000,0.000000,0.000000,0.000000,0.000000,0.000000,0.000000,0.000000,0.000000,0.000000,0.000000,0.000000,0.000000
D1-P048-S1-L4000,RHU175_SEMIQUANT_V1,train,4000,Blood:Neg,Blood:Neg,,,Blood,Neg,RHU175_SEMIQUANT_V1_2026-05-03T13-28-39.zip,1,1,0,,43.728001,0.006538,1.000000,131.355194,0.057208,0.585667,45.216000,0.023678,1.000000,0.000000,0.000000,0.000000,0.000000,0.000000,0.000000,0.000000,0.000000,0.000000,0.000000,0.000000,0.000000,0.000000,0.000000,0.000000,0.000000,0.000000,0.000000,0.000000,0.000000,0.000000
D1-P048-S1-L4000,RHU175_SEMIQUANT_V1,train,4000,Specific Gravity:1.025,Specific Gravity:1.025,,,Specific Gravity,1.025,RHU175_SEMIQUANT_V1_2026-05-03T13-28-39.zip,1,1,0,,43.728001,0.006538,1.000000,131.355194,0.057208,0.585667,45.216000,0.023678,1.000000,0.000000,0.000000,0.000000,0.000000,0.000000,0.000000,0.000000,0.000000,0.000000,0.000000,0.000000,0.000000,0.000000,0.000000,0.000000,0.000000,0.000000,0.000000,0.000000,0.000000,0.000000
D1-P048-S1-L4000,RHU175_SEMIQUANT_V1,train,4000,Ketone:Neg,Ketone:Neg,,,Ketone,Neg,RHU175_SEMIQUANT_V1_2026-05-03T13-28-39.zip,1,1,0,,43.728001,0.006538,1.000000,131.355194,0.057208,0.585667,45.216000,0.023678,1.000000,0.000000,0.000000,0.000000,0.000000,0.000000,0.000000,0.000000,0.000000,0.000000,0.000000,0.000000,0.000000,0.000000,0.000000,0.000000,0.000000,0.000000,0.000000,0.000000,0.000000,0.000000
D1-P048-S1-L4000,RHU175_SEMIQUANT_V1,train,4000,Bilirubin:Moderate 50,Bilirubin:Moderate 50,,,Bilirubin,Moderate 50,RHU175_SEMIQUANT_V1_2026-05-03T13-28-39.zip,1,1,0,,43.728001,0.006538,1.000000,131.355194,0.057208,0.585667,45.216000,0.023678,1.000000,0.000000,0.000000,0.000000,0.000000,0.000000,0.000000,0.000000,0.000000,0.000000,0.000000,0.000000,0.000000,0.000000,0.000000,0.000000,0.000000,0.000000,0.000000,0.000000,0.000000,0.000000
D1-P048-S1-L4000,RHU175_SEMIQUANT_V1,train,4000,Glucose:Neg,Glucose:Neg,,,Glucose,Neg,RHU175_SEMIQUANT_V1_2026-05-03T13-28-39.zip,1,1,0,,43.728001,0.006538,1.000000,131.355194,0.057208,0.585667,45.216000,0.023678,1.000000,0.000000,0.000000,0.000000,0.000000,0.000000,0.000000,0.000000,0.000000,0.000000,0.000000,0.000000,0.000000,0.000000,0.000000,0.000000,0.000000,0.000000,0.000000,0.000000,0.000000,0.000000
D1-P091-S1-L5500,RHU175_SEMIQUANT_V1,train,5500,Leukocytes:Neg,Leukocytes:Neg,,,Leukocytes,Neg,RHU175_SEMIQUANT_V1_2026-05-03T13-28-39.zip,1,1,0,,314.290405,0.289283,0.183302,303.364807,0.231907,0.227925,196.301605,0.019277,0.721735,160.912796,0.032157,0.757652,153.600800,0.039752,0.801029,144.872803,0.031438,0.839316,141.787994,0.036905,0.887942,159.086395,0.043664,0.945832,21.775200,0.007165,0.124607,0.000000,0.000000,0.000000
D1-P091-S1-L5500,RHU175_SEMIQUANT_V1,train,5500,Nitrite:Neg,Nitrite:Neg,,,Nitrite,Neg,RHU175_SEMIQUANT_V1_2026-05-03T13-28-39.zip,1,1,0,,314.290405,0.289283,0.183302,303.364807,0.231907,0.227925,196.301605,0.019277,0.721735,160.912796,0.032157,0.757652,153.600800,0.039752,0.801029,144.872803,0.031438,0.839316,141.787994,0.036905,0.887942,159.086395,0.043664,0.945832,21.775200,0.007165,0.124607,0.000000,0.000000,0.000000
D1-P091-S1-L5500,RHU175_SEMIQUANT_V1,train,5500,Urobilinogen:3.2,Urobilinogen:3.2,,,Urobilinogen,3.2,RHU175_SEMIQUANT_V1_2026-05-03T13-28-39.zip,1,1,0,,314.290405,0.289283,0.183302,303.364807,0.231907,0.227925,196.301605,0.019277,0.721735,160.912796,0.032157,0.757652,153.600800,0.039752,0.801029,144.872803,0.031438,0.839316,141.787994,0.036905,0.887942,159.086395,0.043664,0.945832,21.775200,0.007165,0.124607,0.000000,0.000000,0.000000
D1-P091-S1-L5500,RHU175_SEMIQUANT_V1,train,5500,Protein:Neg,Protein:Neg,,,Protein,Neg,RHU175_SEMIQUANT_V1_2026-05-03T13-28-39.zip,1,1,0,,314.290405,0.289283,0.183302,303.364807,0.231907,0.227925,196.301605,0.019277,0.721735,160.912796,0.032157,0.757652,153.600800,0.039752,0.801029,144.872803,0.031438,0.839316,141.787994,0.036905,0.887942,159.086395,0.043664,0.945832,21.775200,0.007165,0.124607,0.000000,0.000000,0.000000
D1-P091-S1-L5500,RHU175_SEMIQUANT_V1,train,5500,pH:6.0,pH:6.0,,,pH,6.0,RHU175_SEMIQUANT_V1_2026-05-03T13-28-39.zip,1,1,0,,314.290405,0.289283,0.183302,303.364807,0.231907,0.227925,196.301605,0.019277,0.721735,160.912796,0.032157,0.757652,153.600800,0.039752,0.801029,144.872803,0.031438,0.839316,141.787994,0.036905,0.887942,159.086395,0.043664,0.945832,21.775200,0.007165,0.124607,0.000000,0.000000,0.000000
D1-P091-S1-L5500,RHU175_SEMIQUANT_V1,train,5500,Blood:Neg,Blood:Neg,,,Blood,Neg,RHU175_SEMIQUANT_V1_2026-05-03T13-28-39.zip,1,1,0,,314.290405,0.289283,0.183302,303.364807,0.231907,0.227925,196.301605,0.019277,0.721735,160.912796,0.032157,0.757652,153.600800,0.039752,0.801029,144.872803,0.031438,0.839316,141.787994,0.036905,0.887942,159.086395,0.043664,0.945832,21.775200,0.007165,0.124607,0.000000,0.000000,0.000000
D1-P091-S1-L5500,RHU175_SEMIQUANT_V1,train,5500,Specific Gravity:1.010,Specific Gravity:1.010,,,Specific Gravity,1.010,RHU175_SEMIQUANT_V1_2026-05-03T13-28-39.zip,1,1,0,,314.290405,0.289283,0.183302,303.364807,0.231907,0.227925,196.301605,0.019277,0.721735,160.912796,0.032157,0.757652,153.600800,0.039752,0.801029,144.872803,0.031438,0.839316,141.787994,0.036905,0.887942,159.086395,0.043664,0.945832,21.775200,0.007165,0.124607,0.000000,0.000000,0.000000
D1-P091-S1-L5500,RHU175_SEMIQUANT_V1,train,5500,Ketone:Neg,Ketone:Neg,,,Ketone,Neg,RHU175_SEMIQUANT_V1_2026-05-03T13-28-39.zip,1,1,0,,314.290405,0.289283,0.183302,303.364807,0.231907,0.227925,196.301605,0.019277,0.721735,160.912796,0.032157,0.757652,153.600800,0.039752,0.801029,144.872803,0.031438,0.839316,141.787994,0.036905,0.887942,159.086395,0.043664,0.945832,21.775200,0.007165,0.124607,0.000000,0.000000,0.000000
D1-P091-S1-L5500,RHU175_SEMIQUANT_V1,train,5500,Bilirubin:Neg,Bilirubin:Neg,,,Bilirubin,Neg,RHU175_SEMIQUANT_V1_2026-05-03T13-28-39.zip,1,1,0,,314.290405,0.289283,0.183302,303.364807,0.231907,0.227925,196.301605,0.019277,0.721735,160.912796,0.032157,0.757652,153.600800,0.039752,0.801029,144.872803,0.031438,0.839316,141.787994,0.036905,0.887942,159.086395,0.043664,0.945832,21.775200,0.007165,0.124607,0.000000,0.000000,0.000000
D1-P091-S1-L5500,RHU175_SEMIQUANT_V1,train,5500,Glucose:Neg,Glucose:Neg,,,Glucose,Neg,RHU175_SEMIQUANT_V1_2026-05-03T13-28-39.zip,1,1,0,,314.290405,0.289283,0.183302,303.364807,0.231907,0.227925,196.301605,0.019277,0.721735,160.912796,0.032157,0.757652,153.600800,0.039752,0.801029,144.872803,0.031438,0.839316,141.787994,0.036905,0.887942,159.086395,0.043664,0.945832,21.775200,0.007165,0.124607,0.000000,0.000000,0.000000
D1-P097-S1-L4000,RHU175_SEMIQUANT_V1,train,4000,Leukocytes:Trace 15,Leukocytes:Trace 15,,,Leukocytes,Trace 15,RHU175_SEMIQUANT_V1_2026-05-03T13-28-39.zip,1,1,0,,215.152802,0.520723,0.268990,215.587204,0.536776,0.272703,208.730392,0.482086,0.326486,35.807999,0.020646,0.840723,46.678398,0.033555,0.885153,6.459200,0.047485,0.940111,4.808800,0.060422,0.993274,29.829599,0.028039,0.999989,32.040001,0.003311,1.000000,0.000000,0.000000,0.000000
D1-P097-S1-L4000,RHU175_SEMIQUANT_V1,train,4000,Nitrite:Positive,Nitrite:Positive,,,Nitrite,Positive,RHU175_SEMIQUANT_V1_2026-05-03T13-28-39.zip,1,1,0,,215.152802,0.520723,0.268990,215.587204,0.536776,0.272703,208.730392,0.482086,0.326486,35.807999,0.020646,0.840723,46.678398,0.033555,0.885153,6.459200,0.047485,0.940111,4.808800,0.060422,0.993274,29.829599,0.028039,0.999989,32.040001,0.003311,1.000000,0.000000,0.000000,0.000000
D1-P097-S1-L4000,RHU175_SEMIQUANT_V1,train,4000,Urobilinogen:3.2,Urobilinogen:3.2,,,Urobilinogen,3.2,RHU175_SEMIQUANT_V1_2026-05-03T13-28-39.zip,1,1,0,,215.152802,0.520723,0.268990,215.587204,0.536776,0.272703,208.730392,0.482086,0.326486,35.807999,0.020646,0.840723,46.678398,0.033555,0.885153,6.459200,0.047485,0.940111,4.808800,0.060422,0.993274,29.829599,0.028039,0.999989,32.040001,0.003311,1.000000,0.000000,0.000000,0.000000
D1-P097-S1-L4000,RHU175_SEMIQUANT_V1,train,4000,Protein:Neg,Protein:Neg,,,Protein,Neg,RHU175_SEMIQUANT_V1_2026-05-03T13-28-39.zip,1,1,0,,215.152802,0.520723,0.268990,215.587204,0.536776,0.272703,208.730392,0.482086,0.326486,35.807999,0.020646,0.840723,46.678398,0.033555,0.885153,6.459200,0.047485,0.940111,4.808800,0.060422,0.993274,29.829599,0.028039,0.999989,32.040001,0.003311,1.000000,0.000000,0.000000,0.000000
D1-P097-S1-L4000,RHU175_SEMIQUANT_V1,train,4000,pH:6.0,pH:6.0,,,pH,6.0,RHU175_SEMIQUANT_V1_2026-05-03T13-28-39.zip,1,1,0,,215.152802,0.520723,0.268990,215.587204,0.536776,0.272703,208.730392,0.482086,0.326486,35.807999,0.020646,0.840723,46.678398,0.033555,0.885153,6.459200,0.047485,0.940111,4.808800,0.060422,0.993274,29.829599,0.028039,0.999989,32.040001,0.003311,1.000000,0.000000,0.000000,0.000000
D1-P097-S1-L4000,RHU175_SEMIQUANT_V1,train,4000,Blood:Neg,Blood:Neg,,,Blood,Neg,RHU175_SEMIQUANT_V1_2026-05-03T13-28-39.zip,1,1,0,,215.152802,0.520723,0.268990,215.587204,0.536776,0.272703,208.730392,0.482086,0.326486,35.807999,0.020646,0.840723,46.678398,0.033555,0.885153,6.459200,0.047485,0.940111,4.808800,0.060422,0.993274,29.829599,0.028039,0.999989,32.040001,0.003311,1.000000,0.000000,0.000000,0.000000
D1-P097-S1-L4000,RHU175_SEMIQUANT_V1,train,4000,Specific Gravity:1.025,Specific Gravity:1.025,,,Specific Gravity,1.025,RHU175_SEMIQUANT_V1_2026-05-03T13-28-39.zip,1,1,0,,215.152802,0.520723,0.268990,215.587204,0.536776,0.272703,208.730392,0.482086,0.326486,35.807999,0.020646,0.840723,46.678398,0.033555,0.885153,6.459200,0.047485,0.940111,4.808800,0.060422,0.993274,29.829599,0.028039,0.999989,32.040001,0.003311,1.000000,0.000000,0.000000,0.000000
D1-P097-S1-L4000,RHU175_SEMIQUANT_V1,train,4000,Ketone:Neg,Ketone:Neg,,,Ketone,Neg,RHU175_SEMIQUANT_V1_2026-05-03T13-28-39.zip,1,1,0,,215.152802,0.520723,0.268990,215.587204,0.536776,0.272703,208.730392,0.482086,0.326486,35.807999,0.020646,0.840723,46.678398,0.033555,0.885153,6.459200,0.047485,0.940111,4.808800,0.060422,0.993274,29.829599,0.028039,0.999989,32.040001,0.003311,1.000000,0.000000,0.000000,0.000000
D1-P097-S1-L4000,RHU175_SEMIQUANT_V1,train,4000,Bilirubin:Small 17,Bilirubin:Small 17,,,Bilirubin,Small 17,RHU175_SEMIQUANT_V1_2026-05-03T13-28-39.zip,1,1,0,,215.152802,0.520723,0.268990,215.587204,0.536776,0.272703,208.730392,0.482086,0.326486,35.807999,0.020646,0.840723,46.678398,0.033555,0.885153,6.459200,0.047485,0.940111,4.808800,0.060422,0.993274,29.829599,0.028039,0.999989,32.040001,0.003311,1.000000,0.000000,0.000000,0.000000
D1-P097-S1-L4000,RHU175_SEMIQUANT_V1,train,4000,Glucose:Neg,Glucose:Neg,,,Glucose,Neg,RHU175_SEMIQUANT_V1_2026-05-03T13-28-39.zip,1,1,0,,215.152802,0.520723,0.268990,215.587204,0.536776,0.272703,208.730392,0.482086,0.326486,35.807999,0.020646,0.840723,46.678398,0.033555,0.885153,6.459200,0.047485,0.940111,4.808800,0.060422,0.993274,29.829599,0.028039,0.999989,32.040001,0.003311,1.000000,0.000000,0.000000,0.000000
D1-P114-S1-L2700,RHU175_SEMIQUANT_V1,train,2700,Leukocytes:Trace 15,Leukocytes:Trace 15,,,Leukocytes,Trace 15,RHU175_SEMIQUANT_V1_2026-05-03T13-28-39.zip,1,1,0,,69.638397,0.003790,0.725906,172.255203,0.005402,0.733715,219.575195,0.025584,0.764080,216.866394,0.044720,0.791642,218.934402,0.048640,0.793007,222.234406,0.065200,0.813890,221.787994,0.067125,0.818593,222.222397,0.068769,0.820086,221.494400,0.081183,0.831416,221.567200,0.087721,0.838365
D1-P114-S1-L2700,RHU175_SEMIQUANT_V1,train,2700,Nitrite:Positive,Nitrite:Positive,,,Nitrite,Positive,RHU175_SEMIQUANT_V1_2026-05-03T13-28-39.zip,1,1,0,,69.638397,0.003790,0.725906,172.255203,0.005402,0.733715,219.575195,0.025584,0.764080,216.866394,0.044720,0.791642,218.934402,0.048640,0.793007,222.234406,0.065200,0.813890,221.787994,0.067125,0.818593,222.222397,0.068769,0.820086,221.494400,0.081183,0.831416,221.567200,0.087721,0.838365
D1-P114-S1-L2700,RHU175_SEMIQUANT_V1,train,2700,Urobilinogen:16,Urobilinogen:16,,,Urobilinogen,16,RHU175_SEMIQUANT_V1_2026-05-03T13-28-39.zip,1,1,0,,69.638397,0.003790,0.725906,172.255203,0.005402,0.733715,219.575195,0.025584,0.764080,216.866394,0.044720,0.791642,218.934402,0.048640,0.793007,222.234406,0.065200,0.813890,221.787994,0.067125,0.818593,222.222397,0.068769,0.820086,221.494400,0.081183,0.831416,221.567200,0.087721,0.838365
D1-P114-S1-L2700,RHU175_SEMIQUANT_V1,train,2700,Protein:Trace,Protein:Trace,,,Protein,Trace,RHU175_SEMIQUANT_V1_2026-05-03T13-28-39.zip,1,1,0,,69.638397,0.003790,0.725906,172.255203,0.005402,0.733715,219.575195,0.025584,0.764080,216.866394,0.044720,0.791642,218.934402,0.048640,0.793007,222.234406,0.065200,0.813890,221.787994,0.067125,0.818593,222.222397,0.068769,0.820086,221.494400,0.081183,0.831416,221.567200,0.087721,0.838365
D1-P114-S1-L2700,RHU175_SEMIQUANT_V1,train,2700,pH:5.0,pH:5.0,,,pH,5.0,RHU175_SEMIQUANT_V1_2026-05-03T13-28-39.zip,1,1,0,,69.638397,0.003790,0.725906,172.255203,0.005402,0.733715,219.575195,0.025584,0.764080,216.866394,0.044720,0.791642,218.934402,0.048640,0.793007,222.234406,0.065200,0.813890,221.787994,0.067125,0.818593,222.222397,0.068769,0.820086,221.494400,0.081183,0.831416,221.567200,0.087721,0.838365
D1-P114-S1-L2700,RHU175_SEMIQUANT_V1,train,2700,Blood:Neg,Blood:Neg,,,Blood,Neg,RHU175_SEMIQUANT_V1_2026-05-03T13-28-39.zip,1,1,0,,69.638397,0.003790,0.725906,172.255203,0.005402,0.733715,219.575195,0.025584,0.764080,216.866394,0.044720,0.791642,218.934402,0.048640,0.793007,222.234406,0.065200,0.813890,221.787994,0.067125,0.818593,222.222397,0.068769,0.820086,221.494400,0.081183,0.831416,221.567200,0.087721,0.838365
D1-P114-S1-L2700,RHU175_SEMIQUANT_V1,train,2700,Specific Gravity:1.030,Specific Gravity:1.030,,,Specific Gravity,1.030,RHU175_SEMIQUANT_V1_2026-05-03T13-28-39.zip,1,1,0,,69.638397,0.003790,0.725906,172.255203,0.005402,0.733715,219.575195,0.025584,0.764080,216.866394,0.044720,0.791642,218.934402,0.048640,0.793007,222.234406,0.065200,0.813890,221.787994,0.067125,0.818593,222.222397,0.068769,0.820086,221.494400,0.081183,0.831416,221.567200,0.087721,0.838365
D1-P114-S1-L2700,RHU175_SEMIQUANT_V1,train,2700,Ketone:Neg,Ketone:Neg,,,Ketone,Neg,RHU175_SEMIQUANT_V1_2026-05-03T13-28-39.zip,1,1,0,,69.638397,0.003790,0.725906,172.255203,0.005402,0.733715,219.575195,0.025584,0.764080,216.866394,0.044720,0.791642,218.934402,0.048640,0.793007,222.234406,0.065200,0.813890,221.787994,0.067125,0.818593,222.222397,0.068769,0.820086,221.494400,0.081183,0.831416,221.567200,0.087721,0.838365
D1-P114-S1-L2700,RHU175_SEMIQUANT_V1,train,2700,Bilirubin:Small 17,Bilirubin:Small 17,,,Bilirubin,Small 17,RHU175_SEMIQUANT_V1_2026-05-03T13-28-39.zip,1,1,0,,69.638397,0.003790,0.725906,172.255203,0.005402,0.733715,219.575195,0.025584,0.764080,216.866394,0.044720,0.791642,218.934402,0.048640,0.793007,222.234406,0.065200,0.813890,221.787994,0.067125,0.818593,222.222397,0.068769,0.820086,221.494400,0.081183,0.831416,221.567200,0.087721,0.838365
D1-P114-S1-L2700,RHU175_SEMIQUANT_V1,train,2700,Glucose:Neg,Glucose:Neg,,,Glucose,Neg,RHU175_SEMIQUANT_V1_2026-05-03T13-28-39.zip,1,1,0,,69.638397,0.003790,0.725906,172.255203,0.005402,0.733715,219.575195,0.025584,0.764080,216.866394,0.044720,0.791642,218.934402,0.048640,0.793007,222.234406,0.065200,0.813890,221.787994,0.067125,0.818593,222.222397,0.068769,0.820086,221.494400,0.081183,0.831416,221.567200,0.087721,0.838365
D1-P114-S1-L4000,RHU175_SEMIQUANT_V1,train,4000,Leukocytes:Trace 15,Leukocytes:Trace 15,,,Leukocytes,Trace 15,RHU175_SEMIQUANT_V1_2026-05-03T13-28-39.zip,1,1,0,,217.778397,0.523153,0.222783,218.162399,0.522420,0.237576,212.076004,0.460039,0.302671,257.789612,0.031489,0.785056,15.636800,0.053263,0.819263,12.692000,0.074025,0.864748,7.166400,0.084541,0.913595,5.687200,0.099302,0.963079,6.880800,0.104296,0.999205,13.708000,0.073106,1.000000
D1-P114-S1-L4000,RHU175_SEMIQUANT_V1,train,4000,Nitrite:Positive,Nitrite:Positive,,,Nitrite,Positive,RHU175_SEMIQUANT_V1_2026-05-03T13-28-39.zip,1,1,0,,217.778397,0.523153,0.222783,218.162399,0.522420,0.237576,212.076004,0.460039,0.302671,257.789612,0.031489,0.785056,15.636800,0.053263,0.819263,12.692000,0.074025,0.864748,7.166400,0.084541,0.913595,5.687200,0.099302,0.963079,6.880800,0.104296,0.999205,13.708000,0.073106,1.000000
D1-P114-S1-L4000,RHU175_SEMIQUANT_V1,train,4000,Urobilinogen:16,Urobilinogen:16,,,Urobilinogen,16,RHU175_SEMIQUANT_V1_2026-05-03T13-28-39.zip,1,1,0,,217.778397,0.523153,0.222783,218.162399,0.522420,0.237576,212.076004,0.460039,0.302671,257.789612,0.031489,0.785056,15.636800,0.053263,0.819263,12.692000,0.074025,0.864748,7.166400,0.084541,0.913595,5.687200,0.099302,0.963079,6.880800,0.104296,0.999205,13.708000,0.073106,1.000000
D1-P114-S1-L4000,RHU175_SEMIQUANT_V1,train,4000,Protein:Trace,Protein:Trace,,,Protein,Trace,RHU175_SEMIQUANT_V1_2026-05-03T13-28-39.zip,1,1,0,,217.778397,0.523153,0.222783,218.162399,0.522420,0.237576,212.076004,0.460039,0.302671,257.789612,0.031489,0.785056,15.636800,0.053263,0.819263,12.692000,0.074025,0.864748,7.166400,0.084541,0.913595,5.687200,0.099302,0.963079,6.880800,0.104296,0.999205,13.708000,0.073106,1.000000
D1-P114-S1-L4000,RHU175_SEMIQUANT_V1,train,4000,pH:5.0,pH:5.0,,,pH,5.0,RHU175_SEMIQUANT_V1_2026-05-03T13-28-39.zip,1,1,0,,217.778397,0.523153,0.222783,218.162399,0.522420,0.237576,212.076004,0.460039,0.302671,257.789612,0.031489,0.785056,15.636800,0.053263,0.819263,12.692000,0.074025,0.864748,7.166400,0.084541,0.913595,5.687200,0.099302,0.963079,6.880800,0.104296,0.999205,13.708000,0.073106,1.000000
D1-P114-S1-L4000,RHU175_SEMIQUANT_V1,train,4000,Blood:Neg,Blood:Neg,,,Blood,Neg,RHU175_SEMIQUANT_V1_2026-05-03T13-28-39.zip,1,1,0,,217.778397,0.523153,0.222783,218.162399,0.522420,0.237576,212.076004,0.460039,0.302671,257.789612,0.031489,0.785056,15.636800,0.053263,0.819263,12.692000,0.074025,0.864748,7.166400,0.084541,0.913595,5.687200,0.099302,0.963079,6.880800,0.104296,0.999205,13.708000,0.073106,1.000000
D1-P114-S1-L4000,RHU175_SEMIQUANT_V1,train,4000,Specific Gravity:1.030,Specific Gravity:1.030,,,Specific Gravity,1.030,RHU175_SEMIQUANT_V1_2026-05-03T13-28-39.zip,1,1,0,,217.778397,0.523153,0.222783,218.162399,0.522420,0.237576,212.076004,0.460039,0.302671,257.789612,0.031489,0.785056,15.636800,0.053263,0.819263,12.692000,0.074025,0.864748,7.166400,0.084541,0.913595,5.687200,0.099302,0.963079,6.880800,0.104296,0.999205,13.708000,0.073106,1.000000
D1-P114-S1-L4000,RHU175_SEMIQUANT_V1,train,4000,Ketone:Neg,Ketone:Neg,,,Ketone,Neg,RHU175_SEMIQUANT_V1_2026-05-03T13-28-39.zip,1,1,0,,217.778397,0.523153,0.222783,218.162399,0.522420,0.237576,212.076004,0.460039,0.302671,257.789612,0.031489,0.785056,15.636800,0.053263,0.819263,12.692000,0.074025,0.864748,7.166400,0.084541,0.913595,5.687200,0.099302,0.963079,6.880800,0.104296,0.999205,13.708000,0.073106,1.000000
D1-P114-S1-L4000,RHU175_SEMIQUANT_V1,train,4000,Bilirubin:Small 17,Bilirubin:Small 17,,,Bilirubin,Small 17,RHU175_SEMIQUANT_V1_2026-05-03T13-28-39.zip,1,1,0,,217.778397,0.523153,0.222783,218.162399,0.522420,0.237576,212.076004,0.460039,0.302671,257.789612,0.031489,0.785056,15.636800,0.053263,0.819263,12.692000,0.074025,0.864748,7.166400,0.084541,0.913595,5.687200,0.099302,0.963079,6.880800,0.104296,0.999205,13.708000,0.073106,1.000000
D1-P114-S1-L4000,RHU175_SEMIQUANT_V1,train,4000,Glucose:Neg,Glucose:Neg,,,Glucose,Neg,RHU175_SEMIQUANT_V1_2026-05-03T13-28-39.zip,1,1,0,,217.778397,0.523153,0.222783,218.162399,0.522420,0.237576,212.076004,0.460039,0.302671,257.789612,0.031489,0.785056,15.636800,0.053263,0.819263,12.692000,0.074025,0.864748,7.166400,0.084541,0.913595,5.687200,0.099302,0.963079,6.880800,0.104296,0.999205,13.708000,0.073106,1.000000
D1-P118-S1-L4000,RHU175_SEMIQUANT_V1,train,4000,Leukocytes:Neg,Leukocytes:Neg,,,Leukocytes,Neg,RHU175_SEMIQUANT_V1_2026-05-03T13-28-39.zip,1,1,0,,215.764008,0.531998,0.214783,215.796799,0.525551,0.233636,202.083206,0.473090,0.304213,18.146400,0.034960,0.792773,28.600000,0.060202,0.829696,19.993601,0.080467,0.882011,15.274400,0.093914,0.940392,16.296000,0.105012,0.987263,22.137600,0.080292,1.000000,41.097599,0.035641,1.000000
D1-P118-S1-L4000,RHU175_SEMIQUANT_V1,train,4000,Nitrite:Positive,Nitrite:Positive,,,Nitrite,Positive,RHU175_SEMIQUANT_V1_2026-05-03T13-28-39.zip,1,1,0,,215.764008,0.531998,0.214783,215.796799,0.525551,0.233636,202.083206,0.473090,0.304213,18.146400,0.034960,0.792773,28.600000,0.060202,0.829696,19.993601,0.080467,0.882011,15.274400,0.093914,0.940392,16.296000,0.105012,0.987263,22.137600,0.080292,1.000000,41.097599,0.035641,1.000000
D1-P118-S1-L4000,RHU175_SEMIQUANT_V1,train,4000,Urobilinogen:16,Urobilinogen:16,,,Urobilinogen,16,RHU175_SEMIQUANT_V1_2026-05-03T13-28-39.zip,1,1,0,,215.764008,0.531998,0.214783,215.796799,0.525551,0.233636,202.083206,0.473090,0.304213,18.146400,0.034960,0.792773,28.600000,0.060202,0.829696,19.993601,0.080467,0.882011,15.274400,0.093914,0.940392,16.296000,0.105012,0.987263,22.137600,0.080292,1.000000,41.097599,0.035641,1.000000
D1-P118-S1-L4000,RHU175_SEMIQUANT_V1,train,4000,Protein:Trace,Protein:Trace,,,Protein,Trace,RHU175_SEMIQUANT_V1_2026-05-03T13-28-39.zip,1,1,0,,215.764008,0.531998,0.214783,215.796799,0.525551,0.233636,202.083206,0.473090,0.304213,18.146400,0.034960,0.792773,28.600000,0.060202,0.829696,19.993601,0.080467,0.882011,15.274400,0.093914,0.940392,16.296000,0.105012,0.987263,22.137600,0.080292,1.000000,41.097599,0.035641,1.000000
D1-P118-S1-L4000,RHU175_SEMIQUANT_V1,train,4000,pH:8.5,pH:8.5,,,pH,8.5,RHU175_SEMIQUANT_V1_2026-05-03T13-28-39.zip,1,1,0,,215.764008,0.531998,0.214783,215.796799,0.525551,0.233636,202.083206,0.473090,0.304213,18.146400,0.034960,0.792773,28.600000,0.060202,0.829696,19.993601,0.080467,0.882011,15.274400,0.093914,0.940392,16.296000,0.105012,0.987263,22.137600,0.080292,1.000000,41.097599,0.035641,1.000000
D1-P118-S1-L4000,RHU175_SEMIQUANT_V1,train,4000,Blood:Neg,Blood:Neg,,,Blood,Neg,RHU175_SEMIQUANT_V1_2026-05-03T13-28-39.zip,1,1,0,,215.764008,0.531998,0.214783,215.796799,0.525551,0.233636,202.083206,0.473090,0.304213,18.146400,0.034960,0.792773,28.600000,0.060202,0.829696,19.993601,0.080467,0.882011,15.274400,0.093914,0.940392,16.296000,0.105012,0.987263,22.137600,0.080292,1.000000,41.097599,0.035641,1.000000
D1-P118-S1-L4000,RHU175_SEMIQUANT_V1,train,4000,Specific Gravity:1.005,Specific Gravity:1.005,,,Specific Gravity,1.005,RHU175_SEMIQUANT_V1_2026-05-03T13-28-39.zip,1,1,0,,215.764008,0.531998,0.214783,215.796799,0.525551,0.233636,202.083206,0.473090,0.304213,18.146400,0.034960,0.792773,28.600000,0.060202,0.829696,19.993601,0.080467,0.882011,15.274400,0.093914,0.940392,16.296000,0.105012,0.987263,22.137600,0.080292,1.000000,41.097599,0.035641,1.000000
D1-P118-S1-L4000,RHU175_SEMIQUANT_V1,train,4000,Ketone:Neg,Ketone:Neg,,,Ketone,Neg,RHU175_SEMIQUANT_V1_2026-05-03T13-28-39.zip,1,1,0,,215.764008,0.531998,0.214783,215.796799,0.525551,0.233636,202.083206,0.473090,0.304213,18.146400,0.034960,0.792773,28.600000,0.060202,0.829696,19.993601,0.080467,0.882011,15.274400,0.093914,0.940392,16.296000,0.105012,0.987263,22.137600,0.080292,1.000000,41.097599,0.035641,1.000000
D1-P118-S1-L4000,RHU175_SEMIQUANT_V1,train,4000,Bilirubin:Small 17,Bilirubin:Small 17,,,Bilirubin,Small 17,RHU175_SEMIQUANT_V1_2026-05-03T13-28-39.zip,1,1,0,,215.764008,0.531998,0.214783,215.796799,0.525551,0.233636,202.083206,0.473090,0.304213,18.146400,0.034960,0.792773,28.600000,0.060202,0.829696,19.993601,0.080467,0.882011,15.274400,0.093914,0.940392,16.296000,0.105012,0.987263,22.137600,0.080292,1.000000,41.097599,0.035641,1.000000
D1-P118-S1-L4000,RHU175_SEMIQUANT_V1,train,4000,Glucose:Neg,Glucose:Neg,,,Glucose,Neg,RHU175_SEMIQUANT_V1_2026-05-03T13-28-39.zip,1,1,0,,215.764008,0.531998,0.214783,215.796799,0.525551,0.233636,202.083206,0.473090,0.304213,18.146400,0.034960,0.792773,28.600000,0.060202,0.829696,19.993601,0.080467,0.882011,15.274400,0.093914,0.940392,16.296000,0.105012,0.987263,22.137600,0.080292,1.000000,41.097599,0.035641,1.000000
D1-P119-S1-L4000,RHU175_SEMIQUANT_V1,val,4000,Leukocytes:Neg,Leukocytes:Neg,,,Leukocytes,Neg,RHU175_SEMIQUANT_V1_2026-05-03T13-28-39.zip,1,1,0,,216.366394,0.531600,0.222737,217.376801,0.517051,0.240147,207.695206,0.471010,0.307200,135.388794,0.033365,0.798191,41.155998,0.052028,0.826329,12.329600,0.073675,0.874634,6.876000,0.084971,0.926737,8.533600,0.097876,0.975460,12.196000,0.090949,0.999857,18.521601,0.053275,1.000000
D1-P119-S1-L4000,RHU175_SEMIQUANT_V1,val,4000,Nitrite:Positive,Nitrite:Positive,,,Nitrite,Positive,RHU175_SEMIQUANT_V1_2026-05-03T13-28-39.zip,1,1,0,,216.366394,0.531600,0.222737,217.376801,0.517051,0.240147,207.695206,0.471010,0.307200,135.388794,0.033365,0.798191,41.155998,0.052028,0.826329,12.329600,0.073675,0.874634,6.876000,0.084971,0.926737,8.533600,0.097876,0.975460,12.196000,0.090949,0.999857,18.521601,0.053275,1.000000
D1-P119-S1-L4000,RHU175_SEMIQUANT_V1,val,4000,Urobilinogen:16,Urobilinogen:16,,,Urobilinogen,16,RHU175_SEMIQUANT_V1_2026-05-03T13-28-39.zip,1,1,0,,216.366394,0.531600,0.222737,217.376801,0.517051,0.240147,207.695206,0.471010,0.307200,135.388794,0.033365,0.798191,41.155998,0.052028,0.826329,12.329600,0.073675,0.874634,6.876000,0.084971,0.926737,8.533600,0.097876,0.975460,12.196000,0.090949,0.999857,18.521601,0.053275,1.000000
D1-P119-S1-L4000,RHU175_SEMIQUANT_V1,val,4000,Protein:Neg,Protein:Neg,,,Protein,Neg,RHU175_SEMIQUANT_V1_2026-05-03T13-28-39.zip,1,1,0,,216.366394,0.531600,0.222737,217.376801,0.517051,0.240147,207.695206,0.471010,0.307200,135.388794,0.033365,0.798191,41.155998,0.052028,0.826329,12.329600,0.073675,0.874634,6.876000,0.084971,0.926737,8.533600,0.097876,0.975460,12.196000,0.090949,0.999857,18.521601,0.053275,1.000000
D1-P119-S1-L4000,RHU175_SEMIQUANT_V1,val,4000,pH:6.0,pH:6.0,,,pH,6.0,RHU175_SEMIQUANT_V1_2026-05-03T13-28-39.zip,1,1,0,,216.366394,0.531600,0.222737,217.376801,0.517051,0.240147,207.695206,0.471010,0.307200,135.388794,0.033365,0.798191,41.155998,0.052028,0.826329,12.329600,0.073675,0.874634,6.876000,0.084971,0.926737,8.533600,0.097876,0.975460,12.196000,0.090949,0.999857,18.521601,0.053275,1.000000
D1-P119-S1-L4000,RHU175_SEMIQUANT_V1,val,4000,Blood:Neg,Blood:Neg,,,Blood,Neg,RHU175_SEMIQUANT_V1_2026-05-03T13-28-39.zip,1,1,0,,216.366394,0.531600,0.222737,217.376801,0.517051,0.240147,207.695206,0.471010,0.307200,135.388794,0.033365,0.798191,41.155998,0.052028,0.826329,12.329600,0.073675,0.874634,6.876000,0.084971,0.926737,8.533600,0.097876,0.975460,12.196000,0.090949,0.999857,18.521601,0.053275,1.000000
D1-P119-S1-L4000,RHU175_SEMIQUANT_V1,val,4000,Specific Gravity:1.030,Specific Gravity:1.030,,,Specific Gravity,1.030,RHU175_SEMIQUANT_V1_2026-05-03T13-28-39.zip,1,1,0,,216.366394,0.531600,0.222737,217.376801,0.517051,0.240147,207.695206,0.471010,0.307200,135.388794,0.033365,0.798191,41.155998,0.052028,0.826329,12.329600,0.073675,0.874634,6.876000,0.084971,0.926737,8.533600,0.097876,0.975460,12.196000,0.090949,0.999857,18.521601,0.053275,1.000000
D1-P119-S1-L4000,RHU175_SEMIQUANT_V1,val,4000,Ketone:Neg,Ketone:Neg,,,Ketone,Neg,RHU175_SEMIQUANT_V1_2026-05-03T13-28-39.zip,1,1,0,,216.366394,0.531600,0.222737,217.376801,0.517051,0.240147,207.695206,0.471010,0.307200,135.388794,0.033365,0.798191,41.155998,0.052028,0.826329,12.329600,0.073675,0.874634,6.876000,0.084971,0.926737,8.533600,0.097876,0.975460,12.196000,0.090949,0.999857,18.521601,0.053275,1.000000
D1-P119-S1-L4000,RHU175_SEMIQUANT_V1,val,4000,Bilirubin:Small 17,Bilirubin:Small 17,,,Bilirubin,Small 17,RHU175_SEMIQUANT_V1_2026-05-03T13-28-39.zip,1,1,0,,216.366394,0.531600,0.222737,217.376801,0.517051,0.240147,207.695206,0.471010,0.307200,135.388794,0.033365,0.798191,41.155998,0.052028,0.826329,12.329600,0.073675,0.874634,6.876000,0.084971,0.926737,8.533600,0.097876,0.975460,12.196000,0.090949,0.999857,18.521601,0.053275,1.000000
D1-P119-S1-L4000,RHU175_SEMIQUANT_V1,val,4000,Glucose:Neg,Glucose:Neg,,,Glucose,Neg,RHU175_SEMIQUANT_V1_2026-05-03T13-28-39.zip,1,1,0,,216.366394,0.531600,0.222737,217.376801,0.517051,0.240147,207.695206,0.471010,0.307200,135.388794,0.033365,0.798191,41.155998,0.052028,0.826329,12.329600,0.073675,0.874634,6.876000,0.084971,0.926737,8.533600,0.097876,0.975460,12.196000,0.090949,0.999857,18.521601,0.053275,1.000000
D1-P142-S1-L2700,RHU175_SEMIQUANT_V1,val,2700,Leukocytes:Trace 15,Leukocytes:Trace 15,,,Leukocytes,Trace 15,RHU175_SEMIQUANT_V1_2026-05-03T13-28-39.zip,1,1,0,,84.890404,0.004129,0.748893,97.972000,0.005191,0.755023,129.616806,0.005696,0.754154,125.205597,0.007942,0.759517,170.700806,0.008707,0.761299,108.019997,0.007769,0.758819,57.019199,0.014717,0.762508,161.883194,0.006758,0.760602,177.232803,0.007338,0.766295,97.226402,0.012836,0.765901
D1-P142-S1-L2700,RHU175_SEMIQUANT_V1,val,2700,Nitrite:Positive,Nitrite:Positive,,,Nitrite,Positive,RHU175_SEMIQUANT_V1_2026-05-03T13-28-39.zip,1,1,0,,84.890404,0.004129,0.748893,97.972000,0.005191,0.755023,129.616806,0.005696,0.754154,125.205597,0.007942,0.759517,170.700806,0.008707,0.761299,108.019997,0.007769,0.758819,57.019199,0.014717,0.762508,161.883194,0.006758,0.760602,177.232803,0.007338,0.766295,97.226402,0.012836,0.765901
D1-P142-S1-L2700,RHU175_SEMIQUANT_V1,val,2700,Urobilinogen:3.2,Urobilinogen:3.2,,,Urobilinogen,3.2,RHU175_SEMIQUANT_V1_2026-05-03T13-28-39.zip,1,1,0,,84.890404,0.004129,0.748893,97.972000,0.005191,0.755023,129.616806,0.005696,0.754154,125.205597,0.007942,0.759517,170.700806,0.008707,0.761299,108.019997,0.007769,0.758819,57.019199,0.014717,0.762508,161.883194,0.006758,0.760602,177.232803,0.007338,0.766295,97.226402,0.012836,0.765901
D1-P142-S1-L2700,RHU175_SEMIQUANT_V1,val,2700,Protein:Neg,Protein:Neg,,,Protein,Neg,RHU175_SEMIQUANT_V1_2026-05-03T13-28-39.zip,1,1,0,,84.890404,0.004129,0.748893,97.972000,0.005191,0.755023,129.616806,0.005696,0.754154,125.205597,0.007942,0.759517,170.700806,0.008707,0.761299,108.019997,0.007769,0.758819,57.019199,0.014717,0.762508,161.883194,0.006758,0.760602,177.232803,0.007338,0.766295,97.226402,0.012836,0.765901
D1-P142-S1-L2700,RHU175_SEMIQUANT_V1,val,2700,pH:6.0,pH:6.0,,,pH,6.0,RHU175_SEMIQUANT_V1_2026-05-03T13-28-39.zip,1,1,0,,84.890404,0.004129,0.748893,97.972000,0.005191,0.755023,129.616806,0.005696,0.754154,125.205597,0.007942,0.759517,170.700806,0.008707,0.761299,108.019997,0.007769,0.758819,57.019199,0.014717,0.762508,161.883194,0.006758,0.760602,177.232803,0.007338,0.766295,97.226402,0.012836,0.765901
D1-P142-S1-L2700,RHU175_SEMIQUANT_V1,val,2700,Blood:Neg,Blood:Neg,,,Blood,Neg,RHU175_SEMIQUANT_V1_2026-05-03T13-28-39.zip,1,1,0,,84.890404,0.004129,0.748893,97.972000,0.005191,0.755023,129.616806,0.005696,0.754154,125.205597,0.007942,0.759517,170.700806,0.008707,0.761299,108.019997,0.007769,0.758819,57.019199,0.014717,0.762508,161.883194,0.006758,0.760602,177.232803,0.007338,0.766295,97.226402,0.012836,0.765901
D1-P142-S1-L2700,RHU175_SEMIQUANT_V1,val,2700,Specific Gravity:1.030,Specific Gravity:1.030,,,Specific Gravity,1.030,RHU175_SEMIQUANT_V1_2026-05-03T13-28-39.zip,1,1,0,,84.890404,0.004129,0.748893,97.972000,0.005191,0.755023,129.616806,0.005696,0.754154,125.205597,0.007942,0.759517,170.700806,0.008707,0.761299,108.019997,0.007769,0.758819,57.019199,0.014717,0.762508,161.883194,0.006758,0.760602,177.232803,0.007338,0.766295,97.226402,0.012836,0.765901
D1-P142-S1-L2700,RHU175_SEMIQUANT_V1,val,2700,Ketone:Neg,Ketone:Neg,,,Ketone,Neg,RHU175_SEMIQUANT_V1_2026-05-03T13-28-39.zip,1,1,0,,84.890404,0.004129,0.748893,97.972000,0.005191,0.755023,129.616806,0.005696,0.754154,125.205597,0.007942,0.759517,170.700806,0.008707,0.761299,108.019997,0.007769,0.758819,57.019199,0.014717,0.762508,161.883194,0.006758,0.760602,177.232803,0.007338,0.766295,97.226402,0.012836,0.765901
D1-P142-S1-L2700,RHU175_SEMIQUANT_V1,val,2700,Bilirubin:Small 17,Bilirubin:Small 17,,,Bilirubin,Small 17,RHU175_SEMIQUANT_V1_2026-05-03T13-28-39.zip,1,1,0,,84.890404,0.004129,0.748893,97.972000,0.005191,0.755023,129.616806,0.005696,0.754154,125.205597,0.007942,0.759517,170.700806,0.008707,0.761299,108.019997,0.007769,0.758819,57.019199,0.014717,0.762508,161.883194,0.006758,0.760602,177.232803,0.007338,0.766295,97.226402,0.012836,0.765901
D1-P142-S1-L2700,RHU175_SEMIQUANT_V1,val,2700,Glucose:Neg,Glucose:Neg,,,Glucose,Neg,RHU175_SEMIQUANT_V1_2026-05-03T13-28-39.zip,1,1,0,,84.890404,0.004129,0.748893,97.972000,0.005191,0.755023,129.616806,0.005696,0.754154,125.205597,0.007942,0.759517,170.700806,0.008707,0.761299,108.019997,0.007769,0.758819,57.019199,0.014717,0.762508,161.883194,0.006758,0.760602,177.232803,0.007338,0.766295,97.226402,0.012836,0.765901
D1-P142-S1-L4000,RHU175_SEMIQUANT_V1,val,4000,Leukocytes:Trace 15,Leukocytes:Trace 15,,,Leukocytes,Trace 15,RHU175_SEMIQUANT_V1_2026-05-03T13-28-39.zip,1,1,0,,216.160004,0.515379,0.248803,213.225601,0.505721,0.267788,199.732803,0.424791,0.344262,11.760000,0.043591,0.874646,5.612000,0.064417,0.925658,20.682400,0.075835,0.973688,8.941600,0.058455,0.999391,30.282400,0.007940,0.977784,0.000000,0.000000,0.000000,0.000000,0.000000,0.000000
D1-P142-S1-L4000,RHU175_SEMIQUANT_V1,val,4000,Nitrite:Positive,Nitrite:Positive,,,Nitrite,Positive,RHU175_SEMIQUANT_V1_2026-05-03T13-28-39.zip,1,1,0,,216.160004,0.515379,0.248803,213.225601,0.505721,0.267788,199.732803,0.424791,0.344262,11.760000,0.043591,0.874646,5.612000,0.064417,0.925658,20.682400,0.075835,0.973688,8.941600,0.058455,0.999391,30.282400,0.007940,0.977784,0.000000,0.000000,0.000000,0.000000,0.000000,0.000000
D1-P142-S1-L4000,RHU175_SEMIQUANT_V1,val,4000,Urobilinogen:3.2,Urobilinogen:3.2,,,Urobilinogen,3.2,RHU175_SEMIQUANT_V1_2026-05-03T13-28-39.zip,1,1,0,,216.160004,0.515379,0.248803,213.225601,0.505721,0.267788,199.732803,0.424791,0.344262,11.760000,0.043591,0.874646,5.612000,0.064417,0.925658,20.682400,0.075835,0.973688,8.941600,0.058455,0.999391,30.282400,0.007940,0.977784,0.000000,0.000000,0.000000,0.000000,0.000000,0.000000
D1-P142-S1-L4000,RHU175_SEMIQUANT_V1,val,4000,Protein:Neg,Protein:Neg,,,Protein,Neg,RHU175_SEMIQUANT_V1_2026-05-03T13-28-39.zip,1,1,0,,216.160004,0.515379,0.248803,213.225601,0.505721,0.267788,199.732803,0.424791,0.344262,11.760000,0.043591,0.874646,5.612000,0.064417,0.925658,20.682400,0.075835,0.973688,8.941600,0.058455,0.999391,30.282400,0.007940,0.977784,0.000000,0.000000,0.000000,0.000000,0.000000,0.000000
D1-P142-S1-L4000,RHU175_SEMIQUANT_V1,val,4000,pH:6.0,pH:6.0,,,pH,6.0,RHU175_SEMIQUANT_V1_2026-05-03T13-28-39.zip,1,1,0,,216.160004,0.515379,0.248803,213.225601,0.505721,0.267788,199.732803,0.424791,0.344262,11.760000,0.043591,0.874646,5.612000,0.064417,0.925658,20.682400,0.075835,0.973688,8.941600,0.058455,0.999391,30.282400,0.007940,0.977784,0.000000,0.000000,0.000000,0.000000,0.000000,0.000000
D1-P142-S1-L4000,RHU175_SEMIQUANT_V1,val,4000,Blood:Neg,Blood:Neg,,,Blood,Neg,RHU175_SEMIQUANT_V1_2026-05-03T13-28-39.zip,1,1,0,,216.160004,0.515379,0.248803,213.225601,0.505721,0.267788,199.732803,0.424791,0.344262,11.760000,0.043591,0.874646,5.612000,0.064417,0.925658,20.682400,0.075835,0.973688,8.941600,0.058455,0.999391,30.282400,0.007940,0.977784,0.000000,0.000000,0.000000,0.000000,0.000000,0.000000
D1-P142-S1-L4000,RHU175_SEMIQUANT_V1,val,4000,Specific Gravity:1.030,Specific Gravity:1.030,,,Specific Gravity,1.030,RHU175_SEMIQUANT_V1_2026-05-03T13-28-39.zip,1,1,0,,216.160004,0.515379,0.248803,213.225601,0.505721,0.267788,199.732803,0.424791,0.344262,11.760000,0.043591,0.874646,5.612000,0.064417,0.925658,20.682400,0.075835,0.973688,8.941600,0.058455,0.999391,30.282400,0.007940,0.977784,0.000000,0.000000,0.000000,0.000000,0.000000,0.000000
D1-P142-S1-L4000,RHU175_SEMIQUANT_V1,val,4000,Ketone:Neg,Ketone:Neg,,,Ketone,Neg,RHU175_SEMIQUANT_V1_2026-05-03T13-28-39.zip,1,1,0,,216.160004,0.515379,0.248803,213.225601,0.505721,0.267788,199.732803,0.424791,0.344262,11.760000,0.043591,0.874646,5.612000,0.064417,0.925658,20.682400,0.075835,0.973688,8.941600,0.058455,0.999391,30.282400,0.007940,0.977784,0.000000,0.000000,0.000000,0.000000,0.000000,0.000000
D1-P142-S1-L4000,RHU175_SEMIQUANT_V1,val,4000,Bilirubin:Small 17,Bilirubin:Small 17,,,Bilirubin,Small 17,RHU175_SEMIQUANT_V1_2026-05-03T13-28-39.zip,1,1,0,,216.160004,0.515379,0.248803,213.225601,0.505721,0.267788,199.732803,0.424791,0.344262,11.760000,0.043591,0.874646,5.612000,0.064417,0.925658,20.682400,0.075835,0.973688,8.941600,0.058455,0.999391,30.282400,0.007940,0.977784,0.000000,0.000000,0.000000,0.000000,0.000000,0.000000
D1-P142-S1-L4000,RHU175_SEMIQUANT_V1,val,4000,Glucose:Neg,Glucose:Neg,,,Glucose,Neg,RHU175_SEMIQUANT_V1_2026-05-03T13-28-39.zip,1,1,0,,216.160004,0.515379,0.248803,213.225601,0.505721,0.267788,199.732803,0.424791,0.344262,11.760000,0.043591,0.874646,5.612000,0.064417,0.925658,20.682400,0.075835,0.973688,8.941600,0.058455,0.999391,30.282400,0.007940,0.977784,0.000000,0.000000,0.000000,0.000000,0.000000,0.000000
D1-P142-S1-L5500,RHU175_SEMIQUANT_V1,val,5500,Leukocytes:Trace 15,Leukocytes:Trace 15,,,Leukocytes,Trace 15,RHU175_SEMIQUANT_V1_2026-05-03T13-28-39.zip,1,1,0,,315.979187,0.271315,0.200304,318.804810,0.235322,0.235449,140.990402,0.019758,0.780569,146.275208,0.024055,0.812486,140.663193,0.024056,0.846358,142.318405,0.031605,0.891078,153.468796,0.035609,0.902331,0.000000,0.000000,0.000000,0.000000,0.000000,0.000000,0.000000,0.000000,0.000000
D1-P142-S1-L5500,RHU175_SEMIQUANT_V1,val,5500,Nitrite:Positive,Nitrite:Positive,,,Nitrite,Positive,RHU175_SEMIQUANT_V1_2026-05-03T13-28-39.zip,1,1,0,,315.979187,0.271315,0.200304,318.804810,0.235322,0.235449,140.990402,0.019758,0.780569,146.275208,0.024055,0.812486,140.663193,0.024056,0.846358,142.318405,0.031605,0.891078,153.468796,0.035609,0.902331,0.000000,0.000000,0.000000,0.000000,0.000000,0.000000,0.000000,0.000000,0.000000
D1-P142-S1-L5500,RHU175_SEMIQUANT_V1,val,5500,Urobilinogen:3.2,Urobilinogen:3.2,,,Urobilinogen,3.2,RHU175_SEMIQUANT_V1_2026-05-03T13-28-39.zip,1,1,0,,315.979187,0.271315,0.200304,318.804810,0.235322,0.235449,140.990402,0.019758,0.780569,146.275208,0.024055,0.812486,140.663193,0.024056,0.846358,142.318405,0.031605,0.891078,153.468796,0.035609,0.902331,0.000000,0.000000,0.000000,0.000000,0.000000,0.000000,0.000000,0.000000,0.000000
D1-P142-S1-L5500,RHU175_SEMIQUANT_V1,val,5500,Protein:Neg,Protein:Neg,,,Protein,Neg,RHU175_SEMIQUANT_V1_2026-05-03T13-28-39.zip,1,1,0,,315.979187,0.271315,0.200304,318.804810,0.235322,0.235449,140.990402,0.019758,0.780569,146.275208,0.024055,0.812486,140.663193,0.024056,0.846358,142.318405,0.031605,0.891078,153.468796,0.035609,0.902331,0.000000,0.000000,0.000000,0.000000,0.000000,0.000000,0.000000,0.000000,0.000000
D1-P142-S1-L5500,RHU175_SEMIQUANT_V1,val,5500,pH:6.0,pH:6.0,,,pH,6.0,RHU175_SEMIQUANT_V1_2026-05-03T13-28-39.zip,1,1,0,,315.979187,0.271315,0.200304,318.804810,0.235322,0.235449,140.990402,0.019758,0.780569,146.275208,0.024055,0.812486,140.663193,0.024056,0.846358,142.318405,0.031605,0.891078,153.468796,0.035609,0.902331,0.000000,0.000000,0.000000,0.000000,0.000000,0.000000,0.000000,0.000000,0.000000
D1-P142-S1-L5500,RHU175_SEMIQUANT_V1,val,5500,Blood:Neg,Blood:Neg,,,Blood,Neg,RHU175_SEMIQUANT_V1_2026-05-03T13-28-39.zip,1,1,0,,315.979187,0.271315,0.200304,318.804810,0.235322,0.235449,140.990402,0.019758,0.780569,146.275208,0.024055,0.812486,140.663193,0.024056,0.846358,142.318405,0.031605,0.891078,153.468796,0.035609,0.902331,0.000000,0.000000,0.000000,0.000000,0.000000,0.000000,0.000000,0.000000,0.000000
D1-P142-S1-L5500,RHU175_SEMIQUANT_V1,val,5500,Specific Gravity:1.030,Specific Gravity:1.030,,,Specific Gravity,1.030,RHU175_SEMIQUANT_V1_2026-05-03T13-28-39.zip,1,1,0,,315.979187,0.271315,0.200304,318.804810,0.235322,0.235449,140.990402,0.019758,0.780569,146.275208,0.024055,0.812486,140.663193,0.024056,0.846358,142.318405,0.031605,0.891078,153.468796,0.035609,0.902331,0.000000,0.000000,0.000000,0.000000,0.000000,0.000000,0.000000,0.000000,0.000000
D1-P142-S1-L5500,RHU175_SEMIQUANT_V1,val,5500,Ketone:Neg,Ketone:Neg,,,Ketone,Neg,RHU175_SEMIQUANT_V1_2026-05-03T13-28-39.zip,1,1,0,,315.979187,0.271315,0.200304,318.804810,0.235322,0.235449,140.990402,0.019758,0.780569,146.275208,0.024055,0.812486,140.663193,0.024056,0.846358,142.318405,0.031605,0.891078,153.468796,0.035609,0.902331,0.000000,0.000000,0.000000,0.000000,0.000000,0.000000,0.000000,0.000000,0.000000
D1-P142-S1-L5500,RHU175_SEMIQUANT_V1,val,5500,Bilirubin:Small 17,Bilirubin:Small 17,,,Bilirubin,Small 17,RHU175_SEMIQUANT_V1_2026-05-03T13-28-39.zip,1,1,0,,315.979187,0.271315,0.200304,318.804810,0.235322,0.235449,140.990402,0.019758,0.780569,146.275208,0.024055,0.812486,140.663193,0.024056,0.846358,142.318405,0.031605,0.891078,153.468796,0.035609,0.902331,0.000000,0.000000,0.000000,0.000000,0.000000,0.000000,0.000000,0.000000,0.000000
D1-P142-S1-L5500,RHU175_SEMIQUANT_V1,val,5500,Glucose:Neg,Glucose:Neg,,,Glucose,Neg,RHU175_SEMIQUANT_V1_2026-05-03T13-28-39.zip,1,1,0,,315.979187,0.271315,0.200304,318.804810,0.235322,0.235449,140.990402,0.019758,0.780569,146.275208,0.024055,0.812486,140.663193,0.024056,0.846358,142.318405,0.031605,0.891078,153.468796,0.035609,0.902331,0.000000,0.000000,0.000000,0.000000,0.000000,0.000000,0.000000,0.000000,0.000000
D1-P143-S1-L2700,RHU175_SEMIQUANT_V1,val,2700,Leukocytes:Trace 15,Leukocytes:Trace 15,,,Leukocytes,Trace 15,RHU175_SEMIQUANT_V1_2026-05-03T13-28-39.zip,1,1,0,,21.583200,0.500406,0.215951,26.639999,0.479347,0.239900,215.067993,0.089798,0.846157,216.304001,0.112878,0.895583,216.947205,0.123843,0.949294,215.189606,0.129100,0.994977,195.028793,0.089219,1.000000,13.252000,0.004853,0.068698,0.000000,0.000000,0.000000,0.000000,0.000000,0.000000
D1-P143-S1-L2700,RHU175_SEMIQUANT_V1,val,2700,Nitrite:Positive,Nitrite:Positive,,,Nitrite,Positive,RHU175_SEMIQUANT_V1_2026-05-03T13-28-39.zip,1,1,0,,21.583200,0.500406,0.215951,26.639999,0.479347,0.239900,215.067993,0.089798,0.846157,216.304001,0.112878,0.895583,216.947205,0.123843,0.949294,215.189606,0.129100,0.994977,195.028793,0.089219,1.000000,13.252000,0.004853,0.068698,0.000000,0.000000,0.000000,0.000000,0.000000,0.000000
D1-P143-S1-L2700,RHU175_SEMIQUANT_V1,val,2700,Urobilinogen:3.2,Urobilinogen:3.2,,,Urobilinogen,3.2,RHU175_SEMIQUANT_V1_2026-05-03T13-28-39.zip,1,1,0,,21.583200,0.500406,0.215951,26.639999,0.479347,0.239900,215.067993,0.089798,0.846157,216.304001,0.112878,0.895583,216.947205,0.123843,0.949294,215.189606,0.129100,0.994977,195.028793,0.089219,1.000000,13.252000,0.004853,0.068698,0.000000,0.000000,0.000000,0.000000,0.000000,0.000000
D1-P143-S1-L2700,RHU175_SEMIQUANT_V1,val,2700,Protein:Neg,Protein:Neg,,,Protein,Neg,RHU175_SEMIQUANT_V1_2026-05-03T13-28-39.zip,1,1,0,,21.583200,0.500406,0.215951,26.639999,0.479347,0.239900,215.067993,0.089798,0.846157,216.304001,0.112878,0.895583,216.947205,0.123843,0.949294,215.189606,0.129100,0.994977,195.028793,0.089219,1.000000,13.252000,0.004853,0.068698,0.000000,0.000000,0.000000,0.000000,0.000000,0.000000
D1-P143-S1-L2700,RHU175_SEMIQUANT_V1,val,2700,pH:5.0,pH:5.0,,,pH,5.0,RHU175_SEMIQUANT_V1_2026-05-03T13-28-39.zip,1,1,0,,21.583200,0.500406,0.215951,26.639999,0.479347,0.239900,215.067993,0.089798,0.846157,216.304001,0.112878,0.895583,216.947205,0.123843,0.949294,215.189606,0.129100,0.994977,195.028793,0.089219,1.000000,13.252000,0.004853,0.068698,0.000000,0.000000,0.000000,0.000000,0.000000,0.000000
D1-P143-S1-L2700,RHU175_SEMIQUANT_V1,val,2700,Blood:Neg,Blood:Neg,,,Blood,Neg,RHU175_SEMIQUANT_V1_2026-05-03T13-28-39.zip,1,1,0,,21.583200,0.500406,0.215951,26.639999,0.479347,0.239900,215.067993,0.089798,0.846157,216.304001,0.112878,0.895583,216.947205,0.123843,0.949294,215.189606,0.129100,0.994977,195.028793,0.089219,1.000000,13.252000,0.004853,0.068698,0.000000,0.000000,0.000000,0.000000,0.000000,0.000000
D1-P143-S1-L2700,RHU175_SEMIQUANT_V1,val,2700,Specific Gravity:1.030,Specific Gravity:1.030,,,Specific Gravity,1.030,RHU175_SEMIQUANT_V1_2026-05-03T13-28-39.zip,1,1,0,,21.583200,0.500406,0.215951,26.639999,0.479347,0.239900,215.067993,0.089798,0.846157,216.304001,0.112878,0.895583,216.947205,0.123843,0.949294,215.189606,0.129100,0.994977,195.028793,0.089219,1.000000,13.252000,0.004853,0.068698,0.000000,0.000000,0.000000,0.000000,0.000000,0.000000
D1-P143-S1-L2700,RHU175_SEMIQUANT_V1,val,2700,Ketone:Neg,Ketone:Neg,,,Ketone,Neg,RHU175_SEMIQUANT_V1_2026-05-03T13-28-39.zip,1,1,0,,21.583200,0.500406,0.215951,26.639999,0.479347,0.239900,215.067993,0.089798,0.846157,216.304001,0.112878,0.895583,216.947205,0.123843,0.949294,215.189606,0.129100,0.994977,195.028793,0.089219,1.000000,13.252000,0.004853,0.068698,0.000000,0.000000,0.000000,0.000000,0.000000,0.000000
D1-P143-S1-L2700,RHU175_SEMIQUANT_V1,val,2700,Bilirubin:Small 17,Bilirubin:Small 17,,,Bilirubin,Small 17,RHU175_SEMIQUANT_V1_2026-05-03T13-28-39.zip,1,1,0,,21.583200,0.500406,0.215951,26.639999,0.479347,0.239900,215.067993,0.089798,0.846157,216.304001,0.112878,0.895583,216.947205,0.123843,0.949294,215.189606,0.129100,0.994977,195.028793,0.089219,1.000000,13.252000,0.004853,0.068698,0.000000,0.000000,0.000000,0.000000,0.000000,0.000000
D1-P143-S1-L2700,RHU175_SEMIQUANT_V1,val,2700,Glucose:Neg,Glucose:Neg,,,Glucose,Neg,RHU175_SEMIQUANT_V1_2026-05-03T13-28-39.zip,1,1,0,,21.583200,0.500406,0.215951,26.639999,0.479347,0.239900,215.067993,0.089798,0.846157,216.304001,0.112878,0.895583,216.947205,0.123843,0.949294,215.189606,0.129100,0.994977,195.028793,0.089219,1.000000,13.252000,0.004853,0.068698,0.000000,0.000000,0.000000,0.000000,0.000000,0.000000
D1-P143-S1-L4000,RHU175_SEMIQUANT_V1,val,4000,Leukocytes:Trace 15,Leukocytes:Trace 15,,,Leukocytes,Trace 15,RHU175_SEMIQUANT_V1_2026-05-03T13-28-39.zip,1,1,0,,215.977600,0.515920,0.232827,215.930405,0.505920,0.251045,199.978394,0.447903,0.318736,11.180800,0.060020,0.857504,7.290400,0.075842,0.907482,7.064000,0.088179,0.958124,10.225600,0.087332,0.998072,36.189602,0.031878,0.999998,0.000000,0.000000,0.000000,0.000000,0.000000,0.000000
D1-P143-S1-L4000,RHU175_SEMIQUANT_V1,val,4000,Nitrite:Positive,Nitrite:Positive,,,Nitrite,Positive,RHU175_SEMIQUANT_V1_2026-05-03T13-28-39.zip,1,1,0,,215.977600,0.515920,0.232827,215.930405,0.505920,0.251045,199.978394,0.447903,0.318736,11.180800,0.060020,0.857504,7.290400,0.075842,0.907482,7.064000,0.088179,0.958124,10.225600,0.087332,0.998072,36.189602,0.031878,0.999998,0.000000,0.000000,0.000000,0.000000,0.000000,0.000000
D1-P143-S1-L4000,RHU175_SEMIQUANT_V1,val,4000,Urobilinogen:3.2,Urobilinogen:3.2,,,Urobilinogen,3.2,RHU175_SEMIQUANT_V1_2026-05-03T13-28-39.zip,1,1,0,,215.977600,0.515920,0.232827,215.930405,0.505920,0.251045,199.978394,0.447903,0.318736,11.180800,0.060020,0.857504,7.290400,0.075842,0.907482,7.064000,0.088179,0.958124,10.225600,0.087332,0.998072,36.189602,0.031878,0.999998,0.000000,0.000000,0.000000,0.000000,0.000000,0.000000
D1-P143-S1-L4000,RHU175_SEMIQUANT_V1,val,4000,Protein:Neg,Protein:Neg,,,Protein,Neg,RHU175_SEMIQUANT_V1_2026-05-03T13-28-39.zip,1,1,0,,215.977600,0.515920,0.232827,215.930405,0.505920,0.251045,199.978394,0.447903,0.318736,11.180800,0.060020,0.857504,7.290400,0.075842,0.907482,7.064000,0.088179,0.958124,10.225600,0.087332,0.998072,36.189602,0.031878,0.999998,0.000000,0.000000,0.000000,0.000000,0.000000,0.000000
D1-P143-S1-L4000,RHU175_SEMIQUANT_V1,val,4000,pH:5.0,pH:5.0,,,pH,5.0,RHU175_SEMIQUANT_V1_2026-05-03T13-28-39.zip,1,1,0,,215.977600,0.515920,0.232827,215.930405,0.505920,0.251045,199.978394,0.447903,0.318736,11.180800,0.060020,0.857504,7.290400,0.075842,0.907482,7.064000,0.088179,0.958124,10.225600,0.087332,0.998072,36.189602,0.031878,0.999998,0.000000,0.000000,0.000000,0.000000,0.000000,0.000000
D1-P143-S1-L4000,RHU175_SEMIQUANT_V1,val,4000,Blood:Neg,Blood:Neg,,,Blood,Neg,RHU175_SEMIQUANT_V1_2026-05-03T13-28-39.zip,1,1,0,,215.977600,0.515920,0.232827,215.930405,0.505920,0.251045,199.978394,0.447903,0.318736,11.180800,0.060020,0.857504,7.290400,0.075842,0.907482,7.064000,0.088179,0.958124,10.225600,0.087332,0.998072,36.189602,0.031878,0.999998,0.000000,0.000000,0.000000,0.000000,0.000000,0.000000
D1-P143-S1-L4000,RHU175_SEMIQUANT_V1,val,4000,Specific Gravity:1.030,Specific Gravity:1.030,,,Specific Gravity,1.030,RHU175_SEMIQUANT_V1_2026-05-03T13-28-39.zip,1,1,0,,215.977600,0.515920,0.232827,215.930405,0.505920,0.251045,199.978394,0.447903,0.318736,11.180800,0.060020,0.857504,7.290400,0.075842,0.907482,7.064000,0.088179,0.958124,10.225600,0.087332,0.998072,36.189602,0.031878,0.999998,0.000000,0.000000,0.000000,0.000000,0.000000,0.000000
D1-P143-S1-L4000,RHU175_SEMIQUANT_V1,val,4000,Ketone:Neg,Ketone:Neg,,,Ketone,Neg,RHU175_SEMIQUANT_V1_2026-05-03T13-28-39.zip,1,1,0,,215.977600,0.515920,0.232827,215.930405,0.505920,0.251045,199.978394,0.447903,0.318736,11.180800,0.060020,0.857504,7.290400,0.075842,0.907482,7.064000,0.088179,0.958124,10.225600,0.087332,0.998072,36.189602,0.031878,0.999998,0.000000,0.000000,0.000000,0.000000,0.000000,0.000000
D1-P143-S1-L4000,RHU175_SEMIQUANT_V1,val,4000,Bilirubin:Small 17,Bilirubin:Small 17,,,Bilirubin,Small 17,RHU175_SEMIQUANT_V1_2026-05-03T13-28-39.zip,1,1,0,,215.977600,0.515920,0.232827,215.930405,0.505920,0.251045,199.978394,0.447903,0.318736,11.180800,0.060020,0.857504,7.290400,0.075842,0.907482,7.064000,0.088179,0.958124,10.225600,0.087332,0.998072,36.189602,0.031878,0.999998,0.000000,0.000000,0.000000,0.000000,0.000000,0.000000
D1-P143-S1-L4000,RHU175_SEMIQUANT_V1,val,4000,Glucose:Neg,Glucose:Neg,,,Glucose,Neg,RHU175_SEMIQUANT_V1_2026-05-03T13-28-39.zip,1,1,0,,215.977600,0.515920,0.232827,215.930405,0.505920,0.251045,199.978394,0.447903,0.318736,11.180800,0.060020,0.857504,7.290400,0.075842,0.907482,7.064000,0.088179,0.958124,10.225600,0.087332,0.998072,36.189602,0.031878,0.999998,0.000000,0.000000,0.000000,0.000000,0.000000,0.000000
D1-P143-S1-L5500,RHU175_SEMIQUANT_V1,val,5500,Leukocytes:Trace 15,Leukocytes:Trace 15,,,Leukocytes,Trace 15,RHU175_SEMIQUANT_V1_2026-05-03T13-28-39.zip,1,1,0,,313.802399,0.292834,0.183900,312.868011,0.262869,0.204998,176.479202,0.021738,0.745518,153.586395,0.029415,0.780232,161.292801,0.036151,0.816027,157.764801,0.030069,0.850446,164.475998,0.039288,0.903172,13.545600,0.003468,0.073293,0.000000,0.000000,0.000000,0.000000,0.000000,0.000000
D1-P143-S1-L5500,RHU175_SEMIQUANT_V1,val,5500,Nitrite:Positive,Nitrite:Positive,,,Nitrite,Positive,RHU175_SEMIQUANT_V1_2026-05-03T13-28-39.zip,1,1,0,,313.802399,0.292834,0.183900,312.868011,0.262869,0.204998,176.479202,0.021738,0.745518,153.586395,0.029415,0.780232,161.292801,0.036151,0.816027,157.764801,0.030069,0.850446,164.475998,0.039288,0.903172,13.545600,0.003468,0.073293,0.000000,0.000000,0.000000,0.000000,0.000000,0.000000
D1-P143-S1-L5500,RHU175_SEMIQUANT_V1,val,5500,Urobilinogen:3.2,Urobilinogen:3.2,,,Urobilinogen,3.2,RHU175_SEMIQUANT_V1_2026-05-03T13-28-39.zip,1,1,0,,313.802399,0.292834,0.183900,312.868011,0.262869,0.204998,176.479202,0.021738,0.745518,153.586395,0.029415,0.780232,161.292801,0.036151,0.816027,157.764801,0.030069,0.850446,164.475998,0.039288,0.903172,13.545600,0.003468,0.073293,0.000000,0.000000,0.000000,0.000000,0.000000,0.000000
D1-P143-S1-L5500,RHU175_SEMIQUANT_V1,val,5500,Protein:Neg,Protein:Neg,,,Protein,Neg,RHU175_SEMIQUANT_V1_2026-05-03T13-28-39.zip,1,1,0,,313.802399,0.292834,0.183900,312.868011,0.262869,0.204998,176.479202,0.021738,0.745518,153.586395,0.029415,0.780232,161.292801,0.036151,0.816027,157.764801,0.030069,0.850446,164.475998,0.039288,0.903172,13.545600,0.003468,0.073293,0.000000,0.000000,0.000000,0.000000,0.000000,0.000000
D1-P143-S1-L5500,RHU175_SEMIQUANT_V1,val,5500,pH:5.0,pH:5.0,,,pH,5.0,RHU175_SEMIQUANT_V1_2026-05-03T13-28-39.zip,1,1,0,,313.802399,0.292834,0.183900,312.868011,0.262869,0.204998,176.479202,0.021738,0.745518,153.586395,0.029415,0.780232,161.292801,0.036151,0.816027,157.764801,0.030069,0.850446,164.475998,0.039288,0.903172,13.545600,0.003468,0.073293,0.000000,0.000000,0.000000,0.000000,0.000000,0.000000
D1-P143-S1-L5500,RHU175_SEMIQUANT_V1,val,5500,Blood:Neg,Blood:Neg,,,Blood,Neg,RHU175_SEMIQUANT_V1_2026-05-03T13-28-39.zip,1,1,0,,313.802399,0.292834,0.183900,312.868011,0.262869,0.204998,176.479202,0.021738,0.745518,153.586395,0.029415,0.780232,161.292801,0.036151,0.816027,157.764801,0.030069,0.850446,164.475998,0.039288,0.903172,13.545600,0.003468,0.073293,0.000000,0.000000,0.000000,0.000000,0.000000,0.000000
D1-P143-S1-L5500,RHU175_SEMIQUANT_V1,val,5500,Specific Gravity:1.030,Specific Gravity:1.030,,,Specific Gravity,1.030,RHU175_SEMIQUANT_V1_2026-05-03T13-28-39.zip,1,1,0,,313.802399,0.292834,0.183900,312.868011,0.262869,0.204998,176.479202,0.021738,0.745518,153.586395,0.029415,0.780232,161.292801,0.036151,0.816027,157.764801,0.030069,0.850446,164.475998,0.039288,0.903172,13.545600,0.003468,0.073293,0.000000,0.000000,0.000000,0.000000,0.000000,0.000000
D1-P143-S1-L5500,RHU175_SEMIQUANT_V1,val,5500,Ketone:Neg,Ketone:Neg,,,Ketone,Neg,RHU175_SEMIQUANT_V1_2026-05-03T13-28-39.zip,1,1,0,,313.802399,0.292834,0.183900,312.868011,0.262869,0.204998,176.479202,0.021738,0.745518,153.586395,0.029415,0.780232,161.292801,0.036151,0.816027,157.764801,0.030069,0.850446,164.475998,0.039288,0.903172,13.545600,0.003468,0.073293,0.000000,0.000000,0.000000,0.000000,0.000000,0.000000
D1-P143-S1-L5500,RHU175_SEMIQUANT_V1,val,5500,Bilirubin:Small 17,Bilirubin:Small 17,,,Bilirubin,Small 17,RHU175_SEMIQUANT_V1_2026-05-03T13-28-39.zip,1,1,0,,313.802399,0.292834,0.183900,312.868011,0.262869,0.204998,176.479202,0.021738,0.745518,153.586395,0.029415,0.780232,161.292801,0.036151,0.816027,157.764801,0.030069,0.850446,164.475998,0.039288,0.903172,13.545600,0.003468,0.073293,0.000000,0.000000,0.000000,0.000000,0.000000,0.000000
D1-P143-S1-L5500,RHU175_SEMIQUANT_V1,val,5500,Glucose:Neg,Glucose:Neg,,,Glucose,Neg,RHU175_SEMIQUANT_V1_2026-05-03T13-28-39.zip,1,1,0,,313.802399,0.292834,0.183900,312.868011,0.262869,0.204998,176.479202,0.021738,0.745518,153.586395,0.029415,0.780232,161.292801,0.036151,0.816027,157.764801,0.030069,0.850446,164.475998,0.039288,0.903172,13.545600,0.003468,0.073293,0.000000,0.000000,0.000000,0.000000,0.000000,0.000000
D1-P144-S1-L2700,RHU175_SEMIQUANT_V1,train,2700,Leukocytes:Trace 15,Leukocytes:Trace 15,,,Leukocytes,Trace 15,RHU175_SEMIQUANT_V1_2026-05-03T13-28-39.zip,1,1,0,,22.228800,0.513471,0.218328,23.144800,0.476130,0.243485,197.543198,0.115140,0.773609,218.591202,0.106696,0.895644,218.762405,0.112504,0.939683,220.234406,0.123089,0.988118,202.128799,0.096111,1.000000,0.000000,0.000000,0.000000,0.000000,0.000000,0.000000,0.000000,0.000000,0.000000
D1-P144-S1-L2700,RHU175_SEMIQUANT_V1,train,2700,Nitrite:Positive,Nitrite:Positive,,,Nitrite,Positive,RHU175_SEMIQUANT_V1_2026-05-03T13-28-39.zip,1,1,0,,22.228800,0.513471,0.218328,23.144800,0.476130,0.243485,197.543198,0.115140,0.773609,218.591202,0.106696,0.895644,218.762405,0.112504,0.939683,220.234406,0.123089,0.988118,202.128799,0.096111,1.000000,0.000000,0.000000,0.000000,0.000000,0.000000,0.000000,0.000000,0.000000,0.000000
D1-P144-S1-L2700,RHU175_SEMIQUANT_V1,train,2700,Urobilinogen:3.2,Urobilinogen:3.2,,,Urobilinogen,3.2,RHU175_SEMIQUANT_V1_2026-05-03T13-28-39.zip,1,1,0,,22.228800,0.513471,0.218328,23.144800,0.476130,0.243485,197.543198,0.115140,0.773609,218.591202,0.106696,0.895644,218.762405,0.112504,0.939683,220.234406,0.123089,0.988118,202.128799,0.096111,1.000000,0.000000,0.000000,0.000000,0.000000,0.000000,0.000000,0.000000,0.000000,0.000000
D1-P144-S1-L2700,RHU175_SEMIQUANT_V1,train,2700,Protein:Neg,Protein:Neg,,,Protein,Neg,RHU175_SEMIQUANT_V1_2026-05-03T13-28-39.zip,1,1,0,,22.228800,0.513471,0.218328,23.144800,0.476130,0.243485,197.543198,0.115140,0.773609,218.591202,0.106696,0.895644,218.762405,0.112504,0.939683,220.234406,0.123089,0.988118,202.128799,0.096111,1.000000,0.000000,0.000000,0.000000,0.000000,0.000000,0.000000,0.000000,0.000000,0.000000
D1-P144-S1-L2700,RHU175_SEMIQUANT_V1,train,2700,pH:6.0,pH:6.0,,,pH,6.0,RHU175_SEMIQUANT_V1_2026-05-03T13-28-39.zip,1,1,0,,22.228800,0.513471,0.218328,23.144800,0.476130,0.243485,197.543198,0.115140,0.773609,218.591202,0.106696,0.895644,218.762405,0.112504,0.939683,220.234406,0.123089,0.988118,202.128799,0.096111,1.000000,0.000000,0.000000,0.000000,0.000000,0.000000,0.000000,0.000000,0.000000,0.000000
D1-P144-S1-L2700,RHU175_SEMIQUANT_V1,train,2700,Blood:Neg,Blood:Neg,,,Blood,Neg,RHU175_SEMIQUANT_V1_2026-05-03T13-28-39.zip,1,1,0,,22.228800,0.513471,0.218328,23.144800,0.476130,0.243485,197.543198,0.115140,0.773609,218.591202,0.106696,0.895644,218.762405,0.112504,0.939683,220.234406,0.123089,0.988118,202.128799,0.096111,1.000000,0.000000,0.000000,0.000000,0.000000,0.000000,0.000000,0.000000,0.000000,0.000000
D1-P144-S1-L2700,RHU175_SEMIQUANT_V1,train,2700,Specific Gravity:1.025,Specific Gravity:1.025,,,Specific Gravity,1.025,RHU175_SEMIQUANT_V1_2026-05-03T13-28-39.zip,1,1,0,,22.228800,0.513471,0.218328,23.144800,0.476130,0.243485,197.543198,0.115140,0.773609,218.591202,0.106696,0.895644,218.762405,0.112504,0.939683,220.234406,0.123089,0.988118,202.128799,0.096111,1.000000,0.000000,0.000000,0.000000,0.000000,0.000000,0.000000,0.000000,0.000000,0.000000
D1-P144-S1-L2700,RHU175_SEMIQUANT_V1,train,2700,Ketone:Neg,Ketone:Neg,,,Ketone,Neg,RHU175_SEMIQUANT_V1_2026-05-03T13-28-39.zip,1,1,0,,22.228800,0.513471,0.218328,23.144800,0.476130,0.243485,197.543198,0.115140,0.773609,218.591202,0.106696,0.895644,218.762405,0.112504,0.939683,220.234406,0.123089,0.988118,202.128799,0.096111,1.000000,0.000000,0.000000,0.000000,0.000000,0.000000,0.000000,0.000000,0.000000,0.000000
D1-P144-S1-L2700,RHU175_SEMIQUANT_V1,train,2700,Bilirubin:Small 17,Bilirubin:Small 17,,,Bilirubin,Small 17,RHU175_SEMIQUANT_V1_2026-05-03T13-28-39.zip,1,1,0,,22.228800,0.513471,0.218328,23.144800,0.476130,0.243485,197.543198,0.115140,0.773609,218.591202,0.106696,0.895644,218.762405,0.112504,0.939683,220.234406,0.123089,0.988118,202.128799,0.096111,1.000000,0.000000,0.000000,0.000000,0.000000,0.000000,0.000000,0.000000,0.000000,0.000000
D1-P144-S1-L2700,RHU175_SEMIQUANT_V1,train,2700,Glucose:Neg,Glucose:Neg,,,Glucose,Neg,RHU175_SEMIQUANT_V1_2026-05-03T13-28-39.zip,1,1,0,,22.228800,0.513471,0.218328,23.144800,0.476130,0.243485,197.543198,0.115140,0.773609,218.591202,0.106696,0.895644,218.762405,0.112504,0.939683,220.234406,0.123089,0.988118,202.128799,0.096111,1.000000,0.000000,0.000000,0.000000,0.000000,0.000000,0.000000,0.000000,0.000000,0.000000
D1-P144-S1-L4000,RHU175_SEMIQUANT_V1,train,4000,Leukocytes:Trace 15,Leukocytes:Trace 15,,,Leukocytes,Trace 15,RHU175_SEMIQUANT_V1_2026-05-03T13-28-39.zip,1,1,0,,215.940002,0.504024,0.267688,214.311996,0.481561,0.297716,255.256805,0.049887,0.874786,103.784798,0.055736,0.912982,279.063202,0.067605,0.961584,157.897598,0.064653,0.997763,62.624001,0.017773,1.000000,0.000000,0.000000,0.000000,0.000000,0.000000,0.000000,0.000000,0.000000,0.000000
D1-P144-S1-L4000,RHU175_SEMIQUANT_V1,train,4000,Nitrite:Positive,Nitrite:Positive,,,Nitrite,Positive,RHU175_SEMIQUANT_V1_2026-05-03T13-28-39.zip,1,1,0,,215.940002,0.504024,0.267688,214.311996,0.481561,0.297716,255.256805,0.049887,0.874786,103.784798,0.055736,0.912982,279.063202,0.067605,0.961584,157.897598,0.064653,0.997763,62.624001,0.017773,1.000000,0.000000,0.000000,0.000000,0.000000,0.000000,0.000000,0.000000,0.000000,0.000000
D1-P144-S1-L4000,RHU175_SEMIQUANT_V1,train,4000,Urobilinogen:3.2,Urobilinogen:3.2,,,Urobilinogen,3.2,RHU175_SEMIQUANT_V1_2026-05-03T13-28-39.zip,1,1,0,,215.940002,0.504024,0.267688,214.311996,0.481561,0.297716,255.256805,0.049887,0.874786,103.784798,0.055736,0.912982,279.063202,0.067605,0.961584,157.897598,0.064653,0.997763,62.624001,0.017773,1.000000,0.000000,0.000000,0.000000,0.000000,0.000000,0.000000,0.000000,0.000000,0.000000
D1-P144-S1-L4000,RHU175_SEMIQUANT_V1,train,4000,Protein:Neg,Protein:Neg,,,Protein,Neg,RHU175_SEMIQUANT_V1_2026-05-03T13-28-39.zip,1,1,0,,215.940002,0.504024,0.267688,214.311996,0.481561,0.297716,255.256805,0.049887,0.874786,103.784798,0.055736,0.912982,279.063202,0.067605,0.961584,157.897598,0.064653,0.997763,62.624001,0.017773,1.000000,0.000000,0.000000,0.000000,0.000000,0.000000,0.000000,0.000000,0.000000,0.000000
D1-P144-S1-L4000,RHU175_SEMIQUANT_V1,train,4000,pH:6.0,pH:6.0,,,pH,6.0,RHU175_SEMIQUANT_V1_2026-05-03T13-28-39.zip,1,1,0,,215.940002,0.504024,0.267688,214.311996,0.481561,0.297716,255.256805,0.049887,0.874786,103.784798,0.055736,0.912982,279.063202,0.067605,0.961584,157.897598,0.064653,0.997763,62.624001,0.017773,1.000000,0.000000,0.000000,0.000000,0.000000,0.000000,0.000000,0.000000,0.000000,0.000000
D1-P144-S1-L4000,RHU175_SEMIQUANT_V1,train,4000,Blood:Neg,Blood:Neg,,,Blood,Neg,RHU175_SEMIQUANT_V1_2026-05-03T13-28-39.zip,1,1,0,,215.940002,0.504024,0.267688,214.311996,0.481561,0.297716,255.256805,0.049887,0.874786,103.784798,0.055736,0.912982,279.063202,0.067605,0.961584,157.897598,0.064653,0.997763,62.624001,0.017773,1.000000,0.000000,0.000000,0.000000,0.000000,0.000000,0.000000,0.000000,0.000000,0.000000
D1-P144-S1-L4000,RHU175_SEMIQUANT_V1,train,4000,Specific Gravity:1.025,Specific Gravity:1.025,,,Specific Gravity,1.025,RHU175_SEMIQUANT_V1_2026-05-03T13-28-39.zip,1,1,0,,215.940002,0.504024,0.267688,214.311996,0.481561,0.297716,255.256805,0.049887,0.874786,103.784798,0.055736,0.912982,279.063202,0.067605,0.961584,157.897598,0.064653,0.997763,62.624001,0.017773,1.000000,0.000000,0.000000,0.000000,0.000000,0.000000,0.000000,0.000000,0.000000,0.000000
D1-P144-S1-L4000,RHU175_SEMIQUANT_V1,train,4000,Ketone:Neg,Ketone:Neg,,,Ketone,Neg,RHU175_SEMIQUANT_V1_2026-05-03T13-28-39.zip,1,1,0,,215.940002,0.504024,0.267688,214.311996,0.481561,0.297716,255.256805,0.049887,0.874786,103.784798,0.055736,0.912982,279.063202,0.067605,0.961584,157.897598,0.064653,0.997763,62.624001,0.017773,1.000000,0.000000,0.000000,0.000000,0.000000,0.000000,0.000000,0.000000,0.000000,0.000000
D1-P144-S1-L4000,RHU175_SEMIQUANT_V1,train,4000,Bilirubin:Small 17,Bilirubin:Small 17,,,Bilirubin,Small 17,RHU175_SEMIQUANT_V1_2026-05-03T13-28-39.zip,1,1,0,,215.940002,0.504024,0.267688,214.311996,0.481561,0.297716,255.256805,0.049887,0.874786,103.784798,0.055736,0.912982,279.063202,0.067605,0.961584,157.897598,0.064653,0.997763,62.624001,0.017773,1.000000,0.000000,0.000000,0.000000,0.000000,0.000000,0.000000,0.000000,0.000000,0.000000
D1-P144-S1-L4000,RHU175_SEMIQUANT_V1,train,4000,Glucose:Neg,Glucose:Neg,,,Glucose,Neg,RHU175_SEMIQUANT_V1_2026-05-03T13-28-39.zip,1,1,0,,215.940002,0.504024,0.267688,214.311996,0.481561,0.297716,255.256805,0.049887,0.874786,103.784798,0.055736,0.912982,279.063202,0.067605,0.961584,157.897598,0.064653,0.997763,62.624001,0.017773,1.000000,0.000000,0.000000,0.000000,0.000000,0.000000,0.000000,0.000000,0.000000,0.000000
D1-P145-S1-L4000,RHU175_SEMIQUANT_V1,train,4000,Leukocytes:Trace 15,Leukocytes:Trace 15,,,Leukocytes,Trace 15,RHU175_SEMIQUANT_V1_2026-05-03T13-28-39.zip,1,1,0,,216.419998,0.514616,0.247159,215.845596,0.496722,0.266893,195.610397,0.419307,0.358424,28.928801,0.054584,0.874717,18.506399,0.067683,0.934033,5.900000,0.080066,0.984402,6.260800,0.057311,0.999972,39.330399,0.007440,0.993843,0.000000,0.000000,0.000000,0.000000,0.000000,0.000000
D1-P145-S1-L4000,RHU175_SEMIQUANT_V1,train,4000,Nitrite:Positive,Nitrite:Positive,,,Nitrite,Positive,RHU175_SEMIQUANT_V1_2026-05-03T13-28-39.zip,1,1,0,,216.419998,0.514616,0.247159,215.845596,0.496722,0.266893,195.610397,0.419307,0.358424,28.928801,0.054584,0.874717,18.506399,0.067683,0.934033,5.900000,0.080066,0.984402,6.260800,0.057311,0.999972,39.330399,0.007440,0.993843,0.000000,0.000000,0.000000,0.000000,0.000000,0.000000
D1-P145-S1-L4000,RHU175_SEMIQUANT_V1,train,4000,Urobilinogen:3.2,Urobilinogen:3.2,,,Urobilinogen,3.2,RHU175_SEMIQUANT_V1_2026-05-03T13-28-39.zip,1,1,0,,216.419998,0.514616,0.247159,215.845596,0.496722,0.266893,195.610397,0.419307,0.358424,28.928801,0.054584,0.874717,18.506399,0.067683,0.934033,5.900000,0.080066,0.984402,6.260800,0.057311,0.999972,39.330399,0.007440,0.993843,0.000000,0.000000,0.000000,0.000000,0.000000,0.000000
D1-P145-S1-L4000,RHU175_SEMIQUANT_V1,train,4000,Protein:Neg,Protein:Neg,,,Protein,Neg,RHU175_SEMIQUANT_V1_2026-05-03T13-28-39.zip,1,1,0,,216.419998,0.514616,0.247159,215.845596,0.496722,0.266893,195.610397,0.419307,0.358424,28.928801,0.054584,0.874717,18.506399,0.067683,0.934033,5.900000,0.080066,0.984402,6.260800,0.057311,0.999972,39.330399,0.007440,0.993843,0.000000,0.000000,0.000000,0.000000,0.000000,0.000000
D1-P145-S1-L4000,RHU175_SEMIQUANT_V1,train,4000,pH:6.0,pH:6.0,,,pH,6.0,RHU175_SEMIQUANT_V1_2026-05-03T13-28-39.zip,1,1,0,,216.419998,0.514616,0.247159,215.845596,0.496722,0.266893,195.610397,0.419307,0.358424,28.928801,0.054584,0.874717,18.506399,0.067683,0.934033,5.900000,0.080066,0.984402,6.260800,0.057311,0.999972,39.330399,0.007440,0.993843,0.000000,0.000000,0.000000,0.000000,0.000000,0.000000
D1-P145-S1-L4000,RHU175_SEMIQUANT_V1,train,4000,Blood:Neg,Blood:Neg,,,Blood,Neg,RHU175_SEMIQUANT_V1_2026-05-03T13-28-39.zip,1,1,0,,216.419998,0.514616,0.247159,215.845596,0.496722,0.266893,195.610397,0.419307,0.358424,28.928801,0.054584,0.874717,18.506399,0.067683,0.934033,5.900000,0.080066,0.984402,6.260800,0.057311,0.999972,39.330399,0.007440,0.993843,0.000000,0.000000,0.000000,0.000000,0.000000,0.000000
D1-P145-S1-L4000,RHU175_SEMIQUANT_V1,train,4000,Specific Gravity:1.025,Specific Gravity:1.025,,,Specific Gravity,1.025,RHU175_SEMIQUANT_V1_2026-05-03T13-28-39.zip,1,1,0,,216.419998,0.514616,0.247159,215.845596,0.496722,0.266893,195.610397,0.419307,0.358424,28.928801,0.054584,0.874717,18.506399,0.067683,0.934033,5.900000,0.080066,0.984402,6.260800,0.057311,0.999972,39.330399,0.007440,0.993843,0.000000,0.000000,0.000000,0.000000,0.000000,0.000000
D1-P145-S1-L4000,RHU175_SEMIQUANT_V1,train,4000,Ketone:Neg,Ketone:Neg,,,Ketone,Neg,RHU175_SEMIQUANT_V1_2026-05-03T13-28-39.zip,1,1,0,,216.419998,0.514616,0.247159,215.845596,0.496722,0.266893,195.610397,0.419307,0.358424,28.928801,0.054584,0.874717,18.506399,0.067683,0.934033,5.900000,0.080066,0.984402,6.260800,0.057311,0.999972,39.330399,0.007440,0.993843,0.000000,0.000000,0.000000,0.000000,0.000000,0.000000
D1-P145-S1-L4000,RHU175_SEMIQUANT_V1,train,4000,Bilirubin:Small 17,Bilirubin:Small 17,,,Bilirubin,Small 17,RHU175_SEMIQUANT_V1_2026-05-03T13-28-39.zip,1,1,0,,216.419998,0.514616,0.247159,215.845596,0.496722,0.266893,195.610397,0.419307,0.358424,28.928801,0.054584,0.874717,18.506399,0.067683,0.934033,5.900000,0.080066,0.984402,6.260800,0.057311,0.999972,39.330399,0.007440,0.993843,0.000000,0.000000,0.000000,0.000000,0.000000,0.000000
D1-P145-S1-L4000,RHU175_SEMIQUANT_V1,train,4000,Glucose:Neg,Glucose:Neg,,,Glucose,Neg,RHU175_SEMIQUANT_V1_2026-05-03T13-28-39.zip,1,1,0,,216.419998,0.514616,0.247159,215.845596,0.496722,0.266893,195.610397,0.419307,0.358424,28.928801,0.054584,0.874717,18.506399,0.067683,0.934033,5.900000,0.080066,0.984402,6.260800,0.057311,0.999972,39.330399,0.007440,0.993843,0.000000,0.000000,0.000000,0.000000,0.000000,0.000000
D1-P145-S1-L5500,RHU175_SEMIQUANT_V1,train,5500,Leukocytes:Trace 15,Leukocytes:Trace 15,,,Leukocytes,Trace 15,RHU175_SEMIQUANT_V1_2026-05-03T13-28-39.zip,1,1,0,,292.544006,0.257416,0.238478,308.798401,0.263264,0.204762,289.273590,0.223965,0.293318,141.373596,0.023624,0.773591,145.127197,0.036946,0.821321,129.873596,0.026431,0.853100,140.948807,0.029647,0.895474,144.315201,0.041805,0.848733,0.000000,0.000000,0.000000,0.000000,0.000000,0.000000
D1-P145-S1-L5500,RHU175_SEMIQUANT_V1,train,5500,Nitrite:Positive,Nitrite:Positive,,,Nitrite,Positive,RHU175_SEMIQUANT_V1_2026-05-03T13-28-39.zip,1,1,0,,292.544006,0.257416,0.238478,308.798401,0.263264,0.204762,289.273590,0.223965,0.293318,141.373596,0.023624,0.773591,145.127197,0.036946,0.821321,129.873596,0.026431,0.853100,140.948807,0.029647,0.895474,144.315201,0.041805,0.848733,0.000000,0.000000,0.000000,0.000000,0.000000,0.000000
D1-P145-S1-L5500,RHU175_SEMIQUANT_V1,train,5500,Urobilinogen:3.2,Urobilinogen:3.2,,,Urobilinogen,3.2,RHU175_SEMIQUANT_V1_2026-05-03T13-28-39.zip,1,1,0,,292.544006,0.257416,0.238478,308.798401,0.263264,0.204762,289.273590,0.223965,0.293318,141.373596,0.023624,0.773591,145.127197,0.036946,0.821321,129.873596,0.026431,0.853100,140.948807,0.029647,0.895474,144.315201,0.041805,0.848733,0.000000,0.000000,0.000000,0.000000,0.000000,0.000000
D1-P145-S1-L5500,RHU175_SEMIQUANT_V1,train,5500,Protein:Neg,Protein:Neg,,,Protein,Neg,RHU175_SEMIQUANT_V1_2026-05-03T13-28-39.zip,1,1,0,,292.544006,0.257416,0.238478,308.798401,0.263264,0.204762,289.273590,0.223965,0.293318,141.373596,0.023624,0.773591,145.127197,0.036946,0.821321,129.873596,0.026431,0.853100,140.948807,0.029647,0.895474,144.315201,0.041805,0.848733,0.000000,0.000000,0.000000,0.000000,0.000000,0.000000
D1-P145-S1-L5500,RHU175_SEMIQUANT_V1,train,5500,pH:6.0,pH:6.0,,,pH,6.0,RHU175_SEMIQUANT_V1_2026-05-03T13-28-39.zip,1,1,0,,292.544006,0.257416,0.238478,308.798401,0.263264,0.204762,289.273590,0.223965,0.293318,141.373596,0.023624,0.773591,145.127197,0.036946,0.821321,129.873596,0.026431,0.853100,140.948807,0.029647,0.895474,144.315201,0.041805,0.848733,0.000000,0.000000,0.000000,0.000000,0.000000,0.000000
D1-P145-S1-L5500,RHU175_SEMIQUANT_V1,train,5500,Blood:Neg,Blood:Neg,,,Blood,Neg,RHU175_SEMIQUANT_V1_2026-05-03T13-28-39.zip,1,1,0,,292.544006,0.257416,0.238478,308.798401,0.263264,0.204762,289.273590,0.223965,0.293318,141.373596,0.023624,0.773591,145.127197,0.036946,0.821321,129.873596,0.026431,0.853100,140.948807,0.029647,0.895474,144.315201,0.041805,0.848733,0.000000,0.000000,0.000000,0.000000,0.000000,0.000000
D1-P145-S1-L5500,RHU175_SEMIQUANT_V1,train,5500,Specific Gravity:1.025,Specific Gravity:1.025,,,Specific Gravity,1.025,RHU175_SEMIQUANT_V1_2026-05-03T13-28-39.zip,1,1,0,,292.544006,0.257416,0.238478,308.798401,0.263264,0.204762,289.273590,0.223965,0.293318,141.373596,0.023624,0.773591,145.127197,0.036946,0.821321,129.873596,0.026431,0.853100,140.948807,0.029647,0.895474,144.315201,0.041805,0.848733,0.000000,0.000000,0.000000,0.000000,0.000000,0.000000
D1-P145-S1-L5500,RHU175_SEMIQUANT_V1,train,5500,Ketone:Neg,Ketone:Neg,,,Ketone,Neg,RHU175_SEMIQUANT_V1_2026-05-03T13-28-39.zip,1,1,0,,292.544006,0.257416,0.238478,308.798401,0.263264,0.204762,289.273590,0.223965,0.293318,141.373596,0.023624,0.773591,145.127197,0.036946,0.821321,129.873596,0.026431,0.853100,140.948807,0.029647,0.895474,144.315201,0.041805,0.848733,0.000000,0.000000,0.000000,0.000000,0.000000,0.000000
D1-P145-S1-L5500,RHU175_SEMIQUANT_V1,train,5500,Bilirubin:Small 17,Bilirubin:Small 17,,,Bilirubin,Small 17,RHU175_SEMIQUANT_V1_2026-05-03T13-28-39.zip,1,1,0,,292.544006,0.257416,0.238478,308.798401,0.263264,0.204762,289.273590,0.223965,0.293318,141.373596,0.023624,0.773591,145.127197,0.036946,0.821321,129.873596,0.026431,0.853100,140.948807,0.029647,0.895474,144.315201,0.041805,0.848733,0.000000,0.000000,0.000000,0.000000,0.000000,0.000000
D1-P145-S1-L5500,RHU175_SEMIQUANT_V1,train,5500,Glucose:Neg,Glucose:Neg,,,Glucose,Neg,RHU175_SEMIQUANT_V1_2026-05-03T13-28-39.zip,1,1,0,,292.544006,0.257416,0.238478,308.798401,0.263264,0.204762,289.273590,0.223965,0.293318,141.373596,0.023624,0.773591,145.127197,0.036946,0.821321,129.873596,0.026431,0.853100,140.948807,0.029647,0.895474,144.315201,0.041805,0.848733,0.000000,0.000000,0.000000,0.000000,0.000000,0.000000
D1-P146-S1-L2700,RHU175_SEMIQUANT_V1,val,2700,Leukocytes:Neg,Leukocytes:Neg,,,Leukocytes,Neg,RHU175_SEMIQUANT_V1_2026-05-03T13-28-39.zip,1,1,0,,21.379999,0.504549,0.221835,21.914400,0.484253,0.241070,219.651199,0.073053,0.834152,216.137604,0.098516,0.883969,218.240799,0.103336,0.929744,217.353607,0.116475,0.981263,201.363998,0.092013,0.999989,0.000000,0.000000,0.000000,0.000000,0.000000,0.000000,0.000000,0.000000,0.000000
D1-P146-S1-L2700,RHU175_SEMIQUANT_V1,val,2700,Nitrite:Positive,Nitrite:Positive,,,Nitrite,Positive,RHU175_SEMIQUANT_V1_2026-05-03T13-28-39.zip,1,1,0,,21.379999,0.504549,0.221835,21.914400,0.484253,0.241070,219.651199,0.073053,0.834152,216.137604,0.098516,0.883969,218.240799,0.103336,0.929744,217.353607,0.116475,0.981263,201.363998,0.092013,0.999989,0.000000,0.000000,0.000000,0.000000,0.000000,0.000000,0.000000,0.000000,0.000000
D1-P146-S1-L2700,RHU175_SEMIQUANT_V1,val,2700,Urobilinogen:3.2,Urobilinogen:3.2,,,Urobilinogen,3.2,RHU175_SEMIQUANT_V1_2026-05-03T13-28-39.zip,1,1,0,,21.379999,0.504549,0.221835,21.914400,0.484253,0.241070,219.651199,0.073053,0.834152,216.137604,0.098516,0.883969,218.240799,0.103336,0.929744,217.353607,0.116475,0.981263,201.363998,0.092013,0.999989,0.000000,0.000000,0.000000,0.000000,0.000000,0.000000,0.000000,0.000000,0.000000
D1-P146-S1-L2700,RHU175_SEMIQUANT_V1,val,2700,Protein:Neg,Protein:Neg,,,Protein,Neg,RHU175_SEMIQUANT_V1_2026-05-03T13-28-39.zip,1,1,0,,21.379999,0.504549,0.221835,21.914400,0.484253,0.241070,219.651199,0.073053,0.834152,216.137604,0.098516,0.883969,218.240799,0.103336,0.929744,217.353607,0.116475,0.981263,201.363998,0.092013,0.999989,0.000000,0.000000,0.000000,0.000000,0.000000,0.000000,0.000000,0.000000,0.000000
D1-P146-S1-L2700,RHU175_SEMIQUANT_V1,val,2700,pH:5.0,pH:5.0,,,pH,5.0,RHU175_SEMIQUANT_V1_2026-05-03T13-28-39.zip,1,1,0,,21.379999,0.504549,0.221835,21.914400,0.484253,0.241070,219.651199,0.073053,0.834152,216.137604,0.098516,0.883969,218.240799,0.103336,0.929744,217.353607,0.116475,0.981263,201.363998,0.092013,0.999989,0.000000,0.000000,0.000000,0.000000,0.000000,0.000000,0.000000,0.000000,0.000000
D1-P146-S1-L2700,RHU175_SEMIQUANT_V1,val,2700,Blood:Neg,Blood:Neg,,,Blood,Neg,RHU175_SEMIQUANT_V1_2026-05-03T13-28-39.zip,1,1,0,,21.379999,0.504549,0.221835,21.914400,0.484253,0.241070,219.651199,0.073053,0.834152,216.137604,0.098516,0.883969,218.240799,0.103336,0.929744,217.353607,0.116475,0.981263,201.363998,0.092013,0.999989,0.000000,0.000000,0.000000,0.000000,0.000000,0.000000,0.000000,0.000000,0.000000
D1-P146-S1-L2700,RHU175_SEMIQUANT_V1,val,2700,Specific Gravity:1.030,Specific Gravity:1.030,,,Specific Gravity,1.030,RHU175_SEMIQUANT_V1_2026-05-03T13-28-39.zip,1,1,0,,21.379999,0.504549,0.221835,21.914400,0.484253,0.241070,219.651199,0.073053,0.834152,216.137604,0.098516,0.883969,218.240799,0.103336,0.929744,217.353607,0.116475,0.981263,201.363998,0.092013,0.999989,0.000000,0.000000,0.000000,0.000000,0.000000,0.000000,0.000000,0.000000,0.000000
D1-P146-S1-L2700,RHU175_SEMIQUANT_V1,val,2700,Ketone:Neg,Ketone:Neg,,,Ketone,Neg,RHU175_SEMIQUANT_V1_2026-05-03T13-28-39.zip,1,1,0,,21.379999,0.504549,0.221835,21.914400,0.484253,0.241070,219.651199,0.073053,0.834152,216.137604,0.098516,0.883969,218.240799,0.103336,0.929744,217.353607,0.116475,0.981263,201.363998,0.092013,0.999989,0.000000,0.000000,0.000000,0.000000,0.000000,0.000000,0.000000,0.000000,0.000000
D1-P146-S1-L2700,RHU175_SEMIQUANT_V1,val,2700,Bilirubin:Small 17,Bilirubin:Small 17,,,Bilirubin,Small 17,RHU175_SEMIQUANT_V1_2026-05-03T13-28-39.zip,1,1,0,,21.379999,0.504549,0.221835,21.914400,0.484253,0.241070,219.651199,0.073053,0.834152,216.137604,0.098516,0.883969,218.240799,0.103336,0.929744,217.353607,0.116475,0.981263,201.363998,0.092013,0.999989,0.000000,0.000000,0.000000,0.000000,0.000000,0.000000,0.000000,0.000000,0.000000
D1-P146-S1-L2700,RHU175_SEMIQUANT_V1,val,2700,Glucose:Neg,Glucose:Neg,,,Glucose,Neg,RHU175_SEMIQUANT_V1_2026-05-03T13-28-39.zip,1,1,0,,21.379999,0.504549,0.221835,21.914400,0.484253,0.241070,219.651199,0.073053,0.834152,216.137604,0.098516,0.883969,218.240799,0.103336,0.929744,217.353607,0.116475,0.981263,201.363998,0.092013,0.999989,0.000000,0.000000,0.000000,0.000000,0.000000,0.000000,0.000000,0.000000,0.000000
D1-P146-S1-L4000,RHU175_SEMIQUANT_V1,val,4000,Leukocytes:Neg,Leukocytes:Neg,,,Leukocytes,Neg,RHU175_SEMIQUANT_V1_2026-05-03T13-28-39.zip,1,1,0,,216.721603,0.528731,0.238552,216.638397,0.509744,0.256659,203.515198,0.444428,0.327881,9.184000,0.057184,0.861578,9.685600,0.068889,0.909485,4.346400,0.075851,0.952737,5.625600,0.083412,0.994533,20.812799,0.032096,1.000000,0.000000,0.000000,0.000000,0.000000,0.000000,0.000000
D1-P146-S1-L4000,RHU175_SEMIQUANT_V1,val,4000,Nitrite:Positive,Nitrite:Positive,,,Nitrite,Positive,RHU175_SEMIQUANT_V1_2026-05-03T13-28-39.zip,1,1,0,,216.721603,0.528731,0.238552,216.638397,0.509744,0.256659,203.515198,0.444428,0.327881,9.184000,0.057184,0.861578,9.685600,0.068889,0.909485,4.346400,0.075851,0.952737,5.625600,0.083412,0.994533,20.812799,0.032096,1.000000,0.000000,0.000000,0.000000,0.000000,0.000000,0.000000
D1-P146-S1-L4000,RHU175_SEMIQUANT_V1,val,4000,Urobilinogen:3.2,Urobilinogen:3.2,,,Urobilinogen,3.2,RHU175_SEMIQUANT_V1_2026-05-03T13-28-39.zip,1,1,0,,216.721603,0.528731,0.238552,216.638397,0.509744,0.256659,203.515198,0.444428,0.327881,9.184000,0.057184,0.861578,9.685600,0.068889,0.909485,4.346400,0.075851,0.952737,5.625600,0.083412,0.994533,20.812799,0.032096,1.000000,0.000000,0.000000,0.000000,0.000000,0.000000,0.000000
D1-P146-S1-L4000,RHU175_SEMIQUANT_V1,val,4000,Protein:Neg,Protein:Neg,,,Protein,Neg,RHU175_SEMIQUANT_V1_2026-05-03T13-28-39.zip,1,1,0,,216.721603,0.528731,0.238552,216.638397,0.509744,0.256659,203.515198,0.444428,0.327881,9.184000,0.057184,0.861578,9.685600,0.068889,0.909485,4.346400,0.075851,0.952737,5.625600,0.083412,0.994533,20.812799,0.032096,1.000000,0.000000,0.000000,0.000000,0.000000,0.000000,0.000000
D1-P146-S1-L4000,RHU175_SEMIQUANT_V1,val,4000,pH:5.0,pH:5.0,,,pH,5.0,RHU175_SEMIQUANT_V1_2026-05-03T13-28-39.zip,1,1,0,,216.721603,0.528731,0.238552,216.638397,0.509744,0.256659,203.515198,0.444428,0.327881,9.184000,0.057184,0.861578,9.685600,0.068889,0.909485,4.346400,0.075851,0.952737,5.625600,0.083412,0.994533,20.812799,0.032096,1.000000,0.000000,0.000000,0.000000,0.000000,0.000000,0.000000
D1-P146-S1-L4000,RHU175_SEMIQUANT_V1,val,4000,Blood:Neg,Blood:Neg,,,Blood,Neg,RHU175_SEMIQUANT_V1_2026-05-03T13-28-39.zip,1,1,0,,216.721603,0.528731,0.238552,216.638397,0.509744,0.256659,203.515198,0.444428,0.327881,9.184000,0.057184,0.861578,9.685600,0.068889,0.909485,4.346400,0.075851,0.952737,5.625600,0.083412,0.994533,20.812799,0.032096,1.000000,0.000000,0.000000,0.000000,0.000000,0.000000,0.000000
D1-P146-S1-L4000,RHU175_SEMIQUANT_V1,val,4000,Specific Gravity:1.030,Specific Gravity:1.030,,,Specific Gravity,1.030,RHU175_SEMIQUANT_V1_2026-05-03T13-28-39.zip,1,1,0,,216.721603,0.528731,0.238552,216.638397,0.509744,0.256659,203.515198,0.444428,0.327881,9.184000,0.057184,0.861578,9.685600,0.068889,0.909485,4.346400,0.075851,0.952737,5.625600,0.083412,0.994533,20.812799,0.032096,1.000000,0.000000,0.000000,0.000000,0.000000,0.000000,0.000000
D1-P146-S1-L4000,RHU175_SEMIQUANT_V1,val,4000,Ketone:Neg,Ketone:Neg,,,Ketone,Neg,RHU175_SEMIQUANT_V1_2026-05-03T13-28-39.zip,1,1,0,,216.721603,0.528731,0.238552,216.638397,0.509744,0.256659,203.515198,0.444428,0.327881,9.184000,0.057184,0.861578,9.685600,0.068889,0.909485,4.346400,0.075851,0.952737,5.625600,0.083412,0.994533,20.812799,0.032096,1.000000,0.000000,0.000000,0.000000,0.000000,0.000000,0.000000
D1-P146-S1-L4000,RHU175_SEMIQUANT_V1,val,4000,Bilirubin:Small 17,Bilirubin:Small 17,,,Bilirubin,Small 17,RHU175_SEMIQUANT_V1_2026-05-03T13-28-39.zip,1,1,0,,216.721603,0.528731,0.238552,216.638397,0.509744,0.256659,203.515198,0.444428,0.327881,9.184000,0.057184,0.861578,9.685600,0.068889,0.909485,4.346400,0.075851,0.952737,5.625600,0.083412,0.994533,20.812799,0.032096,1.000000,0.000000,0.000000,0.000000,0.000000,0.000000,0.000000
D1-P146-S1-L4000,RHU175_SEMIQUANT_V1,val,4000,Glucose:Neg,Glucose:Neg,,,Glucose,Neg,RHU175_SEMIQUANT_V1_2026-05-03T13-28-39.zip,1,1,0,,216.721603,0.528731,0.238552,216.638397,0.509744,0.256659,203.515198,0.444428,0.327881,9.184000,0.057184,0.861578,9.685600,0.068889,0.909485,4.346400,0.075851,0.952737,5.625600,0.083412,0.994533,20.812799,0.032096,1.000000,0.000000,0.000000,0.000000,0.000000,0.000000,0.000000
D1-P146-S1-L5500,RHU175_SEMIQUANT_V1,val,5500,Leukocytes:Neg,Leukocytes:Neg,,,Leukocytes,Neg,RHU175_SEMIQUANT_V1_2026-05-03T13-28-39.zip,1,1,0,,294.760803,0.268166,0.227559,312.415192,0.286264,0.193688,272.515991,0.211357,0.299553,157.189606,0.026163,0.753746,140.902405,0.035865,0.793693,140.725601,0.041202,0.826742,137.070404,0.034515,0.858803,148.963196,0.046554,0.902091,0.000000,0.000000,0.000000,0.000000,0.000000,0.000000
D1-P146-S1-L5500,RHU175_SEMIQUANT_V1,val,5500,Nitrite:Positive,Nitrite:Positive,,,Nitrite,Positive,RHU175_SEMIQUANT_V1_2026-05-03T13-28-39.zip,1,1,0,,294.760803,0.268166,0.227559,312.415192,0.286264,0.193688,272.515991,0.211357,0.299553,157.189606,0.026163,0.753746,140.902405,0.035865,0.793693,140.725601,0.041202,0.826742,137.070404,0.034515,0.858803,148.963196,0.046554,0.902091,0.000000,0.000000,0.000000,0.000000,0.000000,0.000000
D1-P146-S1-L5500,RHU175_SEMIQUANT_V1,val,5500,Urobilinogen:3.2,Urobilinogen:3.2,,,Urobilinogen,3.2,RHU175_SEMIQUANT_V1_2026-05-03T13-28-39.zip,1,1,0,,294.760803,0.268166,0.227559,312.415192,0.286264,0.193688,272.515991,0.211357,0.299553,157.189606,0.026163,0.753746,140.902405,0.035865,0.793693,140.725601,0.041202,0.826742,137.070404,0.034515,0.858803,148.963196,0.046554,0.902091,0.000000,0.000000,0.000000,0.000000,0.000000,0.000000
D1-P146-S1-L5500,RHU175_SEMIQUANT_V1,val,5500,Protein:Neg,Protein:Neg,,,Protein,Neg,RHU175_SEMIQUANT_V1_2026-05-03T13-28-39.zip,1,1,0,,294.760803,0.268166,0.227559,312.415192,0.286264,0.193688,272.515991,0.211357,0.299553,157.189606,0.026163,0.753746,140.902405,0.035865,0.793693,140.725601,0.041202,0.826742,137.070404,0.034515,0.858803,148.963196,0.046554,0.902091,0.000000,0.000000,0.000000,0.000000,0.000000,0.000000
D1-P146-S1-L5500,RHU175_SEMIQUANT_V1,val,5500,pH:5.0,pH:5.0,,,pH,5.0,RHU175_SEMIQUANT_V1_2026-05-03T13-28-39.zip,1,1,0,,294.760803,0.268166,0.227559,312.415192,0.286264,0.193688,272.515991,0.211357,0.299553,157.189606,0.026163,0.753746,140.902405,0.035865,0.793693,140.725601,0.041202,0.826742,137.070404,0.034515,0.858803,148.963196,0.046554,0.902091,0.000000,0.000000,0.000000,0.000000,0.000000,0.000000
D1-P146-S1-L5500,RHU175_SEMIQUANT_V1,val,5500,Blood:Neg,Blood:Neg,,,Blood,Neg,RHU175_SEMIQUANT_V1_2026-05-03T13-28-39.zip,1,1,0,,294.760803,0.268166,0.227559,312.415192,0.286264,0.193688,272.515991,0.211357,0.299553,157.189606,0.026163,0.753746,140.902405,0.035865,0.793693,140.725601,0.041202,0.826742,137.070404,0.034515,0.858803,148.963196,0.046554,0.902091,0.000000,0.000000,0.000000,0.000000,0.000000,0.000000
D1-P146-S1-L5500,RHU175_SEMIQUANT_V1,val,5500,Specific Gravity:1.030,Specific Gravity:1.030,,,Specific Gravity,1.030,RHU175_SEMIQUANT_V1_2026-05-03T13-28-39.zip,1,1,0,,294.760803,0.268166,0.227559,312.415192,0.286264,0.193688,272.515991,0.211357,0.299553,157.189606,0.026163,0.753746,140.902405,0.035865,0.793693,140.725601,0.041202,0.826742,137.070404,0.034515,0.858803,148.963196,0.046554,0.902091,0.000000,0.000000,0.000000,0.000000,0.000000,0.000000
D1-P146-S1-L5500,RHU175_SEMIQUANT_V1,val,5500,Ketone:Neg,Ketone:Neg,,,Ketone,Neg,RHU175_SEMIQUANT_V1_2026-05-03T13-28-39.zip,1,1,0,,294.760803,0.268166,0.227559,312.415192,0.286264,0.193688,272.515991,0.211357,0.299553,157.189606,0.026163,0.753746,140.902405,0.035865,0.793693,140.725601,0.041202,0.826742,137.070404,0.034515,0.858803,148.963196,0.046554,0.902091,0.000000,0.000000,0.000000,0.000000,0.000000,0.000000
D1-P146-S1-L5500,RHU175_SEMIQUANT_V1,val,5500,Bilirubin:Small 17,Bilirubin:Small 17,,,Bilirubin,Small 17,RHU175_SEMIQUANT_V1_2026-05-03T13-28-39.zip,1,1,0,,294.760803,0.268166,0.227559,312.415192,0.286264,0.193688,272.515991,0.211357,0.299553,157.189606,0.026163,0.753746,140.902405,0.035865,0.793693,140.725601,0.041202,0.826742,137.070404,0.034515,0.858803,148.963196,0.046554,0.902091,0.000000,0.000000,0.000000,0.000000,0.000000,0.000000
D1-P146-S1-L5500,RHU175_SEMIQUANT_V1,val,5500,Glucose:Neg,Glucose:Neg,,,Glucose,Neg,RHU175_SEMIQUANT_V1_2026-05-03T13-28-39.zip,1,1,0,,294.760803,0.268166,0.227559,312.415192,0.286264,0.193688,272.515991,0.211357,0.299553,157.189606,0.026163,0.753746,140.902405,0.035865,0.793693,140.725601,0.041202,0.826742,137.070404,0.034515,0.858803,148.963196,0.046554,0.902091,0.000000,0.000000,0.000000,0.000000,0.000000,0.000000
D1-P147-S1-L4000,RHU175_SEMIQUANT_V1,train,4000,Leukocytes:Trace 15,Leukocytes:Trace 15,,,Leukocytes,Trace 15,RHU175_SEMIQUANT_V1_2026-05-03T13-28-39.zip,1,1,0,,127.463997,0.053131,0.512022,16.356800,0.160878,0.759046,45.000000,0.017155,1.000000,14.496000,0.001291,1.000000,17.184000,0.001224,1.000000,19.680000,0.001688,1.000000,0.000000,0.000000,0.000000,0.000000,0.000000,0.000000,0.000000,0.000000,0.000000,0.000000,0.000000,0.000000
D1-P147-S1-L4000,RHU175_SEMIQUANT_V1,train,4000,Nitrite:Positive,Nitrite:Positive,,,Nitrite,Positive,RHU175_SEMIQUANT_V1_2026-05-03T13-28-39.zip,1,1,0,,127.463997,0.053131,0.512022,16.356800,0.160878,0.759046,45.000000,0.017155,1.000000,14.496000,0.001291,1.000000,17.184000,0.001224,1.000000,19.680000,0.001688,1.000000,0.000000,0.000000,0.000000,0.000000,0.000000,0.000000,0.000000,0.000000,0.000000,0.000000,0.000000,0.000000
D1-P147-S1-L4000,RHU175_SEMIQUANT_V1,train,4000,Urobilinogen:3.2,Urobilinogen:3.2,,,Urobilinogen,3.2,RHU175_SEMIQUANT_V1_2026-05-03T13-28-39.zip,1,1,0,,127.463997,0.053131,0.512022,16.356800,0.160878,0.759046,45.000000,0.017155,1.000000,14.496000,0.001291,1.000000,17.184000,0.001224,1.000000,19.680000,0.001688,1.000000,0.000000,0.000000,0.000000,0.000000,0.000000,0.000000,0.000000,0.000000,0.000000,0.000000,0.000000,0.000000
D1-P147-S1-L4000,RHU175_SEMIQUANT_V1,train,4000,Protein:Neg,Protein:Neg,,,Protein,Neg,RHU175_SEMIQUANT_V1_2026-05-03T13-28-39.zip,1,1,0,,127.463997,0.053131,0.512022,16.356800,0.160878,0.759046,45.000000,0.017155,1.000000,14.496000,0.001291,1.000000,17.184000,0.001224,1.000000,19.680000,0.001688,1.000000,0.000000,0.000000,0.000000,0.000000,0.000000,0.000000,0.000000,0.000000,0.000000,0.000000,0.000000,0.000000
D1-P147-S1-L4000,RHU175_SEMIQUANT_V1,train,4000,pH:6.0,pH:6.0,,,pH,6.0,RHU175_SEMIQUANT_V1_2026-05-03T13-28-39.zip,1,1,0,,127.463997,0.053131,0.512022,16.356800,0.160878,0.759046,45.000000,0.017155,1.000000,14.496000,0.001291,1.000000,17.184000,0.001224,1.000000,19.680000,0.001688,1.000000,0.000000,0.000000,0.000000,0.000000,0.000000,0.000000,0.000000,0.000000,0.000000,0.000000,0.000000,0.000000
D1-P147-S1-L4000,RHU175_SEMIQUANT_V1,train,4000,Blood:Neg,Blood:Neg,,,Blood,Neg,RHU175_SEMIQUANT_V1_2026-05-03T13-28-39.zip,1,1,0,,127.463997,0.053131,0.512022,16.356800,0.160878,0.759046,45.000000,0.017155,1.000000,14.496000,0.001291,1.000000,17.184000,0.001224,1.000000,19.680000,0.001688,1.000000,0.000000,0.000000,0.000000,0.000000,0.000000,0.000000,0.000000,0.000000,0.000000,0.000000,0.000000,0.000000
D1-P147-S1-L4000,RHU175_SEMIQUANT_V1,train,4000,Specific Gravity:1.020,Specific Gravity:1.020,,,Specific Gravity,1.020,RHU175_SEMIQUANT_V1_2026-05-03T13-28-39.zip,1,1,0,,127.463997,0.053131,0.512022,16.356800,0.160878,0.759046,45.000000,0.017155,1.000000,14.496000,0.001291,1.000000,17.184000,0.001224,1.000000,19.680000,0.001688,1.000000,0.000000,0.000000,0.000000,0.000000,0.000000,0.000000,0.000000,0.000000,0.000000,0.000000,0.000000,0.000000
D1-P147-S1-L4000,RHU175_SEMIQUANT_V1,train,4000,Ketone:Neg,Ketone:Neg,,,Ketone,Neg,RHU175_SEMIQUANT_V1_2026-05-03T13-28-39.zip,1,1,0,,127.463997,0.053131,0.512022,16.356800,0.160878,0.759046,45.000000,0.017155,1.000000,14.496000,0.001291,1.000000,17.184000,0.001224,1.000000,19.680000,0.001688,1.000000,0.000000,0.000000,0.000000,0.000000,0.000000,0.000000,0.000000,0.000000,0.000000,0.000000,0.000000,0.000000
D1-P147-S1-L4000,RHU175_SEMIQUANT_V1,train,4000,Bilirubin:Small 17,Bilirubin:Small 17,,,Bilirubin,Small 17,RHU175_SEMIQUANT_V1_2026-05-03T13-28-39.zip,1,1,0,,127.463997,0.053131,0.512022,16.356800,0.160878,0.759046,45.000000,0.017155,1.000000,14.496000,0.001291,1.000000,17.184000,0.001224,1.000000,19.680000,0.001688,1.000000,0.000000,0.000000,0.000000,0.000000,0.000000,0.000000,0.000000,0.000000,0.000000,0.000000,0.000000,0.000000
D1-P147-S1-L4000,RHU175_SEMIQUANT_V1,train,4000,Glucose:Neg,Glucose:Neg,,,Glucose,Neg,RHU175_SEMIQUANT_V1_2026-05-03T13-28-39.zip,1,1,0,,127.463997,0.053131,0.512022,16.356800,0.160878,0.759046,45.000000,0.017155,1.000000,14.496000,0.001291,1.000000,17.184000,0.001224,1.000000,19.680000,0.001688,1.000000,0.000000,0.000000,0.000000,0.000000,0.000000,0.000000,0.000000,0.000000,0.000000,0.000000,0.000000,0.000000
D1-P149-S1-L2700,RHU175_SEMIQUANT_V1,train,2700,Leukocytes:Trace 15,Leukocytes:Trace 15,,,Leukocytes,Trace 15,RHU175_SEMIQUANT_V1_2026-05-03T13-28-39.zip,1,1,0,,15.398400,0.475721,0.235674,17.927999,0.460601,0.251614,212.083206,0.071633,0.844944,211.444794,0.088477,0.892852,216.990402,0.095500,0.942116,218.875198,0.107427,0.994190,193.755997,0.067360,1.000000,13.646400,0.003453,0.071336,0.000000,0.000000,0.000000,0.000000,0.000000,0.000000
D1-P149-S1-L2700,RHU175_SEMIQUANT_V1,train,2700,Nitrite:Positive,Nitrite:Positive,,,Nitrite,Positive,RHU175_SEMIQUANT_V1_2026-05-03T13-28-39.zip,1,1,0,,15.398400,0.475721,0.235674,17.927999,0.460601,0.251614,212.083206,0.071633,0.844944,211.444794,0.088477,0.892852,216.990402,0.095500,0.942116,218.875198,0.107427,0.994190,193.755997,0.067360,1.000000,13.646400,0.003453,0.071336,0.000000,0.000000,0.000000,0.000000,0.000000,0.000000
D1-P149-S1-L2700,RHU175_SEMIQUANT_V1,train,2700,Urobilinogen:3.2,Urobilinogen:3.2,,,Urobilinogen,3.2,RHU175_SEMIQUANT_V1_2026-05-03T13-28-39.zip,1,1,0,,15.398400,0.475721,0.235674,17.927999,0.460601,0.251614,212.083206,0.071633,0.844944,211.444794,0.088477,0.892852,216.990402,0.095500,0.942116,218.875198,0.107427,0.994190,193.755997,0.067360,1.000000,13.646400,0.003453,0.071336,0.000000,0.000000,0.000000,0.000000,0.000000,0.000000
D1-P149-S1-L2700,RHU175_SEMIQUANT_V1,train,2700,Protein:Neg,Protein:Neg,,,Protein,Neg,RHU175_SEMIQUANT_V1_2026-05-03T13-28-39.zip,1,1,0,,15.398400,0.475721,0.235674,17.927999,0.460601,0.251614,212.083206,0.071633,0.844944,211.444794,0.088477,0.892852,216.990402,0.095500,0.942116,218.875198,0.107427,0.994190,193.755997,0.067360,1.000000,13.646400,0.003453,0.071336,0.000000,0.000000,0.000000,0.000000,0.000000,0.000000
D1-P149-S1-L2700,RHU175_SEMIQUANT_V1,train,2700,pH:6.0,pH:6.0,,,pH,6.0,RHU175_SEMIQUANT_V1_2026-05-03T13-28-39.zip,1,1,0,,15.398400,0.475721,0.235674,17.927999,0.460601,0.251614,212.083206,0.071633,0.844944,211.444794,0.088477,0.892852,216.990402,0.095500,0.942116,218.875198,0.107427,0.994190,193.755997,0.067360,1.000000,13.646400,0.003453,0.071336,0.000000,0.000000,0.000000,0.000000,0.000000,0.000000
D1-P149-S1-L2700,RHU175_SEMIQUANT_V1,train,2700,Blood:Neg,Blood:Neg,,,Blood,Neg,RHU175_SEMIQUANT_V1_2026-05-03T13-28-39.zip,1,1,0,,15.398400,0.475721,0.235674,17.927999,0.460601,0.251614,212.083206,0.071633,0.844944,211.444794,0.088477,0.892852,216.990402,0.095500,0.942116,218.875198,0.107427,0.994190,193.755997,0.067360,1.000000,13.646400,0.003453,0.071336,0.000000,0.000000,0.000000,0.000000,0.000000,0.000000
D1-P149-S1-L2700,RHU175_SEMIQUANT_V1,train,2700,Specific Gravity:1.030,Specific Gravity:1.030,,,Specific Gravity,1.030,RHU175_SEMIQUANT_V1_2026-05-03T13-28-39.zip,1,1,0,,15.398400,0.475721,0.235674,17.927999,0.460601,0.251614,212.083206,0.071633,0.844944,211.444794,0.088477,0.892852,216.990402,0.095500,0.942116,218.875198,0.107427,0.994190,193.755997,0.067360,1.000000,13.646400,0.003453,0.071336,0.000000,0.000000,0.000000,0.000000,0.000000,0.000000
D1-P149-S1-L2700,RHU175_SEMIQUANT_V1,train,2700,Ketone:Neg,Ketone:Neg,,,Ketone,Neg,RHU175_SEMIQUANT_V1_2026-05-03T13-28-39.zip,1,1,0,,15.398400,0.475721,0.235674,17.927999,0.460601,0.251614,212.083206,0.071633,0.844944,211.444794,0.088477,0.892852,216.990402,0.095500,0.942116,218.875198,0.107427,0.994190,193.755997,0.067360,1.000000,13.646400,0.003453,0.071336,0.000000,0.000000,0.000000,0.000000,0.000000,0.000000
D1-P149-S1-L2700,RHU175_SEMIQUANT_V1,train,2700,Bilirubin:Small 17,Bilirubin:Small 17,,,Bilirubin,Small 17,RHU175_SEMIQUANT_V1_2026-05-03T13-28-39.zip,1,1,0,,15.398400,0.475721,0.235674,17.927999,0.460601,0.251614,212.083206,0.071633,0.844944,211.444794,0.088477,0.892852,216.990402,0.095500,0.942116,218.875198,0.107427,0.994190,193.755997,0.067360,1.000000,13.646400,0.003453,0.071336,0.000000,0.000000,0.000000,0.000000,0.000000,0.000000
D1-P149-S1-L2700,RHU175_SEMIQUANT_V1,train,2700,Glucose:Neg,Glucose:Neg,,,Glucose,Neg,RHU175_SEMIQUANT_V1_2026-05-03T13-28-39.zip,1,1,0,,15.398400,0.475721,0.235674,17.927999,0.460601,0.251614,212.083206,0.071633,0.844944,211.444794,0.088477,0.892852,216.990402,0.095500,0.942116,218.875198,0.107427,0.994190,193.755997,0.067360,1.000000,13.646400,0.003453,0.071336,0.000000,0.000000,0.000000,0.000000,0.000000,0.000000
D1-P149-S1-L4000,RHU175_SEMIQUANT_V1,train,4000,Leukocytes:Trace 15,Leukocytes:Trace 15,,,Leukocytes,Trace 15,RHU175_SEMIQUANT_V1_2026-05-03T13-28-39.zip,1,1,0,,215.058395,0.502817,0.265107,212.536804,0.500337,0.287903,200.382401,0.436240,0.354952,226.917603,0.037573,0.884179,59.331200,0.052119,0.934587,28.319201,0.061198,0.977322,124.779198,0.040875,0.999934,31.644800,0.003784,1.000000,0.000000,0.000000,0.000000,0.000000,0.000000,0.000000
D1-P149-S1-L4000,RHU175_SEMIQUANT_V1,train,4000,Nitrite:Positive,Nitrite:Positive,,,Nitrite,Positive,RHU175_SEMIQUANT_V1_2026-05-03T13-28-39.zip,1,1,0,,215.058395,0.502817,0.265107,212.536804,0.500337,0.287903,200.382401,0.436240,0.354952,226.917603,0.037573,0.884179,59.331200,0.052119,0.934587,28.319201,0.061198,0.977322,124.779198,0.040875,0.999934,31.644800,0.003784,1.000000,0.000000,0.000000,0.000000,0.000000,0.000000,0.000000
D1-P149-S1-L4000,RHU175_SEMIQUANT_V1,train,4000,Urobilinogen:3.2,Urobilinogen:3.2,,,Urobilinogen,3.2,RHU175_SEMIQUANT_V1_2026-05-03T13-28-39.zip,1,1,0,,215.058395,0.502817,0.265107,212.536804,0.500337,0.287903,200.382401,0.436240,0.354952,226.917603,0.037573,0.884179,59.331200,0.052119,0.934587,28.319201,0.061198,0.977322,124.779198,0.040875,0.999934,31.644800,0.003784,1.000000,0.000000,0.000000,0.000000,0.000000,0.000000,0.000000
D1-P149-S1-L4000,RHU175_SEMIQUANT_V1,train,4000,Protein:Neg,Protein:Neg,,,Protein,Neg,RHU175_SEMIQUANT_V1_2026-05-03T13-28-39.zip,1,1,0,,215.058395,0.502817,0.265107,212.536804,0.500337,0.287903,200.382401,0.436240,0.354952,226.917603,0.037573,0.884179,59.331200,0.052119,0.934587,28.319201,0.061198,0.977322,124.779198,0.040875,0.999934,31.644800,0.003784,1.000000,0.000000,0.000000,0.000000,0.000000,0.000000,0.000000
D1-P149-S1-L4000,RHU175_SEMIQUANT_V1,train,4000,pH:6.0,pH:6.0,,,pH,6.0,RHU175_SEMIQUANT_V1_2026-05-03T13-28-39.zip,1,1,0,,215.058395,0.502817,0.265107,212.536804,0.500337,0.287903,200.382401,0.436240,0.354952,226.917603,0.037573,0.884179,59.331200,0.052119,0.934587,28.319201,0.061198,0.977322,124.779198,0.040875,0.999934,31.644800,0.003784,1.000000,0.000000,0.000000,0.000000,0.000000,0.000000,0.000000
D1-P149-S1-L4000,RHU175_SEMIQUANT_V1,train,4000,Blood:Neg,Blood:Neg,,,Blood,Neg,RHU175_SEMIQUANT_V1_2026-05-03T13-28-39.zip,1,1,0,,215.058395,0.502817,0.265107,212.536804,0.500337,0.287903,200.382401,0.436240,0.354952,226.917603,0.037573,0.884179,59.331200,0.052119,0.934587,28.319201,0.061198,0.977322,124.779198,0.040875,0.999934,31.644800,0.003784,1.000000,0.000000,0.000000,0.000000,0.000000,0.000000,0.000000
D1-P149-S1-L4000,RHU175_SEMIQUANT_V1,train,4000,Specific Gravity:1.030,Specific Gravity:1.030,,,Specific Gravity,1.030,RHU175_SEMIQUANT_V1_2026-05-03T13-28-39.zip,1,1,0,,215.058395,0.502817,0.265107,212.536804,0.500337,0.287903,200.382401,0.436240,0.354952,226.917603,0.037573,0.884179,59.331200,0.052119,0.934587,28.319201,0.061198,0.977322,124.779198,0.040875,0.999934,31.644800,0.003784,1.000000,0.000000,0.000000,0.000000,0.000000,0.000000,0.000000
D1-P149-S1-L4000,RHU175_SEMIQUANT_V1,train,4000,Ketone:Neg,Ketone:Neg,,,Ketone,Neg,RHU175_SEMIQUANT_V1_2026-05-03T13-28-39.zip,1,1,0,,215.058395,0.502817,0.265107,212.536804,0.500337,0.287903,200.382401,0.436240,0.354952,226.917603,0.037573,0.884179,59.331200,0.052119,0.934587,28.319201,0.061198,0.977322,124.779198,0.040875,0.999934,31.644800,0.003784,1.000000,0.000000,0.000000,0.000000,0.000000,0.000000,0.000000
D1-P149-S1-L4000,RHU175_SEMIQUANT_V1,train,4000,Bilirubin:Small 17,Bilirubin:Small 17,,,Bilirubin,Small 17,RHU175_SEMIQUANT_V1_2026-05-03T13-28-39.zip,1,1,0,,215.058395,0.502817,0.265107,212.536804,0.500337,0.287903,200.382401,0.436240,0.354952,226.917603,0.037573,0.884179,59.331200,0.052119,0.934587,28.319201,0.061198,0.977322,124.779198,0.040875,0.999934,31.644800,0.003784,1.000000,0.000000,0.000000,0.000000,0.000000,0.000000,0.000000
D1-P149-S1-L4000,RHU175_SEMIQUANT_V1,train,4000,Glucose:Neg,Glucose:Neg,,,Glucose,Neg,RHU175_SEMIQUANT_V1_2026-05-03T13-28-39.zip,1,1,0,,215.058395,0.502817,0.265107,212.536804,0.500337,0.287903,200.382401,0.436240,0.354952,226.917603,0.037573,0.884179,59.331200,0.052119,0.934587,28.319201,0.061198,0.977322,124.779198,0.040875,0.999934,31.644800,0.003784,1.000000,0.000000,0.000000,0.000000,0.000000,0.000000,0.000000
D1-P150-S1-L2700,RHU175_SEMIQUANT_V1,train,2700,Leukocytes:Neg,Leukocytes:Neg,,,Leukocytes,Neg,RHU175_SEMIQUANT_V1_2026-05-03T13-28-39.zip,1,1,0,,18.027201,0.486285,0.222665,22.221600,0.472809,0.242772,214.670395,0.074908,0.834830,214.581604,0.098778,0.888511,217.983200,0.102845,0.935498,219.395203,0.114099,0.986962,197.570404,0.084193,1.000000,1.080800,0.000471,0.004618,0.000000,0.000000,0.000000,0.000000,0.000000,0.000000
D1-P150-S1-L2700,RHU175_SEMIQUANT_V1,train,2700,Nitrite:Positive,Nitrite:Positive,,,Nitrite,Positive,RHU175_SEMIQUANT_V1_2026-05-03T13-28-39.zip,1,1,0,,18.027201,0.486285,0.222665,22.221600,0.472809,0.242772,214.670395,0.074908,0.834830,214.581604,0.098778,0.888511,217.983200,0.102845,0.935498,219.395203,0.114099,0.986962,197.570404,0.084193,1.000000,1.080800,0.000471,0.004618,0.000000,0.000000,0.000000,0.000000,0.000000,0.000000
D1-P150-S1-L2700,RHU175_SEMIQUANT_V1,train,2700,Urobilinogen:3.2,Urobilinogen:3.2,,,Urobilinogen,3.2,RHU175_SEMIQUANT_V1_2026-05-03T13-28-39.zip,1,1,0,,18.027201,0.486285,0.222665,22.221600,0.472809,0.242772,214.670395,0.074908,0.834830,214.581604,0.098778,0.888511,217.983200,0.102845,0.935498,219.395203,0.114099,0.986962,197.570404,0.084193,1.000000,1.080800,0.000471,0.004618,0.000000,0.000000,0.000000,0.000000,0.000000,0.000000
D1-P150-S1-L2700,RHU175_SEMIQUANT_V1,train,2700,Protein:Neg,Protein:Neg,,,Protein,Neg,RHU175_SEMIQUANT_V1_2026-05-03T13-28-39.zip,1,1,0,,18.027201,0.486285,0.222665,22.221600,0.472809,0.242772,214.670395,0.074908,0.834830,214.581604,0.098778,0.888511,217.983200,0.102845,0.935498,219.395203,0.114099,0.986962,197.570404,0.084193,1.000000,1.080800,0.000471,0.004618,0.000000,0.000000,0.000000,0.000000,0.000000,0.000000
D1-P150-S1-L2700,RHU175_SEMIQUANT_V1,train,2700,pH:6.0,pH:6.0,,,pH,6.0,RHU175_SEMIQUANT_V1_2026-05-03T13-28-39.zip,1,1,0,,18.027201,0.486285,0.222665,22.221600,0.472809,0.242772,214.670395,0.074908,0.834830,214.581604,0.098778,0.888511,217.983200,0.102845,0.935498,219.395203,0.114099,0.986962,197.570404,0.084193,1.000000,1.080800,0.000471,0.004618,0.000000,0.000000,0.000000,0.000000,0.000000,0.000000
D1-P150-S1-L2700,RHU175_SEMIQUANT_V1,train,2700,Blood:Neg,Blood:Neg,,,Blood,Neg,RHU175_SEMIQUANT_V1_2026-05-03T13-28-39.zip,1,1,0,,18.027201,0.486285,0.222665,22.221600,0.472809,0.242772,214.670395,0.074908,0.834830,214.581604,0.098778,0.888511,217.983200,0.102845,0.935498,219.395203,0.114099,0.986962,197.570404,0.084193,1.000000,1.080800,0.000471,0.004618,0.000000,0.000000,0.000000,0.000000,0.000000,0.000000
D1-P150-S1-L2700,RHU175_SEMIQUANT_V1,train,2700,Specific Gravity:1.030,Specific Gravity:1.030,,,Specific Gravity,1.030,RHU175_SEMIQUANT_V1_2026-05-03T13-28-39.zip,1,1,0,,18.027201,0.486285,0.222665,22.221600,0.472809,0.242772,214.670395,0.074908,0.834830,214.581604,0.098778,0.888511,217.983200,0.102845,0.935498,219.395203,0.114099,0.986962,197.570404,0.084193,1.000000,1.080800,0.000471,0.004618,0.000000,0.000000,0.000000,0.000000,0.000000,0.000000
D1-P150-S1-L2700,RHU175_SEMIQUANT_V1,train,2700,Ketone:Neg,Ketone:Neg,,,Ketone,Neg,RHU175_SEMIQUANT_V1_2026-05-03T13-28-39.zip,1,1,0,,18.027201,0.486285,0.222665,22.221600,0.472809,0.242772,214.670395,0.074908,0.834830,214.581604,0.098778,0.888511,217.983200,0.102845,0.935498,219.395203,0.114099,0.986962,197.570404,0.084193,1.000000,1.080800,0.000471,0.004618,0.000000,0.000000,0.000000,0.000000,0.000000,0.000000
D1-P150-S1-L2700,RHU175_SEMIQUANT_V1,train,2700,Bilirubin:Small 17,Bilirubin:Small 17,,,Bilirubin,Small 17,RHU175_SEMIQUANT_V1_2026-05-03T13-28-39.zip,1,1,0,,18.027201,0.486285,0.222665,22.221600,0.472809,0.242772,214.670395,0.074908,0.834830,214.581604,0.098778,0.888511,217.983200,0.102845,0.935498,219.395203,0.114099,0.986962,197.570404,0.084193,1.000000,1.080800,0.000471,0.004618,0.000000,0.000000,0.000000,0.000000,0.000000,0.000000
D1-P150-S1-L2700,RHU175_SEMIQUANT_V1,train,2700,Glucose:Neg,Glucose:Neg,,,Glucose,Neg,RHU175_SEMIQUANT_V1_2026-05-03T13-28-39.zip,1,1,0,,18.027201,0.486285,0.222665,22.221600,0.472809,0.242772,214.670395,0.074908,0.834830,214.581604,0.098778,0.888511,217.983200,0.102845,0.935498,219.395203,0.114099,0.986962,197.570404,0.084193,1.000000,1.080800,0.000471,0.004618,0.000000,0.000000,0.000000,0.000000,0.000000,0.000000
D1-P150-S1-L5500,RHU175_SEMIQUANT_V1,train,5500,Leukocytes:Neg,Leukocytes:Neg,,,Leukocytes,Neg,RHU175_SEMIQUANT_V1_2026-05-03T13-28-39.zip,1,1,0,,307.431213,0.280431,0.194762,292.340790,0.221740,0.265415,164.294403,0.029239,0.756307,145.808807,0.035909,0.796518,155.894394,0.039807,0.828456,154.386398,0.034447,0.861283,162.801605,0.045656,0.916643,0.000000,0.000000,0.000000,0.000000,0.000000,0.000000,0.000000,0.000000,0.000000
D1-P150-S1-L5500,RHU175_SEMIQUANT_V1,train,5500,Nitrite:Positive,Nitrite:Positive,,,Nitrite,Positive,RHU175_SEMIQUANT_V1_2026-05-03T13-28-39.zip,1,1,0,,307.431213,0.280431,0.194762,292.340790,0.221740,0.265415,164.294403,0.029239,0.756307,145.808807,0.035909,0.796518,155.894394,0.039807,0.828456,154.386398,0.034447,0.861283,162.801605,0.045656,0.916643,0.000000,0.000000,0.000000,0.000000,0.000000,0.000000,0.000000,0.000000,0.000000
D1-P150-S1-L5500,RHU175_SEMIQUANT_V1,train,5500,Urobilinogen:3.2,Urobilinogen:3.2,,,Urobilinogen,3.2,RHU175_SEMIQUANT_V1_2026-05-03T13-28-39.zip,1,1,0,,307.431213,0.280431,0.194762,292.340790,0.221740,0.265415,164.294403,0.029239,0.756307,145.808807,0.035909,0.796518,155.894394,0.039807,0.828456,154.386398,0.034447,0.861283,162.801605,0.045656,0.916643,0.000000,0.000000,0.000000,0.000000,0.000000,0.000000,0.000000,0.000000,0.000000
D1-P150-S1-L5500,RHU175_SEMIQUANT_V1,train,5500,Protein:Neg,Protein:Neg,,,Protein,Neg,RHU175_SEMIQUANT_V1_2026-05-03T13-28-39.zip,1,1,0,,307.431213,0.280431,0.194762,292.340790,0.221740,0.265415,164.294403,0.029239,0.756307,145.808807,0.035909,0.796518,155.894394,0.039807,0.828456,154.386398,0.034447,0.861283,162.801605,0.045656,0.916643,0.000000,0.000000,0.000000,0.000000,0.000000,0.000000,0.000000,0.000000,0.000000
D1-P150-S1-L5500,RHU175_SEMIQUANT_V1,train,5500,pH:6.0,pH:6.0,,,pH,6.0,RHU175_SEMIQUANT_V1_2026-05-03T13-28-39.zip,1,1,0,,307.431213,0.280431,0.194762,292.340790,0.221740,0.265415,164.294403,0.029239,0.756307,145.808807,0.035909,0.796518,155.894394,0.039807,0.828456,154.386398,0.034447,0.861283,162.801605,0.045656,0.916643,0.000000,0.000000,0.000000,0.000000,0.000000,0.000000,0.000000,0.000000,0.000000
D1-P150-S1-L5500,RHU175_SEMIQUANT_V1,train,5500,Blood:Neg,Blood:Neg,,,Blood,Neg,RHU175_SEMIQUANT_V1_2026-05-03T13-28-39.zip,1,1,0,,307.431213,0.280431,0.194762,292.340790,0.221740,0.265415,164.294403,0.029239,0.756307,145.808807,0.035909,0.796518,155.894394,0.039807,0.828456,154.386398,0.034447,0.861283,162.801605,0.045656,0.916643,0.000000,0.000000,0.000000,0.000000,0.000000,0.000000,0.000000,0.000000,0.000000
D1-P150-S1-L5500,RHU175_SEMIQUANT_V1,train,5500,Specific Gravity:1.030,Specific Gravity:1.030,,,Specific Gravity,1.030,RHU175_SEMIQUANT_V1_2026-05-03T13-28-39.zip,1,1,0,,307.431213,0.280431,0.194762,292.340790,0.221740,0.265415,164.294403,0.029239,0.756307,145.808807,0.035909,0.796518,155.894394,0.039807,0.828456,154.386398,0.034447,0.861283,162.801605,0.045656,0.916643,0.000000,0.000000,0.000000,0.000000,0.000000,0.000000,0.000000,0.000000,0.000000
D1-P150-S1-L5500,RHU175_SEMIQUANT_V1,train,5500,Ketone:Neg,Ketone:Neg,,,Ketone,Neg,RHU175_SEMIQUANT_V1_2026-05-03T13-28-39.zip,1,1,0,,307.431213,0.280431,0.194762,292.340790,0.221740,0.265415,164.294403,0.029239,0.756307,145.808807,0.035909,0.796518,155.894394,0.039807,0.828456,154.386398,0.034447,0.861283,162.801605,0.045656,0.916643,0.000000,0.000000,0.000000,0.000000,0.000000,0.000000,0.000000,0.000000,0.000000
D1-P150-S1-L5500,RHU175_SEMIQUANT_V1,train,5500,Bilirubin:Small 17,Bilirubin:Small 17,,,Bilirubin,Small 17,RHU175_SEMIQUANT_V1_2026-05-03T13-28-39.zip,1,1,0,,307.431213,0.280431,0.194762,292.340790,0.221740,0.265415,164.294403,0.029239,0.756307,145.808807,0.035909,0.796518,155.894394,0.039807,0.828456,154.386398,0.034447,0.861283,162.801605,0.045656,0.916643,0.000000,0.000000,0.000000,0.000000,0.000000,0.000000,0.000000,0.000000,0.000000
D1-P150-S1-L5500,RHU175_SEMIQUANT_V1,train,5500,Glucose:Neg,Glucose:Neg,,,Glucose,Neg,RHU175_SEMIQUANT_V1_2026-05-03T13-28-39.zip,1,1,0,,307.431213,0.280431,0.194762,292.340790,0.221740,0.265415,164.294403,0.029239,0.756307,145.808807,0.035909,0.796518,155.894394,0.039807,0.828456,154.386398,0.034447,0.861283,162.801605,0.045656,0.916643,0.000000,0.000000,0.000000,0.000000,0.000000,0.000000,0.000000,0.000000,0.000000
D1-P151-S1-L4000,RHU175_SEMIQUANT_V1,val,4000,Leukocytes:Trace 15,Leukocytes:Trace 15,,,Leukocytes,Trace 15,RHU175_SEMIQUANT_V1_2026-05-03T13-28-39.zip,1,1,0,,216.744797,0.524671,0.248104,216.841599,0.500722,0.269511,203.614395,0.444146,0.343955,18.619200,0.054794,0.877252,13.058400,0.056315,0.919964,28.866400,0.074267,0.963387,19.888000,0.069220,0.999286,32.793598,0.020933,1.000000,0.000000,0.000000,0.000000,0.000000,0.000000,0.000000
D1-P151-S1-L4000,RHU175_SEMIQUANT_V1,val,4000,Nitrite:Positive,Nitrite:Positive,,,Nitrite,Positive,RHU175_SEMIQUANT_V1_2026-05-03T13-28-39.zip,1,1,0,,216.744797,0.524671,0.248104,216.841599,0.500722,0.269511,203.614395,0.444146,0.343955,18.619200,0.054794,0.877252,13.058400,0.056315,0.919964,28.866400,0.074267,0.963387,19.888000,0.069220,0.999286,32.793598,0.020933,1.000000,0.000000,0.000000,0.000000,0.000000,0.000000,0.000000
D1-P151-S1-L4000,RHU175_SEMIQUANT_V1,val,4000,Urobilinogen:3.2,Urobilinogen:3.2,,,Urobilinogen,3.2,RHU175_SEMIQUANT_V1_2026-05-03T13-28-39.zip,1,1,0,,216.744797,0.524671,0.248104,216.841599,0.500722,0.269511,203.614395,0.444146,0.343955,18.619200,0.054794,0.877252,13.058400,0.056315,0.919964,28.866400,0.074267,0.963387,19.888000,0.069220,0.999286,32.793598,0.020933,1.000000,0.000000,0.000000,0.000000,0.000000,0.000000,0.000000
D1-P151-S1-L4000,RHU175_SEMIQUANT_V1,val,4000,Protein:Neg,Protein:Neg,,,Protein,Neg,RHU175_SEMIQUANT_V1_2026-05-03T13-28-39.zip,1,1,0,,216.744797,0.524671,0.248104,216.841599,0.500722,0.269511,203.614395,0.444146,0.343955,18.619200,0.054794,0.877252,13.058400,0.056315,0.919964,28.866400,0.074267,0.963387,19.888000,0.069220,0.999286,32.793598,0.020933,1.000000,0.000000,0.000000,0.000000,0.000000,0.000000,0.000000
D1-P151-S1-L4000,RHU175_SEMIQUANT_V1,val,4000,pH:5.0,pH:5.0,,,pH,5.0,RHU175_SEMIQUANT_V1_2026-05-03T13-28-39.zip,1,1,0,,216.744797,0.524671,0.248104,216.841599,0.500722,0.269511,203.614395,0.444146,0.343955,18.619200,0.054794,0.877252,13.058400,0.056315,0.919964,28.866400,0.074267,0.963387,19.888000,0.069220,0.999286,32.793598,0.020933,1.000000,0.000000,0.000000,0.000000,0.000000,0.000000,0.000000
D1-P151-S1-L4000,RHU175_SEMIQUANT_V1,val,4000,Blood:Neg,Blood:Neg,,,Blood,Neg,RHU175_SEMIQUANT_V1_2026-05-03T13-28-39.zip,1,1,0,,216.744797,0.524671,0.248104,216.841599,0.500722,0.269511,203.614395,0.444146,0.343955,18.619200,0.054794,0.877252,13.058400,0.056315,0.919964,28.866400,0.074267,0.963387,19.888000,0.069220,0.999286,32.793598,0.020933,1.000000,0.000000,0.000000,0.000000,0.000000,0.000000,0.000000
D1-P151-S1-L4000,RHU175_SEMIQUANT_V1,val,4000,Specific Gravity:1.015,Specific Gravity:1.015,,,Specific Gravity,1.015,RHU175_SEMIQUANT_V1_2026-05-03T13-28-39.zip,1,1,0,,216.744797,0.524671,0.248104,216.841599,0.500722,0.269511,203.614395,0.444146,0.343955,18.619200,0.054794,0.877252,13.058400,0.056315,0.919964,28.866400,0.074267,0.963387,19.888000,0.069220,0.999286,32.793598,0.020933,1.000000,0.000000,0.000000,0.000000,0.000000,0.000000,0.000000
D1-P151-S1-L4000,RHU175_SEMIQUANT_V1,val,4000,Ketone:Neg,Ketone:Neg,,,Ketone,Neg,RHU175_SEMIQUANT_V1_2026-05-03T13-28-39.zip,1,1,0,,216.744797,0.524671,0.248104,216.841599,0.500722,0.269511,203.614395,0.444146,0.343955,18.619200,0.054794,0.877252,13.058400,0.056315,0.919964,28.866400,0.074267,0.963387,19.888000,0.069220,0.999286,32.793598,0.020933,1.000000,0.000000,0.000000,0.000000,0.000000,0.000000,0.000000
D1-P151-S1-L4000,RHU175_SEMIQUANT_V1,val,4000,Bilirubin:Small 17,Bilirubin:Small 17,,,Bilirubin,Small 17,RHU175_SEMIQUANT_V1_2026-05-03T13-28-39.zip,1,1,0,,216.744797,0.524671,0.248104,216.841599,0.500722,0.269511,203.614395,0.444146,0.343955,18.619200,0.054794,0.877252,13.058400,0.056315,0.919964,28.866400,0.074267,0.963387,19.888000,0.069220,0.999286,32.793598,0.020933,1.000000,0.000000,0.000000,0.000000,0.000000,0.000000,0.000000
D1-P151-S1-L4000,RHU175_SEMIQUANT_V1,val,4000,Glucose:Neg,Glucose:Neg,,,Glucose,Neg,RHU175_SEMIQUANT_V1_2026-05-03T13-28-39.zip,1,1,0,,216.744797,0.524671,0.248104,216.841599,0.500722,0.269511,203.614395,0.444146,0.343955,18.619200,0.054794,0.877252,13.058400,0.056315,0.919964,28.866400,0.074267,0.963387,19.888000,0.069220,0.999286,32.793598,0.020933,1.000000,0.000000,0.000000,0.000000,0.000000,0.000000,0.000000
D1-P151-S1-L5500,RHU175_SEMIQUANT_V1,val,5500,Leukocytes:Trace 15,Leukocytes:Trace 15,,,Leukocytes,Trace 15,RHU175_SEMIQUANT_V1_2026-05-03T13-28-39.zip,1,1,0,,309.291992,0.290739,0.188872,307.988007,0.260847,0.203779,162.584793,0.028246,0.749911,143.007996,0.034529,0.784820,155.648804,0.039655,0.814489,150.828003,0.033209,0.845369,158.048798,0.045740,0.898571,3.620800,0.001106,0.018687,0.000000,0.000000,0.000000,0.000000,0.000000,0.000000
D1-P151-S1-L5500,RHU175_SEMIQUANT_V1,val,5500,Nitrite:Positive,Nitrite:Positive,,,Nitrite,Positive,RHU175_SEMIQUANT_V1_2026-05-03T13-28-39.zip,1,1,0,,309.291992,0.290739,0.188872,307.988007,0.260847,0.203779,162.584793,0.028246,0.749911,143.007996,0.034529,0.784820,155.648804,0.039655,0.814489,150.828003,0.033209,0.845369,158.048798,0.045740,0.898571,3.620800,0.001106,0.018687,0.000000,0.000000,0.000000,0.000000,0.000000,0.000000
D1-P151-S1-L5500,RHU175_SEMIQUANT_V1,val,5500,Urobilinogen:3.2,Urobilinogen:3.2,,,Urobilinogen,3.2,RHU175_SEMIQUANT_V1_2026-05-03T13-28-39.zip,1,1,0,,309.291992,0.290739,0.188872,307.988007,0.260847,0.203779,162.584793,0.028246,0.749911,143.007996,0.034529,0.784820,155.648804,0.039655,0.814489,150.828003,0.033209,0.845369,158.048798,0.045740,0.898571,3.620800,0.001106,0.018687,0.000000,0.000000,0.000000,0.000000,0.000000,0.000000
D1-P151-S1-L5500,RHU175_SEMIQUANT_V1,val,5500,Protein:Neg,Protein:Neg,,,Protein,Neg,RHU175_SEMIQUANT_V1_2026-05-03T13-28-39.zip,1,1,0,,309.291992,0.290739,0.188872,307.988007,0.260847,0.203779,162.584793,0.028246,0.749911,143.007996,0.034529,0.784820,155.648804,0.039655,0.814489,150.828003,0.033209,0.845369,158.048798,0.045740,0.898571,3.620800,0.001106,0.018687,0.000000,0.000000,0.000000,0.000000,0.000000,0.000000
D1-P151-S1-L5500,RHU175_SEMIQUANT_V1,val,5500,pH:5.0,pH:5.0,,,pH,5.0,RHU175_SEMIQUANT_V1_2026-05-03T13-28-39.zip,1,1,0,,309.291992,0.290739,0.188872,307.988007,0.260847,0.203779,162.584793,0.028246,0.749911,143.007996,0.034529,0.784820,155.648804,0.039655,0.814489,150.828003,0.033209,0.845369,158.048798,0.045740,0.898571,3.620800,0.001106,0.018687,0.000000,0.000000,0.000000,0.000000,0.000000,0.000000
D1-P151-S1-L5500,RHU175_SEMIQUANT_V1,val,5500,Blood:Neg,Blood:Neg,,,Blood,Neg,RHU175_SEMIQUANT_V1_2026-05-03T13-28-39.zip,1,1,0,,309.291992,0.290739,0.188872,307.988007,0.260847,0.203779,162.584793,0.028246,0.749911,143.007996,0.034529,0.784820,155.648804,0.039655,0.814489,150.828003,0.033209,0.845369,158.048798,0.045740,0.898571,3.620800,0.001106,0.018687,0.000000,0.000000,0.000000,0.000000,0.000000,0.000000
D1-P151-S1-L5500,RHU175_SEMIQUANT_V1,val,5500,Specific Gravity:1.015,Specific Gravity:1.015,,,Specific Gravity,1.015,RHU175_SEMIQUANT_V1_2026-05-03T13-28-39.zip,1,1,0,,309.291992,0.290739,0.188872,307.988007,0.260847,0.203779,162.584793,0.028246,0.749911,143.007996,0.034529,0.784820,155.648804,0.039655,0.814489,150.828003,0.033209,0.845369,158.048798,0.045740,0.898571,3.620800,0.001106,0.018687,0.000000,0.000000,0.000000,0.000000,0.000000,0.000000
D1-P151-S1-L5500,RHU175_SEMIQUANT_V1,val,5500,Ketone:Neg,Ketone:Neg,,,Ketone,Neg,RHU175_SEMIQUANT_V1_2026-05-03T13-28-39.zip,1,1,0,,309.291992,0.290739,0.188872,307.988007,0.260847,0.203779,162.584793,0.028246,0.749911,143.007996,0.034529,0.784820,155.648804,0.039655,0.814489,150.828003,0.033209,0.845369,158.048798,0.045740,0.898571,3.620800,0.001106,0.018687,0.000000,0.000000,0.000000,0.000000,0.000000,0.000000
D1-P151-S1-L5500,RHU175_SEMIQUANT_V1,val,5500,Bilirubin:Small 17,Bilirubin:Small 17,,,Bilirubin,Small 17,RHU175_SEMIQUANT_V1_2026-05-03T13-28-39.zip,1,1,0,,309.291992,0.290739,0.188872,307.988007,0.260847,0.203779,162.584793,0.028246,0.749911,143.007996,0.034529,0.784820,155.648804,0.039655,0.814489,150.828003,0.033209,0.845369,158.048798,0.045740,0.898571,3.620800,0.001106,0.018687,0.000000,0.000000,0.000000,0.000000,0.000000,0.000000
D1-P151-S1-L5500,RHU175_SEMIQUANT_V1,val,5500,Glucose:Neg,Glucose:Neg,,,Glucose,Neg,RHU175_SEMIQUANT_V1_2026-05-03T13-28-39.zip,1,1,0,,309.291992,0.290739,0.188872,307.988007,0.260847,0.203779,162.584793,0.028246,0.749911,143.007996,0.034529,0.784820,155.648804,0.039655,0.814489,150.828003,0.033209,0.845369,158.048798,0.045740,0.898571,3.620800,0.001106,0.018687,0.000000,0.000000,0.000000,0.000000,0.000000,0.000000
D1-P152-S1-L2700,RHU175_SEMIQUANT_V1,train,2700,Leukocytes:Trace 15,Leukocytes:Trace 15,,,Leukocytes,Trace 15,RHU175_SEMIQUANT_V1_2026-05-03T13-28-39.zip,1,1,0,,186.822403,0.308558,0.979834,214.682404,0.306525,0.646681,180.000000,0.229283,1.000000,180.000000,0.220885,1.000000,180.000000,0.215685,1.000000,180.000000,0.206064,1.000000,180.000000,0.197396,1.000000,180.000000,0.188136,1.000000,180.000000,0.177233,1.000000,180.000000,0.171325,1.000000
D1-P152-S1-L2700,RHU175_SEMIQUANT_V1,train,2700,Nitrite:Positive,Nitrite:Positive,,,Nitrite,Positive,RHU175_SEMIQUANT_V1_2026-05-03T13-28-39.zip,1,1,0,,186.822403,0.308558,0.979834,214.682404,0.306525,0.646681,180.000000,0.229283,1.000000,180.000000,0.220885,1.000000,180.000000,0.215685,1.000000,180.000000,0.206064,1.000000,180.000000,0.197396,1.000000,180.000000,0.188136,1.000000,180.000000,0.177233,1.000000,180.000000,0.171325,1.000000
D1-P152-S1-L2700,RHU175_SEMIQUANT_V1,train,2700,Urobilinogen:3.2,Urobilinogen:3.2,,,Urobilinogen,3.2,RHU175_SEMIQUANT_V1_2026-05-03T13-28-39.zip,1,1,0,,186.822403,0.308558,0.979834,214.682404,0.306525,0.646681,180.000000,0.229283,1.000000,180.000000,0.220885,1.000000,180.000000,0.215685,1.000000,180.000000,0.206064,1.000000,180.000000,0.197396,1.000000,180.000000,0.188136,1.000000,180.000000,0.177233,1.000000,180.000000,0.171325,1.000000
D1-P152-S1-L2700,RHU175_SEMIQUANT_V1,train,2700,Protein:Neg,Protein:Neg,,,Protein,Neg,RHU175_SEMIQUANT_V1_2026-05-03T13-28-39.zip,1,1,0,,186.822403,0.308558,0.979834,214.682404,0.306525,0.646681,180.000000,0.229283,1.000000,180.000000,0.220885,1.000000,180.000000,0.215685,1.000000,180.000000,0.206064,1.000000,180.000000,0.197396,1.000000,180.000000,0.188136,1.000000,180.000000,0.177233,1.000000,180.000000,0.171325,1.000000
D1-P152-S1-L2700,RHU175_SEMIQUANT_V1,train,2700,pH:6.0,pH:6.0,,,pH,6.0,RHU175_SEMIQUANT_V1_2026-05-03T13-28-39.zip,1,1,0,,186.822403,0.308558,0.979834,214.682404,0.306525,0.646681,180.000000,0.229283,1.000000,180.000000,0.220885,1.000000,180.000000,0.215685,1.000000,180.000000,0.206064,1.000000,180.000000,0.197396,1.000000,180.000000,0.188136,1.000000,180.000000,0.177233,1.000000,180.000000,0.171325,1.000000
D1-P152-S1-L2700,RHU175_SEMIQUANT_V1,train,2700,Blood:Neg,Blood:Neg,,,Blood,Neg,RHU175_SEMIQUANT_V1_2026-05-03T13-28-39.zip,1,1,0,,186.822403,0.308558,0.979834,214.682404,0.306525,0.646681,180.000000,0.229283,1.000000,180.000000,0.220885,1.000000,180.000000,0.215685,1.000000,180.000000,0.206064,1.000000,180.000000,0.197396,1.000000,180.000000,0.188136,1.000000,180.000000,0.177233,1.000000,180.000000,0.171325,1.000000
D1-P152-S1-L2700,RHU175_SEMIQUANT_V1,train,2700,Specific Gravity:1.025,Specific Gravity:1.025,,,Specific Gravity,1.025,RHU175_SEMIQUANT_V1_2026-05-03T13-28-39.zip,1,1,0,,186.822403,0.308558,0.979834,214.682404,0.306525,0.646681,180.000000,0.229283,1.000000,180.000000,0.220885,1.000000,180.000000,0.215685,1.000000,180.000000,0.206064,1.000000,180.000000,0.197396,1.000000,180.000000,0.188136,1.000000,180.000000,0.177233,1.000000,180.000000,0.171325,1.000000
D1-P152-S1-L2700,RHU175_SEMIQUANT_V1,train,2700,Ketone:Neg,Ketone:Neg,,,Ketone,Neg,RHU175_SEMIQUANT_V1_2026-05-03T13-28-39.zip,1,1,0,,186.822403,0.308558,0.979834,214.682404,0.306525,0.646681,180.000000,0.229283,1.000000,180.000000,0.220885,1.000000,180.000000,0.215685,1.000000,180.000000,0.206064,1.000000,180.000000,0.197396,1.000000,180.000000,0.188136,1.000000,180.000000,0.177233,1.000000,180.000000,0.171325,1.000000
D1-P152-S1-L2700,RHU175_SEMIQUANT_V1,train,2700,Bilirubin:Small 17,Bilirubin:Small 17,,,Bilirubin,Small 17,RHU175_SEMIQUANT_V1_2026-05-03T13-28-39.zip,1,1,0,,186.822403,0.308558,0.979834,214.682404,0.306525,0.646681,180.000000,0.229283,1.000000,180.000000,0.220885,1.000000,180.000000,0.215685,1.000000,180.000000,0.206064,1.000000,180.000000,0.197396,1.000000,180.000000,0.188136,1.000000,180.000000,0.177233,1.000000,180.000000,0.171325,1.000000
D1-P152-S1-L2700,RHU175_SEMIQUANT_V1,train,2700,Glucose:Neg,Glucose:Neg,,,Glucose,Neg,RHU175_SEMIQUANT_V1_2026-05-03T13-28-39.zip,1,1,0,,186.822403,0.308558,0.979834,214.682404,0.306525,0.646681,180.000000,0.229283,1.000000,180.000000,0.220885,1.000000,180.000000,0.215685,1.000000,180.000000,0.206064,1.000000,180.000000,0.197396,1.000000,180.000000,0.188136,1.000000,180.000000,0.177233,1.000000,180.000000,0.171325,1.000000
D1-P152-S1-L4000,RHU175_SEMIQUANT_V1,train,4000,Leukocytes:Trace 15,Leukocytes:Trace 15,,,Leukocytes,Trace 15,RHU175_SEMIQUANT_V1_2026-05-03T13-28-39.zip,1,1,0,,217.495193,0.521198,0.245644,217.227997,0.495853,0.266638,202.456802,0.447992,0.333277,18.606400,0.044522,0.864976,13.218400,0.053909,0.913592,7.168800,0.074987,0.968449,6.038400,0.060339,0.999928,35.012798,0.011340,1.000000,0.000000,0.000000,0.000000,0.000000,0.000000,0.000000
D1-P152-S1-L4000,RHU175_SEMIQUANT_V1,train,4000,Nitrite:Positive,Nitrite:Positive,,,Nitrite,Positive,RHU175_SEMIQUANT_V1_2026-05-03T13-28-39.zip,1,1,0,,217.495193,0.521198,0.245644,217.227997,0.495853,0.266638,202.456802,0.447992,0.333277,18.606400,0.044522,0.864976,13.218400,0.053909,0.913592,7.168800,0.074987,0.968449,6.038400,0.060339,0.999928,35.012798,0.011340,1.000000,0.000000,0.000000,0.000000,0.000000,0.000000,0.000000
D1-P152-S1-L4000,RHU175_SEMIQUANT_V1,train,4000,Urobilinogen:3.2,Urobilinogen:3.2,,,Urobilinogen,3.2,RHU175_SEMIQUANT_V1_2026-05-03T13-28-39.zip,1,1,0,,217.495193,0.521198,0.245644,217.227997,0.495853,0.266638,202.456802,0.447992,0.333277,18.606400,0.044522,0.864976,13.218400,0.053909,0.913592,7.168800,0.074987,0.968449,6.038400,0.060339,0.999928,35.012798,0.011340,1.000000,0.000000,0.000000,0.000000,0.000000,0.000000,0.000000
D1-P152-S1-L4000,RHU175_SEMIQUANT_V1,train,4000,Protein:Neg,Protein:Neg,,,Protein,Neg,RHU175_SEMIQUANT_V1_2026-05-03T13-28-39.zip,1,1,0,,217.495193,0.521198,0.245644,217.227997,0.495853,0.266638,202.456802,0.447992,0.333277,18.606400,0.044522,0.864976,13.218400,0.053909,0.913592,7.168800,0.074987,0.968449,6.038400,0.060339,0.999928,35.012798,0.011340,1.000000,0.000000,0.000000,0.000000,0.000000,0.000000,0.000000
D1-P152-S1-L4000,RHU175_SEMIQUANT_V1,train,4000,pH:6.0,pH:6.0,,,pH,6.0,RHU175_SEMIQUANT_V1_2026-05-03T13-28-39.zip,1,1,0,,217.495193,0.521198,0.245644,217.227997,0.495853,0.266638,202.456802,0.447992,0.333277,18.606400,0.044522,0.864976,13.218400,0.053909,0.913592,7.168800,0.074987,0.968449,6.038400,0.060339,0.999928,35.012798,0.011340,1.000000,0.000000,0.000000,0.000000,0.000000,0.000000,0.000000
D1-P152-S1-L4000,RHU175_SEMIQUANT_V1,train,4000,Blood:Neg,Blood:Neg,,,Blood,Neg,RHU175_SEMIQUANT_V1_2026-05-03T13-28-39.zip,1,1,0,,217.495193,0.521198,0.245644,217.227997,0.495853,0.266638,202.456802,0.447992,0.333277,18.606400,0.044522,0.864976,13.218400,0.053909,0.913592,7.168800,0.074987,0.968449,6.038400,0.060339,0.999928,35.012798,0.011340,1.000000,0.000000,0.000000,0.000000,0.000000,0.000000,0.000000
D1-P152-S1-L4000,RHU175_SEMIQUANT_V1,train,4000,Specific Gravity:1.025,Specific Gravity:1.025,,,Specific Gravity,1.025,RHU175_SEMIQUANT_V1_2026-05-03T13-28-39.zip,1,1,0,,217.495193,0.521198,0.245644,217.227997,0.495853,0.266638,202.456802,0.447992,0.333277,18.606400,0.044522,0.864976,13.218400,0.053909,0.913592,7.168800,0.074987,0.968449,6.038400,0.060339,0.999928,35.012798,0.011340,1.000000,0.000000,0.000000,0.000000,0.000000,0.000000,0.000000
D1-P152-S1-L4000,RHU175_SEMIQUANT_V1,train,4000,Ketone:Neg,Ketone:Neg,,,Ketone,Neg,RHU175_SEMIQUANT_V1_2026-05-03T13-28-39.zip,1,1,0,,217.495193,0.521198,0.245644,217.227997,0.495853,0.266638,202.456802,0.447992,0.333277,18.606400,0.044522,0.864976,13.218400,0.053909,0.913592,7.168800,0.074987,0.968449,6.038400,0.060339,0.999928,35.012798,0.011340,1.000000,0.000000,0.000000,0.000000,0.000000,0.000000,0.000000
D1-P152-S1-L4000,RHU175_SEMIQUANT_V1,train,4000,Bilirubin:Small 17,Bilirubin:Small 17,,,Bilirubin,Small 17,RHU175_SEMIQUANT_V1_2026-05-03T13-28-39.zip,1,1,0,,217.495193,0.521198,0.245644,217.227997,0.495853,0.266638,202.456802,0.447992,0.333277,18.606400,0.044522,0.864976,13.218400,0.053909,0.913592,7.168800,0.074987,0.968449,6.038400,0.060339,0.999928,35.012798,0.011340,1.000000,0.000000,0.000000,0.000000,0.000000,0.000000,0.000000
D1-P152-S1-L4000,RHU175_SEMIQUANT_V1,train,4000,Glucose:Neg,Glucose:Neg,,,Glucose,Neg,RHU175_SEMIQUANT_V1_2026-05-03T13-28-39.zip,1,1,0,,217.495193,0.521198,0.245644,217.227997,0.495853,0.266638,202.456802,0.447992,0.333277,18.606400,0.044522,0.864976,13.218400,0.053909,0.913592,7.168800,0.074987,0.968449,6.038400,0.060339,0.999928,35.012798,0.011340,1.000000,0.000000,0.000000,0.000000,0.000000,0.000000,0.000000
D1-P153-S1-L2700,RHU175_SEMIQUANT_V1,train,2700,Leukocytes:Neg,Leukocytes:Neg,,,Leukocytes,Neg,RHU175_SEMIQUANT_V1_2026-05-03T13-28-39.zip,1,1,0,,234.408798,0.042819,0.760135,267.506409,0.025929,0.726456,311.084015,0.019153,0.695964,204.848801,0.030240,0.686307,75.851196,0.037048,0.676530,21.381599,0.054439,0.667865,8.708000,0.068808,0.661561,16.112000,0.069107,0.653931,16.888000,0.072897,0.652398,3.364800,0.019898,0.166877
D1-P153-S1-L2700,RHU175_SEMIQUANT_V1,train,2700,Nitrite:Positive,Nitrite:Positive,,,Nitrite,Positive,RHU175_SEMIQUANT_V1_2026-05-03T13-28-39.zip,1,1,0,,234.408798,0.042819,0.760135,267.506409,0.025929,0.726456,311.084015,0.019153,0.695964,204.848801,0.030240,0.686307,75.851196,0.037048,0.676530,21.381599,0.054439,0.667865,8.708000,0.068808,0.661561,16.112000,0.069107,0.653931,16.888000,0.072897,0.652398,3.364800,0.019898,0.166877
D1-P153-S1-L2700,RHU175_SEMIQUANT_V1,train,2700,Urobilinogen:3.2,Urobilinogen:3.2,,,Urobilinogen,3.2,RHU175_SEMIQUANT_V1_2026-05-03T13-28-39.zip,1,1,0,,234.408798,0.042819,0.760135,267.506409,0.025929,0.726456,311.084015,0.019153,0.695964,204.848801,0.030240,0.686307,75.851196,0.037048,0.676530,21.381599,0.054439,0.667865,8.708000,0.068808,0.661561,16.112000,0.069107,0.653931,16.888000,0.072897,0.652398,3.364800,0.019898,0.166877
D1-P153-S1-L2700,RHU175_SEMIQUANT_V1,train,2700,Protein:Neg,Protein:Neg,,,Protein,Neg,RHU175_SEMIQUANT_V1_2026-05-03T13-28-39.zip,1,1,0,,234.408798,0.042819,0.760135,267.506409,0.025929,0.726456,311.084015,0.019153,0.695964,204.848801,0.030240,0.686307,75.851196,0.037048,0.676530,21.381599,0.054439,0.667865,8.708000,0.068808,0.661561,16.112000,0.069107,0.653931,16.888000,0.072897,0.652398,3.364800,0.019898,0.166877
D1-P153-S1-L2700,RHU175_SEMIQUANT_V1,train,2700,pH:6.0,pH:6.0,,,pH,6.0,RHU175_SEMIQUANT_V1_2026-05-03T13-28-39.zip,1,1,0,,234.408798,0.042819,0.760135,267.506409,0.025929,0.726456,311.084015,0.019153,0.695964,204.848801,0.030240,0.686307,75.851196,0.037048,0.676530,21.381599,0.054439,0.667865,8.708000,0.068808,0.661561,16.112000,0.069107,0.653931,16.888000,0.072897,0.652398,3.364800,0.019898,0.166877
D1-P153-S1-L2700,RHU175_SEMIQUANT_V1,train,2700,Blood:Neg,Blood:Neg,,,Blood,Neg,RHU175_SEMIQUANT_V1_2026-05-03T13-28-39.zip,1,1,0,,234.408798,0.042819,0.760135,267.506409,0.025929,0.726456,311.084015,0.019153,0.695964,204.848801,0.030240,0.686307,75.851196,0.037048,0.676530,21.381599,0.054439,0.667865,8.708000,0.068808,0.661561,16.112000,0.069107,0.653931,16.888000,0.072897,0.652398,3.364800,0.019898,0.166877
D1-P153-S1-L2700,RHU175_SEMIQUANT_V1,train,2700,Specific Gravity:1.030,Specific Gravity:1.030,,,Specific Gravity,1.030,RHU175_SEMIQUANT_V1_2026-05-03T13-28-39.zip,1,1,0,,234.408798,0.042819,0.760135,267.506409,0.025929,0.726456,311.084015,0.019153,0.695964,204.848801,0.030240,0.686307,75.851196,0.037048,0.676530,21.381599,0.054439,0.667865,8.708000,0.068808,0.661561,16.112000,0.069107,0.653931,16.888000,0.072897,0.652398,3.364800,0.019898,0.166877
D1-P153-S1-L2700,RHU175_SEMIQUANT_V1,train,2700,Ketone:Neg,Ketone:Neg,,,Ketone,Neg,RHU175_SEMIQUANT_V1_2026-05-03T13-28-39.zip,1,1,0,,234.408798,0.042819,0.760135,267.506409,0.025929,0.726456,311.084015,0.019153,0.695964,204.848801,0.030240,0.686307,75.851196,0.037048,0.676530,21.381599,0.054439,0.667865,8.708000,0.068808,0.661561,16.112000,0.069107,0.653931,16.888000,0.072897,0.652398,3.364800,0.019898,0.166877
D1-P153-S1-L2700,RHU175_SEMIQUANT_V1,train,2700,Bilirubin:Neg,Bilirubin:Neg,,,Bilirubin,Neg,RHU175_SEMIQUANT_V1_2026-05-03T13-28-39.zip,1,1,0,,234.408798,0.042819,0.760135,267.506409,0.025929,0.726456,311.084015,0.019153,0.695964,204.848801,0.030240,0.686307,75.851196,0.037048,0.676530,21.381599,0.054439,0.667865,8.708000,0.068808,0.661561,16.112000,0.069107,0.653931,16.888000,0.072897,0.652398,3.364800,0.019898,0.166877
D1-P153-S1-L2700,RHU175_SEMIQUANT_V1,train,2700,Glucose:Neg,Glucose:Neg,,,Glucose,Neg,RHU175_SEMIQUANT_V1_2026-05-03T13-28-39.zip,1,1,0,,234.408798,0.042819,0.760135,267.506409,0.025929,0.726456,311.084015,0.019153,0.695964,204.848801,0.030240,0.686307,75.851196,0.037048,0.676530,21.381599,0.054439,0.667865,8.708000,0.068808,0.661561,16.112000,0.069107,0.653931,16.888000,0.072897,0.652398,3.364800,0.019898,0.166877
D1-P153-S1-L4000,RHU175_SEMIQUANT_V1,train,4000,Leukocytes:Neg,Leukocytes:Neg,,,Leukocytes,Neg,RHU175_SEMIQUANT_V1_2026-05-03T13-28-39.zip,1,1,0,,12.124000,0.056491,0.863051,18.932800,0.032642,0.822933,30.434401,0.015642,0.789231,253.605606,0.017459,0.763780,213.171204,0.020328,0.734877,258.614410,0.018234,0.723600,252.718399,0.017661,0.714339,248.756805,0.015641,0.702590,226.406403,0.013603,0.671553,183.256805,0.029371,0.641101
D1-P153-S1-L4000,RHU175_SEMIQUANT_V1,train,4000,Nitrite:Positive,Nitrite:Positive,,,Nitrite,Positive,RHU175_SEMIQUANT_V1_2026-05-03T13-28-39.zip,1,1,0,,12.124000,0.056491,0.863051,18.932800,0.032642,0.822933,30.434401,0.015642,0.789231,253.605606,0.017459,0.763780,213.171204,0.020328,0.734877,258.614410,0.018234,0.723600,252.718399,0.017661,0.714339,248.756805,0.015641,0.702590,226.406403,0.013603,0.671553,183.256805,0.029371,0.641101
D1-P153-S1-L4000,RHU175_SEMIQUANT_V1,train,4000,Urobilinogen:3.2,Urobilinogen:3.2,,,Urobilinogen,3.2,RHU175_SEMIQUANT_V1_2026-05-03T13-28-39.zip,1,1,0,,12.124000,0.056491,0.863051,18.932800,0.032642,0.822933,30.434401,0.015642,0.789231,253.605606,0.017459,0.763780,213.171204,0.020328,0.734877,258.614410,0.018234,0.723600,252.718399,0.017661,0.714339,248.756805,0.015641,0.702590,226.406403,0.013603,0.671553,183.256805,0.029371,0.641101
D1-P153-S1-L4000,RHU175_SEMIQUANT_V1,train,4000,Protein:Neg,Protein:Neg,,,Protein,Neg,RHU175_SEMIQUANT_V1_2026-05-03T13-28-39.zip,1,1,0,,12.124000,0.056491,0.863051,18.932800,0.032642,0.822933,30.434401,0.015642,0.789231,253.605606,0.017459,0.763780,213.171204,0.020328,0.734877,258.614410,0.018234,0.723600,252.718399,0.017661,0.714339,248.756805,0.015641,0.702590,226.406403,0.013603,0.671553,183.256805,0.029371,0.641101
D1-P153-S1-L4000,RHU175_SEMIQUANT_V1,train,4000,pH:6.0,pH:6.0,,,pH,6.0,RHU175_SEMIQUANT_V1_2026-05-03T13-28-39.zip,1,1,0,,12.124000,0.056491,0.863051,18.932800,0.032642,0.822933,30.434401,0.015642,0.789231,253.605606,0.017459,0.763780,213.171204,0.020328,0.734877,258.614410,0.018234,0.723600,252.718399,0.017661,0.714339,248.756805,0.015641,0.702590,226.406403,0.013603,0.671553,183.256805,0.029371,0.641101
D1-P153-S1-L4000,RHU175_SEMIQUANT_V1,train,4000,Blood:Neg,Blood:Neg,,,Blood,Neg,RHU175_SEMIQUANT_V1_2026-05-03T13-28-39.zip,1,1,0,,12.124000,0.056491,0.863051,18.932800,0.032642,0.822933,30.434401,0.015642,0.789231,253.605606,0.017459,0.763780,213.171204,0.020328,0.734877,258.614410,0.018234,0.723600,252.718399,0.017661,0.714339,248.756805,0.015641,0.702590,226.406403,0.013603,0.671553,183.256805,0.029371,0.641101
D1-P153-S1-L4000,RHU175_SEMIQUANT_V1,train,4000,Specific Gravity:1.030,Specific Gravity:1.030,,,Specific Gravity,1.030,RHU175_SEMIQUANT_V1_2026-05-03T13-28-39.zip,1,1,0,,12.124000,0.056491,0.863051,18.932800,0.032642,0.822933,30.434401,0.015642,0.789231,253.605606,0.017459,0.763780,213.171204,0.020328,0.734877,258.614410,0.018234,0.723600,252.718399,0.017661,0.714339,248.756805,0.015641,0.702590,226.406403,0.013603,0.671553,183.256805,0.029371,0.641101
D1-P153-S1-L4000,RHU175_SEMIQUANT_V1,train,4000,Ketone:Neg,Ketone:Neg,,,Ketone,Neg,RHU175_SEMIQUANT_V1_2026-05-03T13-28-39.zip,1,1,0,,12.124000,0.056491,0.863051,18.932800,0.032642,0.822933,30.434401,0.015642,0.789231,253.605606,0.017459,0.763780,213.171204,0.020328,0.734877,258.614410,0.018234,0.723600,252.718399,0.017661,0.714339,248.756805,0.015641,0.702590,226.406403,0.013603,0.671553,183.256805,0.029371,0.641101
D1-P153-S1-L4000,RHU175_SEMIQUANT_V1,train,4000,Bilirubin:Neg,Bilirubin:Neg,,,Bilirubin,Neg,RHU175_SEMIQUANT_V1_2026-05-03T13-28-39.zip,1,1,0,,12.124000,0.056491,0.863051,18.932800,0.032642,0.822933,30.434401,0.015642,0.789231,253.605606,0.017459,0.763780,213.171204,0.020328,0.734877,258.614410,0.018234,0.723600,252.718399,0.017661,0.714339,248.756805,0.015641,0.702590,226.406403,0.013603,0.671553,183.256805,0.029371,0.641101
D1-P153-S1-L4000,RHU175_SEMIQUANT_V1,train,4000,Glucose:Neg,Glucose:Neg,,,Glucose,Neg,RHU175_SEMIQUANT_V1_2026-05-03T13-28-39.zip,1,1,0,,12.124000,0.056491,0.863051,18.932800,0.032642,0.822933,30.434401,0.015642,0.789231,253.605606,0.017459,0.763780,213.171204,0.020328,0.734877,258.614410,0.018234,0.723600,252.718399,0.017661,0.714339,248.756805,0.015641,0.702590,226.406403,0.013603,0.671553,183.256805,0.029371,0.641101
D1-P154-S1-L2700,RHU175_SEMIQUANT_V1,train,2700,Leukocytes:Trace 15,Leukocytes:Trace 15,,,Leukocytes,Trace 15,RHU175_SEMIQUANT_V1_2026-05-03T13-28-39.zip,1,1,0,,17.316000,0.003829,0.729660,97.559998,0.005875,0.735801,143.558395,0.007736,0.737537,310.462402,0.017724,0.741816,325.152008,0.016712,0.744993,290.632812,0.013757,0.748955,286.878387,0.013363,0.748590,172.641602,0.007674,0.744883,211.979202,0.007923,0.751427,291.192810,0.013652,0.750844
D1-P154-S1-L2700,RHU175_SEMIQUANT_V1,train,2700,Nitrite:Positive,Nitrite:Positive,,,Nitrite,Positive,RHU175_SEMIQUANT_V1_2026-05-03T13-28-39.zip,1,1,0,,17.316000,0.003829,0.729660,97.559998,0.005875,0.735801,143.558395,0.007736,0.737537,310.462402,0.017724,0.741816,325.152008,0.016712,0.744993,290.632812,0.013757,0.748955,286.878387,0.013363,0.748590,172.641602,0.007674,0.744883,211.979202,0.007923,0.751427,291.192810,0.013652,0.750844
D1-P154-S1-L2700,RHU175_SEMIQUANT_V1,train,2700,Urobilinogen:3.2,Urobilinogen:3.2,,,Urobilinogen,3.2,RHU175_SEMIQUANT_V1_2026-05-03T13-28-39.zip,1,1,0,,17.316000,0.003829,0.729660,97.559998,0.005875,0.735801,143.558395,0.007736,0.737537,310.462402,0.017724,0.741816,325.152008,0.016712,0.744993,290.632812,0.013757,0.748955,286.878387,0.013363,0.748590,172.641602,0.007674,0.744883,211.979202,0.007923,0.751427,291.192810,0.013652,0.750844
D1-P154-S1-L2700,RHU175_SEMIQUANT_V1,train,2700,Protein:Trace,Protein:Trace,,,Protein,Trace,RHU175_SEMIQUANT_V1_2026-05-03T13-28-39.zip,1,1,0,,17.316000,0.003829,0.729660,97.559998,0.005875,0.735801,143.558395,0.007736,0.737537,310.462402,0.017724,0.741816,325.152008,0.016712,0.744993,290.632812,0.013757,0.748955,286.878387,0.013363,0.748590,172.641602,0.007674,0.744883,211.979202,0.007923,0.751427,291.192810,0.013652,0.750844
D1-P154-S1-L2700,RHU175_SEMIQUANT_V1,train,2700,pH:6.5,pH:6.5,,,pH,6.5,RHU175_SEMIQUANT_V1_2026-05-03T13-28-39.zip,1,1,0,,17.316000,0.003829,0.729660,97.559998,0.005875,0.735801,143.558395,0.007736,0.737537,310.462402,0.017724,0.741816,325.152008,0.016712,0.744993,290.632812,0.013757,0.748955,286.878387,0.013363,0.748590,172.641602,0.007674,0.744883,211.979202,0.007923,0.751427,291.192810,0.013652,0.750844
D1-P154-S1-L2700,RHU175_SEMIQUANT_V1,train,2700,Blood:Neg,Blood:Neg,,,Blood,Neg,RHU175_SEMIQUANT_V1_2026-05-03T13-28-39.zip,1,1,0,,17.316000,0.003829,0.729660,97.559998,0.005875,0.735801,143.558395,0.007736,0.737537,310.462402,0.017724,0.741816,325.152008,0.016712,0.744993,290.632812,0.013757,0.748955,286.878387,0.013363,0.748590,172.641602,0.007674,0.744883,211.979202,0.007923,0.751427,291.192810,0.013652,0.750844
D1-P154-S1-L2700,RHU175_SEMIQUANT_V1,train,2700,Specific Gravity:1.030,Specific Gravity:1.030,,,Specific Gravity,1.030,RHU175_SEMIQUANT_V1_2026-05-03T13-28-39.zip,1,1,0,,17.316000,0.003829,0.729660,97.559998,0.005875,0.735801,143.558395,0.007736,0.737537,310.462402,0.017724,0.741816,325.152008,0.016712,0.744993,290.632812,0.013757,0.748955,286.878387,0.013363,0.748590,172.641602,0.007674,0.744883,211.979202,0.007923,0.751427,291.192810,0.013652,0.750844
D1-P154-S1-L2700,RHU175_SEMIQUANT_V1,train,2700,Ketone:Neg,Ketone:Neg,,,Ketone,Neg,RHU175_SEMIQUANT_V1_2026-05-03T13-28-39.zip,1,1,0,,17.316000,0.003829,0.729660,97.559998,0.005875,0.735801,143.558395,0.007736,0.737537,310.462402,0.017724,0.741816,325.152008,0.016712,0.744993,290.632812,0.013757,0.748955,286.878387,0.013363,0.748590,172.641602,0.007674,0.744883,211.979202,0.007923,0.751427,291.192810,0.013652,0.750844
D1-P154-S1-L2700,RHU175_SEMIQUANT_V1,train,2700,Bilirubin:Small 17,Bilirubin:Small 17,,,Bilirubin,Small 17,RHU175_SEMIQUANT_V1_2026-05-03T13-28-39.zip,1,1,0,,17.316000,0.003829,0.729660,97.559998,0.005875,0.735801,143.558395,0.007736,0.737537,310.462402,0.017724,0.741816,325.152008,0.016712,0.744993,290.632812,0.013757,0.748955,286.878387,0.013363,0.748590,172.641602,0.007674,0.744883,211.979202,0.007923,0.751427,291.192810,0.013652,0.750844
D1-P154-S1-L2700,RHU175_SEMIQUANT_V1,train,2700,Glucose:Neg,Glucose:Neg,,,Glucose,Neg,RHU175_SEMIQUANT_V1_2026-05-03T13-28-39.zip,1,1,0,,17.316000,0.003829,0.729660,97.559998,0.005875,0.735801,143.558395,0.007736,0.737537,310.462402,0.017724,0.741816,325.152008,0.016712,0.744993,290.632812,0.013757,0.748955,286.878387,0.013363,0.748590,172.641602,0.007674,0.744883,211.979202,0.007923,0.751427,291.192810,0.013652,0.750844
D1-P154-S1-L4000,RHU175_SEMIQUANT_V1,train,4000,Leukocytes:Trace 15,Leukocytes:Trace 15,,,Leukocytes,Trace 15,RHU175_SEMIQUANT_V1_2026-05-03T13-28-39.zip,1,1,0,,217.570404,0.524242,0.243540,216.680801,0.504381,0.267525,186.472794,0.414278,0.376874,8.180000,0.053859,0.866899,5.137600,0.059423,0.917650,8.820800,0.078728,0.965791,6.456800,0.075197,0.999316,38.427200,0.021589,1.000000,3.666400,0.000943,0.098685,0.000000,0.000000,0.000000
D1-P154-S1-L4000,RHU175_SEMIQUANT_V1,train,4000,Nitrite:Positive,Nitrite:Positive,,,Nitrite,Positive,RHU175_SEMIQUANT_V1_2026-05-03T13-28-39.zip,1,1,0,,217.570404,0.524242,0.243540,216.680801,0.504381,0.267525,186.472794,0.414278,0.376874,8.180000,0.053859,0.866899,5.137600,0.059423,0.917650,8.820800,0.078728,0.965791,6.456800,0.075197,0.999316,38.427200,0.021589,1.000000,3.666400,0.000943,0.098685,0.000000,0.000000,0.000000
D1-P154-S1-L4000,RHU175_SEMIQUANT_V1,train,4000,Urobilinogen:3.2,Urobilinogen:3.2,,,Urobilinogen,3.2,RHU175_SEMIQUANT_V1_2026-05-03T13-28-39.zip,1,1,0,,217.570404,0.524242,0.243540,216.680801,0.504381,0.267525,186.472794,0.414278,0.376874,8.180000,0.053859,0.866899,5.137600,0.059423,0.917650,8.820800,0.078728,0.965791,6.456800,0.075197,0.999316,38.427200,0.021589,1.000000,3.666400,0.000943,0.098685,0.000000,0.000000,0.000000
D1-P154-S1-L4000,RHU175_SEMIQUANT_V1,train,4000,Protein:Trace,Protein:Trace,,,Protein,Trace,RHU175_SEMIQUANT_V1_2026-05-03T13-28-39.zip,1,1,0,,217.570404,0.524242,0.243540,216.680801,0.504381,0.267525,186.472794,0.414278,0.376874,8.180000,0.053859,0.866899,5.137600,0.059423,0.917650,8.820800,0.078728,0.965791,6.456800,0.075197,0.999316,38.427200,0.021589,1.000000,3.666400,0.000943,0.098685,0.000000,0.000000,0.000000
D1-P154-S1-L4000,RHU175_SEMIQUANT_V1,train,4000,pH:6.5,pH:6.5,,,pH,6.5,RHU175_SEMIQUANT_V1_2026-05-03T13-28-39.zip,1,1,0,,217.570404,0.524242,0.243540,216.680801,0.504381,0.267525,186.472794,0.414278,0.376874,8.180000,0.053859,0.866899,5.137600,0.059423,0.917650,8.820800,0.078728,0.965791,6.456800,0.075197,0.999316,38.427200,0.021589,1.000000,3.666400,0.000943,0.098685,0.000000,0.000000,0.000000
D1-P154-S1-L4000,RHU175_SEMIQUANT_V1,train,4000,Blood:Neg,Blood:Neg,,,Blood,Neg,RHU175_SEMIQUANT_V1_2026-05-03T13-28-39.zip,1,1,0,,217.570404,0.524242,0.243540,216.680801,0.504381,0.267525,186.472794,0.414278,0.376874,8.180000,0.053859,0.866899,5.137600,0.059423,0.917650,8.820800,0.078728,0.965791,6.456800,0.075197,0.999316,38.427200,0.021589,1.000000,3.666400,0.000943,0.098685,0.000000,0.000000,0.000000
D1-P154-S1-L4000,RHU175_SEMIQUANT_V1,train,4000,Specific Gravity:1.030,Specific Gravity:1.030,,,Specific Gravity,1.030,RHU175_SEMIQUANT_V1_2026-05-03T13-28-39.zip,1,1,0,,217.570404,0.524242,0.243540,216.680801,0.504381,0.267525,186.472794,0.414278,0.376874,8.180000,0.053859,0.866899,5.137600,0.059423,0.917650,8.820800,0.078728,0.965791,6.456800,0.075197,0.999316,38.427200,0.021589,1.000000,3.666400,0.000943,0.098685,0.000000,0.000000,0.000000
D1-P154-S1-L4000,RHU175_SEMIQUANT_V1,train,4000,Ketone:Neg,Ketone:Neg,,,Ketone,Neg,RHU175_SEMIQUANT_V1_2026-05-03T13-28-39.zip,1,1,0,,217.570404,0.524242,0.243540,216.680801,0.504381,0.267525,186.472794,0.414278,0.376874,8.180000,0.053859,0.866899,5.137600,0.059423,0.917650,8.820800,0.078728,0.965791,6.456800,0.075197,0.999316,38.427200,0.021589,1.000000,3.666400,0.000943,0.098685,0.000000,0.000000,0.000000
D1-P154-S1-L4000,RHU175_SEMIQUANT_V1,train,4000,Bilirubin:Small 17,Bilirubin:Small 17,,,Bilirubin,Small 17,RHU175_SEMIQUANT_V1_2026-05-03T13-28-39.zip,1,1,0,,217.570404,0.524242,0.243540,216.680801,0.504381,0.267525,186.472794,0.414278,0.376874,8.180000,0.053859,0.866899,5.137600,0.059423,0.917650,8.820800,0.078728,0.965791,6.456800,0.075197,0.999316,38.427200,0.021589,1.000000,3.666400,0.000943,0.098685,0.000000,0.000000,0.000000
D1-P154-S1-L4000,RHU175_SEMIQUANT_V1,train,4000,Glucose:Neg,Glucose:Neg,,,Glucose,Neg,RHU175_SEMIQUANT_V1_2026-05-03T13-28-39.zip,1,1,0,,217.570404,0.524242,0.243540,216.680801,0.504381,0.267525,186.472794,0.414278,0.376874,8.180000,0.053859,0.866899,5.137600,0.059423,0.917650,8.820800,0.078728,0.965791,6.456800,0.075197,0.999316,38.427200,0.021589,1.000000,3.666400,0.000943,0.098685,0.000000,0.000000,0.000000
D1-P154-S1-L5500,RHU175_SEMIQUANT_V1,train,5500,Leukocytes:Trace 15,Leukocytes:Trace 15,,,Leukocytes,Trace 15,RHU175_SEMIQUANT_V1_2026-05-03T13-28-39.zip,1,1,0,,290.083191,0.266861,0.223598,306.708008,0.287106,0.188919,294.970398,0.232009,0.251627,173.301605,0.026734,0.742933,149.881607,0.033955,0.784238,156.595993,0.040673,0.820700,150.267197,0.034398,0.853854,159.928802,0.044704,0.907459,17.427999,0.005409,0.098695,0.000000,0.000000,0.000000
D1-P154-S1-L5500,RHU175_SEMIQUANT_V1,train,5500,Nitrite:Positive,Nitrite:Positive,,,Nitrite,Positive,RHU175_SEMIQUANT_V1_2026-05-03T13-28-39.zip,1,1,0,,290.083191,0.266861,0.223598,306.708008,0.287106,0.188919,294.970398,0.232009,0.251627,173.301605,0.026734,0.742933,149.881607,0.033955,0.784238,156.595993,0.040673,0.820700,150.267197,0.034398,0.853854,159.928802,0.044704,0.907459,17.427999,0.005409,0.098695,0.000000,0.000000,0.000000
D1-P154-S1-L5500,RHU175_SEMIQUANT_V1,train,5500,Urobilinogen:3.2,Urobilinogen:3.2,,,Urobilinogen,3.2,RHU175_SEMIQUANT_V1_2026-05-03T13-28-39.zip,1,1,0,,290.083191,0.266861,0.223598,306.708008,0.287106,0.188919,294.970398,0.232009,0.251627,173.301605,0.026734,0.742933,149.881607,0.033955,0.784238,156.595993,0.040673,0.820700,150.267197,0.034398,0.853854,159.928802,0.044704,0.907459,17.427999,0.005409,0.098695,0.000000,0.000000,0.000000
D1-P154-S1-L5500,RHU175_SEMIQUANT_V1,train,5500,Protein:Trace,Protein:Trace,,,Protein,Trace,RHU175_SEMIQUANT_V1_2026-05-03T13-28-39.zip,1,1,0,,290.083191,0.266861,0.223598,306.708008,0.287106,0.188919,294.970398,0.232009,0.251627,173.301605,0.026734,0.742933,149.881607,0.033955,0.784238,156.595993,0.040673,0.820700,150.267197,0.034398,0.853854,159.928802,0.044704,0.907459,17.427999,0.005409,0.098695,0.000000,0.000000,0.000000
D1-P154-S1-L5500,RHU175_SEMIQUANT_V1,train,5500,pH:6.5,pH:6.5,,,pH,6.5,RHU175_SEMIQUANT_V1_2026-05-03T13-28-39.zip,1,1,0,,290.083191,0.266861,0.223598,306.708008,0.287106,0.188919,294.970398,0.232009,0.251627,173.301605,0.026734,0.742933,149.881607,0.033955,0.784238,156.595993,0.040673,0.820700,150.267197,0.034398,0.853854,159.928802,0.044704,0.907459,17.427999,0.005409,0.098695,0.000000,0.000000,0.000000
D1-P154-S1-L5500,RHU175_SEMIQUANT_V1,train,5500,Blood:Neg,Blood:Neg,,,Blood,Neg,RHU175_SEMIQUANT_V1_2026-05-03T13-28-39.zip,1,1,0,,290.083191,0.266861,0.223598,306.708008,0.287106,0.188919,294.970398,0.232009,0.251627,173.301605,0.026734,0.742933,149.881607,0.033955,0.784238,156.595993,0.040673,0.820700,150.267197,0.034398,0.853854,159.928802,0.044704,0.907459,17.427999,0.005409,0.098695,0.000000,0.000000,0.000000
D1-P154-S1-L5500,RHU175_SEMIQUANT_V1,train,5500,Specific Gravity:1.030,Specific Gravity:1.030,,,Specific Gravity,1.030,RHU175_SEMIQUANT_V1_2026-05-03T13-28-39.zip,1,1,0,,290.083191,0.266861,0.223598,306.708008,0.287106,0.188919,294.970398,0.232009,0.251627,173.301605,0.026734,0.742933,149.881607,0.033955,0.784238,156.595993,0.040673,0.820700,150.267197,0.034398,0.853854,159.928802,0.044704,0.907459,17.427999,0.005409,0.098695,0.000000,0.000000,0.000000
D1-P154-S1-L5500,RHU175_SEMIQUANT_V1,train,5500,Ketone:Neg,Ketone:Neg,,,Ketone,Neg,RHU175_SEMIQUANT_V1_2026-05-03T13-28-39.zip,1,1,0,,290.083191,0.266861,0.223598,306.708008,0.287106,0.188919,294.970398,0.232009,0.251627,173.301605,0.026734,0.742933,149.881607,0.033955,0.784238,156.595993,0.040673,0.820700,150.267197,0.034398,0.853854,159.928802,0.044704,0.907459,17.427999,0.005409,0.098695,0.000000,0.000000,0.000000
D1-P154-S1-L5500,RHU175_SEMIQUANT_V1,train,5500,Bilirubin:Small 17,Bilirubin:Small 17,,,Bilirubin,Small 17,RHU175_SEMIQUANT_V1_2026-05-03T13-28-39.zip,1,1,0,,290.083191,0.266861,0.223598,306.708008,0.287106,0.188919,294.970398,0.232009,0.251627,173.301605,0.026734,0.742933,149.881607,0.033955,0.784238,156.595993,0.040673,0.820700,150.267197,0.034398,0.853854,159.928802,0.044704,0.907459,17.427999,0.005409,0.098695,0.000000,0.000000,0.000000
D1-P154-S1-L5500,RHU175_SEMIQUANT_V1,train,5500,Glucose:Neg,Glucose:Neg,,,Glucose,Neg,RHU175_SEMIQUANT_V1_2026-05-03T13-28-39.zip,1,1,0,,290.083191,0.266861,0.223598,306.708008,0.287106,0.188919,294.970398,0.232009,0.251627,173.301605,0.026734,0.742933,149.881607,0.033955,0.784238,156.595993,0.040673,0.820700,150.267197,0.034398,0.853854,159.928802,0.044704,0.907459,17.427999,0.005409,0.098695,0.000000,0.000000,0.000000
D1-P155-S1-L4000,RHU175_SEMIQUANT_V1,train,4000,Leukocytes:Trace 15,Leukocytes:Trace 15,,,Leukocytes,Trace 15,RHU175_SEMIQUANT_V1_2026-05-03T13-28-39.zip,1,1,0,,215.689606,0.502267,0.269126,216.420807,0.503228,0.266781,190.402405,0.416386,0.376482,14.361600,0.044483,0.859289,13.306400,0.053492,0.909763,6.081600,0.070929,0.957252,6.876000,0.072546,0.999042,26.848801,0.019871,1.000000,0.000000,0.000000,0.000000,0.000000,0.000000,0.000000
D1-P155-S1-L4000,RHU175_SEMIQUANT_V1,train,4000,Nitrite:Positive,Nitrite:Positive,,,Nitrite,Positive,RHU175_SEMIQUANT_V1_2026-05-03T13-28-39.zip,1,1,0,,215.689606,0.502267,0.269126,216.420807,0.503228,0.266781,190.402405,0.416386,0.376482,14.361600,0.044483,0.859289,13.306400,0.053492,0.909763,6.081600,0.070929,0.957252,6.876000,0.072546,0.999042,26.848801,0.019871,1.000000,0.000000,0.000000,0.000000,0.000000,0.000000,0.000000
D1-P155-S1-L4000,RHU175_SEMIQUANT_V1,train,4000,Urobilinogen:3.2,Urobilinogen:3.2,,,Urobilinogen,3.2,RHU175_SEMIQUANT_V1_2026-05-03T13-28-39.zip,1,1,0,,215.689606,0.502267,0.269126,216.420807,0.503228,0.266781,190.402405,0.416386,0.376482,14.361600,0.044483,0.859289,13.306400,0.053492,0.909763,6.081600,0.070929,0.957252,6.876000,0.072546,0.999042,26.848801,0.019871,1.000000,0.000000,0.000000,0.000000,0.000000,0.000000,0.000000
D1-P155-S1-L4000,RHU175_SEMIQUANT_V1,train,4000,Protein:Neg,Protein:Neg,,,Protein,Neg,RHU175_SEMIQUANT_V1_2026-05-03T13-28-39.zip,1,1,0,,215.689606,0.502267,0.269126,216.420807,0.503228,0.266781,190.402405,0.416386,0.376482,14.361600,0.044483,0.859289,13.306400,0.053492,0.909763,6.081600,0.070929,0.957252,6.876000,0.072546,0.999042,26.848801,0.019871,1.000000,0.000000,0.000000,0.000000,0.000000,0.000000,0.000000
D1-P155-S1-L4000,RHU175_SEMIQUANT_V1,train,4000,pH:6.0,pH:6.0,,,pH,6.0,RHU175_SEMIQUANT_V1_2026-05-03T13-28-39.zip,1,1,0,,215.689606,0.502267,0.269126,216.420807,0.503228,0.266781,190.402405,0.416386,0.376482,14.361600,0.044483,0.859289,13.306400,0.053492,0.909763,6.081600,0.070929,0.957252,6.876000,0.072546,0.999042,26.848801,0.019871,1.000000,0.000000,0.000000,0.000000,0.000000,0.000000,0.000000
D1-P155-S1-L4000,RHU175_SEMIQUANT_V1,train,4000,Blood:Neg,Blood:Neg,,,Blood,Neg,RHU175_SEMIQUANT_V1_2026-05-03T13-28-39.zip,1,1,0,,215.689606,0.502267,0.269126,216.420807,0.503228,0.266781,190.402405,0.416386,0.376482,14.361600,0.044483,0.859289,13.306400,0.053492,0.909763,6.081600,0.070929,0.957252,6.876000,0.072546,0.999042,26.848801,0.019871,1.000000,0.000000,0.000000,0.000000,0.000000,0.000000,0.000000
D1-P155-S1-L4000,RHU175_SEMIQUANT_V1,train,4000,Specific Gravity:1.015,Specific Gravity:1.015,,,Specific Gravity,1.015,RHU175_SEMIQUANT_V1_2026-05-03T13-28-39.zip,1,1,0,,215.689606,0.502267,0.269126,216.420807,0.503228,0.266781,190.402405,0.416386,0.376482,14.361600,0.044483,0.859289,13.306400,0.053492,0.909763,6.081600,0.070929,0.957252,6.876000,0.072546,0.999042,26.848801,0.019871,1.000000,0.000000,0.000000,0.000000,0.000000,0.000000,0.000000
D1-P155-S1-L4000,RHU175_SEMIQUANT_V1,train,4000,Ketone:Neg,Ketone:Neg,,,Ketone,Neg,RHU175_SEMIQUANT_V1_2026-05-03T13-28-39.zip,1,1,0,,215.689606,0.502267,0.269126,216.420807,0.503228,0.266781,190.402405,0.416386,0.376482,14.361600,0.044483,0.859289,13.306400,0.053492,0.909763,6.081600,0.070929,0.957252,6.876000,0.072546,0.999042,26.848801,0.019871,1.000000,0.000000,0.000000,0.000000,0.000000,0.000000,0.000000
D1-P155-S1-L4000,RHU175_SEMIQUANT_V1,train,4000,Bilirubin:Neg,Bilirubin:Neg,,,Bilirubin,Neg,RHU175_SEMIQUANT_V1_2026-05-03T13-28-39.zip,1,1,0,,215.689606,0.502267,0.269126,216.420807,0.503228,0.266781,190.402405,0.416386,0.376482,14.361600,0.044483,0.859289,13.306400,0.053492,0.909763,6.081600,0.070929,0.957252,6.876000,0.072546,0.999042,26.848801,0.019871,1.000000,0.000000,0.000000,0.000000,0.000000,0.000000,0.000000
D1-P155-S1-L4000,RHU175_SEMIQUANT_V1,train,4000,Glucose:Neg,Glucose:Neg,,,Glucose,Neg,RHU175_SEMIQUANT_V1_2026-05-03T13-28-39.zip,1,1,0,,215.689606,0.502267,0.269126,216.420807,0.503228,0.266781,190.402405,0.416386,0.376482,14.361600,0.044483,0.859289,13.306400,0.053492,0.909763,6.081600,0.070929,0.957252,6.876000,0.072546,0.999042,26.848801,0.019871,1.000000,0.000000,0.000000,0.000000,0.000000,0.000000,0.000000
D1-P155-S1-L5500,RHU175_SEMIQUANT_V1,train,5500,Leukocytes:Trace 15,Leukocytes:Trace 15,,,Leukocytes,Trace 15,RHU175_SEMIQUANT_V1_2026-05-03T13-28-39.zip,1,1,0,,307.083191,0.281377,0.190125,293.175995,0.219987,0.261896,196.668793,0.030215,0.745167,158.963196,0.034654,0.778271,167.389603,0.038135,0.811330,158.945602,0.038293,0.845412,167.435196,0.047202,0.898643,0.000000,0.000000,0.000000,0.000000,0.000000,0.000000,0.000000,0.000000,0.000000
D1-P155-S1-L5500,RHU175_SEMIQUANT_V1,train,5500,Nitrite:Positive,Nitrite:Positive,,,Nitrite,Positive,RHU175_SEMIQUANT_V1_2026-05-03T13-28-39.zip,1,1,0,,307.083191,0.281377,0.190125,293.175995,0.219987,0.261896,196.668793,0.030215,0.745167,158.963196,0.034654,0.778271,167.389603,0.038135,0.811330,158.945602,0.038293,0.845412,167.435196,0.047202,0.898643,0.000000,0.000000,0.000000,0.000000,0.000000,0.000000,0.000000,0.000000,0.000000
D1-P155-S1-L5500,RHU175_SEMIQUANT_V1,train,5500,Urobilinogen:3.2,Urobilinogen:3.2,,,Urobilinogen,3.2,RHU175_SEMIQUANT_V1_2026-05-03T13-28-39.zip,1,1,0,,307.083191,0.281377,0.190125,293.175995,0.219987,0.261896,196.668793,0.030215,0.745167,158.963196,0.034654,0.778271,167.389603,0.038135,0.811330,158.945602,0.038293,0.845412,167.435196,0.047202,0.898643,0.000000,0.000000,0.000000,0.000000,0.000000,0.000000,0.000000,0.000000,0.000000
D1-P155-S1-L5500,RHU175_SEMIQUANT_V1,train,5500,Protein:Neg,Protein:Neg,,,Protein,Neg,RHU175_SEMIQUANT_V1_2026-05-03T13-28-39.zip,1,1,0,,307.083191,0.281377,0.190125,293.175995,0.219987,0.261896,196.668793,0.030215,0.745167,158.963196,0.034654,0.778271,167.389603,0.038135,0.811330,158.945602,0.038293,0.845412,167.435196,0.047202,0.898643,0.000000,0.000000,0.000000,0.000000,0.000000,0.000000,0.000000,0.000000,0.000000
D1-P155-S1-L5500,RHU175_SEMIQUANT_V1,train,5500,pH:6.0,pH:6.0,,,pH,6.0,RHU175_SEMIQUANT_V1_2026-05-03T13-28-39.zip,1,1,0,,307.083191,0.281377,0.190125,293.175995,0.219987,0.261896,196.668793,0.030215,0.745167,158.963196,0.034654,0.778271,167.389603,0.038135,0.811330,158.945602,0.038293,0.845412,167.435196,0.047202,0.898643,0.000000,0.000000,0.000000,0.000000,0.000000,0.000000,0.000000,0.000000,0.000000
D1-P155-S1-L5500,RHU175_SEMIQUANT_V1,train,5500,Blood:Neg,Blood:Neg,,,Blood,Neg,RHU175_SEMIQUANT_V1_2026-05-03T13-28-39.zip,1,1,0,,307.083191,0.281377,0.190125,293.175995,0.219987,0.261896,196.668793,0.030215,0.745167,158.963196,0.034654,0.778271,167.389603,0.038135,0.811330,158.945602,0.038293,0.845412,167.435196,0.047202,0.898643,0.000000,0.000000,0.000000,0.000000,0.000000,0.000000,0.000000,0.000000,0.000000
D1-P155-S1-L5500,RHU175_SEMIQUANT_V1,train,5500,Specific Gravity:1.015,Specific Gravity:1.015,,,Specific Gravity,1.015,RHU175_SEMIQUANT_V1_2026-05-03T13-28-39.zip,1,1,0,,307.083191,0.281377,0.190125,293.175995,0.219987,0.261896,196.668793,0.030215,0.745167,158.963196,0.034654,0.778271,167.389603,0.038135,0.811330,158.945602,0.038293,0.845412,167.435196,0.047202,0.898643,0.000000,0.000000,0.000000,0.000000,0.000000,0.000000,0.000000,0.000000,0.000000
D1-P155-S1-L5500,RHU175_SEMIQUANT_V1,train,5500,Ketone:Neg,Ketone:Neg,,,Ketone,Neg,RHU175_SEMIQUANT_V1_2026-05-03T13-28-39.zip,1,1,0,,307.083191,0.281377,0.190125,293.175995,0.219987,0.261896,196.668793,0.030215,0.745167,158.963196,0.034654,0.778271,167.389603,0.038135,0.811330,158.945602,0.038293,0.845412,167.435196,0.047202,0.898643,0.000000,0.000000,0.000000,0.000000,0.000000,0.000000,0.000000,0.000000,0.000000
D1-P155-S1-L5500,RHU175_SEMIQUANT_V1,train,5500,Bilirubin:Neg,Bilirubin:Neg,,,Bilirubin,Neg,RHU175_SEMIQUANT_V1_2026-05-03T13-28-39.zip,1,1,0,,307.083191,0.281377,0.190125,293.175995,0.219987,0.261896,196.668793,0.030215,0.745167,158.963196,0.034654,0.778271,167.389603,0.038135,0.811330,158.945602,0.038293,0.845412,167.435196,0.047202,0.898643,0.000000,0.000000,0.000000,0.000000,0.000000,0.000000,0.000000,0.000000,0.000000
D1-P155-S1-L5500,RHU175_SEMIQUANT_V1,train,5500,Glucose:Neg,Glucose:Neg,,,Glucose,Neg,RHU175_SEMIQUANT_V1_2026-05-03T13-28-39.zip,1,1,0,,307.083191,0.281377,0.190125,293.175995,0.219987,0.261896,196.668793,0.030215,0.745167,158.963196,0.034654,0.778271,167.389603,0.038135,0.811330,158.945602,0.038293,0.845412,167.435196,0.047202,0.898643,0.000000,0.000000,0.000000,0.000000,0.000000,0.000000,0.000000,0.000000,0.000000
D1-P156-S1-L2700,RHU175_SEMIQUANT_V1,val,2700,Leukocytes:Trace 15,Leukocytes:Trace 15,,,Leukocytes,Trace 15,RHU175_SEMIQUANT_V1_2026-05-03T13-28-39.zip,1,1,0,,20.517599,0.485297,0.215911,21.252001,0.475217,0.236464,213.352798,0.070707,0.819075,212.519196,0.099653,0.870707,212.094406,0.107343,0.916579,213.496002,0.118039,0.969936,201.679993,0.105242,0.999931,7.174400,0.003816,0.034328,0.000000,0.000000,0.000000,0.000000,0.000000,0.000000
D1-P156-S1-L2700,RHU175_SEMIQUANT_V1,val,2700,Nitrite:Positive,Nitrite:Positive,,,Nitrite,Positive,RHU175_SEMIQUANT_V1_2026-05-03T13-28-39.zip,1,1,0,,20.517599,0.485297,0.215911,21.252001,0.475217,0.236464,213.352798,0.070707,0.819075,212.519196,0.099653,0.870707,212.094406,0.107343,0.916579,213.496002,0.118039,0.969936,201.679993,0.105242,0.999931,7.174400,0.003816,0.034328,0.000000,0.000000,0.000000,0.000000,0.000000,0.000000
D1-P156-S1-L2700,RHU175_SEMIQUANT_V1,val,2700,Urobilinogen:3.2,Urobilinogen:3.2,,,Urobilinogen,3.2,RHU175_SEMIQUANT_V1_2026-05-03T13-28-39.zip,1,1,0,,20.517599,0.485297,0.215911,21.252001,0.475217,0.236464,213.352798,0.070707,0.819075,212.519196,0.099653,0.870707,212.094406,0.107343,0.916579,213.496002,0.118039,0.969936,201.679993,0.105242,0.999931,7.174400,0.003816,0.034328,0.000000,0.000000,0.000000,0.000000,0.000000,0.000000
D1-P156-S1-L2700,RHU175_SEMIQUANT_V1,val,2700,Protein:Neg,Protein:Neg,,,Protein,Neg,RHU175_SEMIQUANT_V1_2026-05-03T13-28-39.zip,1,1,0,,20.517599,0.485297,0.215911,21.252001,0.475217,0.236464,213.352798,0.070707,0.819075,212.519196,0.099653,0.870707,212.094406,0.107343,0.916579,213.496002,0.118039,0.969936,201.679993,0.105242,0.999931,7.174400,0.003816,0.034328,0.000000,0.000000,0.000000,0.000000,0.000000,0.000000
D1-P156-S1-L2700,RHU175_SEMIQUANT_V1,val,2700,pH:7.0,pH:7.0,,,pH,7.0,RHU175_SEMIQUANT_V1_2026-05-03T13-28-39.zip,1,1,0,,20.517599,0.485297,0.215911,21.252001,0.475217,0.236464,213.352798,0.070707,0.819075,212.519196,0.099653,0.870707,212.094406,0.107343,0.916579,213.496002,0.118039,0.969936,201.679993,0.105242,0.999931,7.174400,0.003816,0.034328,0.000000,0.000000,0.000000,0.000000,0.000000,0.000000
D1-P156-S1-L2700,RHU175_SEMIQUANT_V1,val,2700,Blood:Neg,Blood:Neg,,,Blood,Neg,RHU175_SEMIQUANT_V1_2026-05-03T13-28-39.zip,1,1,0,,20.517599,0.485297,0.215911,21.252001,0.475217,0.236464,213.352798,0.070707,0.819075,212.519196,0.099653,0.870707,212.094406,0.107343,0.916579,213.496002,0.118039,0.969936,201.679993,0.105242,0.999931,7.174400,0.003816,0.034328,0.000000,0.000000,0.000000,0.000000,0.000000,0.000000
D1-P156-S1-L2700,RHU175_SEMIQUANT_V1,val,2700,Specific Gravity:1.020,Specific Gravity:1.020,,,Specific Gravity,1.020,RHU175_SEMIQUANT_V1_2026-05-03T13-28-39.zip,1,1,0,,20.517599,0.485297,0.215911,21.252001,0.475217,0.236464,213.352798,0.070707,0.819075,212.519196,0.099653,0.870707,212.094406,0.107343,0.916579,213.496002,0.118039,0.969936,201.679993,0.105242,0.999931,7.174400,0.003816,0.034328,0.000000,0.000000,0.000000,0.000000,0.000000,0.000000
D1-P156-S1-L2700,RHU175_SEMIQUANT_V1,val,2700,Ketone:Neg,Ketone:Neg,,,Ketone,Neg,RHU175_SEMIQUANT_V1_2026-05-03T13-28-39.zip,1,1,0,,20.517599,0.485297,0.215911,21.252001,0.475217,0.236464,213.352798,0.070707,0.819075,212.519196,0.099653,0.870707,212.094406,0.107343,0.916579,213.496002,0.118039,0.969936,201.679993,0.105242,0.999931,7.174400,0.003816,0.034328,0.000000,0.000000,0.000000,0.000000,0.000000,0.000000
D1-P156-S1-L2700,RHU175_SEMIQUANT_V1,val,2700,Bilirubin:Small 17,Bilirubin:Small 17,,,Bilirubin,Small 17,RHU175_SEMIQUANT_V1_2026-05-03T13-28-39.zip,1,1,0,,20.517599,0.485297,0.215911,21.252001,0.475217,0.236464,213.352798,0.070707,0.819075,212.519196,0.099653,0.870707,212.094406,0.107343,0.916579,213.496002,0.118039,0.969936,201.679993,0.105242,0.999931,7.174400,0.003816,0.034328,0.000000,0.000000,0.000000,0.000000,0.000000,0.000000
D1-P156-S1-L2700,RHU175_SEMIQUANT_V1,val,2700,Glucose:Neg,Glucose:Neg,,,Glucose,Neg,RHU175_SEMIQUANT_V1_2026-05-03T13-28-39.zip,1,1,0,,20.517599,0.485297,0.215911,21.252001,0.475217,0.236464,213.352798,0.070707,0.819075,212.519196,0.099653,0.870707,212.094406,0.107343,0.916579,213.496002,0.118039,0.969936,201.679993,0.105242,0.999931,7.174400,0.003816,0.034328,0.000000,0.000000,0.000000,0.000000,0.000000,0.000000
D1-P156-S1-L4000,RHU175_SEMIQUANT_V1,val,4000,Leukocytes:Trace 15,Leukocytes:Trace 15,,,Leukocytes,Trace 15,RHU175_SEMIQUANT_V1_2026-05-03T13-28-39.zip,1,1,0,,216.481598,0.523598,0.245992,216.486404,0.497501,0.266825,204.181595,0.444304,0.333829,13.321600,0.051567,0.861202,21.665600,0.063027,0.915440,4.455200,0.076408,0.960188,6.480000,0.078391,0.998118,24.340799,0.022845,1.000000,0.000000,0.000000,0.000000,0.000000,0.000000,0.000000
D1-P156-S1-L4000,RHU175_SEMIQUANT_V1,val,4000,Nitrite:Positive,Nitrite:Positive,,,Nitrite,Positive,RHU175_SEMIQUANT_V1_2026-05-03T13-28-39.zip,1,1,0,,216.481598,0.523598,0.245992,216.486404,0.497501,0.266825,204.181595,0.444304,0.333829,13.321600,0.051567,0.861202,21.665600,0.063027,0.915440,4.455200,0.076408,0.960188,6.480000,0.078391,0.998118,24.340799,0.022845,1.000000,0.000000,0.000000,0.000000,0.000000,0.000000,0.000000
D1-P156-S1-L4000,RHU175_SEMIQUANT_V1,val,4000,Urobilinogen:3.2,Urobilinogen:3.2,,,Urobilinogen,3.2,RHU175_SEMIQUANT_V1_2026-05-03T13-28-39.zip,1,1,0,,216.481598,0.523598,0.245992,216.486404,0.497501,0.266825,204.181595,0.444304,0.333829,13.321600,0.051567,0.861202,21.665600,0.063027,0.915440,4.455200,0.076408,0.960188,6.480000,0.078391,0.998118,24.340799,0.022845,1.000000,0.000000,0.000000,0.000000,0.000000,0.000000,0.000000
D1-P156-S1-L4000,RHU175_SEMIQUANT_V1,val,4000,Protein:Neg,Protein:Neg,,,Protein,Neg,RHU175_SEMIQUANT_V1_2026-05-03T13-28-39.zip,1,1,0,,216.481598,0.523598,0.245992,216.486404,0.497501,0.266825,204.181595,0.444304,0.333829,13.321600,0.051567,0.861202,21.665600,0.063027,0.915440,4.455200,0.076408,0.960188,6.480000,0.078391,0.998118,24.340799,0.022845,1.000000,0.000000,0.000000,0.000000,0.000000,0.000000,0.000000
D1-P156-S1-L4000,RHU175_SEMIQUANT_V1,val,4000,pH:7.0,pH:7.0,,,pH,7.0,RHU175_SEMIQUANT_V1_2026-05-03T13-28-39.zip,1,1,0,,216.481598,0.523598,0.245992,216.486404,0.497501,0.266825,204.181595,0.444304,0.333829,13.321600,0.051567,0.861202,21.665600,0.063027,0.915440,4.455200,0.076408,0.960188,6.480000,0.078391,0.998118,24.340799,0.022845,1.000000,0.000000,0.000000,0.000000,0.000000,0.000000,0.000000
D1-P156-S1-L4000,RHU175_SEMIQUANT_V1,val,4000,Blood:Neg,Blood:Neg,,,Blood,Neg,RHU175_SEMIQUANT_V1_2026-05-03T13-28-39.zip,1,1,0,,216.481598,0.523598,0.245992,216.486404,0.497501,0.266825,204.181595,0.444304,0.333829,13.321600,0.051567,0.861202,21.665600,0.063027,0.915440,4.455200,0.076408,0.960188,6.480000,0.078391,0.998118,24.340799,0.022845,1.000000,0.000000,0.000000,0.000000,0.000000,0.000000,0.000000
D1-P156-S1-L4000,RHU175_SEMIQUANT_V1,val,4000,Specific Gravity:1.020,Specific Gravity:1.020,,,Specific Gravity,1.020,RHU175_SEMIQUANT_V1_2026-05-03T13-28-39.zip,1,1,0,,216.481598,0.523598,0.245992,216.486404,0.497501,0.266825,204.181595,0.444304,0.333829,13.321600,0.051567,0.861202,21.665600,0.063027,0.915440,4.455200,0.076408,0.960188,6.480000,0.078391,0.998118,24.340799,0.022845,1.000000,0.000000,0.000000,0.000000,0.000000,0.000000,0.000000
D1-P156-S1-L4000,RHU175_SEMIQUANT_V1,val,4000,Ketone:Neg,Ketone:Neg,,,Ketone,Neg,RHU175_SEMIQUANT_V1_2026-05-03T13-28-39.zip,1,1,0,,216.481598,0.523598,0.245992,216.486404,0.497501,0.266825,204.181595,0.444304,0.333829,13.321600,0.051567,0.861202,21.665600,0.063027,0.915440,4.455200,0.076408,0.960188,6.480000,0.078391,0.998118,24.340799,0.022845,1.000000,0.000000,0.000000,0.000000,0.000000,0.000000,0.000000
D1-P156-S1-L4000,RHU175_SEMIQUANT_V1,val,4000,Bilirubin:Small 17,Bilirubin:Small 17,,,Bilirubin,Small 17,RHU175_SEMIQUANT_V1_2026-05-03T13-28-39.zip,1,1,0,,216.481598,0.523598,0.245992,216.486404,0.497501,0.266825,204.181595,0.444304,0.333829,13.321600,0.051567,0.861202,21.665600,0.063027,0.915440,4.455200,0.076408,0.960188,6.480000,0.078391,0.998118,24.340799,0.022845,1.000000,0.000000,0.000000,0.000000,0.000000,0.000000,0.000000
D1-P156-S1-L4000,RHU175_SEMIQUANT_V1,val,4000,Glucose:Neg,Glucose:Neg,,,Glucose,Neg,RHU175_SEMIQUANT_V1_2026-05-03T13-28-39.zip,1,1,0,,216.481598,0.523598,0.245992,216.486404,0.497501,0.266825,204.181595,0.444304,0.333829,13.321600,0.051567,0.861202,21.665600,0.063027,0.915440,4.455200,0.076408,0.960188,6.480000,0.078391,0.998118,24.340799,0.022845,1.000000,0.000000,0.000000,0.000000,0.000000,0.000000,0.000000
D1-P156-S1-L5500,RHU175_SEMIQUANT_V1,val,5500,Leukocytes:Trace 15,Leukocytes:Trace 15,,,Leukocytes,Trace 15,RHU175_SEMIQUANT_V1_2026-05-03T13-28-39.zip,1,1,0,,307.560791,0.288025,0.191829,306.139191,0.249344,0.209054,169.961594,0.028552,0.746154,159.888000,0.036020,0.784259,158.240005,0.042132,0.817333,158.061600,0.036215,0.846282,164.962402,0.048188,0.903054,5.402400,0.001762,0.025090,0.000000,0.000000,0.000000,0.000000,0.000000,0.000000
D1-P156-S1-L5500,RHU175_SEMIQUANT_V1,val,5500,Nitrite:Positive,Nitrite:Positive,,,Nitrite,Positive,RHU175_SEMIQUANT_V1_2026-05-03T13-28-39.zip,1,1,0,,307.560791,0.288025,0.191829,306.139191,0.249344,0.209054,169.961594,0.028552,0.746154,159.888000,0.036020,0.784259,158.240005,0.042132,0.817333,158.061600,0.036215,0.846282,164.962402,0.048188,0.903054,5.402400,0.001762,0.025090,0.000000,0.000000,0.000000,0.000000,0.000000,0.000000
D1-P156-S1-L5500,RHU175_SEMIQUANT_V1,val,5500,Urobilinogen:3.2,Urobilinogen:3.2,,,Urobilinogen,3.2,RHU175_SEMIQUANT_V1_2026-05-03T13-28-39.zip,1,1,0,,307.560791,0.288025,0.191829,306.139191,0.249344,0.209054,169.961594,0.028552,0.746154,159.888000,0.036020,0.784259,158.240005,0.042132,0.817333,158.061600,0.036215,0.846282,164.962402,0.048188,0.903054,5.402400,0.001762,0.025090,0.000000,0.000000,0.000000,0.000000,0.000000,0.000000
D1-P156-S1-L5500,RHU175_SEMIQUANT_V1,val,5500,Protein:Neg,Protein:Neg,,,Protein,Neg,RHU175_SEMIQUANT_V1_2026-05-03T13-28-39.zip,1,1,0,,307.560791,0.288025,0.191829,306.139191,0.249344,0.209054,169.961594,0.028552,0.746154,159.888000,0.036020,0.784259,158.240005,0.042132,0.817333,158.061600,0.036215,0.846282,164.962402,0.048188,0.903054,5.402400,0.001762,0.025090,0.000000,0.000000,0.000000,0.000000,0.000000,0.000000
D1-P156-S1-L5500,RHU175_SEMIQUANT_V1,val,5500,pH:7.0,pH:7.0,,,pH,7.0,RHU175_SEMIQUANT_V1_2026-05-03T13-28-39.zip,1,1,0,,307.560791,0.288025,0.191829,306.139191,0.249344,0.209054,169.961594,0.028552,0.746154,159.888000,0.036020,0.784259,158.240005,0.042132,0.817333,158.061600,0.036215,0.846282,164.962402,0.048188,0.903054,5.402400,0.001762,0.025090,0.000000,0.000000,0.000000,0.000000,0.000000,0.000000
D1-P156-S1-L5500,RHU175_SEMIQUANT_V1,val,5500,Blood:Neg,Blood:Neg,,,Blood,Neg,RHU175_SEMIQUANT_V1_2026-05-03T13-28-39.zip,1,1,0,,307.560791,0.288025,0.191829,306.139191,0.249344,0.209054,169.961594,0.028552,0.746154,159.888000,0.036020,0.784259,158.240005,0.042132,0.817333,158.061600,0.036215,0.846282,164.962402,0.048188,0.903054,5.402400,0.001762,0.025090,0.000000,0.000000,0.000000,0.000000,0.000000,0.000000
D1-P156-S1-L5500,RHU175_SEMIQUANT_V1,val,5500,Specific Gravity:1.020,Specific Gravity:1.020,,,Specific Gravity,1.020,RHU175_SEMIQUANT_V1_2026-05-03T13-28-39.zip,1,1,0,,307.560791,0.288025,0.191829,306.139191,0.249344,0.209054,169.961594,0.028552,0.746154,159.888000,0.036020,0.784259,158.240005,0.042132,0.817333,158.061600,0.036215,0.846282,164.962402,0.048188,0.903054,5.402400,0.001762,0.025090,0.000000,0.000000,0.000000,0.000000,0.000000,0.000000
D1-P156-S1-L5500,RHU175_SEMIQUANT_V1,val,5500,Ketone:Neg,Ketone:Neg,,,Ketone,Neg,RHU175_SEMIQUANT_V1_2026-05-03T13-28-39.zip,1,1,0,,307.560791,0.288025,0.191829,306.139191,0.249344,0.209054,169.961594,0.028552,0.746154,159.888000,0.036020,0.784259,158.240005,0.042132,0.817333,158.061600,0.036215,0.846282,164.962402,0.048188,0.903054,5.402400,0.001762,0.025090,0.000000,0.000000,0.000000,0.000000,0.000000,0.000000
D1-P156-S1-L5500,RHU175_SEMIQUANT_V1,val,5500,Bilirubin:Small 17,Bilirubin:Small 17,,,Bilirubin,Small 17,RHU175_SEMIQUANT_V1_2026-05-03T13-28-39.zip,1,1,0,,307.560791,0.288025,0.191829,306.139191,0.249344,0.209054,169.961594,0.028552,0.746154,159.888000,0.036020,0.784259,158.240005,0.042132,0.817333,158.061600,0.036215,0.846282,164.962402,0.048188,0.903054,5.402400,0.001762,0.025090,0.000000,0.000000,0.000000,0.000000,0.000000,0.000000
D1-P156-S1-L5500,RHU175_SEMIQUANT_V1,val,5500,Glucose:Neg,Glucose:Neg,,,Glucose,Neg,RHU175_SEMIQUANT_V1_2026-05-03T13-28-39.zip,1,1,0,,307.560791,0.288025,0.191829,306.139191,0.249344,0.209054,169.961594,0.028552,0.746154,159.888000,0.036020,0.784259,158.240005,0.042132,0.817333,158.061600,0.036215,0.846282,164.962402,0.048188,0.903054,5.402400,0.001762,0.025090,0.000000,0.000000,0.000000,0.000000,0.000000,0.000000
D1-P157-S1-L2700,RHU175_SEMIQUANT_V1,train,2700,Leukocytes:Trace 15,Leukocytes:Trace 15,,,Leukocytes,Trace 15,RHU175_SEMIQUANT_V1_2026-05-03T13-28-39.zip,1,1,0,,21.032000,0.489293,0.223606,21.727200,0.471984,0.241975,216.390396,0.078014,0.829126,218.700806,0.103037,0.884408,214.074402,0.106293,0.923942,217.656006,0.115925,0.976755,203.904007,0.097961,0.999994,5.517600,0.002591,0.026174,0.000000,0.000000,0.000000,0.000000,0.000000,0.000000
D1-P157-S1-L2700,RHU175_SEMIQUANT_V1,train,2700,Nitrite:Positive,Nitrite:Positive,,,Nitrite,Positive,RHU175_SEMIQUANT_V1_2026-05-03T13-28-39.zip,1,1,0,,21.032000,0.489293,0.223606,21.727200,0.471984,0.241975,216.390396,0.078014,0.829126,218.700806,0.103037,0.884408,214.074402,0.106293,0.923942,217.656006,0.115925,0.976755,203.904007,0.097961,0.999994,5.517600,0.002591,0.026174,0.000000,0.000000,0.000000,0.000000,0.000000,0.000000
D1-P157-S1-L2700,RHU175_SEMIQUANT_V1,train,2700,Urobilinogen:3.2,Urobilinogen:3.2,,,Urobilinogen,3.2,RHU175_SEMIQUANT_V1_2026-05-03T13-28-39.zip,1,1,0,,21.032000,0.489293,0.223606,21.727200,0.471984,0.241975,216.390396,0.078014,0.829126,218.700806,0.103037,0.884408,214.074402,0.106293,0.923942,217.656006,0.115925,0.976755,203.904007,0.097961,0.999994,5.517600,0.002591,0.026174,0.000000,0.000000,0.000000,0.000000,0.000000,0.000000
D1-P157-S1-L2700,RHU175_SEMIQUANT_V1,train,2700,Protein:Neg,Protein:Neg,,,Protein,Neg,RHU175_SEMIQUANT_V1_2026-05-03T13-28-39.zip,1,1,0,,21.032000,0.489293,0.223606,21.727200,0.471984,0.241975,216.390396,0.078014,0.829126,218.700806,0.103037,0.884408,214.074402,0.106293,0.923942,217.656006,0.115925,0.976755,203.904007,0.097961,0.999994,5.517600,0.002591,0.026174,0.000000,0.000000,0.000000,0.000000,0.000000,0.000000
D1-P157-S1-L2700,RHU175_SEMIQUANT_V1,train,2700,pH:6.0,pH:6.0,,,pH,6.0,RHU175_SEMIQUANT_V1_2026-05-03T13-28-39.zip,1,1,0,,21.032000,0.489293,0.223606,21.727200,0.471984,0.241975,216.390396,0.078014,0.829126,218.700806,0.103037,0.884408,214.074402,0.106293,0.923942,217.656006,0.115925,0.976755,203.904007,0.097961,0.999994,5.517600,0.002591,0.026174,0.000000,0.000000,0.000000,0.000000,0.000000,0.000000
D1-P157-S1-L2700,RHU175_SEMIQUANT_V1,train,2700,Blood:Neg,Blood:Neg,,,Blood,Neg,RHU175_SEMIQUANT_V1_2026-05-03T13-28-39.zip,1,1,0,,21.032000,0.489293,0.223606,21.727200,0.471984,0.241975,216.390396,0.078014,0.829126,218.700806,0.103037,0.884408,214.074402,0.106293,0.923942,217.656006,0.115925,0.976755,203.904007,0.097961,0.999994,5.517600,0.002591,0.026174,0.000000,0.000000,0.000000,0.000000,0.000000,0.000000
D1-P157-S1-L2700,RHU175_SEMIQUANT_V1,train,2700,Specific Gravity:1.025,Specific Gravity:1.025,,,Specific Gravity,1.025,RHU175_SEMIQUANT_V1_2026-05-03T13-28-39.zip,1,1,0,,21.032000,0.489293,0.223606,21.727200,0.471984,0.241975,216.390396,0.078014,0.829126,218.700806,0.103037,0.884408,214.074402,0.106293,0.923942,217.656006,0.115925,0.976755,203.904007,0.097961,0.999994,5.517600,0.002591,0.026174,0.000000,0.000000,0.000000,0.000000,0.000000,0.000000
D1-P157-S1-L2700,RHU175_SEMIQUANT_V1,train,2700,Ketone:Neg,Ketone:Neg,,,Ketone,Neg,RHU175_SEMIQUANT_V1_2026-05-03T13-28-39.zip,1,1,0,,21.032000,0.489293,0.223606,21.727200,0.471984,0.241975,216.390396,0.078014,0.829126,218.700806,0.103037,0.884408,214.074402,0.106293,0.923942,217.656006,0.115925,0.976755,203.904007,0.097961,0.999994,5.517600,0.002591,0.026174,0.000000,0.000000,0.000000,0.000000,0.000000,0.000000
D1-P157-S1-L2700,RHU175_SEMIQUANT_V1,train,2700,Bilirubin:Small 17,Bilirubin:Small 17,,,Bilirubin,Small 17,RHU175_SEMIQUANT_V1_2026-05-03T13-28-39.zip,1,1,0,,21.032000,0.489293,0.223606,21.727200,0.471984,0.241975,216.390396,0.078014,0.829126,218.700806,0.103037,0.884408,214.074402,0.106293,0.923942,217.656006,0.115925,0.976755,203.904007,0.097961,0.999994,5.517600,0.002591,0.026174,0.000000,0.000000,0.000000,0.000000,0.000000,0.000000
D1-P157-S1-L2700,RHU175_SEMIQUANT_V1,train,2700,Glucose:Neg,Glucose:Neg,,,Glucose,Neg,RHU175_SEMIQUANT_V1_2026-05-03T13-28-39.zip,1,1,0,,21.032000,0.489293,0.223606,21.727200,0.471984,0.241975,216.390396,0.078014,0.829126,218.700806,0.103037,0.884408,214.074402,0.106293,0.923942,217.656006,0.115925,0.976755,203.904007,0.097961,0.999994,5.517600,0.002591,0.026174,0.000000,0.000000,0.000000,0.000000,0.000000,0.000000
D1-P157-S1-L4000,RHU175_SEMIQUANT_V1,train,4000,Leukocytes:Trace 15,Leukocytes:Trace 15,,,Leukocytes,Trace 15,RHU175_SEMIQUANT_V1_2026-05-03T13-28-39.zip,1,1,0,,217.084793,0.516149,0.251779,215.764801,0.512082,0.275962,191.923996,0.410695,0.390717,84.462402,0.042315,0.871755,135.617599,0.058579,0.923493,4.861600,0.073645,0.968681,9.163200,0.056756,0.999882,36.716000,0.010140,1.000000,0.000000,0.000000,0.000000,0.000000,0.000000,0.000000
D1-P157-S1-L4000,RHU175_SEMIQUANT_V1,train,4000,Nitrite:Positive,Nitrite:Positive,,,Nitrite,Positive,RHU175_SEMIQUANT_V1_2026-05-03T13-28-39.zip,1,1,0,,217.084793,0.516149,0.251779,215.764801,0.512082,0.275962,191.923996,0.410695,0.390717,84.462402,0.042315,0.871755,135.617599,0.058579,0.923493,4.861600,0.073645,0.968681,9.163200,0.056756,0.999882,36.716000,0.010140,1.000000,0.000000,0.000000,0.000000,0.000000,0.000000,0.000000
D1-P157-S1-L4000,RHU175_SEMIQUANT_V1,train,4000,Urobilinogen:3.2,Urobilinogen:3.2,,,Urobilinogen,3.2,RHU175_SEMIQUANT_V1_2026-05-03T13-28-39.zip,1,1,0,,217.084793,0.516149,0.251779,215.764801,0.512082,0.275962,191.923996,0.410695,0.390717,84.462402,0.042315,0.871755,135.617599,0.058579,0.923493,4.861600,0.073645,0.968681,9.163200,0.056756,0.999882,36.716000,0.010140,1.000000,0.000000,0.000000,0.000000,0.000000,0.000000,0.000000
D1-P157-S1-L4000,RHU175_SEMIQUANT_V1,train,4000,Protein:Neg,Protein:Neg,,,Protein,Neg,RHU175_SEMIQUANT_V1_2026-05-03T13-28-39.zip,1,1,0,,217.084793,0.516149,0.251779,215.764801,0.512082,0.275962,191.923996,0.410695,0.390717,84.462402,0.042315,0.871755,135.617599,0.058579,0.923493,4.861600,0.073645,0.968681,9.163200,0.056756,0.999882,36.716000,0.010140,1.000000,0.000000,0.000000,0.000000,0.000000,0.000000,0.000000
D1-P157-S1-L4000,RHU175_SEMIQUANT_V1,train,4000,pH:6.0,pH:6.0,,,pH,6.0,RHU175_SEMIQUANT_V1_2026-05-03T13-28-39.zip,1,1,0,,217.084793,0.516149,0.251779,215.764801,0.512082,0.275962,191.923996,0.410695,0.390717,84.462402,0.042315,0.871755,135.617599,0.058579,0.923493,4.861600,0.073645,0.968681,9.163200,0.056756,0.999882,36.716000,0.010140,1.000000,0.000000,0.000000,0.000000,0.000000,0.000000,0.000000
D1-P157-S1-L4000,RHU175_SEMIQUANT_V1,train,4000,Blood:Neg,Blood:Neg,,,Blood,Neg,RHU175_SEMIQUANT_V1_2026-05-03T13-28-39.zip,1,1,0,,217.084793,0.516149,0.251779,215.764801,0.512082,0.275962,191.923996,0.410695,0.390717,84.462402,0.042315,0.871755,135.617599,0.058579,0.923493,4.861600,0.073645,0.968681,9.163200,0.056756,0.999882,36.716000,0.010140,1.000000,0.000000,0.000000,0.000000,0.000000,0.000000,0.000000
D1-P157-S1-L4000,RHU175_SEMIQUANT_V1,train,4000,Specific Gravity:1.025,Specific Gravity:1.025,,,Specific Gravity,1.025,RHU175_SEMIQUANT_V1_2026-05-03T13-28-39.zip,1,1,0,,217.084793,0.516149,0.251779,215.764801,0.512082,0.275962,191.923996,0.410695,0.390717,84.462402,0.042315,0.871755,135.617599,0.058579,0.923493,4.861600,0.073645,0.968681,9.163200,0.056756,0.999882,36.716000,0.010140,1.000000,0.000000,0.000000,0.000000,0.000000,0.000000,0.000000
D1-P157-S1-L4000,RHU175_SEMIQUANT_V1,train,4000,Ketone:Neg,Ketone:Neg,,,Ketone,Neg,RHU175_SEMIQUANT_V1_2026-05-03T13-28-39.zip,1,1,0,,217.084793,0.516149,0.251779,215.764801,0.512082,0.275962,191.923996,0.410695,0.390717,84.462402,0.042315,0.871755,135.617599,0.058579,0.923493,4.861600,0.073645,0.968681,9.163200,0.056756,0.999882,36.716000,0.010140,1.000000,0.000000,0.000000,0.000000,0.000000,0.000000,0.000000
D1-P157-S1-L4000,RHU175_SEMIQUANT_V1,train,4000,Bilirubin:Small 17,Bilirubin:Small 17,,,Bilirubin,Small 17,RHU175_SEMIQUANT_V1_2026-05-03T13-28-39.zip,1,1,0,,217.084793,0.516149,0.251779,215.764801,0.512082,0.275962,191.923996,0.410695,0.390717,84.462402,0.042315,0.871755,135.617599,0.058579,0.923493,4.861600,0.073645,0.968681,9.163200,0.056756,0.999882,36.716000,0.010140,1.000000,0.000000,0.000000,0.000000,0.000000,0.000000,0.000000
D1-P157-S1-L4000,RHU175_SEMIQUANT_V1,train,4000,Glucose:Neg,Glucose:Neg,,,Glucose,Neg,RHU175_SEMIQUANT_V1_2026-05-03T13-28-39.zip,1,1,0,,217.084793,0.516149,0.251779,215.764801,0.512082,0.275962,191.923996,0.410695,0.390717,84.462402,0.042315,0.871755,135.617599,0.058579,0.923493,4.861600,0.073645,0.968681,9.163200,0.056756,0.999882,36.716000,0.010140,1.000000,0.000000,0.000000,0.000000,0.000000,0.000000,0.000000
D1-P157-S1-L5500,RHU175_SEMIQUANT_V1,train,5500,Leukocytes:Trace 15,Leukocytes:Trace 15,,,Leukocytes,Trace 15,RHU175_SEMIQUANT_V1_2026-05-03T13-28-39.zip,1,1,0,,307.417603,0.290521,0.192132,303.171997,0.252973,0.207879,187.834396,0.030703,0.752510,157.020004,0.034660,0.784513,173.800003,0.037666,0.813362,159.689606,0.036717,0.847234,167.817596,0.045537,0.899702,4.505600,0.001360,0.022893,0.000000,0.000000,0.000000,0.000000,0.000000,0.000000
D1-P157-S1-L5500,RHU175_SEMIQUANT_V1,train,5500,Nitrite:Positive,Nitrite:Positive,,,Nitrite,Positive,RHU175_SEMIQUANT_V1_2026-05-03T13-28-39.zip,1,1,0,,307.417603,0.290521,0.192132,303.171997,0.252973,0.207879,187.834396,0.030703,0.752510,157.020004,0.034660,0.784513,173.800003,0.037666,0.813362,159.689606,0.036717,0.847234,167.817596,0.045537,0.899702,4.505600,0.001360,0.022893,0.000000,0.000000,0.000000,0.000000,0.000000,0.000000
D1-P157-S1-L5500,RHU175_SEMIQUANT_V1,train,5500,Urobilinogen:3.2,Urobilinogen:3.2,,,Urobilinogen,3.2,RHU175_SEMIQUANT_V1_2026-05-03T13-28-39.zip,1,1,0,,307.417603,0.290521,0.192132,303.171997,0.252973,0.207879,187.834396,0.030703,0.752510,157.020004,0.034660,0.784513,173.800003,0.037666,0.813362,159.689606,0.036717,0.847234,167.817596,0.045537,0.899702,4.505600,0.001360,0.022893,0.000000,0.000000,0.000000,0.000000,0.000000,0.000000
D1-P157-S1-L5500,RHU175_SEMIQUANT_V1,train,5500,Protein:Neg,Protein:Neg,,,Protein,Neg,RHU175_SEMIQUANT_V1_2026-05-03T13-28-39.zip,1,1,0,,307.417603,0.290521,0.192132,303.171997,0.252973,0.207879,187.834396,0.030703,0.752510,157.020004,0.034660,0.784513,173.800003,0.037666,0.813362,159.689606,0.036717,0.847234,167.817596,0.045537,0.899702,4.505600,0.001360,0.022893,0.000000,0.000000,0.000000,0.000000,0.000000,0.000000
D1-P157-S1-L5500,RHU175_SEMIQUANT_V1,train,5500,pH:6.0,pH:6.0,,,pH,6.0,RHU175_SEMIQUANT_V1_2026-05-03T13-28-39.zip,1,1,0,,307.417603,0.290521,0.192132,303.171997,0.252973,0.207879,187.834396,0.030703,0.752510,157.020004,0.034660,0.784513,173.800003,0.037666,0.813362,159.689606,0.036717,0.847234,167.817596,0.045537,0.899702,4.505600,0.001360,0.022893,0.000000,0.000000,0.000000,0.000000,0.000000,0.000000
D1-P157-S1-L5500,RHU175_SEMIQUANT_V1,train,5500,Blood:Neg,Blood:Neg,,,Blood,Neg,RHU175_SEMIQUANT_V1_2026-05-03T13-28-39.zip,1,1,0,,307.417603,0.290521,0.192132,303.171997,0.252973,0.207879,187.834396,0.030703,0.752510,157.020004,0.034660,0.784513,173.800003,0.037666,0.813362,159.689606,0.036717,0.847234,167.817596,0.045537,0.899702,4.505600,0.001360,0.022893,0.000000,0.000000,0.000000,0.000000,0.000000,0.000000
D1-P157-S1-L5500,RHU175_SEMIQUANT_V1,train,5500,Specific Gravity:1.025,Specific Gravity:1.025,,,Specific Gravity,1.025,RHU175_SEMIQUANT_V1_2026-05-03T13-28-39.zip,1,1,0,,307.417603,0.290521,0.192132,303.171997,0.252973,0.207879,187.834396,0.030703,0.752510,157.020004,0.034660,0.784513,173.800003,0.037666,0.813362,159.689606,0.036717,0.847234,167.817596,0.045537,0.899702,4.505600,0.001360,0.022893,0.000000,0.000000,0.000000,0.000000,0.000000,0.000000
D1-P157-S1-L5500,RHU175_SEMIQUANT_V1,train,5500,Ketone:Neg,Ketone:Neg,,,Ketone,Neg,RHU175_SEMIQUANT_V1_2026-05-03T13-28-39.zip,1,1,0,,307.417603,0.290521,0.192132,303.171997,0.252973,0.207879,187.834396,0.030703,0.752510,157.020004,0.034660,0.784513,173.800003,0.037666,0.813362,159.689606,0.036717,0.847234,167.817596,0.045537,0.899702,4.505600,0.001360,0.022893,0.000000,0.000000,0.000000,0.000000,0.000000,0.000000
D1-P157-S1-L5500,RHU175_SEMIQUANT_V1,train,5500,Bilirubin:Small 17,Bilirubin:Small 17,,,Bilirubin,Small 17,RHU175_SEMIQUANT_V1_2026-05-03T13-28-39.zip,1,1,0,,307.417603,0.290521,0.192132,303.171997,0.252973,0.207879,187.834396,0.030703,0.752510,157.020004,0.034660,0.784513,173.800003,0.037666,0.813362,159.689606,0.036717,0.847234,167.817596,0.045537,0.899702,4.505600,0.001360,0.022893,0.000000,0.000000,0.000000,0.000000,0.000000,0.000000
D1-P157-S1-L5500,RHU175_SEMIQUANT_V1,train,5500,Glucose:Neg,Glucose:Neg,,,Glucose,Neg,RHU175_SEMIQUANT_V1_2026-05-03T13-28-39.zip,1,1,0,,307.417603,0.290521,0.192132,303.171997,0.252973,0.207879,187.834396,0.030703,0.752510,157.020004,0.034660,0.784513,173.800003,0.037666,0.813362,159.689606,0.036717,0.847234,167.817596,0.045537,0.899702,4.505600,0.001360,0.022893,0.000000,0.000000,0.000000,0.000000,0.000000,0.000000
D1-P158-S1-L2700,RHU175_SEMIQUANT_V1,val,2700,Leukocytes:Trace 15,Leukocytes:Trace 15,,,Leukocytes,Trace 15,RHU175_SEMIQUANT_V1_2026-05-03T13-28-39.zip,1,1,0,,100.475998,0.764243,0.260041,79.660004,0.652326,0.209352,217.198395,0.692695,0.984400,180.000000,0.365271,1.000000,180.000000,0.368824,1.000000,180.000000,0.371534,1.000000,180.000000,0.374695,1.000000,180.000000,0.376155,1.000000,180.000000,0.377195,1.000000,180.000000,0.380058,1.000000
D1-P158-S1-L2700,RHU175_SEMIQUANT_V1,val,2700,Nitrite:Positive,Nitrite:Positive,,,Nitrite,Positive,RHU175_SEMIQUANT_V1_2026-05-03T13-28-39.zip,1,1,0,,100.475998,0.764243,0.260041,79.660004,0.652326,0.209352,217.198395,0.692695,0.984400,180.000000,0.365271,1.000000,180.000000,0.368824,1.000000,180.000000,0.371534,1.000000,180.000000,0.374695,1.000000,180.000000,0.376155,1.000000,180.000000,0.377195,1.000000,180.000000,0.380058,1.000000
D1-P158-S1-L2700,RHU175_SEMIQUANT_V1,val,2700,Urobilinogen:3.2,Urobilinogen:3.2,,,Urobilinogen,3.2,RHU175_SEMIQUANT_V1_2026-05-03T13-28-39.zip,1,1,0,,100.475998,0.764243,0.260041,79.660004,0.652326,0.209352,217.198395,0.692695,0.984400,180.000000,0.365271,1.000000,180.000000,0.368824,1.000000,180.000000,0.371534,1.000000,180.000000,0.374695,1.000000,180.000000,0.376155,1.000000,180.000000,0.377195,1.000000,180.000000,0.380058,1.000000
D1-P158-S1-L2700,RHU175_SEMIQUANT_V1,val,2700,Protein:Neg,Protein:Neg,,,Protein,Neg,RHU175_SEMIQUANT_V1_2026-05-03T13-28-39.zip,1,1,0,,100.475998,0.764243,0.260041,79.660004,0.652326,0.209352,217.198395,0.692695,0.984400,180.000000,0.365271,1.000000,180.000000,0.368824,1.000000,180.000000,0.371534,1.000000,180.000000,0.374695,1.000000,180.000000,0.376155,1.000000,180.000000,0.377195,1.000000,180.000000,0.380058,1.000000
D1-P158-S1-L2700,RHU175_SEMIQUANT_V1,val,2700,pH:6.5,pH:6.5,,,pH,6.5,RHU175_SEMIQUANT_V1_2026-05-03T13-28-39.zip,1,1,0,,100.475998,0.764243,0.260041,79.660004,0.652326,0.209352,217.198395,0.692695,0.984400,180.000000,0.365271,1.000000,180.000000,0.368824,1.000000,180.000000,0.371534,1.000000,180.000000,0.374695,1.000000,180.000000,0.376155,1.000000,180.000000,0.377195,1.000000,180.000000,0.380058,1.000000
D1-P158-S1-L2700,RHU175_SEMIQUANT_V1,val,2700,Blood:Neg,Blood:Neg,,,Blood,Neg,RHU175_SEMIQUANT_V1_2026-05-03T13-28-39.zip,1,1,0,,100.475998,0.764243,0.260041,79.660004,0.652326,0.209352,217.198395,0.692695,0.984400,180.000000,0.365271,1.000000,180.000000,0.368824,1.000000,180.000000,0.371534,1.000000,180.000000,0.374695,1.000000,180.000000,0.376155,1.000000,180.000000,0.377195,1.000000,180.000000,0.380058,1.000000
D1-P158-S1-L2700,RHU175_SEMIQUANT_V1,val,2700,Specific Gravity:1.030,Specific Gravity:1.030,,,Specific Gravity,1.030,RHU175_SEMIQUANT_V1_2026-05-03T13-28-39.zip,1,1,0,,100.475998,0.764243,0.260041,79.660004,0.652326,0.209352,217.198395,0.692695,0.984400,180.000000,0.365271,1.000000,180.000000,0.368824,1.000000,180.000000,0.371534,1.000000,180.000000,0.374695,1.000000,180.000000,0.376155,1.000000,180.000000,0.377195,1.000000,180.000000,0.380058,1.000000
D1-P158-S1-L2700,RHU175_SEMIQUANT_V1,val,2700,Ketone:Neg,Ketone:Neg,,,Ketone,Neg,RHU175_SEMIQUANT_V1_2026-05-03T13-28-39.zip,1,1,0,,100.475998,0.764243,0.260041,79.660004,0.652326,0.209352,217.198395,0.692695,0.984400,180.000000,0.365271,1.000000,180.000000,0.368824,1.000000,180.000000,0.371534,1.000000,180.000000,0.374695,1.000000,180.000000,0.376155,1.000000,180.000000,0.377195,1.000000,180.000000,0.380058,1.000000
D1-P158-S1-L2700,RHU175_SEMIQUANT_V1,val,2700,Bilirubin:Small 17,Bilirubin:Small 17,,,Bilirubin,Small 17,RHU175_SEMIQUANT_V1_2026-05-03T13-28-39.zip,1,1,0,,100.475998,0.764243,0.260041,79.660004,0.652326,0.209352,217.198395,0.692695,0.984400,180.000000,0.365271,1.000000,180.000000,0.368824,1.000000,180.000000,0.371534,1.000000,180.000000,0.374695,1.000000,180.000000,0.376155,1.000000,180.000000,0.377195,1.000000,180.000000,0.380058,1.000000
D1-P158-S1-L2700,RHU175_SEMIQUANT_V1,val,2700,Glucose:Neg,Glucose:Neg,,,Glucose,Neg,RHU175_SEMIQUANT_V1_2026-05-03T13-28-39.zip,1,1,0,,100.475998,0.764243,0.260041,79.660004,0.652326,0.209352,217.198395,0.692695,0.984400,180.000000,0.365271,1.000000,180.000000,0.368824,1.000000,180.000000,0.371534,1.000000,180.000000,0.374695,1.000000,180.000000,0.376155,1.000000,180.000000,0.377195,1.000000,180.000000,0.380058,1.000000
D1-P158-S1-L4000,RHU175_SEMIQUANT_V1,val,4000,Leukocytes:Trace 15,Leukocytes:Trace 15,,,Leukocytes,Trace 15,RHU175_SEMIQUANT_V1_2026-05-03T13-28-39.zip,1,1,0,,216.507996,0.527649,0.245544,216.018402,0.507696,0.267107,202.165604,0.444143,0.336786,9.384000,0.057991,0.865156,6.589600,0.066108,0.913917,7.252000,0.082292,0.965674,8.367200,0.078924,0.999053,35.337601,0.026227,1.000000,0.000000,0.000000,0.000000,0.000000,0.000000,0.000000
D1-P158-S1-L4000,RHU175_SEMIQUANT_V1,val,4000,Nitrite:Positive,Nitrite:Positive,,,Nitrite,Positive,RHU175_SEMIQUANT_V1_2026-05-03T13-28-39.zip,1,1,0,,216.507996,0.527649,0.245544,216.018402,0.507696,0.267107,202.165604,0.444143,0.336786,9.384000,0.057991,0.865156,6.589600,0.066108,0.913917,7.252000,0.082292,0.965674,8.367200,0.078924,0.999053,35.337601,0.026227,1.000000,0.000000,0.000000,0.000000,0.000000,0.000000,0.000000
D1-P158-S1-L4000,RHU175_SEMIQUANT_V1,val,4000,Urobilinogen:3.2,Urobilinogen:3.2,,,Urobilinogen,3.2,RHU175_SEMIQUANT_V1_2026-05-03T13-28-39.zip,1,1,0,,216.507996,0.527649,0.245544,216.018402,0.507696,0.267107,202.165604,0.444143,0.336786,9.384000,0.057991,0.865156,6.589600,0.066108,0.913917,7.252000,0.082292,0.965674,8.367200,0.078924,0.999053,35.337601,0.026227,1.000000,0.000000,0.000000,0.000000,0.000000,0.000000,0.000000
D1-P158-S1-L4000,RHU175_SEMIQUANT_V1,val,4000,Protein:Neg,Protein:Neg,,,Protein,Neg,RHU175_SEMIQUANT_V1_2026-05-03T13-28-39.zip,1,1,0,,216.507996,0.527649,0.245544,216.018402,0.507696,0.267107,202.165604,0.444143,0.336786,9.384000,0.057991,0.865156,6.589600,0.066108,0.913917,7.252000,0.082292,0.965674,8.367200,0.078924,0.999053,35.337601,0.026227,1.000000,0.000000,0.000000,0.000000,0.000000,0.000000,0.000000
D1-P158-S1-L4000,RHU175_SEMIQUANT_V1,val,4000,pH:6.5,pH:6.5,,,pH,6.5,RHU175_SEMIQUANT_V1_2026-05-03T13-28-39.zip,1,1,0,,216.507996,0.527649,0.245544,216.018402,0.507696,0.267107,202.165604,0.444143,0.336786,9.384000,0.057991,0.865156,6.589600,0.066108,0.913917,7.252000,0.082292,0.965674,8.367200,0.078924,0.999053,35.337601,0.026227,1.000000,0.000000,0.000000,0.000000,0.000000,0.000000,0.000000
D1-P158-S1-L4000,RHU175_SEMIQUANT_V1,val,4000,Blood:Neg,Blood:Neg,,,Blood,Neg,RHU175_SEMIQUANT_V1_2026-05-03T13-28-39.zip,1,1,0,,216.507996,0.527649,0.245544,216.018402,0.507696,0.267107,202.165604,0.444143,0.336786,9.384000,0.057991,0.865156,6.589600,0.066108,0.913917,7.252000,0.082292,0.965674,8.367200,0.078924,0.999053,35.337601,0.026227,1.000000,0.000000,0.000000,0.000000,0.000000,0.000000,0.000000
D1-P158-S1-L4000,RHU175_SEMIQUANT_V1,val,4000,Specific Gravity:1.030,Specific Gravity:1.030,,,Specific Gravity,1.030,RHU175_SEMIQUANT_V1_2026-05-03T13-28-39.zip,1,1,0,,216.507996,0.527649,0.245544,216.018402,0.507696,0.267107,202.165604,0.444143,0.336786,9.384000,0.057991,0.865156,6.589600,0.066108,0.913917,7.252000,0.082292,0.965674,8.367200,0.078924,0.999053,35.337601,0.026227,1.000000,0.000000,0.000000,0.000000,0.000000,0.000000,0.000000
D1-P158-S1-L4000,RHU175_SEMIQUANT_V1,val,4000,Ketone:Neg,Ketone:Neg,,,Ketone,Neg,RHU175_SEMIQUANT_V1_2026-05-03T13-28-39.zip,1,1,0,,216.507996,0.527649,0.245544,216.018402,0.507696,0.267107,202.165604,0.444143,0.336786,9.384000,0.057991,0.865156,6.589600,0.066108,0.913917,7.252000,0.082292,0.965674,8.367200,0.078924,0.999053,35.337601,0.026227,1.000000,0.000000,0.000000,0.000000,0.000000,0.000000,0.000000
D1-P158-S1-L4000,RHU175_SEMIQUANT_V1,val,4000,Bilirubin:Small 17,Bilirubin:Small 17,,,Bilirubin,Small 17,RHU175_SEMIQUANT_V1_2026-05-03T13-28-39.zip,1,1,0,,216.507996,0.527649,0.245544,216.018402,0.507696,0.267107,202.165604,0.444143,0.336786,9.384000,0.057991,0.865156,6.589600,0.066108,0.913917,7.252000,0.082292,0.965674,8.367200,0.078924,0.999053,35.337601,0.026227,1.000000,0.000000,0.000000,0.000000,0.000000,0.000000,0.000000
D1-P158-S1-L4000,RHU175_SEMIQUANT_V1,val,4000,Glucose:Neg,Glucose:Neg,,,Glucose,Neg,RHU175_SEMIQUANT_V1_2026-05-03T13-28-39.zip,1,1,0,,216.507996,0.527649,0.245544,216.018402,0.507696,0.267107,202.165604,0.444143,0.336786,9.384000,0.057991,0.865156,6.589600,0.066108,0.913917,7.252000,0.082292,0.965674,8.367200,0.078924,0.999053,35.337601,0.026227,1.000000,0.000000,0.000000,0.000000,0.000000,0.000000,0.000000
D1-P158-S1-L5500,RHU175_SEMIQUANT_V1,val,5500,Leukocytes:Trace 15,Leukocytes:Trace 15,,,Leukocytes,Trace 15,RHU175_SEMIQUANT_V1_2026-05-03T13-28-39.zip,1,1,0,,307.928009,0.289147,0.192152,307.448792,0.254317,0.208409,170.791199,0.024464,0.738642,156.537598,0.034725,0.782182,156.710403,0.040461,0.815399,154.908005,0.033776,0.845531,164.202393,0.043467,0.897172,20.101601,0.005562,0.110508,0.000000,0.000000,0.000000,0.000000,0.000000,0.000000
D1-P158-S1-L5500,RHU175_SEMIQUANT_V1,val,5500,Nitrite:Positive,Nitrite:Positive,,,Nitrite,Positive,RHU175_SEMIQUANT_V1_2026-05-03T13-28-39.zip,1,1,0,,307.928009,0.289147,0.192152,307.448792,0.254317,0.208409,170.791199,0.024464,0.738642,156.537598,0.034725,0.782182,156.710403,0.040461,0.815399,154.908005,0.033776,0.845531,164.202393,0.043467,0.897172,20.101601,0.005562,0.110508,0.000000,0.000000,0.000000,0.000000,0.000000,0.000000
D1-P158-S1-L5500,RHU175_SEMIQUANT_V1,val,5500,Urobilinogen:3.2,Urobilinogen:3.2,,,Urobilinogen,3.2,RHU175_SEMIQUANT_V1_2026-05-03T13-28-39.zip,1,1,0,,307.928009,0.289147,0.192152,307.448792,0.254317,0.208409,170.791199,0.024464,0.738642,156.537598,0.034725,0.782182,156.710403,0.040461,0.815399,154.908005,0.033776,0.845531,164.202393,0.043467,0.897172,20.101601,0.005562,0.110508,0.000000,0.000000,0.000000,0.000000,0.000000,0.000000
D1-P158-S1-L5500,RHU175_SEMIQUANT_V1,val,5500,Protein:Neg,Protein:Neg,,,Protein,Neg,RHU175_SEMIQUANT_V1_2026-05-03T13-28-39.zip,1,1,0,,307.928009,0.289147,0.192152,307.448792,0.254317,0.208409,170.791199,0.024464,0.738642,156.537598,0.034725,0.782182,156.710403,0.040461,0.815399,154.908005,0.033776,0.845531,164.202393,0.043467,0.897172,20.101601,0.005562,0.110508,0.000000,0.000000,0.000000,0.000000,0.000000,0.000000
D1-P158-S1-L5500,RHU175_SEMIQUANT_V1,val,5500,pH:6.5,pH:6.5,,,pH,6.5,RHU175_SEMIQUANT_V1_2026-05-03T13-28-39.zip,1,1,0,,307.928009,0.289147,0.192152,307.448792,0.254317,0.208409,170.791199,0.024464,0.738642,156.537598,0.034725,0.782182,156.710403,0.040461,0.815399,154.908005,0.033776,0.845531,164.202393,0.043467,0.897172,20.101601,0.005562,0.110508,0.000000,0.000000,0.000000,0.000000,0.000000,0.000000
D1-P158-S1-L5500,RHU175_SEMIQUANT_V1,val,5500,Blood:Neg,Blood:Neg,,,Blood,Neg,RHU175_SEMIQUANT_V1_2026-05-03T13-28-39.zip,1,1,0,,307.928009,0.289147,0.192152,307.448792,0.254317,0.208409,170.791199,0.024464,0.738642,156.537598,0.034725,0.782182,156.710403,0.040461,0.815399,154.908005,0.033776,0.845531,164.202393,0.043467,0.897172,20.101601,0.005562,0.110508,0.000000,0.000000,0.000000,0.000000,0.000000,0.000000
D1-P158-S1-L5500,RHU175_SEMIQUANT_V1,val,5500,Specific Gravity:1.030,Specific Gravity:1.030,,,Specific Gravity,1.030,RHU175_SEMIQUANT_V1_2026-05-03T13-28-39.zip,1,1,0,,307.928009,0.289147,0.192152,307.448792,0.254317,0.208409,170.791199,0.024464,0.738642,156.537598,0.034725,0.782182,156.710403,0.040461,0.815399,154.908005,0.033776,0.845531,164.202393,0.043467,0.897172,20.101601,0.005562,0.110508,0.000000,0.000000,0.000000,0.000000,0.000000,0.000000
D1-P158-S1-L5500,RHU175_SEMIQUANT_V1,val,5500,Ketone:Neg,Ketone:Neg,,,Ketone,Neg,RHU175_SEMIQUANT_V1_2026-05-03T13-28-39.zip,1,1,0,,307.928009,0.289147,0.192152,307.448792,0.254317,0.208409,170.791199,0.024464,0.738642,156.537598,0.034725,0.782182,156.710403,0.040461,0.815399,154.908005,0.033776,0.845531,164.202393,0.043467,0.897172,20.101601,0.005562,0.110508,0.000000,0.000000,0.000000,0.000000,0.000000,0.000000
D1-P158-S1-L5500,RHU175_SEMIQUANT_V1,val,5500,Bilirubin:Small 17,Bilirubin:Small 17,,,Bilirubin,Small 17,RHU175_SEMIQUANT_V1_2026-05-03T13-28-39.zip,1,1,0,,307.928009,0.289147,0.192152,307.448792,0.254317,0.208409,170.791199,0.024464,0.738642,156.537598,0.034725,0.782182,156.710403,0.040461,0.815399,154.908005,0.033776,0.845531,164.202393,0.043467,0.897172,20.101601,0.005562,0.110508,0.000000,0.000000,0.000000,0.000000,0.000000,0.000000
D1-P158-S1-L5500,RHU175_SEMIQUANT_V1,val,5500,Glucose:Neg,Glucose:Neg,,,Glucose,Neg,RHU175_SEMIQUANT_V1_2026-05-03T13-28-39.zip,1,1,0,,307.928009,0.289147,0.192152,307.448792,0.254317,0.208409,170.791199,0.024464,0.738642,156.537598,0.034725,0.782182,156.710403,0.040461,0.815399,154.908005,0.033776,0.845531,164.202393,0.043467,0.897172,20.101601,0.005562,0.110508,0.000000,0.000000,0.000000,0.000000,0.000000,0.000000
D1-P161-S1-L2700,RHU175_SEMIQUANT_V1,train,2700,Leukocytes:Trace 15,Leukocytes:Trace 15,,,Leukocytes,Trace 15,RHU175_SEMIQUANT_V1_2026-05-03T13-28-39.zip,1,1,0,,18.774401,0.484218,0.213424,20.212799,0.472444,0.232671,205.370407,0.076419,0.790585,212.943207,0.102378,0.870406,211.820801,0.112759,0.918278,214.360001,0.122188,0.973851,203.023193,0.106249,0.999991,15.324000,0.008489,0.078453,0.000000,0.000000,0.000000,0.000000,0.000000,0.000000
D1-P161-S1-L2700,RHU175_SEMIQUANT_V1,train,2700,Nitrite:Positive,Nitrite:Positive,,,Nitrite,Positive,RHU175_SEMIQUANT_V1_2026-05-03T13-28-39.zip,1,1,0,,18.774401,0.484218,0.213424,20.212799,0.472444,0.232671,205.370407,0.076419,0.790585,212.943207,0.102378,0.870406,211.820801,0.112759,0.918278,214.360001,0.122188,0.973851,203.023193,0.106249,0.999991,15.324000,0.008489,0.078453,0.000000,0.000000,0.000000,0.000000,0.000000,0.000000
D1-P161-S1-L2700,RHU175_SEMIQUANT_V1,train,2700,Urobilinogen:3.2,Urobilinogen:3.2,,,Urobilinogen,3.2,RHU175_SEMIQUANT_V1_2026-05-03T13-28-39.zip,1,1,0,,18.774401,0.484218,0.213424,20.212799,0.472444,0.232671,205.370407,0.076419,0.790585,212.943207,0.102378,0.870406,211.820801,0.112759,0.918278,214.360001,0.122188,0.973851,203.023193,0.106249,0.999991,15.324000,0.008489,0.078453,0.000000,0.000000,0.000000,0.000000,0.000000,0.000000
D1-P161-S1-L2700,RHU175_SEMIQUANT_V1,train,2700,Protein:Neg,Protein:Neg,,,Protein,Neg,RHU175_SEMIQUANT_V1_2026-05-03T13-28-39.zip,1,1,0,,18.774401,0.484218,0.213424,20.212799,0.472444,0.232671,205.370407,0.076419,0.790585,212.943207,0.102378,0.870406,211.820801,0.112759,0.918278,214.360001,0.122188,0.973851,203.023193,0.106249,0.999991,15.324000,0.008489,0.078453,0.000000,0.000000,0.000000,0.000000,0.000000,0.000000
D1-P161-S1-L2700,RHU175_SEMIQUANT_V1,train,2700,pH:6.5,pH:6.5,,,pH,6.5,RHU175_SEMIQUANT_V1_2026-05-03T13-28-39.zip,1,1,0,,18.774401,0.484218,0.213424,20.212799,0.472444,0.232671,205.370407,0.076419,0.790585,212.943207,0.102378,0.870406,211.820801,0.112759,0.918278,214.360001,0.122188,0.973851,203.023193,0.106249,0.999991,15.324000,0.008489,0.078453,0.000000,0.000000,0.000000,0.000000,0.000000,0.000000
D1-P161-S1-L2700,RHU175_SEMIQUANT_V1,train,2700,Blood:Neg,Blood:Neg,,,Blood,Neg,RHU175_SEMIQUANT_V1_2026-05-03T13-28-39.zip,1,1,0,,18.774401,0.484218,0.213424,20.212799,0.472444,0.232671,205.370407,0.076419,0.790585,212.943207,0.102378,0.870406,211.820801,0.112759,0.918278,214.360001,0.122188,0.973851,203.023193,0.106249,0.999991,15.324000,0.008489,0.078453,0.000000,0.000000,0.000000,0.000000,0.000000,0.000000
D1-P161-S1-L2700,RHU175_SEMIQUANT_V1,train,2700,Specific Gravity:1.010,Specific Gravity:1.010,,,Specific Gravity,1.010,RHU175_SEMIQUANT_V1_2026-05-03T13-28-39.zip,1,1,0,,18.774401,0.484218,0.213424,20.212799,0.472444,0.232671,205.370407,0.076419,0.790585,212.943207,0.102378,0.870406,211.820801,0.112759,0.918278,214.360001,0.122188,0.973851,203.023193,0.106249,0.999991,15.324000,0.008489,0.078453,0.000000,0.000000,0.000000,0.000000,0.000000,0.000000
D1-P161-S1-L2700,RHU175_SEMIQUANT_V1,train,2700,Ketone:Neg,Ketone:Neg,,,Ketone,Neg,RHU175_SEMIQUANT_V1_2026-05-03T13-28-39.zip,1,1,0,,18.774401,0.484218,0.213424,20.212799,0.472444,0.232671,205.370407,0.076419,0.790585,212.943207,0.102378,0.870406,211.820801,0.112759,0.918278,214.360001,0.122188,0.973851,203.023193,0.106249,0.999991,15.324000,0.008489,0.078453,0.000000,0.000000,0.000000,0.000000,0.000000,0.000000
D1-P161-S1-L2700,RHU175_SEMIQUANT_V1,train,2700,Bilirubin:Small 17,Bilirubin:Small 17,,,Bilirubin,Small 17,RHU175_SEMIQUANT_V1_2026-05-03T13-28-39.zip,1,1,0,,18.774401,0.484218,0.213424,20.212799,0.472444,0.232671,205.370407,0.076419,0.790585,212.943207,0.102378,0.870406,211.820801,0.112759,0.918278,214.360001,0.122188,0.973851,203.023193,0.106249,0.999991,15.324000,0.008489,0.078453,0.000000,0.000000,0.000000,0.000000,0.000000,0.000000
D1-P161-S1-L2700,RHU175_SEMIQUANT_V1,train,2700,Glucose:Neg,Glucose:Neg,,,Glucose,Neg,RHU175_SEMIQUANT_V1_2026-05-03T13-28-39.zip,1,1,0,,18.774401,0.484218,0.213424,20.212799,0.472444,0.232671,205.370407,0.076419,0.790585,212.943207,0.102378,0.870406,211.820801,0.112759,0.918278,214.360001,0.122188,0.973851,203.023193,0.106249,0.999991,15.324000,0.008489,0.078453,0.000000,0.000000,0.000000,0.000000,0.000000,0.000000
D1-P161-S1-L4000,RHU175_SEMIQUANT_V1,train,4000,Leukocytes:Trace 15,Leukocytes:Trace 15,,,Leukocytes,Trace 15,RHU175_SEMIQUANT_V1_2026-05-03T13-28-39.zip,1,1,0,,213.321594,0.470877,0.299241,216.450394,0.504478,0.261716,209.926407,0.467147,0.309249,9.520800,0.057788,0.865253,7.667200,0.062820,0.911790,8.052000,0.078976,0.963448,8.749600,0.076800,0.999208,29.504000,0.026369,1.000000,0.000000,0.000000,0.000000,0.000000,0.000000,0.000000
D1-P161-S1-L4000,RHU175_SEMIQUANT_V1,train,4000,Nitrite:Positive,Nitrite:Positive,,,Nitrite,Positive,RHU175_SEMIQUANT_V1_2026-05-03T13-28-39.zip,1,1,0,,213.321594,0.470877,0.299241,216.450394,0.504478,0.261716,209.926407,0.467147,0.309249,9.520800,0.057788,0.865253,7.667200,0.062820,0.911790,8.052000,0.078976,0.963448,8.749600,0.076800,0.999208,29.504000,0.026369,1.000000,0.000000,0.000000,0.000000,0.000000,0.000000,0.000000
D1-P161-S1-L4000,RHU175_SEMIQUANT_V1,train,4000,Urobilinogen:3.2,Urobilinogen:3.2,,,Urobilinogen,3.2,RHU175_SEMIQUANT_V1_2026-05-03T13-28-39.zip,1,1,0,,213.321594,0.470877,0.299241,216.450394,0.504478,0.261716,209.926407,0.467147,0.309249,9.520800,0.057788,0.865253,7.667200,0.062820,0.911790,8.052000,0.078976,0.963448,8.749600,0.076800,0.999208,29.504000,0.026369,1.000000,0.000000,0.000000,0.000000,0.000000,0.000000,0.000000
D1-P161-S1-L4000,RHU175_SEMIQUANT_V1,train,4000,Protein:Neg,Protein:Neg,,,Protein,Neg,RHU175_SEMIQUANT_V1_2026-05-03T13-28-39.zip,1,1,0,,213.321594,0.470877,0.299241,216.450394,0.504478,0.261716,209.926407,0.467147,0.309249,9.520800,0.057788,0.865253,7.667200,0.062820,0.911790,8.052000,0.078976,0.963448,8.749600,0.076800,0.999208,29.504000,0.026369,1.000000,0.000000,0.000000,0.000000,0.000000,0.000000,0.000000
D1-P161-S1-L4000,RHU175_SEMIQUANT_V1,train,4000,pH:6.5,pH:6.5,,,pH,6.5,RHU175_SEMIQUANT_V1_2026-05-03T13-28-39.zip,1,1,0,,213.321594,0.470877,0.299241,216.450394,0.504478,0.261716,209.926407,0.467147,0.309249,9.520800,0.057788,0.865253,7.667200,0.062820,0.911790,8.052000,0.078976,0.963448,8.749600,0.076800,0.999208,29.504000,0.026369,1.000000,0.000000,0.000000,0.000000,0.000000,0.000000,0.000000
D1-P161-S1-L4000,RHU175_SEMIQUANT_V1,train,4000,Blood:Neg,Blood:Neg,,,Blood,Neg,RHU175_SEMIQUANT_V1_2026-05-03T13-28-39.zip,1,1,0,,213.321594,0.470877,0.299241,216.450394,0.504478,0.261716,209.926407,0.467147,0.309249,9.520800,0.057788,0.865253,7.667200,0.062820,0.911790,8.052000,0.078976,0.963448,8.749600,0.076800,0.999208,29.504000,0.026369,1.000000,0.000000,0.000000,0.000000,0.000000,0.000000,0.000000
D1-P161-S1-L4000,RHU175_SEMIQUANT_V1,train,4000,Specific Gravity:1.010,Specific Gravity:1.010,,,Specific Gravity,1.010,RHU175_SEMIQUANT_V1_2026-05-03T13-28-39.zip,1,1,0,,213.321594,0.470877,0.299241,216.450394,0.504478,0.261716,209.926407,0.467147,0.309249,9.520800,0.057788,0.865253,7.667200,0.062820,0.911790,8.052000,0.078976,0.963448,8.749600,0.076800,0.999208,29.504000,0.026369,1.000000,0.000000,0.000000,0.000000,0.000000,0.000000,0.000000
D1-P161-S1-L4000,RHU175_SEMIQUANT_V1,train,4000,Ketone:Neg,Ketone:Neg,,,Ketone,Neg,RHU175_SEMIQUANT_V1_2026-05-03T13-28-39.zip,1,1,0,,213.321594,0.470877,0.299241,216.450394,0.504478,0.261716,209.926407,0.467147,0.309249,9.520800,0.057788,0.865253,7.667200,0.062820,0.911790,8.052000,0.078976,0.963448,8.749600,0.076800,0.999208,29.504000,0.026369,1.000000,0.000000,0.000000,0.000000,0.000000,0.000000,0.000000
D1-P161-S1-L4000,RHU175_SEMIQUANT_V1,train,4000,Bilirubin:Small 17,Bilirubin:Small 17,,,Bilirubin,Small 17,RHU175_SEMIQUANT_V1_2026-05-03T13-28-39.zip,1,1,0,,213.321594,0.470877,0.299241,216.450394,0.504478,0.261716,209.926407,0.467147,0.309249,9.520800,0.057788,0.865253,7.667200,0.062820,0.911790,8.052000,0.078976,0.963448,8.749600,0.076800,0.999208,29.504000,0.026369,1.000000,0.000000,0.000000,0.000000,0.000000,0.000000,0.000000
D1-P161-S1-L4000,RHU175_SEMIQUANT_V1,train,4000,Glucose:Neg,Glucose:Neg,,,Glucose,Neg,RHU175_SEMIQUANT_V1_2026-05-03T13-28-39.zip,1,1,0,,213.321594,0.470877,0.299241,216.450394,0.504478,0.261716,209.926407,0.467147,0.309249,9.520800,0.057788,0.865253,7.667200,0.062820,0.911790,8.052000,0.078976,0.963448,8.749600,0.076800,0.999208,29.504000,0.026369,1.000000,0.000000,0.000000,0.000000,0.000000,0.000000,0.000000
D1-P161-S1-L5500,RHU175_SEMIQUANT_V1,train,5500,Leukocytes:Trace 15,Leukocytes:Trace 15,,,Leukocytes,Trace 15,RHU175_SEMIQUANT_V1_2026-05-03T13-28-39.zip,1,1,0,,307.453613,0.288871,0.190530,306.257599,0.250532,0.208485,171.354401,0.025338,0.747228,161.540802,0.034370,0.783617,157.639999,0.039704,0.815496,157.604797,0.033473,0.847261,166.765594,0.044055,0.901051,0.000000,0.000000,0.000000,0.000000,0.000000,0.000000,0.000000,0.000000,0.000000
D1-P161-S1-L5500,RHU175_SEMIQUANT_V1,train,5500,Nitrite:Positive,Nitrite:Positive,,,Nitrite,Positive,RHU175_SEMIQUANT_V1_2026-05-03T13-28-39.zip,1,1,0,,307.453613,0.288871,0.190530,306.257599,0.250532,0.208485,171.354401,0.025338,0.747228,161.540802,0.034370,0.783617,157.639999,0.039704,0.815496,157.604797,0.033473,0.847261,166.765594,0.044055,0.901051,0.000000,0.000000,0.000000,0.000000,0.000000,0.000000,0.000000,0.000000,0.000000
D1-P161-S1-L5500,RHU175_SEMIQUANT_V1,train,5500,Urobilinogen:3.2,Urobilinogen:3.2,,,Urobilinogen,3.2,RHU175_SEMIQUANT_V1_2026-05-03T13-28-39.zip,1,1,0,,307.453613,0.288871,0.190530,306.257599,0.250532,0.208485,171.354401,0.025338,0.747228,161.540802,0.034370,0.783617,157.639999,0.039704,0.815496,157.604797,0.033473,0.847261,166.765594,0.044055,0.901051,0.000000,0.000000,0.000000,0.000000,0.000000,0.000000,0.000000,0.000000,0.000000
D1-P161-S1-L5500,RHU175_SEMIQUANT_V1,train,5500,Protein:Neg,Protein:Neg,,,Protein,Neg,RHU175_SEMIQUANT_V1_2026-05-03T13-28-39.zip,1,1,0,,307.453613,0.288871,0.190530,306.257599,0.250532,0.208485,171.354401,0.025338,0.747228,161.540802,0.034370,0.783617,157.639999,0.039704,0.815496,157.604797,0.033473,0.847261,166.765594,0.044055,0.901051,0.000000,0.000000,0.000000,0.000000,0.000000,0.000000,0.000000,0.000000,0.000000
D1-P161-S1-L5500,RHU175_SEMIQUANT_V1,train,5500,pH:6.5,pH:6.5,,,pH,6.5,RHU175_SEMIQUANT_V1_2026-05-03T13-28-39.zip,1,1,0,,307.453613,0.288871,0.190530,306.257599,0.250532,0.208485,171.354401,0.025338,0.747228,161.540802,0.034370,0.783617,157.639999,0.039704,0.815496,157.604797,0.033473,0.847261,166.765594,0.044055,0.901051,0.000000,0.000000,0.000000,0.000000,0.000000,0.000000,0.000000,0.000000,0.000000
D1-P161-S1-L5500,RHU175_SEMIQUANT_V1,train,5500,Blood:Neg,Blood:Neg,,,Blood,Neg,RHU175_SEMIQUANT_V1_2026-05-03T13-28-39.zip,1,1,0,,307.453613,0.288871,0.190530,306.257599,0.250532,0.208485,171.354401,0.025338,0.747228,161.540802,0.034370,0.783617,157.639999,0.039704,0.815496,157.604797,0.033473,0.847261,166.765594,0.044055,0.901051,0.000000,0.000000,0.000000,0.000000,0.000000,0.000000,0.000000,0.000000,0.000000
D1-P161-S1-L5500,RHU175_SEMIQUANT_V1,train,5500,Specific Gravity:1.010,Specific Gravity:1.010,,,Specific Gravity,1.010,RHU175_SEMIQUANT_V1_2026-05-03T13-28-39.zip,1,1,0,,307.453613,0.288871,0.190530,306.257599,0.250532,0.208485,171.354401,0.025338,0.747228,161.540802,0.034370,0.783617,157.639999,0.039704,0.815496,157.604797,0.033473,0.847261,166.765594,0.044055,0.901051,0.000000,0.000000,0.000000,0.000000,0.000000,0.000000,0.000000,0.000000,0.000000
D1-P161-S1-L5500,RHU175_SEMIQUANT_V1,train,5500,Ketone:Neg,Ketone:Neg,,,Ketone,Neg,RHU175_SEMIQUANT_V1_2026-05-03T13-28-39.zip,1,1,0,,307.453613,0.288871,0.190530,306.257599,0.250532,0.208485,171.354401,0.025338,0.747228,161.540802,0.034370,0.783617,157.639999,0.039704,0.815496,157.604797,0.033473,0.847261,166.765594,0.044055,0.901051,0.000000,0.000000,0.000000,0.000000,0.000000,0.000000,0.000000,0.000000,0.000000
D1-P161-S1-L5500,RHU175_SEMIQUANT_V1,train,5500,Bilirubin:Small 17,Bilirubin:Small 17,,,Bilirubin,Small 17,RHU175_SEMIQUANT_V1_2026-05-03T13-28-39.zip,1,1,0,,307.453613,0.288871,0.190530,306.257599,0.250532,0.208485,171.354401,0.025338,0.747228,161.540802,0.034370,0.783617,157.639999,0.039704,0.815496,157.604797,0.033473,0.847261,166.765594,0.044055,0.901051,0.000000,0.000000,0.000000,0.000000,0.000000,0.000000,0.000000,0.000000,0.000000
D1-P161-S1-L5500,RHU175_SEMIQUANT_V1,train,5500,Glucose:Neg,Glucose:Neg,,,Glucose,Neg,RHU175_SEMIQUANT_V1_2026-05-03T13-28-39.zip,1,1,0,,307.453613,0.288871,0.190530,306.257599,0.250532,0.208485,171.354401,0.025338,0.747228,161.540802,0.034370,0.783617,157.639999,0.039704,0.815496,157.604797,0.033473,0.847261,166.765594,0.044055,0.901051,0.000000,0.000000,0.000000,0.000000,0.000000,0.000000,0.000000,0.000000,0.000000
D1-P162-S1-L4000,RHU175_SEMIQUANT_V1,train,4000,Leukocytes:Trace 15,Leukocytes:Trace 15,,,Leukocytes,Trace 15,RHU175_SEMIQUANT_V1_2026-05-03T13-28-39.zip,1,1,0,,216.388000,0.502093,0.254165,214.787201,0.492184,0.278038,201.793594,0.429231,0.339776,12.327200,0.052888,0.871391,50.136002,0.060701,0.920218,19.917601,0.072769,0.963735,31.922400,0.068463,0.999780,32.655201,0.019564,1.000000,0.000000,0.000000,0.000000,0.000000,0.000000,0.000000
D1-P162-S1-L4000,RHU175_SEMIQUANT_V1,train,4000,Nitrite:Positive,Nitrite:Positive,,,Nitrite,Positive,RHU175_SEMIQUANT_V1_2026-05-03T13-28-39.zip,1,1,0,,216.388000,0.502093,0.254165,214.787201,0.492184,0.278038,201.793594,0.429231,0.339776,12.327200,0.052888,0.871391,50.136002,0.060701,0.920218,19.917601,0.072769,0.963735,31.922400,0.068463,0.999780,32.655201,0.019564,1.000000,0.000000,0.000000,0.000000,0.000000,0.000000,0.000000
D1-P162-S1-L4000,RHU175_SEMIQUANT_V1,train,4000,Urobilinogen:3.2,Urobilinogen:3.2,,,Urobilinogen,3.2,RHU175_SEMIQUANT_V1_2026-05-03T13-28-39.zip,1,1,0,,216.388000,0.502093,0.254165,214.787201,0.492184,0.278038,201.793594,0.429231,0.339776,12.327200,0.052888,0.871391,50.136002,0.060701,0.920218,19.917601,0.072769,0.963735,31.922400,0.068463,0.999780,32.655201,0.019564,1.000000,0.000000,0.000000,0.000000,0.000000,0.000000,0.000000
D1-P162-S1-L4000,RHU175_SEMIQUANT_V1,train,4000,Protein:Neg,Protein:Neg,,,Protein,Neg,RHU175_SEMIQUANT_V1_2026-05-03T13-28-39.zip,1,1,0,,216.388000,0.502093,0.254165,214.787201,0.492184,0.278038,201.793594,0.429231,0.339776,12.327200,0.052888,0.871391,50.136002,0.060701,0.920218,19.917601,0.072769,0.963735,31.922400,0.068463,0.999780,32.655201,0.019564,1.000000,0.000000,0.000000,0.000000,0.000000,0.000000,0.000000
D1-P162-S1-L4000,RHU175_SEMIQUANT_V1,train,4000,pH:5.0,pH:5.0,,,pH,5.0,RHU175_SEMIQUANT_V1_2026-05-03T13-28-39.zip,1,1,0,,216.388000,0.502093,0.254165,214.787201,0.492184,0.278038,201.793594,0.429231,0.339776,12.327200,0.052888,0.871391,50.136002,0.060701,0.920218,19.917601,0.072769,0.963735,31.922400,0.068463,0.999780,32.655201,0.019564,1.000000,0.000000,0.000000,0.000000,0.000000,0.000000,0.000000
D1-P162-S1-L4000,RHU175_SEMIQUANT_V1,train,4000,Blood:Neg,Blood:Neg,,,Blood,Neg,RHU175_SEMIQUANT_V1_2026-05-03T13-28-39.zip,1,1,0,,216.388000,0.502093,0.254165,214.787201,0.492184,0.278038,201.793594,0.429231,0.339776,12.327200,0.052888,0.871391,50.136002,0.060701,0.920218,19.917601,0.072769,0.963735,31.922400,0.068463,0.999780,32.655201,0.019564,1.000000,0.000000,0.000000,0.000000,0.000000,0.000000,0.000000
D1-P162-S1-L4000,RHU175_SEMIQUANT_V1,train,4000,Specific Gravity:1.030,Specific Gravity:1.030,,,Specific Gravity,1.030,RHU175_SEMIQUANT_V1_2026-05-03T13-28-39.zip,1,1,0,,216.388000,0.502093,0.254165,214.787201,0.492184,0.278038,201.793594,0.429231,0.339776,12.327200,0.052888,0.871391,50.136002,0.060701,0.920218,19.917601,0.072769,0.963735,31.922400,0.068463,0.999780,32.655201,0.019564,1.000000,0.000000,0.000000,0.000000,0.000000,0.000000,0.000000
D1-P162-S1-L4000,RHU175_SEMIQUANT_V1,train,4000,Ketone:Neg,Ketone:Neg,,,Ketone,Neg,RHU175_SEMIQUANT_V1_2026-05-03T13-28-39.zip,1,1,0,,216.388000,0.502093,0.254165,214.787201,0.492184,0.278038,201.793594,0.429231,0.339776,12.327200,0.052888,0.871391,50.136002,0.060701,0.920218,19.917601,0.072769,0.963735,31.922400,0.068463,0.999780,32.655201,0.019564,1.000000,0.000000,0.000000,0.000000,0.000000,0.000000,0.000000
D1-P162-S1-L4000,RHU175_SEMIQUANT_V1,train,4000,Bilirubin:Small 17,Bilirubin:Small 17,,,Bilirubin,Small 17,RHU175_SEMIQUANT_V1_2026-05-03T13-28-39.zip,1,1,0,,216.388000,0.502093,0.254165,214.787201,0.492184,0.278038,201.793594,0.429231,0.339776,12.327200,0.052888,0.871391,50.136002,0.060701,0.920218,19.917601,0.072769,0.963735,31.922400,0.068463,0.999780,32.655201,0.019564,1.000000,0.000000,0.000000,0.000000,0.000000,0.000000,0.000000
D1-P162-S1-L4000,RHU175_SEMIQUANT_V1,train,4000,Glucose:Neg,Glucose:Neg,,,Glucose,Neg,RHU175_SEMIQUANT_V1_2026-05-03T13-28-39.zip,1,1,0,,216.388000,0.502093,0.254165,214.787201,0.492184,0.278038,201.793594,0.429231,0.339776,12.327200,0.052888,0.871391,50.136002,0.060701,0.920218,19.917601,0.072769,0.963735,31.922400,0.068463,0.999780,32.655201,0.019564,1.000000,0.000000,0.000000,0.000000,0.000000,0.000000,0.000000
D1-P164-S1-L2700,RHU175_SEMIQUANT_V1,train,2700,Leukocytes:Trace 15,Leukocytes:Trace 15,,,Leukocytes,Trace 15,RHU175_SEMIQUANT_V1_2026-05-03T13-28-39.zip,1,1,0,,17.712799,0.408995,0.276125,122.769600,0.176813,0.614160,209.628006,0.035691,0.868784,220.963196,0.048077,0.907395,219.968002,0.058813,0.937961,222.147995,0.060187,0.963969,219.566406,0.066275,0.993807,212.297607,0.051664,1.000000,22.650400,0.004428,0.103705,0.000000,0.000000,0.000000
D1-P164-S1-L2700,RHU175_SEMIQUANT_V1,train,2700,Nitrite:Positive,Nitrite:Positive,,,Nitrite,Positive,RHU175_SEMIQUANT_V1_2026-05-03T13-28-39.zip,1,1,0,,17.712799,0.408995,0.276125,122.769600,0.176813,0.614160,209.628006,0.035691,0.868784,220.963196,0.048077,0.907395,219.968002,0.058813,0.937961,222.147995,0.060187,0.963969,219.566406,0.066275,0.993807,212.297607,0.051664,1.000000,22.650400,0.004428,0.103705,0.000000,0.000000,0.000000
D1-P164-S1-L2700,RHU175_SEMIQUANT_V1,train,2700,Urobilinogen:3.2,Urobilinogen:3.2,,,Urobilinogen,3.2,RHU175_SEMIQUANT_V1_2026-05-03T13-28-39.zip,1,1,0,,17.712799,0.408995,0.276125,122.769600,0.176813,0.614160,209.628006,0.035691,0.868784,220.963196,0.048077,0.907395,219.968002,0.058813,0.937961,222.147995,0.060187,0.963969,219.566406,0.066275,0.993807,212.297607,0.051664,1.000000,22.650400,0.004428,0.103705,0.000000,0.000000,0.000000
D1-P164-S1-L2700,RHU175_SEMIQUANT_V1,train,2700,Protein:Neg,Protein:Neg,,,Protein,Neg,RHU175_SEMIQUANT_V1_2026-05-03T13-28-39.zip,1,1,0,,17.712799,0.408995,0.276125,122.769600,0.176813,0.614160,209.628006,0.035691,0.868784,220.963196,0.048077,0.907395,219.968002,0.058813,0.937961,222.147995,0.060187,0.963969,219.566406,0.066275,0.993807,212.297607,0.051664,1.000000,22.650400,0.004428,0.103705,0.000000,0.000000,0.000000
D1-P164-S1-L2700,RHU175_SEMIQUANT_V1,train,2700,pH:7.0,pH:7.0,,,pH,7.0,RHU175_SEMIQUANT_V1_2026-05-03T13-28-39.zip,1,1,0,,17.712799,0.408995,0.276125,122.769600,0.176813,0.614160,209.628006,0.035691,0.868784,220.963196,0.048077,0.907395,219.968002,0.058813,0.937961,222.147995,0.060187,0.963969,219.566406,0.066275,0.993807,212.297607,0.051664,1.000000,22.650400,0.004428,0.103705,0.000000,0.000000,0.000000
D1-P164-S1-L2700,RHU175_SEMIQUANT_V1,train,2700,Blood:Neg,Blood:Neg,,,Blood,Neg,RHU175_SEMIQUANT_V1_2026-05-03T13-28-39.zip,1,1,0,,17.712799,0.408995,0.276125,122.769600,0.176813,0.614160,209.628006,0.035691,0.868784,220.963196,0.048077,0.907395,219.968002,0.058813,0.937961,222.147995,0.060187,0.963969,219.566406,0.066275,0.993807,212.297607,0.051664,1.000000,22.650400,0.004428,0.103705,0.000000,0.000000,0.000000
D1-P164-S1-L2700,RHU175_SEMIQUANT_V1,train,2700,Specific Gravity:1.015,Specific Gravity:1.015,,,Specific Gravity,1.015,RHU175_SEMIQUANT_V1_2026-05-03T13-28-39.zip,1,1,0,,17.712799,0.408995,0.276125,122.769600,0.176813,0.614160,209.628006,0.035691,0.868784,220.963196,0.048077,0.907395,219.968002,0.058813,0.937961,222.147995,0.060187,0.963969,219.566406,0.066275,0.993807,212.297607,0.051664,1.000000,22.650400,0.004428,0.103705,0.000000,0.000000,0.000000
D1-P164-S1-L2700,RHU175_SEMIQUANT_V1,train,2700,Ketone:Neg,Ketone:Neg,,,Ketone,Neg,RHU175_SEMIQUANT_V1_2026-05-03T13-28-39.zip,1,1,0,,17.712799,0.408995,0.276125,122.769600,0.176813,0.614160,209.628006,0.035691,0.868784,220.963196,0.048077,0.907395,219.968002,0.058813,0.937961,222.147995,0.060187,0.963969,219.566406,0.066275,0.993807,212.297607,0.051664,1.000000,22.650400,0.004428,0.103705,0.000000,0.000000,0.000000
D1-P164-S1-L2700,RHU175_SEMIQUANT_V1,train,2700,Bilirubin:Small 17,Bilirubin:Small 17,,,Bilirubin,Small 17,RHU175_SEMIQUANT_V1_2026-05-03T13-28-39.zip,1,1,0,,17.712799,0.408995,0.276125,122.769600,0.176813,0.614160,209.628006,0.035691,0.868784,220.963196,0.048077,0.907395,219.968002,0.058813,0.937961,222.147995,0.060187,0.963969,219.566406,0.066275,0.993807,212.297607,0.051664,1.000000,22.650400,0.004428,0.103705,0.000000,0.000000,0.000000
D1-P164-S1-L2700,RHU175_SEMIQUANT_V1,train,2700,Glucose:Neg,Glucose:Neg,,,Glucose,Neg,RHU175_SEMIQUANT_V1_2026-05-03T13-28-39.zip,1,1,0,,17.712799,0.408995,0.276125,122.769600,0.176813,0.614160,209.628006,0.035691,0.868784,220.963196,0.048077,0.907395,219.968002,0.058813,0.937961,222.147995,0.060187,0.963969,219.566406,0.066275,0.993807,212.297607,0.051664,1.000000,22.650400,0.004428,0.103705,0.000000,0.000000,0.000000
D1-P168-S1-L2700,RHU175_SEMIQUANT_V1,train,2700,Leukocytes:Trace 15,Leukocytes:Trace 15,,,Leukocytes,Trace 15,RHU175_SEMIQUANT_V1_2026-05-03T13-28-39.zip,1,1,0,,284.299194,0.020789,0.669291,311.516815,0.027870,0.664817,252.933594,0.028695,0.654977,230.529602,0.034599,0.649340,113.852798,0.042515,0.638913,25.112000,0.049531,0.628900,14.145600,0.049101,0.623537,0.000000,0.000000,0.000000,0.000000,0.000000,0.000000,0.000000,0.000000,0.000000
D1-P168-S1-L2700,RHU175_SEMIQUANT_V1,train,2700,Nitrite:Positive,Nitrite:Positive,,,Nitrite,Positive,RHU175_SEMIQUANT_V1_2026-05-03T13-28-39.zip,1,1,0,,284.299194,0.020789,0.669291,311.516815,0.027870,0.664817,252.933594,0.028695,0.654977,230.529602,0.034599,0.649340,113.852798,0.042515,0.638913,25.112000,0.049531,0.628900,14.145600,0.049101,0.623537,0.000000,0.000000,0.000000,0.000000,0.000000,0.000000,0.000000,0.000000,0.000000
D1-P168-S1-L2700,RHU175_SEMIQUANT_V1,train,2700,Urobilinogen:3.2,Urobilinogen:3.2,,,Urobilinogen,3.2,RHU175_SEMIQUANT_V1_2026-05-03T13-28-39.zip,1,1,0,,284.299194,0.020789,0.669291,311.516815,0.027870,0.664817,252.933594,0.028695,0.654977,230.529602,0.034599,0.649340,113.852798,0.042515,0.638913,25.112000,0.049531,0.628900,14.145600,0.049101,0.623537,0.000000,0.000000,0.000000,0.000000,0.000000,0.000000,0.000000,0.000000,0.000000
D1-P168-S1-L2700,RHU175_SEMIQUANT_V1,train,2700,Protein:Neg,Protein:Neg,,,Protein,Neg,RHU175_SEMIQUANT_V1_2026-05-03T13-28-39.zip,1,1,0,,284.299194,0.020789,0.669291,311.516815,0.027870,0.664817,252.933594,0.028695,0.654977,230.529602,0.034599,0.649340,113.852798,0.042515,0.638913,25.112000,0.049531,0.628900,14.145600,0.049101,0.623537,0.000000,0.000000,0.000000,0.000000,0.000000,0.000000,0.000000,0.000000,0.000000
D1-P168-S1-L2700,RHU175_SEMIQUANT_V1,train,2700,pH:6.0,pH:6.0,,,pH,6.0,RHU175_SEMIQUANT_V1_2026-05-03T13-28-39.zip,1,1,0,,284.299194,0.020789,0.669291,311.516815,0.027870,0.664817,252.933594,0.028695,0.654977,230.529602,0.034599,0.649340,113.852798,0.042515,0.638913,25.112000,0.049531,0.628900,14.145600,0.049101,0.623537,0.000000,0.000000,0.000000,0.000000,0.000000,0.000000,0.000000,0.000000,0.000000
D1-P168-S1-L2700,RHU175_SEMIQUANT_V1,train,2700,Blood:Neg,Blood:Neg,,,Blood,Neg,RHU175_SEMIQUANT_V1_2026-05-03T13-28-39.zip,1,1,0,,284.299194,0.020789,0.669291,311.516815,0.027870,0.664817,252.933594,0.028695,0.654977,230.529602,0.034599,0.649340,113.852798,0.042515,0.638913,25.112000,0.049531,0.628900,14.145600,0.049101,0.623537,0.000000,0.000000,0.000000,0.000000,0.000000,0.000000,0.000000,0.000000,0.000000
D1-P168-S1-L2700,RHU175_SEMIQUANT_V1,train,2700,Specific Gravity:1.025,Specific Gravity:1.025,,,Specific Gravity,1.025,RHU175_SEMIQUANT_V1_2026-05-03T13-28-39.zip,1,1,0,,284.299194,0.020789,0.669291,311.516815,0.027870,0.664817,252.933594,0.028695,0.654977,230.529602,0.034599,0.649340,113.852798,0.042515,0.638913,25.112000,0.049531,0.628900,14.145600,0.049101,0.623537,0.000000,0.000000,0.000000,0.000000,0.000000,0.000000,0.000000,0.000000,0.000000
D1-P168-S1-L2700,RHU175_SEMIQUANT_V1,train,2700,Ketone:Neg,Ketone:Neg,,,Ketone,Neg,RHU175_SEMIQUANT_V1_2026-05-03T13-28-39.zip,1,1,0,,284.299194,0.020789,0.669291,311.516815,0.027870,0.664817,252.933594,0.028695,0.654977,230.529602,0.034599,0.649340,113.852798,0.042515,0.638913,25.112000,0.049531,0.628900,14.145600,0.049101,0.623537,0.000000,0.000000,0.000000,0.000000,0.000000,0.000000,0.000000,0.000000,0.000000
D1-P168-S1-L2700,RHU175_SEMIQUANT_V1,train,2700,Bilirubin:Small 17,Bilirubin:Small 17,,,Bilirubin,Small 17,RHU175_SEMIQUANT_V1_2026-05-03T13-28-39.zip,1,1,0,,284.299194,0.020789,0.669291,311.516815,0.027870,0.664817,252.933594,0.028695,0.654977,230.529602,0.034599,0.649340,113.852798,0.042515,0.638913,25.112000,0.049531,0.628900,14.145600,0.049101,0.623537,0.000000,0.000000,0.000000,0.000000,0.000000,0.000000,0.000000,0.000000,0.000000
D1-P168-S1-L2700,RHU175_SEMIQUANT_V1,train,2700,Glucose:Neg,Glucose:Neg,,,Glucose,Neg,RHU175_SEMIQUANT_V1_2026-05-03T13-28-39.zip,1,1,0,,284.299194,0.020789,0.669291,311.516815,0.027870,0.664817,252.933594,0.028695,0.654977,230.529602,0.034599,0.649340,113.852798,0.042515,0.638913,25.112000,0.049531,0.628900,14.145600,0.049101,0.623537,0.000000,0.000000,0.000000,0.000000,0.000000,0.000000,0.000000,0.000000,0.000000
D1-P168-S1-L4000,RHU175_SEMIQUANT_V1,train,4000,Leukocytes:Trace 15,Leukocytes:Trace 15,,,Leukocytes,Trace 15,RHU175_SEMIQUANT_V1_2026-05-03T13-28-39.zip,1,1,0,,214.963196,0.529288,0.247137,211.470398,0.293424,0.467228,208.335999,0.059843,0.708543,207.498398,0.068954,0.698781,206.888794,0.077274,0.690518,201.985596,0.084392,0.690532,11.954400,0.005322,0.037584,0.000000,0.000000,0.000000,0.000000,0.000000,0.000000,0.000000,0.000000,0.000000
D1-P168-S1-L4000,RHU175_SEMIQUANT_V1,train,4000,Nitrite:Positive,Nitrite:Positive,,,Nitrite,Positive,RHU175_SEMIQUANT_V1_2026-05-03T13-28-39.zip,1,1,0,,214.963196,0.529288,0.247137,211.470398,0.293424,0.467228,208.335999,0.059843,0.708543,207.498398,0.068954,0.698781,206.888794,0.077274,0.690518,201.985596,0.084392,0.690532,11.954400,0.005322,0.037584,0.000000,0.000000,0.000000,0.000000,0.000000,0.000000,0.000000,0.000000,0.000000
D1-P168-S1-L4000,RHU175_SEMIQUANT_V1,train,4000,Urobilinogen:3.2,Urobilinogen:3.2,,,Urobilinogen,3.2,RHU175_SEMIQUANT_V1_2026-05-03T13-28-39.zip,1,1,0,,214.963196,0.529288,0.247137,211.470398,0.293424,0.467228,208.335999,0.059843,0.708543,207.498398,0.068954,0.698781,206.888794,0.077274,0.690518,201.985596,0.084392,0.690532,11.954400,0.005322,0.037584,0.000000,0.000000,0.000000,0.000000,0.000000,0.000000,0.000000,0.000000,0.000000
D1-P168-S1-L4000,RHU175_SEMIQUANT_V1,train,4000,Protein:Neg,Protein:Neg,,,Protein,Neg,RHU175_SEMIQUANT_V1_2026-05-03T13-28-39.zip,1,1,0,,214.963196,0.529288,0.247137,211.470398,0.293424,0.467228,208.335999,0.059843,0.708543,207.498398,0.068954,0.698781,206.888794,0.077274,0.690518,201.985596,0.084392,0.690532,11.954400,0.005322,0.037584,0.000000,0.000000,0.000000,0.000000,0.000000,0.000000,0.000000,0.000000,0.000000
D1-P168-S1-L4000,RHU175_SEMIQUANT_V1,train,4000,pH:6.0,pH:6.0,,,pH,6.0,RHU175_SEMIQUANT_V1_2026-05-03T13-28-39.zip,1,1,0,,214.963196,0.529288,0.247137,211.470398,0.293424,0.467228,208.335999,0.059843,0.708543,207.498398,0.068954,0.698781,206.888794,0.077274,0.690518,201.985596,0.084392,0.690532,11.954400,0.005322,0.037584,0.000000,0.000000,0.000000,0.000000,0.000000,0.000000,0.000000,0.000000,0.000000
D1-P168-S1-L4000,RHU175_SEMIQUANT_V1,train,4000,Blood:Neg,Blood:Neg,,,Blood,Neg,RHU175_SEMIQUANT_V1_2026-05-03T13-28-39.zip,1,1,0,,214.963196,0.529288,0.247137,211.470398,0.293424,0.467228,208.335999,0.059843,0.708543,207.498398,0.068954,0.698781,206.888794,0.077274,0.690518,201.985596,0.084392,0.690532,11.954400,0.005322,0.037584,0.000000,0.000000,0.000000,0.000000,0.000000,0.000000,0.000000,0.000000,0.000000
D1-P168-S1-L4000,RHU175_SEMIQUANT_V1,train,4000,Specific Gravity:1.025,Specific Gravity:1.025,,,Specific Gravity,1.025,RHU175_SEMIQUANT_V1_2026-05-03T13-28-39.zip,1,1,0,,214.963196,0.529288,0.247137,211.470398,0.293424,0.467228,208.335999,0.059843,0.708543,207.498398,0.068954,0.698781,206.888794,0.077274,0.690518,201.985596,0.084392,0.690532,11.954400,0.005322,0.037584,0.000000,0.000000,0.000000,0.000000,0.000000,0.000000,0.000000,0.000000,0.000000
D1-P168-S1-L4000,RHU175_SEMIQUANT_V1,train,4000,Ketone:Neg,Ketone:Neg,,,Ketone,Neg,RHU175_SEMIQUANT_V1_2026-05-03T13-28-39.zip,1,1,0,,214.963196,0.529288,0.247137,211.470398,0.293424,0.467228,208.335999,0.059843,0.708543,207.498398,0.068954,0.698781,206.888794,0.077274,0.690518,201.985596,0.084392,0.690532,11.954400,0.005322,0.037584,0.000000,0.000000,0.000000,0.000000,0.000000,0.000000,0.000000,0.000000,0.000000
D1-P168-S1-L4000,RHU175_SEMIQUANT_V1,train,4000,Bilirubin:Small 17,Bilirubin:Small 17,,,Bilirubin,Small 17,RHU175_SEMIQUANT_V1_2026-05-03T13-28-39.zip,1,1,0,,214.963196,0.529288,0.247137,211.470398,0.293424,0.467228,208.335999,0.059843,0.708543,207.498398,0.068954,0.698781,206.888794,0.077274,0.690518,201.985596,0.084392,0.690532,11.954400,0.005322,0.037584,0.000000,0.000000,0.000000,0.000000,0.000000,0.000000,0.000000,0.000000,0.000000
D1-P168-S1-L4000,RHU175_SEMIQUANT_V1,train,4000,Glucose:Neg,Glucose:Neg,,,Glucose,Neg,RHU175_SEMIQUANT_V1_2026-05-03T13-28-39.zip,1,1,0,,214.963196,0.529288,0.247137,211.470398,0.293424,0.467228,208.335999,0.059843,0.708543,207.498398,0.068954,0.698781,206.888794,0.077274,0.690518,201.985596,0.084392,0.690532,11.954400,0.005322,0.037584,0.000000,0.000000,0.000000,0.000000,0.000000,0.000000,0.000000,0.000000,0.000000
D1-P168-S1-L5500,RHU175_SEMIQUANT_V1,train,5500,Leukocytes:Trace 15,Leukocytes:Trace 15,,,Leukocytes,Trace 15,RHU175_SEMIQUANT_V1_2026-05-03T13-28-39.zip,1,1,0,,319.560791,0.024747,0.628864,333.548004,0.023631,0.624573,339.314392,0.027275,0.621842,319.310394,0.038769,0.608794,310.119995,0.045181,0.595879,297.532806,0.035340,0.590467,17.664801,0.001779,0.035360,0.000000,0.000000,0.000000,0.000000,0.000000,0.000000,0.000000,0.000000,0.000000
D1-P168-S1-L5500,RHU175_SEMIQUANT_V1,train,5500,Nitrite:Positive,Nitrite:Positive,,,Nitrite,Positive,RHU175_SEMIQUANT_V1_2026-05-03T13-28-39.zip,1,1,0,,319.560791,0.024747,0.628864,333.548004,0.023631,0.624573,339.314392,0.027275,0.621842,319.310394,0.038769,0.608794,310.119995,0.045181,0.595879,297.532806,0.035340,0.590467,17.664801,0.001779,0.035360,0.000000,0.000000,0.000000,0.000000,0.000000,0.000000,0.000000,0.000000,0.000000
D1-P168-S1-L5500,RHU175_SEMIQUANT_V1,train,5500,Urobilinogen:3.2,Urobilinogen:3.2,,,Urobilinogen,3.2,RHU175_SEMIQUANT_V1_2026-05-03T13-28-39.zip,1,1,0,,319.560791,0.024747,0.628864,333.548004,0.023631,0.624573,339.314392,0.027275,0.621842,319.310394,0.038769,0.608794,310.119995,0.045181,0.595879,297.532806,0.035340,0.590467,17.664801,0.001779,0.035360,0.000000,0.000000,0.000000,0.000000,0.000000,0.000000,0.000000,0.000000,0.000000
D1-P168-S1-L5500,RHU175_SEMIQUANT_V1,train,5500,Protein:Neg,Protein:Neg,,,Protein,Neg,RHU175_SEMIQUANT_V1_2026-05-03T13-28-39.zip,1,1,0,,319.560791,0.024747,0.628864,333.548004,0.023631,0.624573,339.314392,0.027275,0.621842,319.310394,0.038769,0.608794,310.119995,0.045181,0.595879,297.532806,0.035340,0.590467,17.664801,0.001779,0.035360,0.000000,0.000000,0.000000,0.000000,0.000000,0.000000,0.000000,0.000000,0.000000
D1-P168-S1-L5500,RHU175_SEMIQUANT_V1,train,5500,pH:6.0,pH:6.0,,,pH,6.0,RHU175_SEMIQUANT_V1_2026-05-03T13-28-39.zip,1,1,0,,319.560791,0.024747,0.628864,333.548004,0.023631,0.624573,339.314392,0.027275,0.621842,319.310394,0.038769,0.608794,310.119995,0.045181,0.595879,297.532806,0.035340,0.590467,17.664801,0.001779,0.035360,0.000000,0.000000,0.000000,0.000000,0.000000,0.000000,0.000000,0.000000,0.000000
D1-P168-S1-L5500,RHU175_SEMIQUANT_V1,train,5500,Blood:Neg,Blood:Neg,,,Blood,Neg,RHU175_SEMIQUANT_V1_2026-05-03T13-28-39.zip,1,1,0,,319.560791,0.024747,0.628864,333.548004,0.023631,0.624573,339.314392,0.027275,0.621842,319.310394,0.038769,0.608794,310.119995,0.045181,0.595879,297.532806,0.035340,0.590467,17.664801,0.001779,0.035360,0.000000,0.000000,0.000000,0.000000,0.000000,0.000000,0.000000,0.000000,0.000000
D1-P168-S1-L5500,RHU175_SEMIQUANT_V1,train,5500,Specific Gravity:1.025,Specific Gravity:1.025,,,Specific Gravity,1.025,RHU175_SEMIQUANT_V1_2026-05-03T13-28-39.zip,1,1,0,,319.560791,0.024747,0.628864,333.548004,0.023631,0.624573,339.314392,0.027275,0.621842,319.310394,0.038769,0.608794,310.119995,0.045181,0.595879,297.532806,0.035340,0.590467,17.664801,0.001779,0.035360,0.000000,0.000000,0.000000,0.000000,0.000000,0.000000,0.000000,0.000000,0.000000
D1-P168-S1-L5500,RHU175_SEMIQUANT_V1,train,5500,Ketone:Neg,Ketone:Neg,,,Ketone,Neg,RHU175_SEMIQUANT_V1_2026-05-03T13-28-39.zip,1,1,0,,319.560791,0.024747,0.628864,333.548004,0.023631,0.624573,339.314392,0.027275,0.621842,319.310394,0.038769,0.608794,310.119995,0.045181,0.595879,297.532806,0.035340,0.590467,17.664801,0.001779,0.035360,0.000000,0.000000,0.000000,0.000000,0.000000,0.000000,0.000000,0.000000,0.000000
D1-P168-S1-L5500,RHU175_SEMIQUANT_V1,train,5500,Bilirubin:Small 17,Bilirubin:Small 17,,,Bilirubin,Small 17,RHU175_SEMIQUANT_V1_2026-05-03T13-28-39.zip,1,1,0,,319.560791,0.024747,0.628864,333.548004,0.023631,0.624573,339.314392,0.027275,0.621842,319.310394,0.038769,0.608794,310.119995,0.045181,0.595879,297.532806,0.035340,0.590467,17.664801,0.001779,0.035360,0.000000,0.000000,0.000000,0.000000,0.000000,0.000000,0.000000,0.000000,0.000000
D1-P168-S1-L5500,RHU175_SEMIQUANT_V1,train,5500,Glucose:Neg,Glucose:Neg,,,Glucose,Neg,RHU175_SEMIQUANT_V1_2026-05-03T13-28-39.zip,1,1,0,,319.560791,0.024747,0.628864,333.548004,0.023631,0.624573,339.314392,0.027275,0.621842,319.310394,0.038769,0.608794,310.119995,0.045181,0.595879,297.532806,0.035340,0.590467,17.664801,0.001779,0.035360,0.000000,0.000000,0.000000,0.000000,0.000000,0.000000,0.000000,0.000000,0.000000
D1-P169-S1-L2700,RHU175_SEMIQUANT_V1,train,2700,Leukocytes:Trace 15,Leukocytes:Trace 15,,,Leukocytes,Trace 15,RHU175_SEMIQUANT_V1_2026-05-03T13-28-39.zip,1,1,0,,222.218399,0.460911,0.754242,219.070404,0.427705,0.663729,194.662399,0.365603,0.976816,180.000000,0.248591,1.000000,180.000000,0.255034,1.000000,180.000000,0.254822,1.000000,180.000000,0.259233,1.000000,180.000000,0.263233,1.000000,180.000000,0.265620,1.000000,180.000000,0.267147,1.000000
D1-P169-S1-L2700,RHU175_SEMIQUANT_V1,train,2700,Nitrite:Positive,Nitrite:Positive,,,Nitrite,Positive,RHU175_SEMIQUANT_V1_2026-05-03T13-28-39.zip,1,1,0,,222.218399,0.460911,0.754242,219.070404,0.427705,0.663729,194.662399,0.365603,0.976816,180.000000,0.248591,1.000000,180.000000,0.255034,1.000000,180.000000,0.254822,1.000000,180.000000,0.259233,1.000000,180.000000,0.263233,1.000000,180.000000,0.265620,1.000000,180.000000,0.267147,1.000000
D1-P169-S1-L2700,RHU175_SEMIQUANT_V1,train,2700,Urobilinogen:3.2,Urobilinogen:3.2,,,Urobilinogen,3.2,RHU175_SEMIQUANT_V1_2026-05-03T13-28-39.zip,1,1,0,,222.218399,0.460911,0.754242,219.070404,0.427705,0.663729,194.662399,0.365603,0.976816,180.000000,0.248591,1.000000,180.000000,0.255034,1.000000,180.000000,0.254822,1.000000,180.000000,0.259233,1.000000,180.000000,0.263233,1.000000,180.000000,0.265620,1.000000,180.000000,0.267147,1.000000
D1-P169-S1-L2700,RHU175_SEMIQUANT_V1,train,2700,Protein:Neg,Protein:Neg,,,Protein,Neg,RHU175_SEMIQUANT_V1_2026-05-03T13-28-39.zip,1,1,0,,222.218399,0.460911,0.754242,219.070404,0.427705,0.663729,194.662399,0.365603,0.976816,180.000000,0.248591,1.000000,180.000000,0.255034,1.000000,180.000000,0.254822,1.000000,180.000000,0.259233,1.000000,180.000000,0.263233,1.000000,180.000000,0.265620,1.000000,180.000000,0.267147,1.000000
D1-P169-S1-L2700,RHU175_SEMIQUANT_V1,train,2700,pH:6.0,pH:6.0,,,pH,6.0,RHU175_SEMIQUANT_V1_2026-05-03T13-28-39.zip,1,1,0,,222.218399,0.460911,0.754242,219.070404,0.427705,0.663729,194.662399,0.365603,0.976816,180.000000,0.248591,1.000000,180.000000,0.255034,1.000000,180.000000,0.254822,1.000000,180.000000,0.259233,1.000000,180.000000,0.263233,1.000000,180.000000,0.265620,1.000000,180.000000,0.267147,1.000000
D1-P169-S1-L2700,RHU175_SEMIQUANT_V1,train,2700,Blood:Neg,Blood:Neg,,,Blood,Neg,RHU175_SEMIQUANT_V1_2026-05-03T13-28-39.zip,1,1,0,,222.218399,0.460911,0.754242,219.070404,0.427705,0.663729,194.662399,0.365603,0.976816,180.000000,0.248591,1.000000,180.000000,0.255034,1.000000,180.000000,0.254822,1.000000,180.000000,0.259233,1.000000,180.000000,0.263233,1.000000,180.000000,0.265620,1.000000,180.000000,0.267147,1.000000
D1-P169-S1-L2700,RHU175_SEMIQUANT_V1,train,2700,Specific Gravity:1.030,Specific Gravity:1.030,,,Specific Gravity,1.030,RHU175_SEMIQUANT_V1_2026-05-03T13-28-39.zip,1,1,0,,222.218399,0.460911,0.754242,219.070404,0.427705,0.663729,194.662399,0.365603,0.976816,180.000000,0.248591,1.000000,180.000000,0.255034,1.000000,180.000000,0.254822,1.000000,180.000000,0.259233,1.000000,180.000000,0.263233,1.000000,180.000000,0.265620,1.000000,180.000000,0.267147,1.000000
D1-P169-S1-L2700,RHU175_SEMIQUANT_V1,train,2700,Ketone:Neg,Ketone:Neg,,,Ketone,Neg,RHU175_SEMIQUANT_V1_2026-05-03T13-28-39.zip,1,1,0,,222.218399,0.460911,0.754242,219.070404,0.427705,0.663729,194.662399,0.365603,0.976816,180.000000,0.248591,1.000000,180.000000,0.255034,1.000000,180.000000,0.254822,1.000000,180.000000,0.259233,1.000000,180.000000,0.263233,1.000000,180.000000,0.265620,1.000000,180.000000,0.267147,1.000000
D1-P169-S1-L2700,RHU175_SEMIQUANT_V1,train,2700,Bilirubin:Small 17,Bilirubin:Small 17,,,Bilirubin,Small 17,RHU175_SEMIQUANT_V1_2026-05-03T13-28-39.zip,1,1,0,,222.218399,0.460911,0.754242,219.070404,0.427705,0.663729,194.662399,0.365603,0.976816,180.000000,0.248591,1.000000,180.000000,0.255034,1.000000,180.000000,0.254822,1.000000,180.000000,0.259233,1.000000,180.000000,0.263233,1.000000,180.000000,0.265620,1.000000,180.000000,0.267147,1.000000
D1-P169-S1-L2700,RHU175_SEMIQUANT_V1,train,2700,Glucose:Neg,Glucose:Neg,,,Glucose,Neg,RHU175_SEMIQUANT_V1_2026-05-03T13-28-39.zip,1,1,0,,222.218399,0.460911,0.754242,219.070404,0.427705,0.663729,194.662399,0.365603,0.976816,180.000000,0.248591,1.000000,180.000000,0.255034,1.000000,180.000000,0.254822,1.000000,180.000000,0.259233,1.000000,180.000000,0.263233,1.000000,180.000000,0.265620,1.000000,180.000000,0.267147,1.000000
D1-P169-S1-L4000,RHU175_SEMIQUANT_V1,train,4000,Leukocytes:Trace 15,Leukocytes:Trace 15,,,Leukocytes,Trace 15,RHU175_SEMIQUANT_V1_2026-05-03T13-28-39.zip,1,1,0,,17.950399,0.401145,0.773644,19.042400,0.389062,0.722679,42.320000,0.310491,0.958256,60.000000,0.215498,1.000000,60.000000,0.219526,1.000000,60.000000,0.216756,1.000000,60.000000,0.220943,1.000000,60.000000,0.224842,1.000000,60.000000,0.220303,1.000000,60.000000,0.223195,1.000000
D1-P169-S1-L4000,RHU175_SEMIQUANT_V1,train,4000,Nitrite:Positive,Nitrite:Positive,,,Nitrite,Positive,RHU175_SEMIQUANT_V1_2026-05-03T13-28-39.zip,1,1,0,,17.950399,0.401145,0.773644,19.042400,0.389062,0.722679,42.320000,0.310491,0.958256,60.000000,0.215498,1.000000,60.000000,0.219526,1.000000,60.000000,0.216756,1.000000,60.000000,0.220943,1.000000,60.000000,0.224842,1.000000,60.000000,0.220303,1.000000,60.000000,0.223195,1.000000
D1-P169-S1-L4000,RHU175_SEMIQUANT_V1,train,4000,Urobilinogen:3.2,Urobilinogen:3.2,,,Urobilinogen,3.2,RHU175_SEMIQUANT_V1_2026-05-03T13-28-39.zip,1,1,0,,17.950399,0.401145,0.773644,19.042400,0.389062,0.722679,42.320000,0.310491,0.958256,60.000000,0.215498,1.000000,60.000000,0.219526,1.000000,60.000000,0.216756,1.000000,60.000000,0.220943,1.000000,60.000000,0.224842,1.000000,60.000000,0.220303,1.000000,60.000000,0.223195,1.000000
D1-P169-S1-L4000,RHU175_SEMIQUANT_V1,train,4000,Protein:Neg,Protein:Neg,,,Protein,Neg,RHU175_SEMIQUANT_V1_2026-05-03T13-28-39.zip,1,1,0,,17.950399,0.401145,0.773644,19.042400,0.389062,0.722679,42.320000,0.310491,0.958256,60.000000,0.215498,1.000000,60.000000,0.219526,1.000000,60.000000,0.216756,1.000000,60.000000,0.220943,1.000000,60.000000,0.224842,1.000000,60.000000,0.220303,1.000000,60.000000,0.223195,1.000000
D1-P169-S1-L4000,RHU175_SEMIQUANT_V1,train,4000,pH:6.0,pH:6.0,,,pH,6.0,RHU175_SEMIQUANT_V1_2026-05-03T13-28-39.zip,1,1,0,,17.950399,0.401145,0.773644,19.042400,0.389062,0.722679,42.320000,0.310491,0.958256,60.000000,0.215498,1.000000,60.000000,0.219526,1.000000,60.000000,0.216756,1.000000,60.000000,0.220943,1.000000,60.000000,0.224842,1.000000,60.000000,0.220303,1.000000,60.000000,0.223195,1.000000
D1-P169-S1-L4000,RHU175_SEMIQUANT_V1,train,4000,Blood:Neg,Blood:Neg,,,Blood,Neg,RHU175_SEMIQUANT_V1_2026-05-03T13-28-39.zip,1,1,0,,17.950399,0.401145,0.773644,19.042400,0.389062,0.722679,42.320000,0.310491,0.958256,60.000000,0.215498,1.000000,60.000000,0.219526,1.000000,60.000000,0.216756,1.000000,60.000000,0.220943,1.000000,60.000000,0.224842,1.000000,60.000000,0.220303,1.000000,60.000000,0.223195,1.000000
D1-P169-S1-L4000,RHU175_SEMIQUANT_V1,train,4000,Specific Gravity:1.030,Specific Gravity:1.030,,,Specific Gravity,1.030,RHU175_SEMIQUANT_V1_2026-05-03T13-28-39.zip,1,1,0,,17.950399,0.401145,0.773644,19.042400,0.389062,0.722679,42.320000,0.310491,0.958256,60.000000,0.215498,1.000000,60.000000,0.219526,1.000000,60.000000,0.216756,1.000000,60.000000,0.220943,1.000000,60.000000,0.224842,1.000000,60.000000,0.220303,1.000000,60.000000,0.223195,1.000000
D1-P169-S1-L4000,RHU175_SEMIQUANT_V1,train,4000,Ketone:Neg,Ketone:Neg,,,Ketone,Neg,RHU175_SEMIQUANT_V1_2026-05-03T13-28-39.zip,1,1,0,,17.950399,0.401145,0.773644,19.042400,0.389062,0.722679,42.320000,0.310491,0.958256,60.000000,0.215498,1.000000,60.000000,0.219526,1.000000,60.000000,0.216756,1.000000,60.000000,0.220943,1.000000,60.000000,0.224842,1.000000,60.000000,0.220303,1.000000,60.000000,0.223195,1.000000
D1-P169-S1-L4000,RHU175_SEMIQUANT_V1,train,4000,Bilirubin:Small 17,Bilirubin:Small 17,,,Bilirubin,Small 17,RHU175_SEMIQUANT_V1_2026-05-03T13-28-39.zip,1,1,0,,17.950399,0.401145,0.773644,19.042400,0.389062,0.722679,42.320000,0.310491,0.958256,60.000000,0.215498,1.000000,60.000000,0.219526,1.000000,60.000000,0.216756,1.000000,60.000000,0.220943,1.000000,60.000000,0.224842,1.000000,60.000000,0.220303,1.000000,60.000000,0.223195,1.000000
D1-P169-S1-L4000,RHU175_SEMIQUANT_V1,train,4000,Glucose:Neg,Glucose:Neg,,,Glucose,Neg,RHU175_SEMIQUANT_V1_2026-05-03T13-28-39.zip,1,1,0,,17.950399,0.401145,0.773644,19.042400,0.389062,0.722679,42.320000,0.310491,0.958256,60.000000,0.215498,1.000000,60.000000,0.219526,1.000000,60.000000,0.216756,1.000000,60.000000,0.220943,1.000000,60.000000,0.224842,1.000000,60.000000,0.220303,1.000000,60.000000,0.223195,1.000000
D1-P170-S1-L2700,RHU175_SEMIQUANT_V1,train,2700,Leukocytes:Trace 15,Leukocytes:Trace 15,,,Leukocytes,Trace 15,RHU175_SEMIQUANT_V1_2026-05-03T13-28-39.zip,1,1,0,,279.314392,0.019076,0.662682,312.449585,0.021989,0.657870,292.641602,0.023857,0.648662,290.777588,0.034276,0.640398,322.287201,0.041991,0.626279,338.147186,0.042814,0.615432,306.079193,0.036933,0.557343,0.000000,0.000000,0.000000,0.000000,0.000000,0.000000,0.000000,0.000000,0.000000
D1-P170-S1-L2700,RHU175_SEMIQUANT_V1,train,2700,Nitrite:Positive,Nitrite:Positive,,,Nitrite,Positive,RHU175_SEMIQUANT_V1_2026-05-03T13-28-39.zip,1,1,0,,279.314392,0.019076,0.662682,312.449585,0.021989,0.657870,292.641602,0.023857,0.648662,290.777588,0.034276,0.640398,322.287201,0.041991,0.626279,338.147186,0.042814,0.615432,306.079193,0.036933,0.557343,0.000000,0.000000,0.000000,0.000000,0.000000,0.000000,0.000000,0.000000,0.000000
D1-P170-S1-L2700,RHU175_SEMIQUANT_V1,train,2700,Urobilinogen:3.2,Urobilinogen:3.2,,,Urobilinogen,3.2,RHU175_SEMIQUANT_V1_2026-05-03T13-28-39.zip,1,1,0,,279.314392,0.019076,0.662682,312.449585,0.021989,0.657870,292.641602,0.023857,0.648662,290.777588,0.034276,0.640398,322.287201,0.041991,0.626279,338.147186,0.042814,0.615432,306.079193,0.036933,0.557343,0.000000,0.000000,0.000000,0.000000,0.000000,0.000000,0.000000,0.000000,0.000000
D1-P170-S1-L2700,RHU175_SEMIQUANT_V1,train,2700,Protein:Neg,Protein:Neg,,,Protein,Neg,RHU175_SEMIQUANT_V1_2026-05-03T13-28-39.zip,1,1,0,,279.314392,0.019076,0.662682,312.449585,0.021989,0.657870,292.641602,0.023857,0.648662,290.777588,0.034276,0.640398,322.287201,0.041991,0.626279,338.147186,0.042814,0.615432,306.079193,0.036933,0.557343,0.000000,0.000000,0.000000,0.000000,0.000000,0.000000,0.000000,0.000000,0.000000
D1-P170-S1-L2700,RHU175_SEMIQUANT_V1,train,2700,pH:6.0,pH:6.0,,,pH,6.0,RHU175_SEMIQUANT_V1_2026-05-03T13-28-39.zip,1,1,0,,279.314392,0.019076,0.662682,312.449585,0.021989,0.657870,292.641602,0.023857,0.648662,290.777588,0.034276,0.640398,322.287201,0.041991,0.626279,338.147186,0.042814,0.615432,306.079193,0.036933,0.557343,0.000000,0.000000,0.000000,0.000000,0.000000,0.000000,0.000000,0.000000,0.000000
D1-P170-S1-L2700,RHU175_SEMIQUANT_V1,train,2700,Blood:Neg,Blood:Neg,,,Blood,Neg,RHU175_SEMIQUANT_V1_2026-05-03T13-28-39.zip,1,1,0,,279.314392,0.019076,0.662682,312.449585,0.021989,0.657870,292.641602,0.023857,0.648662,290.777588,0.034276,0.640398,322.287201,0.041991,0.626279,338.147186,0.042814,0.615432,306.079193,0.036933,0.557343,0.000000,0.000000,0.000000,0.000000,0.000000,0.000000,0.000000,0.000000,0.000000
D1-P170-S1-L2700,RHU175_SEMIQUANT_V1,train,2700,Specific Gravity:1.030,Specific Gravity:1.030,,,Specific Gravity,1.030,RHU175_SEMIQUANT_V1_2026-05-03T13-28-39.zip,1,1,0,,279.314392,0.019076,0.662682,312.449585,0.021989,0.657870,292.641602,0.023857,0.648662,290.777588,0.034276,0.640398,322.287201,0.041991,0.626279,338.147186,0.042814,0.615432,306.079193,0.036933,0.557343,0.000000,0.000000,0.000000,0.000000,0.000000,0.000000,0.000000,0.000000,0.000000
D1-P170-S1-L2700,RHU175_SEMIQUANT_V1,train,2700,Ketone:Neg,Ketone:Neg,,,Ketone,Neg,RHU175_SEMIQUANT_V1_2026-05-03T13-28-39.zip,1,1,0,,279.314392,0.019076,0.662682,312.449585,0.021989,0.657870,292.641602,0.023857,0.648662,290.777588,0.034276,0.640398,322.287201,0.041991,0.626279,338.147186,0.042814,0.615432,306.079193,0.036933,0.557343,0.000000,0.000000,0.000000,0.000000,0.000000,0.000000,0.000000,0.000000,0.000000
D1-P170-S1-L2700,RHU175_SEMIQUANT_V1,train,2700,Bilirubin:Small 17,Bilirubin:Small 17,,,Bilirubin,Small 17,RHU175_SEMIQUANT_V1_2026-05-03T13-28-39.zip,1,1,0,,279.314392,0.019076,0.662682,312.449585,0.021989,0.657870,292.641602,0.023857,0.648662,290.777588,0.034276,0.640398,322.287201,0.041991,0.626279,338.147186,0.042814,0.615432,306.079193,0.036933,0.557343,0.000000,0.000000,0.000000,0.000000,0.000000,0.000000,0.000000,0.000000,0.000000
D1-P170-S1-L2700,RHU175_SEMIQUANT_V1,train,2700,Glucose:Neg,Glucose:Neg,,,Glucose,Neg,RHU175_SEMIQUANT_V1_2026-05-03T13-28-39.zip,1,1,0,,279.314392,0.019076,0.662682,312.449585,0.021989,0.657870,292.641602,0.023857,0.648662,290.777588,0.034276,0.640398,322.287201,0.041991,0.626279,338.147186,0.042814,0.615432,306.079193,0.036933,0.557343,0.000000,0.000000,0.000000,0.000000,0.000000,0.000000,0.000000,0.000000,0.000000
D1-P170-S1-L5500,RHU175_SEMIQUANT_V1,train,5500,Leukocytes:Trace 15,Leukocytes:Trace 15,,,Leukocytes,Trace 15,RHU175_SEMIQUANT_V1_2026-05-03T13-28-39.zip,1,1,0,,309.844788,0.281081,0.169145,306.776794,0.249434,0.151903,276.122406,0.034911,0.603929,275.928802,0.029285,0.612872,279.230408,0.037887,0.603625,279.182404,0.045978,0.597785,268.672791,0.043111,0.598899,17.844000,0.002904,0.038380,0.000000,0.000000,0.000000,0.000000,0.000000,0.000000
D1-P170-S1-L5500,RHU175_SEMIQUANT_V1,train,5500,Nitrite:Positive,Nitrite:Positive,,,Nitrite,Positive,RHU175_SEMIQUANT_V1_2026-05-03T13-28-39.zip,1,1,0,,309.844788,0.281081,0.169145,306.776794,0.249434,0.151903,276.122406,0.034911,0.603929,275.928802,0.029285,0.612872,279.230408,0.037887,0.603625,279.182404,0.045978,0.597785,268.672791,0.043111,0.598899,17.844000,0.002904,0.038380,0.000000,0.000000,0.000000,0.000000,0.000000,0.000000
D1-P170-S1-L5500,RHU175_SEMIQUANT_V1,train,5500,Urobilinogen:3.2,Urobilinogen:3.2,,,Urobilinogen,3.2,RHU175_SEMIQUANT_V1_2026-05-03T13-28-39.zip,1,1,0,,309.844788,0.281081,0.169145,306.776794,0.249434,0.151903,276.122406,0.034911,0.603929,275.928802,0.029285,0.612872,279.230408,0.037887,0.603625,279.182404,0.045978,0.597785,268.672791,0.043111,0.598899,17.844000,0.002904,0.038380,0.000000,0.000000,0.000000,0.000000,0.000000,0.000000
D1-P170-S1-L5500,RHU175_SEMIQUANT_V1,train,5500,Protein:Neg,Protein:Neg,,,Protein,Neg,RHU175_SEMIQUANT_V1_2026-05-03T13-28-39.zip,1,1,0,,309.844788,0.281081,0.169145,306.776794,0.249434,0.151903,276.122406,0.034911,0.603929,275.928802,0.029285,0.612872,279.230408,0.037887,0.603625,279.182404,0.045978,0.597785,268.672791,0.043111,0.598899,17.844000,0.002904,0.038380,0.000000,0.000000,0.000000,0.000000,0.000000,0.000000
D1-P170-S1-L5500,RHU175_SEMIQUANT_V1,train,5500,pH:6.0,pH:6.0,,,pH,6.0,RHU175_SEMIQUANT_V1_2026-05-03T13-28-39.zip,1,1,0,,309.844788,0.281081,0.169145,306.776794,0.249434,0.151903,276.122406,0.034911,0.603929,275.928802,0.029285,0.612872,279.230408,0.037887,0.603625,279.182404,0.045978,0.597785,268.672791,0.043111,0.598899,17.844000,0.002904,0.038380,0.000000,0.000000,0.000000,0.000000,0.000000,0.000000
D1-P170-S1-L5500,RHU175_SEMIQUANT_V1,train,5500,Blood:Neg,Blood:Neg,,,Blood,Neg,RHU175_SEMIQUANT_V1_2026-05-03T13-28-39.zip,1,1,0,,309.844788,0.281081,0.169145,306.776794,0.249434,0.151903,276.122406,0.034911,0.603929,275.928802,0.029285,0.612872,279.230408,0.037887,0.603625,279.182404,0.045978,0.597785,268.672791,0.043111,0.598899,17.844000,0.002904,0.038380,0.000000,0.000000,0.000000,0.000000,0.000000,0.000000
D1-P170-S1-L5500,RHU175_SEMIQUANT_V1,train,5500,Specific Gravity:1.030,Specific Gravity:1.030,,,Specific Gravity,1.030,RHU175_SEMIQUANT_V1_2026-05-03T13-28-39.zip,1,1,0,,309.844788,0.281081,0.169145,306.776794,0.249434,0.151903,276.122406,0.034911,0.603929,275.928802,0.029285,0.612872,279.230408,0.037887,0.603625,279.182404,0.045978,0.597785,268.672791,0.043111,0.598899,17.844000,0.002904,0.038380,0.000000,0.000000,0.000000,0.000000,0.000000,0.000000
D1-P170-S1-L5500,RHU175_SEMIQUANT_V1,train,5500,Ketone:Neg,Ketone:Neg,,,Ketone,Neg,RHU175_SEMIQUANT_V1_2026-05-03T13-28-39.zip,1,1,0,,309.844788,0.281081,0.169145,306.776794,0.249434,0.151903,276.122406,0.034911,0.603929,275.928802,0.029285,0.612872,279.230408,0.037887,0.603625,279.182404,0.045978,0.597785,268.672791,0.043111,0.598899,17.844000,0.002904,0.038380,0.000000,0.000000,0.000000,0.000000,0.000000,0.000000
D1-P170-S1-L5500,RHU175_SEMIQUANT_V1,train,5500,Bilirubin:Small 17,Bilirubin:Small 17,,,Bilirubin,Small 17,RHU175_SEMIQUANT_V1_2026-05-03T13-28-39.zip,1,1,0,,309.844788,0.281081,0.169145,306.776794,0.249434,0.151903,276.122406,0.034911,0.603929,275.928802,0.029285,0.612872,279.230408,0.037887,0.603625,279.182404,0.045978,0.597785,268.672791,0.043111,0.598899,17.844000,0.002904,0.038380,0.000000,0.000000,0.000000,0.000000,0.000000,0.000000
D1-P170-S1-L5500,RHU175_SEMIQUANT_V1,train,5500,Glucose:Neg,Glucose:Neg,,,Glucose,Neg,RHU175_SEMIQUANT_V1_2026-05-03T13-28-39.zip,1,1,0,,309.844788,0.281081,0.169145,306.776794,0.249434,0.151903,276.122406,0.034911,0.603929,275.928802,0.029285,0.612872,279.230408,0.037887,0.603625,279.182404,0.045978,0.597785,268.672791,0.043111,0.598899,17.844000,0.002904,0.038380,0.000000,0.000000,0.000000,0.000000,0.000000,0.000000
D1-P171-S1-L2700,RHU175_SEMIQUANT_V1,train,2700,Leukocytes:Trace 15,Leukocytes:Trace 15,,,Leukocytes,Trace 15,RHU175_SEMIQUANT_V1_2026-05-03T13-28-39.zip,1,1,0,,183.753601,0.014450,0.692734,230.481598,0.016744,0.684317,246.712799,0.018949,0.677614,282.779205,0.033677,0.670842,194.363205,0.041556,0.656737,64.038399,0.037046,0.647358,19.395201,0.010513,0.213969,0.000000,0.000000,0.000000,0.000000,0.000000,0.000000,0.000000,0.000000,0.000000
D1-P171-S1-L2700,RHU175_SEMIQUANT_V1,train,2700,Nitrite:Positive,Nitrite:Positive,,,Nitrite,Positive,RHU175_SEMIQUANT_V1_2026-05-03T13-28-39.zip,1,1,0,,183.753601,0.014450,0.692734,230.481598,0.016744,0.684317,246.712799,0.018949,0.677614,282.779205,0.033677,0.670842,194.363205,0.041556,0.656737,64.038399,0.037046,0.647358,19.395201,0.010513,0.213969,0.000000,0.000000,0.000000,0.000000,0.000000,0.000000,0.000000,0.000000,0.000000
D1-P171-S1-L2700,RHU175_SEMIQUANT_V1,train,2700,Urobilinogen:3.2,Urobilinogen:3.2,,,Urobilinogen,3.2,RHU175_SEMIQUANT_V1_2026-05-03T13-28-39.zip,1,1,0,,183.753601,0.014450,0.692734,230.481598,0.016744,0.684317,246.712799,0.018949,0.677614,282.779205,0.033677,0.670842,194.363205,0.041556,0.656737,64.038399,0.037046,0.647358,19.395201,0.010513,0.213969,0.000000,0.000000,0.000000,0.000000,0.000000,0.000000,0.000000,0.000000,0.000000
D1-P171-S1-L2700,RHU175_SEMIQUANT_V1,train,2700,Protein:Neg,Protein:Neg,,,Protein,Neg,RHU175_SEMIQUANT_V1_2026-05-03T13-28-39.zip,1,1,0,,183.753601,0.014450,0.692734,230.481598,0.016744,0.684317,246.712799,0.018949,0.677614,282.779205,0.033677,0.670842,194.363205,0.041556,0.656737,64.038399,0.037046,0.647358,19.395201,0.010513,0.213969,0.000000,0.000000,0.000000,0.000000,0.000000,0.000000,0.000000,0.000000,0.000000
D1-P171-S1-L2700,RHU175_SEMIQUANT_V1,train,2700,pH:7.5,pH:7.5,,,pH,7.5,RHU175_SEMIQUANT_V1_2026-05-03T13-28-39.zip,1,1,0,,183.753601,0.014450,0.692734,230.481598,0.016744,0.684317,246.712799,0.018949,0.677614,282.779205,0.033677,0.670842,194.363205,0.041556,0.656737,64.038399,0.037046,0.647358,19.395201,0.010513,0.213969,0.000000,0.000000,0.000000,0.000000,0.000000,0.000000,0.000000,0.000000,0.000000
D1-P171-S1-L2700,RHU175_SEMIQUANT_V1,train,2700,Blood:Neg,Blood:Neg,,,Blood,Neg,RHU175_SEMIQUANT_V1_2026-05-03T13-28-39.zip,1,1,0,,183.753601,0.014450,0.692734,230.481598,0.016744,0.684317,246.712799,0.018949,0.677614,282.779205,0.033677,0.670842,194.363205,0.041556,0.656737,64.038399,0.037046,0.647358,19.395201,0.010513,0.213969,0.000000,0.000000,0.000000,0.000000,0.000000,0.000000,0.000000,0.000000,0.000000
D1-P171-S1-L2700,RHU175_SEMIQUANT_V1,train,2700,Specific Gravity:1.010,Specific Gravity:1.010,,,Specific Gravity,1.010,RHU175_SEMIQUANT_V1_2026-05-03T13-28-39.zip,1,1,0,,183.753601,0.014450,0.692734,230.481598,0.016744,0.684317,246.712799,0.018949,0.677614,282.779205,0.033677,0.670842,194.363205,0.041556,0.656737,64.038399,0.037046,0.647358,19.395201,0.010513,0.213969,0.000000,0.000000,0.000000,0.000000,0.000000,0.000000,0.000000,0.000000,0.000000
D1-P171-S1-L2700,RHU175_SEMIQUANT_V1,train,2700,Ketone:Neg,Ketone:Neg,,,Ketone,Neg,RHU175_SEMIQUANT_V1_2026-05-03T13-28-39.zip,1,1,0,,183.753601,0.014450,0.692734,230.481598,0.016744,0.684317,246.712799,0.018949,0.677614,282.779205,0.033677,0.670842,194.363205,0.041556,0.656737,64.038399,0.037046,0.647358,19.395201,0.010513,0.213969,0.000000,0.000000,0.000000,0.000000,0.000000,0.000000,0.000000,0.000000,0.000000
D1-P171-S1-L2700,RHU175_SEMIQUANT_V1,train,2700,Bilirubin:Small 17,Bilirubin:Small 17,,,Bilirubin,Small 17,RHU175_SEMIQUANT_V1_2026-05-03T13-28-39.zip,1,1,0,,183.753601,0.014450,0.692734,230.481598,0.016744,0.684317,246.712799,0.018949,0.677614,282.779205,0.033677,0.670842,194.363205,0.041556,0.656737,64.038399,0.037046,0.647358,19.395201,0.010513,0.213969,0.000000,0.000000,0.000000,0.000000,0.000000,0.000000,0.000000,0.000000,0.000000
D1-P171-S1-L2700,RHU175_SEMIQUANT_V1,train,2700,Glucose:Trace 5,Glucose:Trace 5,,,Glucose,Trace 5,RHU175_SEMIQUANT_V1_2026-05-03T13-28-39.zip,1,1,0,,183.753601,0.014450,0.692734,230.481598,0.016744,0.684317,246.712799,0.018949,0.677614,282.779205,0.033677,0.670842,194.363205,0.041556,0.656737,64.038399,0.037046,0.647358,19.395201,0.010513,0.213969,0.000000,0.000000,0.000000,0.000000,0.000000,0.000000,0.000000,0.000000,0.000000
D1-P171-S1-L5500,RHU175_SEMIQUANT_V1,train,5500,Leukocytes:Trace 15,Leukocytes:Trace 15,,,Leukocytes,Trace 15,RHU175_SEMIQUANT_V1_2026-05-03T13-28-39.zip,1,1,0,,308.132812,0.283362,0.188671,306.370392,0.267195,0.173689,250.851196,0.016002,0.640060,265.572815,0.008254,0.643948,299.112000,0.008919,0.626071,294.150391,0.012345,0.619459,239.999207,0.015010,0.622689,0.000000,0.000000,0.000000,0.000000,0.000000,0.000000,0.000000,0.000000,0.000000
D1-P171-S1-L5500,RHU175_SEMIQUANT_V1,train,5500,Nitrite:Positive,Nitrite:Positive,,,Nitrite,Positive,RHU175_SEMIQUANT_V1_2026-05-03T13-28-39.zip,1,1,0,,308.132812,0.283362,0.188671,306.370392,0.267195,0.173689,250.851196,0.016002,0.640060,265.572815,0.008254,0.643948,299.112000,0.008919,0.626071,294.150391,0.012345,0.619459,239.999207,0.015010,0.622689,0.000000,0.000000,0.000000,0.000000,0.000000,0.000000,0.000000,0.000000,0.000000
D1-P171-S1-L5500,RHU175_SEMIQUANT_V1,train,5500,Urobilinogen:3.2,Urobilinogen:3.2,,,Urobilinogen,3.2,RHU175_SEMIQUANT_V1_2026-05-03T13-28-39.zip,1,1,0,,308.132812,0.283362,0.188671,306.370392,0.267195,0.173689,250.851196,0.016002,0.640060,265.572815,0.008254,0.643948,299.112000,0.008919,0.626071,294.150391,0.012345,0.619459,239.999207,0.015010,0.622689,0.000000,0.000000,0.000000,0.000000,0.000000,0.000000,0.000000,0.000000,0.000000
D1-P171-S1-L5500,RHU175_SEMIQUANT_V1,train,5500,Protein:Neg,Protein:Neg,,,Protein,Neg,RHU175_SEMIQUANT_V1_2026-05-03T13-28-39.zip,1,1,0,,308.132812,0.283362,0.188671,306.370392,0.267195,0.173689,250.851196,0.016002,0.640060,265.572815,0.008254,0.643948,299.112000,0.008919,0.626071,294.150391,0.012345,0.619459,239.999207,0.015010,0.622689,0.000000,0.000000,0.000000,0.000000,0.000000,0.000000,0.000000,0.000000,0.000000
D1-P171-S1-L5500,RHU175_SEMIQUANT_V1,train,5500,pH:7.5,pH:7.5,,,pH,7.5,RHU175_SEMIQUANT_V1_2026-05-03T13-28-39.zip,1,1,0,,308.132812,0.283362,0.188671,306.370392,0.267195,0.173689,250.851196,0.016002,0.640060,265.572815,0.008254,0.643948,299.112000,0.008919,0.626071,294.150391,0.012345,0.619459,239.999207,0.015010,0.622689,0.000000,0.000000,0.000000,0.000000,0.000000,0.000000,0.000000,0.000000,0.000000
D1-P171-S1-L5500,RHU175_SEMIQUANT_V1,train,5500,Blood:Neg,Blood:Neg,,,Blood,Neg,RHU175_SEMIQUANT_V1_2026-05-03T13-28-39.zip,1,1,0,,308.132812,0.283362,0.188671,306.370392,0.267195,0.173689,250.851196,0.016002,0.640060,265.572815,0.008254,0.643948,299.112000,0.008919,0.626071,294.150391,0.012345,0.619459,239.999207,0.015010,0.622689,0.000000,0.000000,0.000000,0.000000,0.000000,0.000000,0.000000,0.000000,0.000000
D1-P171-S1-L5500,RHU175_SEMIQUANT_V1,train,5500,Specific Gravity:1.010,Specific Gravity:1.010,,,Specific Gravity,1.010,RHU175_SEMIQUANT_V1_2026-05-03T13-28-39.zip,1,1,0,,308.132812,0.283362,0.188671,306.370392,0.267195,0.173689,250.851196,0.016002,0.640060,265.572815,0.008254,0.643948,299.112000,0.008919,0.626071,294.150391,0.012345,0.619459,239.999207,0.015010,0.622689,0.000000,0.000000,0.000000,0.000000,0.000000,0.000000,0.000000,0.000000,0.000000
D1-P171-S1-L5500,RHU175_SEMIQUANT_V1,train,5500,Ketone:Neg,Ketone:Neg,,,Ketone,Neg,RHU175_SEMIQUANT_V1_2026-05-03T13-28-39.zip,1,1,0,,308.132812,0.283362,0.188671,306.370392,0.267195,0.173689,250.851196,0.016002,0.640060,265.572815,0.008254,0.643948,299.112000,0.008919,0.626071,294.150391,0.012345,0.619459,239.999207,0.015010,0.622689,0.000000,0.000000,0.000000,0.000000,0.000000,0.000000,0.000000,0.000000,0.000000
D1-P171-S1-L5500,RHU175_SEMIQUANT_V1,train,5500,Bilirubin:Small 17,Bilirubin:Small 17,,,Bilirubin,Small 17,RHU175_SEMIQUANT_V1_2026-05-03T13-28-39.zip,1,1,0,,308.132812,0.283362,0.188671,306.370392,0.267195,0.173689,250.851196,0.016002,0.640060,265.572815,0.008254,0.643948,299.112000,0.008919,0.626071,294.150391,0.012345,0.619459,239.999207,0.015010,0.622689,0.000000,0.000000,0.000000,0.000000,0.000000,0.000000,0.000000,0.000000,0.000000
D1-P171-S1-L5500,RHU175_SEMIQUANT_V1,train,5500,Glucose:Trace 5,Glucose:Trace 5,,,Glucose,Trace 5,RHU175_SEMIQUANT_V1_2026-05-03T13-28-39.zip,1,1,0,,308.132812,0.283362,0.188671,306.370392,0.267195,0.173689,250.851196,0.016002,0.640060,265.572815,0.008254,0.643948,299.112000,0.008919,0.626071,294.150391,0.012345,0.619459,239.999207,0.015010,0.622689,0.000000,0.000000,0.000000,0.000000,0.000000,0.000000,0.000000,0.000000,0.000000
D1-P172-S1-L2700,RHU175_SEMIQUANT_V1,train,2700,Leukocytes:Trace 15,Leukocytes:Trace 15,,,Leukocytes,Trace 15,RHU175_SEMIQUANT_V1_2026-05-03T13-28-39.zip,1,1,0,,19.326401,0.489125,0.195613,14.756800,0.446833,0.180552,239.395203,0.024595,0.654147,262.021606,0.020753,0.658871,118.120003,0.027672,0.647393,120.463997,0.032933,0.637249,309.335999,0.021837,0.632358,0.000000,0.000000,0.000000,0.000000,0.000000,0.000000,0.000000,0.000000,0.000000
D1-P172-S1-L2700,RHU175_SEMIQUANT_V1,train,2700,Nitrite:Positive,Nitrite:Positive,,,Nitrite,Positive,RHU175_SEMIQUANT_V1_2026-05-03T13-28-39.zip,1,1,0,,19.326401,0.489125,0.195613,14.756800,0.446833,0.180552,239.395203,0.024595,0.654147,262.021606,0.020753,0.658871,118.120003,0.027672,0.647393,120.463997,0.032933,0.637249,309.335999,0.021837,0.632358,0.000000,0.000000,0.000000,0.000000,0.000000,0.000000,0.000000,0.000000,0.000000
D1-P172-S1-L2700,RHU175_SEMIQUANT_V1,train,2700,Urobilinogen:3.2,Urobilinogen:3.2,,,Urobilinogen,3.2,RHU175_SEMIQUANT_V1_2026-05-03T13-28-39.zip,1,1,0,,19.326401,0.489125,0.195613,14.756800,0.446833,0.180552,239.395203,0.024595,0.654147,262.021606,0.020753,0.658871,118.120003,0.027672,0.647393,120.463997,0.032933,0.637249,309.335999,0.021837,0.632358,0.000000,0.000000,0.000000,0.000000,0.000000,0.000000,0.000000,0.000000,0.000000
D1-P172-S1-L2700,RHU175_SEMIQUANT_V1,train,2700,Protein:Neg,Protein:Neg,,,Protein,Neg,RHU175_SEMIQUANT_V1_2026-05-03T13-28-39.zip,1,1,0,,19.326401,0.489125,0.195613,14.756800,0.446833,0.180552,239.395203,0.024595,0.654147,262.021606,0.020753,0.658871,118.120003,0.027672,0.647393,120.463997,0.032933,0.637249,309.335999,0.021837,0.632358,0.000000,0.000000,0.000000,0.000000,0.000000,0.000000,0.000000,0.000000,0.000000
D1-P172-S1-L2700,RHU175_SEMIQUANT_V1,train,2700,pH:5.0,pH:5.0,,,pH,5.0,RHU175_SEMIQUANT_V1_2026-05-03T13-28-39.zip,1,1,0,,19.326401,0.489125,0.195613,14.756800,0.446833,0.180552,239.395203,0.024595,0.654147,262.021606,0.020753,0.658871,118.120003,0.027672,0.647393,120.463997,0.032933,0.637249,309.335999,0.021837,0.632358,0.000000,0.000000,0.000000,0.000000,0.000000,0.000000,0.000000,0.000000,0.000000
D1-P172-S1-L2700,RHU175_SEMIQUANT_V1,train,2700,Blood:Neg,Blood:Neg,,,Blood,Neg,RHU175_SEMIQUANT_V1_2026-05-03T13-28-39.zip,1,1,0,,19.326401,0.489125,0.195613,14.756800,0.446833,0.180552,239.395203,0.024595,0.654147,262.021606,0.020753,0.658871,118.120003,0.027672,0.647393,120.463997,0.032933,0.637249,309.335999,0.021837,0.632358,0.000000,0.000000,0.000000,0.000000,0.000000,0.000000,0.000000,0.000000,0.000000
D1-P172-S1-L2700,RHU175_SEMIQUANT_V1,train,2700,Specific Gravity:1.020,Specific Gravity:1.020,,,Specific Gravity,1.020,RHU175_SEMIQUANT_V1_2026-05-03T13-28-39.zip,1,1,0,,19.326401,0.489125,0.195613,14.756800,0.446833,0.180552,239.395203,0.024595,0.654147,262.021606,0.020753,0.658871,118.120003,0.027672,0.647393,120.463997,0.032933,0.637249,309.335999,0.021837,0.632358,0.000000,0.000000,0.000000,0.000000,0.000000,0.000000,0.000000,0.000000,0.000000
D1-P172-S1-L2700,RHU175_SEMIQUANT_V1,train,2700,Ketone:Neg,Ketone:Neg,,,Ketone,Neg,RHU175_SEMIQUANT_V1_2026-05-03T13-28-39.zip,1,1,0,,19.326401,0.489125,0.195613,14.756800,0.446833,0.180552,239.395203,0.024595,0.654147,262.021606,0.020753,0.658871,118.120003,0.027672,0.647393,120.463997,0.032933,0.637249,309.335999,0.021837,0.632358,0.000000,0.000000,0.000000,0.000000,0.000000,0.000000,0.000000,0.000000,0.000000
D1-P172-S1-L2700,RHU175_SEMIQUANT_V1,train,2700,Bilirubin:Small 17,Bilirubin:Small 17,,,Bilirubin,Small 17,RHU175_SEMIQUANT_V1_2026-05-03T13-28-39.zip,1,1,0,,19.326401,0.489125,0.195613,14.756800,0.446833,0.180552,239.395203,0.024595,0.654147,262.021606,0.020753,0.658871,118.120003,0.027672,0.647393,120.463997,0.032933,0.637249,309.335999,0.021837,0.632358,0.000000,0.000000,0.000000,0.000000,0.000000,0.000000,0.000000,0.000000,0.000000
D1-P172-S1-L2700,RHU175_SEMIQUANT_V1,train,2700,Glucose:Neg,Glucose:Neg,,,Glucose,Neg,RHU175_SEMIQUANT_V1_2026-05-03T13-28-39.zip,1,1,0,,19.326401,0.489125,0.195613,14.756800,0.446833,0.180552,239.395203,0.024595,0.654147,262.021606,0.020753,0.658871,118.120003,0.027672,0.647393,120.463997,0.032933,0.637249,309.335999,0.021837,0.632358,0.000000,0.000000,0.000000,0.000000,0.000000,0.000000,0.000000,0.000000,0.000000
D1-P172-S1-L5500,RHU175_SEMIQUANT_V1,train,5500,Leukocytes:Trace 15,Leukocytes:Trace 15,,,Leukocytes,Trace 15,RHU175_SEMIQUANT_V1_2026-05-03T13-28-39.zip,1,1,0,,307.811188,0.277788,0.172242,306.564789,0.236253,0.205344,130.755997,0.009564,0.618058,146.287994,0.007109,0.618359,291.548004,0.020566,0.609224,271.538391,0.028179,0.602686,252.885605,0.027729,0.602380,0.000000,0.000000,0.000000,0.000000,0.000000,0.000000,0.000000,0.000000,0.000000
D1-P172-S1-L5500,RHU175_SEMIQUANT_V1,train,5500,Nitrite:Positive,Nitrite:Positive,,,Nitrite,Positive,RHU175_SEMIQUANT_V1_2026-05-03T13-28-39.zip,1,1,0,,307.811188,0.277788,0.172242,306.564789,0.236253,0.205344,130.755997,0.009564,0.618058,146.287994,0.007109,0.618359,291.548004,0.020566,0.609224,271.538391,0.028179,0.602686,252.885605,0.027729,0.602380,0.000000,0.000000,0.000000,0.000000,0.000000,0.000000,0.000000,0.000000,0.000000
D1-P172-S1-L5500,RHU175_SEMIQUANT_V1,train,5500,Urobilinogen:3.2,Urobilinogen:3.2,,,Urobilinogen,3.2,RHU175_SEMIQUANT_V1_2026-05-03T13-28-39.zip,1,1,0,,307.811188,0.277788,0.172242,306.564789,0.236253,0.205344,130.755997,0.009564,0.618058,146.287994,0.007109,0.618359,291.548004,0.020566,0.609224,271.538391,0.028179,0.602686,252.885605,0.027729,0.602380,0.000000,0.000000,0.000000,0.000000,0.000000,0.000000,0.000000,0.000000,0.000000
D1-P172-S1-L5500,RHU175_SEMIQUANT_V1,train,5500,Protein:Neg,Protein:Neg,,,Protein,Neg,RHU175_SEMIQUANT_V1_2026-05-03T13-28-39.zip,1,1,0,,307.811188,0.277788,0.172242,306.564789,0.236253,0.205344,130.755997,0.009564,0.618058,146.287994,0.007109,0.618359,291.548004,0.020566,0.609224,271.538391,0.028179,0.602686,252.885605,0.027729,0.602380,0.000000,0.000000,0.000000,0.000000,0.000000,0.000000,0.000000,0.000000,0.000000
D1-P172-S1-L5500,RHU175_SEMIQUANT_V1,train,5500,pH:5.0,pH:5.0,,,pH,5.0,RHU175_SEMIQUANT_V1_2026-05-03T13-28-39.zip,1,1,0,,307.811188,0.277788,0.172242,306.564789,0.236253,0.205344,130.755997,0.009564,0.618058,146.287994,0.007109,0.618359,291.548004,0.020566,0.609224,271.538391,0.028179,0.602686,252.885605,0.027729,0.602380,0.000000,0.000000,0.000000,0.000000,0.000000,0.000000,0.000000,0.000000,0.000000
D1-P172-S1-L5500,RHU175_SEMIQUANT_V1,train,5500,Blood:Neg,Blood:Neg,,,Blood,Neg,RHU175_SEMIQUANT_V1_2026-05-03T13-28-39.zip,1,1,0,,307.811188,0.277788,0.172242,306.564789,0.236253,0.205344,130.755997,0.009564,0.618058,146.287994,0.007109,0.618359,291.548004,0.020566,0.609224,271.538391,0.028179,0.602686,252.885605,0.027729,0.602380,0.000000,0.000000,0.000000,0.000000,0.000000,0.000000,0.000000,0.000000,0.000000
D1-P172-S1-L5500,RHU175_SEMIQUANT_V1,train,5500,Specific Gravity:1.020,Specific Gravity:1.020,,,Specific Gravity,1.020,RHU175_SEMIQUANT_V1_2026-05-03T13-28-39.zip,1,1,0,,307.811188,0.277788,0.172242,306.564789,0.236253,0.205344,130.755997,0.009564,0.618058,146.287994,0.007109,0.618359,291.548004,0.020566,0.609224,271.538391,0.028179,0.602686,252.885605,0.027729,0.602380,0.000000,0.000000,0.000000,0.000000,0.000000,0.000000,0.000000,0.000000,0.000000
D1-P172-S1-L5500,RHU175_SEMIQUANT_V1,train,5500,Ketone:Neg,Ketone:Neg,,,Ketone,Neg,RHU175_SEMIQUANT_V1_2026-05-03T13-28-39.zip,1,1,0,,307.811188,0.277788,0.172242,306.564789,0.236253,0.205344,130.755997,0.009564,0.618058,146.287994,0.007109,0.618359,291.548004,0.020566,0.609224,271.538391,0.028179,0.602686,252.885605,0.027729,0.602380,0.000000,0.000000,0.000000,0.000000,0.000000,0.000000,0.000000,0.000000,0.000000
D1-P172-S1-L5500,RHU175_SEMIQUANT_V1,train,5500,Bilirubin:Small 17,Bilirubin:Small 17,,,Bilirubin,Small 17,RHU175_SEMIQUANT_V1_2026-05-03T13-28-39.zip,1,1,0,,307.811188,0.277788,0.172242,306.564789,0.236253,0.205344,130.755997,0.009564,0.618058,146.287994,0.007109,0.618359,291.548004,0.020566,0.609224,271.538391,0.028179,0.602686,252.885605,0.027729,0.602380,0.000000,0.000000,0.000000,0.000000,0.000000,0.000000,0.000000,0.000000,0.000000
D1-P172-S1-L5500,RHU175_SEMIQUANT_V1,train,5500,Glucose:Neg,Glucose:Neg,,,Glucose,Neg,RHU175_SEMIQUANT_V1_2026-05-03T13-28-39.zip,1,1,0,,307.811188,0.277788,0.172242,306.564789,0.236253,0.205344,130.755997,0.009564,0.618058,146.287994,0.007109,0.618359,291.548004,0.020566,0.609224,271.538391,0.028179,0.602686,252.885605,0.027729,0.602380,0.000000,0.000000,0.000000,0.000000,0.000000,0.000000,0.000000,0.000000,0.000000
D1-P173-S1-L2700,RHU175_SEMIQUANT_V1,train,2700,Leukocytes:Trace 15,Leukocytes:Trace 15,,,Leukocytes,Trace 15,RHU175_SEMIQUANT_V1_2026-05-03T13-28-39.zip,1,1,0,,243.908005,0.016461,0.677934,284.138397,0.017691,0.670243,216.471207,0.021848,0.663744,112.491203,0.026028,0.657594,46.851200,0.033349,0.648744,24.695999,0.039509,0.641457,17.112801,0.034891,0.637933,3.244000,0.003341,0.073393,0.000000,0.000000,0.000000,0.000000,0.000000,0.000000
D1-P173-S1-L2700,RHU175_SEMIQUANT_V1,train,2700,Nitrite:Positive,Nitrite:Positive,,,Nitrite,Positive,RHU175_SEMIQUANT_V1_2026-05-03T13-28-39.zip,1,1,0,,243.908005,0.016461,0.677934,284.138397,0.017691,0.670243,216.471207,0.021848,0.663744,112.491203,0.026028,0.657594,46.851200,0.033349,0.648744,24.695999,0.039509,0.641457,17.112801,0.034891,0.637933,3.244000,0.003341,0.073393,0.000000,0.000000,0.000000,0.000000,0.000000,0.000000
D1-P173-S1-L2700,RHU175_SEMIQUANT_V1,train,2700,Urobilinogen:3.2,Urobilinogen:3.2,,,Urobilinogen,3.2,RHU175_SEMIQUANT_V1_2026-05-03T13-28-39.zip,1,1,0,,243.908005,0.016461,0.677934,284.138397,0.017691,0.670243,216.471207,0.021848,0.663744,112.491203,0.026028,0.657594,46.851200,0.033349,0.648744,24.695999,0.039509,0.641457,17.112801,0.034891,0.637933,3.244000,0.003341,0.073393,0.000000,0.000000,0.000000,0.000000,0.000000,0.000000
D1-P173-S1-L2700,RHU175_SEMIQUANT_V1,train,2700,Protein:Neg,Protein:Neg,,,Protein,Neg,RHU175_SEMIQUANT_V1_2026-05-03T13-28-39.zip,1,1,0,,243.908005,0.016461,0.677934,284.138397,0.017691,0.670243,216.471207,0.021848,0.663744,112.491203,0.026028,0.657594,46.851200,0.033349,0.648744,24.695999,0.039509,0.641457,17.112801,0.034891,0.637933,3.244000,0.003341,0.073393,0.000000,0.000000,0.000000,0.000000,0.000000,0.000000
D1-P173-S1-L2700,RHU175_SEMIQUANT_V1,train,2700,pH:5.0,pH:5.0,,,pH,5.0,RHU175_SEMIQUANT_V1_2026-05-03T13-28-39.zip,1,1,0,,243.908005,0.016461,0.677934,284.138397,0.017691,0.670243,216.471207,0.021848,0.663744,112.491203,0.026028,0.657594,46.851200,0.033349,0.648744,24.695999,0.039509,0.641457,17.112801,0.034891,0.637933,3.244000,0.003341,0.073393,0.000000,0.000000,0.000000,0.000000,0.000000,0.000000
D1-P173-S1-L2700,RHU175_SEMIQUANT_V1,train,2700,Blood:Neg,Blood:Neg,,,Blood,Neg,RHU175_SEMIQUANT_V1_2026-05-03T13-28-39.zip,1,1,0,,243.908005,0.016461,0.677934,284.138397,0.017691,0.670243,216.471207,0.021848,0.663744,112.491203,0.026028,0.657594,46.851200,0.033349,0.648744,24.695999,0.039509,0.641457,17.112801,0.034891,0.637933,3.244000,0.003341,0.073393,0.000000,0.000000,0.000000,0.000000,0.000000,0.000000
D1-P173-S1-L2700,RHU175_SEMIQUANT_V1,train,2700,Specific Gravity:1.025,Specific Gravity:1.025,,,Specific Gravity,1.025,RHU175_SEMIQUANT_V1_2026-05-03T13-28-39.zip,1,1,0,,243.908005,0.016461,0.677934,284.138397,0.017691,0.670243,216.471207,0.021848,0.663744,112.491203,0.026028,0.657594,46.851200,0.033349,0.648744,24.695999,0.039509,0.641457,17.112801,0.034891,0.637933,3.244000,0.003341,0.073393,0.000000,0.000000,0.000000,0.000000,0.000000,0.000000
D1-P173-S1-L2700,RHU175_SEMIQUANT_V1,train,2700,Ketone:Neg,Ketone:Neg,,,Ketone,Neg,RHU175_SEMIQUANT_V1_2026-05-03T13-28-39.zip,1,1,0,,243.908005,0.016461,0.677934,284.138397,0.017691,0.670243,216.471207,0.021848,0.663744,112.491203,0.026028,0.657594,46.851200,0.033349,0.648744,24.695999,0.039509,0.641457,17.112801,0.034891,0.637933,3.244000,0.003341,0.073393,0.000000,0.000000,0.000000,0.000000,0.000000,0.000000
D1-P173-S1-L2700,RHU175_SEMIQUANT_V1,train,2700,Bilirubin:Small 17,Bilirubin:Small 17,,,Bilirubin,Small 17,RHU175_SEMIQUANT_V1_2026-05-03T13-28-39.zip,1,1,0,,243.908005,0.016461,0.677934,284.138397,0.017691,0.670243,216.471207,0.021848,0.663744,112.491203,0.026028,0.657594,46.851200,0.033349,0.648744,24.695999,0.039509,0.641457,17.112801,0.034891,0.637933,3.244000,0.003341,0.073393,0.000000,0.000000,0.000000,0.000000,0.000000,0.000000
D1-P173-S1-L2700,RHU175_SEMIQUANT_V1,train,2700,Glucose:Neg,Glucose:Neg,,,Glucose,Neg,RHU175_SEMIQUANT_V1_2026-05-03T13-28-39.zip,1,1,0,,243.908005,0.016461,0.677934,284.138397,0.017691,0.670243,216.471207,0.021848,0.663744,112.491203,0.026028,0.657594,46.851200,0.033349,0.648744,24.695999,0.039509,0.641457,17.112801,0.034891,0.637933,3.244000,0.003341,0.073393,0.000000,0.000000,0.000000,0.000000,0.000000,0.000000
D1-P173-S1-L4000,RHU175_SEMIQUANT_V1,train,4000,Leukocytes:Trace 15,Leukocytes:Trace 15,,,Leukocytes,Trace 15,RHU175_SEMIQUANT_V1_2026-05-03T13-28-39.zip,1,1,0,,216.380798,0.528794,0.247457,215.643997,0.539205,0.235095,225.420807,0.039641,0.717564,221.532806,0.038102,0.716180,220.576797,0.046069,0.708260,217.307205,0.054773,0.702513,207.726395,0.060538,0.706011,20.772800,0.005937,0.070551,0.000000,0.000000,0.000000,0.000000,0.000000,0.000000
D1-P173-S1-L4000,RHU175_SEMIQUANT_V1,train,4000,Nitrite:Positive,Nitrite:Positive,,,Nitrite,Positive,RHU175_SEMIQUANT_V1_2026-05-03T13-28-39.zip,1,1,0,,216.380798,0.528794,0.247457,215.643997,0.539205,0.235095,225.420807,0.039641,0.717564,221.532806,0.038102,0.716180,220.576797,0.046069,0.708260,217.307205,0.054773,0.702513,207.726395,0.060538,0.706011,20.772800,0.005937,0.070551,0.000000,0.000000,0.000000,0.000000,0.000000,0.000000
D1-P173-S1-L4000,RHU175_SEMIQUANT_V1,train,4000,Urobilinogen:3.2,Urobilinogen:3.2,,,Urobilinogen,3.2,RHU175_SEMIQUANT_V1_2026-05-03T13-28-39.zip,1,1,0,,216.380798,0.528794,0.247457,215.643997,0.539205,0.235095,225.420807,0.039641,0.717564,221.532806,0.038102,0.716180,220.576797,0.046069,0.708260,217.307205,0.054773,0.702513,207.726395,0.060538,0.706011,20.772800,0.005937,0.070551,0.000000,0.000000,0.000000,0.000000,0.000000,0.000000
D1-P173-S1-L4000,RHU175_SEMIQUANT_V1,train,4000,Protein:Neg,Protein:Neg,,,Protein,Neg,RHU175_SEMIQUANT_V1_2026-05-03T13-28-39.zip,1,1,0,,216.380798,0.528794,0.247457,215.643997,0.539205,0.235095,225.420807,0.039641,0.717564,221.532806,0.038102,0.716180,220.576797,0.046069,0.708260,217.307205,0.054773,0.702513,207.726395,0.060538,0.706011,20.772800,0.005937,0.070551,0.000000,0.000000,0.000000,0.000000,0.000000,0.000000
D1-P173-S1-L4000,RHU175_SEMIQUANT_V1,train,4000,pH:5.0,pH:5.0,,,pH,5.0,RHU175_SEMIQUANT_V1_2026-05-03T13-28-39.zip,1,1,0,,216.380798,0.528794,0.247457,215.643997,0.539205,0.235095,225.420807,0.039641,0.717564,221.532806,0.038102,0.716180,220.576797,0.046069,0.708260,217.307205,0.054773,0.702513,207.726395,0.060538,0.706011,20.772800,0.005937,0.070551,0.000000,0.000000,0.000000,0.000000,0.000000,0.000000
D1-P173-S1-L4000,RHU175_SEMIQUANT_V1,train,4000,Blood:Neg,Blood:Neg,,,Blood,Neg,RHU175_SEMIQUANT_V1_2026-05-03T13-28-39.zip,1,1,0,,216.380798,0.528794,0.247457,215.643997,0.539205,0.235095,225.420807,0.039641,0.717564,221.532806,0.038102,0.716180,220.576797,0.046069,0.708260,217.307205,0.054773,0.702513,207.726395,0.060538,0.706011,20.772800,0.005937,0.070551,0.000000,0.000000,0.000000,0.000000,0.000000,0.000000
D1-P173-S1-L4000,RHU175_SEMIQUANT_V1,train,4000,Specific Gravity:1.025,Specific Gravity:1.025,,,Specific Gravity,1.025,RHU175_SEMIQUANT_V1_2026-05-03T13-28-39.zip,1,1,0,,216.380798,0.528794,0.247457,215.643997,0.539205,0.235095,225.420807,0.039641,0.717564,221.532806,0.038102,0.716180,220.576797,0.046069,0.708260,217.307205,0.054773,0.702513,207.726395,0.060538,0.706011,20.772800,0.005937,0.070551,0.000000,0.000000,0.000000,0.000000,0.000000,0.000000
D1-P173-S1-L4000,RHU175_SEMIQUANT_V1,train,4000,Ketone:Neg,Ketone:Neg,,,Ketone,Neg,RHU175_SEMIQUANT_V1_2026-05-03T13-28-39.zip,1,1,0,,216.380798,0.528794,0.247457,215.643997,0.539205,0.235095,225.420807,0.039641,0.717564,221.532806,0.038102,0.716180,220.576797,0.046069,0.708260,217.307205,0.054773,0.702513,207.726395,0.060538,0.706011,20.772800,0.005937,0.070551,0.000000,0.000000,0.000000,0.000000,0.000000,0.000000
D1-P173-S1-L4000,RHU175_SEMIQUANT_V1,train,4000,Bilirubin:Small 17,Bilirubin:Small 17,,,Bilirubin,Small 17,RHU175_SEMIQUANT_V1_2026-05-03T13-28-39.zip,1,1,0,,216.380798,0.528794,0.247457,215.643997,0.539205,0.235095,225.420807,0.039641,0.717564,221.532806,0.038102,0.716180,220.576797,0.046069,0.708260,217.307205,0.054773,0.702513,207.726395,0.060538,0.706011,20.772800,0.005937,0.070551,0.000000,0.000000,0.000000,0.000000,0.000000,0.000000
D1-P173-S1-L4000,RHU175_SEMIQUANT_V1,train,4000,Glucose:Neg,Glucose:Neg,,,Glucose,Neg,RHU175_SEMIQUANT_V1_2026-05-03T13-28-39.zip,1,1,0,,216.380798,0.528794,0.247457,215.643997,0.539205,0.235095,225.420807,0.039641,0.717564,221.532806,0.038102,0.716180,220.576797,0.046069,0.708260,217.307205,0.054773,0.702513,207.726395,0.060538,0.706011,20.772800,0.005937,0.070551,0.000000,0.000000,0.000000,0.000000,0.000000,0.000000
D1-P174-S1-L2700,RHU175_SEMIQUANT_V1,train,2700,Leukocytes:Trace 15,Leukocytes:Trace 15,,,Leukocytes,Trace 15,RHU175_SEMIQUANT_V1_2026-05-03T13-28-39.zip,1,1,0,,275.117615,0.016629,0.680566,298.832794,0.016322,0.670913,282.965607,0.020246,0.659933,146.035995,0.023893,0.651925,40.902401,0.031570,0.643335,12.928000,0.040916,0.632692,14.334400,0.039917,0.629304,4.324800,0.004008,0.087558,0.000000,0.000000,0.000000,0.000000,0.000000,0.000000
D1-P174-S1-L2700,RHU175_SEMIQUANT_V1,train,2700,Nitrite:Positive,Nitrite:Positive,,,Nitrite,Positive,RHU175_SEMIQUANT_V1_2026-05-03T13-28-39.zip,1,1,0,,275.117615,0.016629,0.680566,298.832794,0.016322,0.670913,282.965607,0.020246,0.659933,146.035995,0.023893,0.651925,40.902401,0.031570,0.643335,12.928000,0.040916,0.632692,14.334400,0.039917,0.629304,4.324800,0.004008,0.087558,0.000000,0.000000,0.000000,0.000000,0.000000,0.000000
D1-P174-S1-L2700,RHU175_SEMIQUANT_V1,train,2700,Urobilinogen:3.2,Urobilinogen:3.2,,,Urobilinogen,3.2,RHU175_SEMIQUANT_V1_2026-05-03T13-28-39.zip,1,1,0,,275.117615,0.016629,0.680566,298.832794,0.016322,0.670913,282.965607,0.020246,0.659933,146.035995,0.023893,0.651925,40.902401,0.031570,0.643335,12.928000,0.040916,0.632692,14.334400,0.039917,0.629304,4.324800,0.004008,0.087558,0.000000,0.000000,0.000000,0.000000,0.000000,0.000000
D1-P174-S1-L2700,RHU175_SEMIQUANT_V1,train,2700,Protein:Neg,Protein:Neg,,,Protein,Neg,RHU175_SEMIQUANT_V1_2026-05-03T13-28-39.zip,1,1,0,,275.117615,0.016629,0.680566,298.832794,0.016322,0.670913,282.965607,0.020246,0.659933,146.035995,0.023893,0.651925,40.902401,0.031570,0.643335,12.928000,0.040916,0.632692,14.334400,0.039917,0.629304,4.324800,0.004008,0.087558,0.000000,0.000000,0.000000,0.000000,0.000000,0.000000
D1-P174-S1-L2700,RHU175_SEMIQUANT_V1,train,2700,pH:5.0,pH:5.0,,,pH,5.0,RHU175_SEMIQUANT_V1_2026-05-03T13-28-39.zip,1,1,0,,275.117615,0.016629,0.680566,298.832794,0.016322,0.670913,282.965607,0.020246,0.659933,146.035995,0.023893,0.651925,40.902401,0.031570,0.643335,12.928000,0.040916,0.632692,14.334400,0.039917,0.629304,4.324800,0.004008,0.087558,0.000000,0.000000,0.000000,0.000000,0.000000,0.000000
D1-P174-S1-L2700,RHU175_SEMIQUANT_V1,train,2700,Blood:Neg,Blood:Neg,,,Blood,Neg,RHU175_SEMIQUANT_V1_2026-05-03T13-28-39.zip,1,1,0,,275.117615,0.016629,0.680566,298.832794,0.016322,0.670913,282.965607,0.020246,0.659933,146.035995,0.023893,0.651925,40.902401,0.031570,0.643335,12.928000,0.040916,0.632692,14.334400,0.039917,0.629304,4.324800,0.004008,0.087558,0.000000,0.000000,0.000000,0.000000,0.000000,0.000000
D1-P174-S1-L2700,RHU175_SEMIQUANT_V1,train,2700,Specific Gravity:1.025,Specific Gravity:1.025,,,Specific Gravity,1.025,RHU175_SEMIQUANT_V1_2026-05-03T13-28-39.zip,1,1,0,,275.117615,0.016629,0.680566,298.832794,0.016322,0.670913,282.965607,0.020246,0.659933,146.035995,0.023893,0.651925,40.902401,0.031570,0.643335,12.928000,0.040916,0.632692,14.334400,0.039917,0.629304,4.324800,0.004008,0.087558,0.000000,0.000000,0.000000,0.000000,0.000000,0.000000
D1-P174-S1-L2700,RHU175_SEMIQUANT_V1,train,2700,Ketone:Neg,Ketone:Neg,,,Ketone,Neg,RHU175_SEMIQUANT_V1_2026-05-03T13-28-39.zip,1,1,0,,275.117615,0.016629,0.680566,298.832794,0.016322,0.670913,282.965607,0.020246,0.659933,146.035995,0.023893,0.651925,40.902401,0.031570,0.643335,12.928000,0.040916,0.632692,14.334400,0.039917,0.629304,4.324800,0.004008,0.087558,0.000000,0.000000,0.000000,0.000000,0.000000,0.000000
D1-P174-S1-L2700,RHU175_SEMIQUANT_V1,train,2700,Bilirubin:Small 17,Bilirubin:Small 17,,,Bilirubin,Small 17,RHU175_SEMIQUANT_V1_2026-05-03T13-28-39.zip,1,1,0,,275.117615,0.016629,0.680566,298.832794,0.016322,0.670913,282.965607,0.020246,0.659933,146.035995,0.023893,0.651925,40.902401,0.031570,0.643335,12.928000,0.040916,0.632692,14.334400,0.039917,0.629304,4.324800,0.004008,0.087558,0.000000,0.000000,0.000000,0.000000,0.000000,0.000000
D1-P174-S1-L2700,RHU175_SEMIQUANT_V1,train,2700,Glucose:Neg,Glucose:Neg,,,Glucose,Neg,RHU175_SEMIQUANT_V1_2026-05-03T13-28-39.zip,1,1,0,,275.117615,0.016629,0.680566,298.832794,0.016322,0.670913,282.965607,0.020246,0.659933,146.035995,0.023893,0.651925,40.902401,0.031570,0.643335,12.928000,0.040916,0.632692,14.334400,0.039917,0.629304,4.324800,0.004008,0.087558,0.000000,0.000000,0.000000,0.000000,0.000000,0.000000
D1-P174-S1-L4000,RHU175_SEMIQUANT_V1,train,4000,Leukocytes:Trace 15,Leukocytes:Trace 15,,,Leukocytes,Trace 15,RHU175_SEMIQUANT_V1_2026-05-03T13-28-39.zip,1,1,0,,216.731995,0.519540,0.244596,216.776001,0.507165,0.259324,223.399200,0.037876,0.714050,220.355194,0.042910,0.706188,217.578400,0.050756,0.697796,214.048004,0.060453,0.692199,206.794403,0.064841,0.695021,20.724800,0.005887,0.070061,0.000000,0.000000,0.000000,0.000000,0.000000,0.000000
D1-P174-S1-L4000,RHU175_SEMIQUANT_V1,train,4000,Nitrite:Positive,Nitrite:Positive,,,Nitrite,Positive,RHU175_SEMIQUANT_V1_2026-05-03T13-28-39.zip,1,1,0,,216.731995,0.519540,0.244596,216.776001,0.507165,0.259324,223.399200,0.037876,0.714050,220.355194,0.042910,0.706188,217.578400,0.050756,0.697796,214.048004,0.060453,0.692199,206.794403,0.064841,0.695021,20.724800,0.005887,0.070061,0.000000,0.000000,0.000000,0.000000,0.000000,0.000000
D1-P174-S1-L4000,RHU175_SEMIQUANT_V1,train,4000,Urobilinogen:3.2,Urobilinogen:3.2,,,Urobilinogen,3.2,RHU175_SEMIQUANT_V1_2026-05-03T13-28-39.zip,1,1,0,,216.731995,0.519540,0.244596,216.776001,0.507165,0.259324,223.399200,0.037876,0.714050,220.355194,0.042910,0.706188,217.578400,0.050756,0.697796,214.048004,0.060453,0.692199,206.794403,0.064841,0.695021,20.724800,0.005887,0.070061,0.000000,0.000000,0.000000,0.000000,0.000000,0.000000
D1-P174-S1-L4000,RHU175_SEMIQUANT_V1,train,4000,Protein:Neg,Protein:Neg,,,Protein,Neg,RHU175_SEMIQUANT_V1_2026-05-03T13-28-39.zip,1,1,0,,216.731995,0.519540,0.244596,216.776001,0.507165,0.259324,223.399200,0.037876,0.714050,220.355194,0.042910,0.706188,217.578400,0.050756,0.697796,214.048004,0.060453,0.692199,206.794403,0.064841,0.695021,20.724800,0.005887,0.070061,0.000000,0.000000,0.000000,0.000000,0.000000,0.000000
D1-P174-S1-L4000,RHU175_SEMIQUANT_V1,train,4000,pH:5.0,pH:5.0,,,pH,5.0,RHU175_SEMIQUANT_V1_2026-05-03T13-28-39.zip,1,1,0,,216.731995,0.519540,0.244596,216.776001,0.507165,0.259324,223.399200,0.037876,0.714050,220.355194,0.042910,0.706188,217.578400,0.050756,0.697796,214.048004,0.060453,0.692199,206.794403,0.064841,0.695021,20.724800,0.005887,0.070061,0.000000,0.000000,0.000000,0.000000,0.000000,0.000000
D1-P174-S1-L4000,RHU175_SEMIQUANT_V1,train,4000,Blood:Neg,Blood:Neg,,,Blood,Neg,RHU175_SEMIQUANT_V1_2026-05-03T13-28-39.zip,1,1,0,,216.731995,0.519540,0.244596,216.776001,0.507165,0.259324,223.399200,0.037876,0.714050,220.355194,0.042910,0.706188,217.578400,0.050756,0.697796,214.048004,0.060453,0.692199,206.794403,0.064841,0.695021,20.724800,0.005887,0.070061,0.000000,0.000000,0.000000,0.000000,0.000000,0.000000
D1-P174-S1-L4000,RHU175_SEMIQUANT_V1,train,4000,Specific Gravity:1.025,Specific Gravity:1.025,,,Specific Gravity,1.025,RHU175_SEMIQUANT_V1_2026-05-03T13-28-39.zip,1,1,0,,216.731995,0.519540,0.244596,216.776001,0.507165,0.259324,223.399200,0.037876,0.714050,220.355194,0.042910,0.706188,217.578400,0.050756,0.697796,214.048004,0.060453,0.692199,206.794403,0.064841,0.695021,20.724800,0.005887,0.070061,0.000000,0.000000,0.000000,0.000000,0.000000,0.000000
D1-P174-S1-L4000,RHU175_SEMIQUANT_V1,train,4000,Ketone:Neg,Ketone:Neg,,,Ketone,Neg,RHU175_SEMIQUANT_V1_2026-05-03T13-28-39.zip,1,1,0,,216.731995,0.519540,0.244596,216.776001,0.507165,0.259324,223.399200,0.037876,0.714050,220.355194,0.042910,0.706188,217.578400,0.050756,0.697796,214.048004,0.060453,0.692199,206.794403,0.064841,0.695021,20.724800,0.005887,0.070061,0.000000,0.000000,0.000000,0.000000,0.000000,0.000000
D1-P174-S1-L4000,RHU175_SEMIQUANT_V1,train,4000,Bilirubin:Small 17,Bilirubin:Small 17,,,Bilirubin,Small 17,RHU175_SEMIQUANT_V1_2026-05-03T13-28-39.zip,1,1,0,,216.731995,0.519540,0.244596,216.776001,0.507165,0.259324,223.399200,0.037876,0.714050,220.355194,0.042910,0.706188,217.578400,0.050756,0.697796,214.048004,0.060453,0.692199,206.794403,0.064841,0.695021,20.724800,0.005887,0.070061,0.000000,0.000000,0.000000,0.000000,0.000000,0.000000
D1-P174-S1-L4000,RHU175_SEMIQUANT_V1,train,4000,Glucose:Neg,Glucose:Neg,,,Glucose,Neg,RHU175_SEMIQUANT_V1_2026-05-03T13-28-39.zip,1,1,0,,216.731995,0.519540,0.244596,216.776001,0.507165,0.259324,223.399200,0.037876,0.714050,220.355194,0.042910,0.706188,217.578400,0.050756,0.697796,214.048004,0.060453,0.692199,206.794403,0.064841,0.695021,20.724800,0.005887,0.070061,0.000000,0.000000,0.000000,0.000000,0.000000,0.000000
D1-P175-S1-L2700,RHU175_SEMIQUANT_V1,train,2700,Leukocytes:Trace 15,Leukocytes:Trace 15,,,Leukocytes,Trace 15,RHU175_SEMIQUANT_V1_2026-05-03T13-28-39.zip,1,1,0,,241.474396,0.132303,0.948847,57.450401,0.076072,0.821175,183.994400,0.171054,0.959020,180.000000,0.125194,1.000000,180.248795,0.151802,1.000000,192.897598,0.205622,1.000000,196.095993,0.238242,0.998747,171.678406,0.190071,1.000000,67.980797,0.991768,0.989774,68.037598,0.997653,0.968039
D1-P175-S1-L2700,RHU175_SEMIQUANT_V1,train,2700,Nitrite:Positive,Nitrite:Positive,,,Nitrite,Positive,RHU175_SEMIQUANT_V1_2026-05-03T13-28-39.zip,1,1,0,,241.474396,0.132303,0.948847,57.450401,0.076072,0.821175,183.994400,0.171054,0.959020,180.000000,0.125194,1.000000,180.248795,0.151802,1.000000,192.897598,0.205622,1.000000,196.095993,0.238242,0.998747,171.678406,0.190071,1.000000,67.980797,0.991768,0.989774,68.037598,0.997653,0.968039
D1-P175-S1-L2700,RHU175_SEMIQUANT_V1,train,2700,Urobilinogen:3.2,Urobilinogen:3.2,,,Urobilinogen,3.2,RHU175_SEMIQUANT_V1_2026-05-03T13-28-39.zip,1,1,0,,241.474396,0.132303,0.948847,57.450401,0.076072,0.821175,183.994400,0.171054,0.959020,180.000000,0.125194,1.000000,180.248795,0.151802,1.000000,192.897598,0.205622,1.000000,196.095993,0.238242,0.998747,171.678406,0.190071,1.000000,67.980797,0.991768,0.989774,68.037598,0.997653,0.968039
D1-P175-S1-L2700,RHU175_SEMIQUANT_V1,train,2700,Protein:Neg,Protein:Neg,,,Protein,Neg,RHU175_SEMIQUANT_V1_2026-05-03T13-28-39.zip,1,1,0,,241.474396,0.132303,0.948847,57.450401,0.076072,0.821175,183.994400,0.171054,0.959020,180.000000,0.125194,1.000000,180.248795,0.151802,1.000000,192.897598,0.205622,1.000000,196.095993,0.238242,0.998747,171.678406,0.190071,1.000000,67.980797,0.991768,0.989774,68.037598,0.997653,0.968039
D1-P175-S1-L2700,RHU175_SEMIQUANT_V1,train,2700,pH:6.0,pH:6.0,,,pH,6.0,RHU175_SEMIQUANT_V1_2026-05-03T13-28-39.zip,1,1,0,,241.474396,0.132303,0.948847,57.450401,0.076072,0.821175,183.994400,0.171054,0.959020,180.000000,0.125194,1.000000,180.248795,0.151802,1.000000,192.897598,0.205622,1.000000,196.095993,0.238242,0.998747,171.678406,0.190071,1.000000,67.980797,0.991768,0.989774,68.037598,0.997653,0.968039
D1-P175-S1-L2700,RHU175_SEMIQUANT_V1,train,2700,Blood:Neg,Blood:Neg,,,Blood,Neg,RHU175_SEMIQUANT_V1_2026-05-03T13-28-39.zip,1,1,0,,241.474396,0.132303,0.948847,57.450401,0.076072,0.821175,183.994400,0.171054,0.959020,180.000000,0.125194,1.000000,180.248795,0.151802,1.000000,192.897598,0.205622,1.000000,196.095993,0.238242,0.998747,171.678406,0.190071,1.000000,67.980797,0.991768,0.989774,68.037598,0.997653,0.968039
D1-P175-S1-L2700,RHU175_SEMIQUANT_V1,train,2700,Specific Gravity:1.030,Specific Gravity:1.030,,,Specific Gravity,1.030,RHU175_SEMIQUANT_V1_2026-05-03T13-28-39.zip,1,1,0,,241.474396,0.132303,0.948847,57.450401,0.076072,0.821175,183.994400,0.171054,0.959020,180.000000,0.125194,1.000000,180.248795,0.151802,1.000000,192.897598,0.205622,1.000000,196.095993,0.238242,0.998747,171.678406,0.190071,1.000000,67.980797,0.991768,0.989774,68.037598,0.997653,0.968039
D1-P175-S1-L2700,RHU175_SEMIQUANT_V1,train,2700,Ketone:Neg,Ketone:Neg,,,Ketone,Neg,RHU175_SEMIQUANT_V1_2026-05-03T13-28-39.zip,1,1,0,,241.474396,0.132303,0.948847,57.450401,0.076072,0.821175,183.994400,0.171054,0.959020,180.000000,0.125194,1.000000,180.248795,0.151802,1.000000,192.897598,0.205622,1.000000,196.095993,0.238242,0.998747,171.678406,0.190071,1.000000,67.980797,0.991768,0.989774,68.037598,0.997653,0.968039
D1-P175-S1-L2700,RHU175_SEMIQUANT_V1,train,2700,Bilirubin:Small 17,Bilirubin:Small 17,,,Bilirubin,Small 17,RHU175_SEMIQUANT_V1_2026-05-03T13-28-39.zip,1,1,0,,241.474396,0.132303,0.948847,57.450401,0.076072,0.821175,183.994400,0.171054,0.959020,180.000000,0.125194,1.000000,180.248795,0.151802,1.000000,192.897598,0.205622,1.000000,196.095993,0.238242,0.998747,171.678406,0.190071,1.000000,67.980797,0.991768,0.989774,68.037598,0.997653,0.968039
D1-P175-S1-L2700,RHU175_SEMIQUANT_V1,train,2700,Glucose:Neg,Glucose:Neg,,,Glucose,Neg,RHU175_SEMIQUANT_V1_2026-05-03T13-28-39.zip,1,1,0,,241.474396,0.132303,0.948847,57.450401,0.076072,0.821175,183.994400,0.171054,0.959020,180.000000,0.125194,1.000000,180.248795,0.151802,1.000000,192.897598,0.205622,1.000000,196.095993,0.238242,0.998747,171.678406,0.190071,1.000000,67.980797,0.991768,0.989774,68.037598,0.997653,0.968039
D1-P175-S1-L4000,RHU175_SEMIQUANT_V1,train,4000,Leukocytes:Trace 15,Leukocytes:Trace 15,,,Leukocytes,Trace 15,RHU175_SEMIQUANT_V1_2026-05-03T13-28-39.zip,1,1,0,,250.076004,0.054158,0.618151,71.785599,0.015481,0.580251,196.744003,0.194223,0.698124,200.866394,0.280373,0.860709,193.280807,0.178121,0.716158,198.017593,0.209898,0.693073,197.745605,0.242256,0.686097,190.238403,0.269865,0.789843,76.608002,0.357580,0.638922,74.959999,0.366231,0.620113
D1-P175-S1-L4000,RHU175_SEMIQUANT_V1,train,4000,Nitrite:Positive,Nitrite:Positive,,,Nitrite,Positive,RHU175_SEMIQUANT_V1_2026-05-03T13-28-39.zip,1,1,0,,250.076004,0.054158,0.618151,71.785599,0.015481,0.580251,196.744003,0.194223,0.698124,200.866394,0.280373,0.860709,193.280807,0.178121,0.716158,198.017593,0.209898,0.693073,197.745605,0.242256,0.686097,190.238403,0.269865,0.789843,76.608002,0.357580,0.638922,74.959999,0.366231,0.620113
D1-P175-S1-L4000,RHU175_SEMIQUANT_V1,train,4000,Urobilinogen:3.2,Urobilinogen:3.2,,,Urobilinogen,3.2,RHU175_SEMIQUANT_V1_2026-05-03T13-28-39.zip,1,1,0,,250.076004,0.054158,0.618151,71.785599,0.015481,0.580251,196.744003,0.194223,0.698124,200.866394,0.280373,0.860709,193.280807,0.178121,0.716158,198.017593,0.209898,0.693073,197.745605,0.242256,0.686097,190.238403,0.269865,0.789843,76.608002,0.357580,0.638922,74.959999,0.366231,0.620113
D1-P175-S1-L4000,RHU175_SEMIQUANT_V1,train,4000,Protein:Neg,Protein:Neg,,,Protein,Neg,RHU175_SEMIQUANT_V1_2026-05-03T13-28-39.zip,1,1,0,,250.076004,0.054158,0.618151,71.785599,0.015481,0.580251,196.744003,0.194223,0.698124,200.866394,0.280373,0.860709,193.280807,0.178121,0.716158,198.017593,0.209898,0.693073,197.745605,0.242256,0.686097,190.238403,0.269865,0.789843,76.608002,0.357580,0.638922,74.959999,0.366231,0.620113
D1-P175-S1-L4000,RHU175_SEMIQUANT_V1,train,4000,pH:6.0,pH:6.0,,,pH,6.0,RHU175_SEMIQUANT_V1_2026-05-03T13-28-39.zip,1,1,0,,250.076004,0.054158,0.618151,71.785599,0.015481,0.580251,196.744003,0.194223,0.698124,200.866394,0.280373,0.860709,193.280807,0.178121,0.716158,198.017593,0.209898,0.693073,197.745605,0.242256,0.686097,190.238403,0.269865,0.789843,76.608002,0.357580,0.638922,74.959999,0.366231,0.620113
D1-P175-S1-L4000,RHU175_SEMIQUANT_V1,train,4000,Blood:Neg,Blood:Neg,,,Blood,Neg,RHU175_SEMIQUANT_V1_2026-05-03T13-28-39.zip,1,1,0,,250.076004,0.054158,0.618151,71.785599,0.015481,0.580251,196.744003,0.194223,0.698124,200.866394,0.280373,0.860709,193.280807,0.178121,0.716158,198.017593,0.209898,0.693073,197.745605,0.242256,0.686097,190.238403,0.269865,0.789843,76.608002,0.357580,0.638922,74.959999,0.366231,0.620113
D1-P175-S1-L4000,RHU175_SEMIQUANT_V1,train,4000,Specific Gravity:1.030,Specific Gravity:1.030,,,Specific Gravity,1.030,RHU175_SEMIQUANT_V1_2026-05-03T13-28-39.zip,1,1,0,,250.076004,0.054158,0.618151,71.785599,0.015481,0.580251,196.744003,0.194223,0.698124,200.866394,0.280373,0.860709,193.280807,0.178121,0.716158,198.017593,0.209898,0.693073,197.745605,0.242256,0.686097,190.238403,0.269865,0.789843,76.608002,0.357580,0.638922,74.959999,0.366231,0.620113
D1-P175-S1-L4000,RHU175_SEMIQUANT_V1,train,4000,Ketone:Neg,Ketone:Neg,,,Ketone,Neg,RHU175_SEMIQUANT_V1_2026-05-03T13-28-39.zip,1,1,0,,250.076004,0.054158,0.618151,71.785599,0.015481,0.580251,196.744003,0.194223,0.698124,200.866394,0.280373,0.860709,193.280807,0.178121,0.716158,198.017593,0.209898,0.693073,197.745605,0.242256,0.686097,190.238403,0.269865,0.789843,76.608002,0.357580,0.638922,74.959999,0.366231,0.620113
D1-P175-S1-L4000,RHU175_SEMIQUANT_V1,train,4000,Bilirubin:Small 17,Bilirubin:Small 17,,,Bilirubin,Small 17,RHU175_SEMIQUANT_V1_2026-05-03T13-28-39.zip,1,1,0,,250.076004,0.054158,0.618151,71.785599,0.015481,0.580251,196.744003,0.194223,0.698124,200.866394,0.280373,0.860709,193.280807,0.178121,0.716158,198.017593,0.209898,0.693073,197.745605,0.242256,0.686097,190.238403,0.269865,0.789843,76.608002,0.357580,0.638922,74.959999,0.366231,0.620113
D1-P175-S1-L4000,RHU175_SEMIQUANT_V1,train,4000,Glucose:Neg,Glucose:Neg,,,Glucose,Neg,RHU175_SEMIQUANT_V1_2026-05-03T13-28-39.zip,1,1,0,,250.076004,0.054158,0.618151,71.785599,0.015481,0.580251,196.744003,0.194223,0.698124,200.866394,0.280373,0.860709,193.280807,0.178121,0.716158,198.017593,0.209898,0.693073,197.745605,0.242256,0.686097,190.238403,0.269865,0.789843,76.608002,0.357580,0.638922,74.959999,0.366231,0.620113
D1-P175-S1-L5500,RHU175_SEMIQUANT_V1,train,5500,Leukocytes:Trace 15,Leukocytes:Trace 15,,,Leukocytes,Trace 15,RHU175_SEMIQUANT_V1_2026-05-03T13-28-39.zip,1,1,0,,259.457611,0.062165,0.811887,66.329597,0.021191,0.763230,192.066406,0.204690,0.948210,180.001602,0.142260,1.000000,199.807205,0.197228,0.979765,206.213593,0.213159,0.953246,204.143204,0.233416,0.933404,167.133606,0.218880,1.000000,77.411201,0.467680,0.894588,75.762398,0.471321,0.869035
D1-P175-S1-L5500,RHU175_SEMIQUANT_V1,train,5500,Nitrite:Positive,Nitrite:Positive,,,Nitrite,Positive,RHU175_SEMIQUANT_V1_2026-05-03T13-28-39.zip,1,1,0,,259.457611,0.062165,0.811887,66.329597,0.021191,0.763230,192.066406,0.204690,0.948210,180.001602,0.142260,1.000000,199.807205,0.197228,0.979765,206.213593,0.213159,0.953246,204.143204,0.233416,0.933404,167.133606,0.218880,1.000000,77.411201,0.467680,0.894588,75.762398,0.471321,0.869035
D1-P175-S1-L5500,RHU175_SEMIQUANT_V1,train,5500,Urobilinogen:3.2,Urobilinogen:3.2,,,Urobilinogen,3.2,RHU175_SEMIQUANT_V1_2026-05-03T13-28-39.zip,1,1,0,,259.457611,0.062165,0.811887,66.329597,0.021191,0.763230,192.066406,0.204690,0.948210,180.001602,0.142260,1.000000,199.807205,0.197228,0.979765,206.213593,0.213159,0.953246,204.143204,0.233416,0.933404,167.133606,0.218880,1.000000,77.411201,0.467680,0.894588,75.762398,0.471321,0.869035
D1-P175-S1-L5500,RHU175_SEMIQUANT_V1,train,5500,Protein:Neg,Protein:Neg,,,Protein,Neg,RHU175_SEMIQUANT_V1_2026-05-03T13-28-39.zip,1,1,0,,259.457611,0.062165,0.811887,66.329597,0.021191,0.763230,192.066406,0.204690,0.948210,180.001602,0.142260,1.000000,199.807205,0.197228,0.979765,206.213593,0.213159,0.953246,204.143204,0.233416,0.933404,167.133606,0.218880,1.000000,77.411201,0.467680,0.894588,75.762398,0.471321,0.869035
D1-P175-S1-L5500,RHU175_SEMIQUANT_V1,train,5500,pH:6.0,pH:6.0,,,pH,6.0,RHU175_SEMIQUANT_V1_2026-05-03T13-28-39.zip,1,1,0,,259.457611,0.062165,0.811887,66.329597,0.021191,0.763230,192.066406,0.204690,0.948210,180.001602,0.142260,1.000000,199.807205,0.197228,0.979765,206.213593,0.213159,0.953246,204.143204,0.233416,0.933404,167.133606,0.218880,1.000000,77.411201,0.467680,0.894588,75.762398,0.471321,0.869035
D1-P175-S1-L5500,RHU175_SEMIQUANT_V1,train,5500,Blood:Neg,Blood:Neg,,,Blood,Neg,RHU175_SEMIQUANT_V1_2026-05-03T13-28-39.zip,1,1,0,,259.457611,0.062165,0.811887,66.329597,0.021191,0.763230,192.066406,0.204690,0.948210,180.001602,0.142260,1.000000,199.807205,0.197228,0.979765,206.213593,0.213159,0.953246,204.143204,0.233416,0.933404,167.133606,0.218880,1.000000,77.411201,0.467680,0.894588,75.762398,0.471321,0.869035
D1-P175-S1-L5500,RHU175_SEMIQUANT_V1,train,5500,Specific Gravity:1.030,Specific Gravity:1.030,,,Specific Gravity,1.030,RHU175_SEMIQUANT_V1_2026-05-03T13-28-39.zip,1,1,0,,259.457611,0.062165,0.811887,66.329597,0.021191,0.763230,192.066406,0.204690,0.948210,180.001602,0.142260,1.000000,199.807205,0.197228,0.979765,206.213593,0.213159,0.953246,204.143204,0.233416,0.933404,167.133606,0.218880,1.000000,77.411201,0.467680,0.894588,75.762398,0.471321,0.869035
D1-P175-S1-L5500,RHU175_SEMIQUANT_V1,train,5500,Ketone:Neg,Ketone:Neg,,,Ketone,Neg,RHU175_SEMIQUANT_V1_2026-05-03T13-28-39.zip,1,1,0,,259.457611,0.062165,0.811887,66.329597,0.021191,0.763230,192.066406,0.204690,0.948210,180.001602,0.142260,1.000000,199.807205,0.197228,0.979765,206.213593,0.213159,0.953246,204.143204,0.233416,0.933404,167.133606,0.218880,1.000000,77.411201,0.467680,0.894588,75.762398,0.471321,0.869035
D1-P175-S1-L5500,RHU175_SEMIQUANT_V1,train,5500,Bilirubin:Small 17,Bilirubin:Small 17,,,Bilirubin,Small 17,RHU175_SEMIQUANT_V1_2026-05-03T13-28-39.zip,1,1,0,,259.457611,0.062165,0.811887,66.329597,0.021191,0.763230,192.066406,0.204690,0.948210,180.001602,0.142260,1.000000,199.807205,0.197228,0.979765,206.213593,0.213159,0.953246,204.143204,0.233416,0.933404,167.133606,0.218880,1.000000,77.411201,0.467680,0.894588,75.762398,0.471321,0.869035
D1-P175-S1-L5500,RHU175_SEMIQUANT_V1,train,5500,Glucose:Neg,Glucose:Neg,,,Glucose,Neg,RHU175_SEMIQUANT_V1_2026-05-03T13-28-39.zip,1,1,0,,259.457611,0.062165,0.811887,66.329597,0.021191,0.763230,192.066406,0.204690,0.948210,180.001602,0.142260,1.000000,199.807205,0.197228,0.979765,206.213593,0.213159,0.953246,204.143204,0.233416,0.933404,167.133606,0.218880,1.000000,77.411201,0.467680,0.894588,75.762398,0.471321,0.869035
