event_id,batch_id,split,light_kelvin,label_raw,label_canonical,class_label,class_id,analyte,level,source_zip,frames_total,frames_used,frames_skipped,frame_errors,leukocytes_h,leukocytes_s,leukocytes_v,nitrite_h,nitrite_s,nitrite_v,urobilinogen_h,urobilinogen_s,urobilinogen_v,protein_h,protein_s,protein_v,ph_h,ph_s,ph_v,blood_h,blood_s,blood_v,specific_gravity_h,specific_gravity_s,specific_gravity_v,ketone_h,ketone_s,ketone_v,bilirubin_h,bilirubin_s,bilirubin_v,glucose_h,glucose_s,glucose_v
COLORWHEEL_2700_IMG_0541_0001,COLORWHEEL_2700,train,2700,Leukocytes:Neg,Leukocytes:Neg,,,Leukocytes,Neg,COLORWHEEL_2700_SEMIQUANT.zip,1,1,0,,219.313599,0.313307,1.0,219.973602,0.315589,1.0,219.540802,0.312,0.999987,217.985596,0.303617,1.0,217.528,0.300712,1.0,199.952805,0.323169,0.887349,215.122406,0.285964,1.0,215.371994,0.286936,1.0,199.748001,0.338151,0.898574,202.562393,0.349514,0.906897
COLORWHEEL_2700_IMG_0541_0001,COLORWHEEL_2700,train,2700,Nitrite:Neg,Nitrite:Neg,,,Nitrite,Neg,COLORWHEEL_2700_SEMIQUANT.zip,1,1,0,,219.313599,0.313307,1.0,219.973602,0.315589,1.0,219.540802,0.312,0.999987,217.985596,0.303617,1.0,217.528,0.300712,1.0,199.952805,0.323169,0.887349,215.122406,0.285964,1.0,215.371994,0.286936,1.0,199.748001,0.338151,0.898574,202.562393,0.349514,0.906897
COLORWHEEL_2700_IMG_0541_0001,COLORWHEEL_2700,train,2700,Urobilinogen:3.2,Urobilinogen:3.2,,,Urobilinogen,3.2,COLORWHEEL_2700_SEMIQUANT.zip,1,1,0,,219.313599,0.313307,1.0,219.973602,0.315589,1.0,219.540802,0.312,0.999987,217.985596,0.303617,1.0,217.528,0.300712,1.0,199.952805,0.323169,0.887349,215.122406,0.285964,1.0,215.371994,0.286936,1.0,199.748001,0.338151,0.898574,202.562393,0.349514,0.906897
COLORWHEEL_2700_IMG_0541_0001,COLORWHEEL_2700,train,2700,Protein:Neg,Protein:Neg,,,Protein,Neg,COLORWHEEL_2700_SEMIQUANT.zip,1,1,0,,219.313599,0.313307,1.0,219.973602,0.315589,1.0,219.540802,0.312,0.999987,217.985596,0.303617,1.0,217.528,0.300712,1.0,199.952805,0.323169,0.887349,215.122406,0.285964,1.0,215.371994,0.286936,1.0,199.748001,0.338151,0.898574,202.562393,0.349514,0.906897
COLORWHEEL_2700_IMG_0541_0001,COLORWHEEL_2700,train,2700,pH:5.0,pH:5.0,,,pH,5.0,COLORWHEEL_2700_SEMIQUANT.zip,1,1,0,,219.313599,0.313307,1.0,219.973602,0.315589,1.0,219.540802,0.312,0.999987,217.985596,0.303617,1.0,217.528,0.300712,1.0,199.952805,0.323169,0.887349,215.122406,0.285964,1.0,215.371994,0.286936,1.0,199.748001,0.338151,0.898574,202.562393,0.349514,0.906897
COLORWHEEL_2700_IMG_0541_0001,COLORWHEEL_2700,train,2700,Blood:Neg,Blood:Neg,,,Blood,Neg,COLORWHEEL_2700_SEMIQUANT.zip,1,1,0,,219.313599,0.313307,1.0,219.973602,0.315589,1.0,219.540802,0.312,0.999987,217.985596,0.303617,1.0,217.528,0.300712,1.0,199.952805,0.323169,0.887349,215.122406,0.285964,1.0,215.371994,0.286936,1.0,199.748001,0.338151,0.898574,202.562393,0.349514,0.906897
COLORWHEEL_2700_IMG_0541_0001,COLORWHEEL_2700,train,2700,Specific Gravity:1.000,Specific Gravity:1.000,,,Specific Gravity,1.000,COLORWHEEL_2700_SEMIQUANT.zip,1,1,0,,219.313599,0.313307,1.0,219.973602,0.315589,1.0,219.540802,0.312,0.999987,217.985596,0.303617,1.0,217.528,0.300712,1.0,199.952805,0.323169,0.887349,215.122406,0.285964,1.0,215.371994,0.286936,1.0,199.748001,0.338151,0.898574,202.562393,0.349514,0.906897
COLORWHEEL_2700_IMG_0541_0001,COLORWHEEL_2700,train,2700,Ketone:Neg,Ketone:Neg,,,Ketone,Neg,COLORWHEEL_2700_SEMIQUANT.zip,1,1,0,,219.313599,0.313307,1.0,219.973602,0.315589,1.0,219.540802,0.312,0.999987,217.985596,0.303617,1.0,217.528,0.300712,1.0,199.952805,0.323169,0.887349,215.122406,0.285964,1.0,215.371994,0.286936,1.0,199.748001,0.338151,0.898574,202.562393,0.349514,0.906897
COLORWHEEL_2700_IMG_0541_0001,COLORWHEEL_2700,train,2700,Bilirubin:Neg,Bilirubin:Neg,,,Bilirubin,Neg,COLORWHEEL_2700_SEMIQUANT.zip,1,1,0,,219.313599,0.313307,1.0,219.973602,0.315589,1.0,219.540802,0.312,0.999987,217.985596,0.303617,1.0,217.528,0.300712,1.0,199.952805,0.323169,0.887349,215.122406,0.285964,1.0,215.371994,0.286936,1.0,199.748001,0.338151,0.898574,202.562393,0.349514,0.906897
COLORWHEEL_2700_IMG_0541_0001,COLORWHEEL_2700,train,2700,Glucose:Neg,Glucose:Neg,,,Glucose,Neg,COLORWHEEL_2700_SEMIQUANT.zip,1,1,0,,219.313599,0.313307,1.0,219.973602,0.315589,1.0,219.540802,0.312,0.999987,217.985596,0.303617,1.0,217.528,0.300712,1.0,199.952805,0.323169,0.887349,215.122406,0.285964,1.0,215.371994,0.286936,1.0,199.748001,0.338151,0.898574,202.562393,0.349514,0.906897
COLORWHEEL_2700_IMG_0544_0002,COLORWHEEL_2700,train,2700,Leukocytes:Trace 15,Leukocytes:Trace 15,,,Leukocytes,Trace 15,COLORWHEEL_2700_SEMIQUANT.zip,1,1,0,,205.244003,0.324107,1.0,204.509598,0.32987,1.0,202.954407,0.324477,1.0,201.987198,0.310753,1.0,201.976807,0.310905,1.0,195.988007,0.35437,0.925341,199.234406,0.297371,1.0,198.4272,0.296391,1.0,188.028793,0.377263,0.888866,195.210403,0.365644,0.921619
COLORWHEEL_2700_IMG_0544_0002,COLORWHEEL_2700,train,2700,Nitrite:Positive,Nitrite:Positive,,,Nitrite,Positive,COLORWHEEL_2700_SEMIQUANT.zip,1,1,0,,205.244003,0.324107,1.0,204.509598,0.32987,1.0,202.954407,0.324477,1.0,201.987198,0.310753,1.0,201.976807,0.310905,1.0,195.988007,0.35437,0.925341,199.234406,0.297371,1.0,198.4272,0.296391,1.0,188.028793,0.377263,0.888866,195.210403,0.365644,0.921619
COLORWHEEL_2700_IMG_0544_0002,COLORWHEEL_2700,train,2700,Urobilinogen:16,Urobilinogen:16,,,Urobilinogen,16,COLORWHEEL_2700_SEMIQUANT.zip,1,1,0,,205.244003,0.324107,1.0,204.509598,0.32987,1.0,202.954407,0.324477,1.0,201.987198,0.310753,1.0,201.976807,0.310905,1.0,195.988007,0.35437,0.925341,199.234406,0.297371,1.0,198.4272,0.296391,1.0,188.028793,0.377263,0.888866,195.210403,0.365644,0.921619
COLORWHEEL_2700_IMG_0544_0002,COLORWHEEL_2700,train,2700,Protein:Trace,Protein:Trace,,,Protein,Trace,COLORWHEEL_2700_SEMIQUANT.zip,1,1,0,,205.244003,0.324107,1.0,204.509598,0.32987,1.0,202.954407,0.324477,1.0,201.987198,0.310753,1.0,201.976807,0.310905,1.0,195.988007,0.35437,0.925341,199.234406,0.297371,1.0,198.4272,0.296391,1.0,188.028793,0.377263,0.888866,195.210403,0.365644,0.921619
COLORWHEEL_2700_IMG_0544_0002,COLORWHEEL_2700,train,2700,pH:6.0,pH:6.0,,,pH,6.0,COLORWHEEL_2700_SEMIQUANT.zip,1,1,0,,205.244003,0.324107,1.0,204.509598,0.32987,1.0,202.954407,0.324477,1.0,201.987198,0.310753,1.0,201.976807,0.310905,1.0,195.988007,0.35437,0.925341,199.234406,0.297371,1.0,198.4272,0.296391,1.0,188.028793,0.377263,0.888866,195.210403,0.365644,0.921619
COLORWHEEL_2700_IMG_0544_0002,COLORWHEEL_2700,train,2700,Blood:Non-hemolyzed 10,Blood:Non-hemolyzed 10,,,Blood,Non-hemolyzed 10,COLORWHEEL_2700_SEMIQUANT.zip,1,1,0,,205.244003,0.324107,1.0,204.509598,0.32987,1.0,202.954407,0.324477,1.0,201.987198,0.310753,1.0,201.976807,0.310905,1.0,195.988007,0.35437,0.925341,199.234406,0.297371,1.0,198.4272,0.296391,1.0,188.028793,0.377263,0.888866,195.210403,0.365644,0.921619
COLORWHEEL_2700_IMG_0544_0002,COLORWHEEL_2700,train,2700,Specific Gravity:1.005,Specific Gravity:1.005,,,Specific Gravity,1.005,COLORWHEEL_2700_SEMIQUANT.zip,1,1,0,,205.244003,0.324107,1.0,204.509598,0.32987,1.0,202.954407,0.324477,1.0,201.987198,0.310753,1.0,201.976807,0.310905,1.0,195.988007,0.35437,0.925341,199.234406,0.297371,1.0,198.4272,0.296391,1.0,188.028793,0.377263,0.888866,195.210403,0.365644,0.921619
COLORWHEEL_2700_IMG_0544_0002,COLORWHEEL_2700,train,2700,Ketone:Trace 0.5,Ketone:Trace 0.5,,,Ketone,Trace 0.5,COLORWHEEL_2700_SEMIQUANT.zip,1,1,0,,205.244003,0.324107,1.0,204.509598,0.32987,1.0,202.954407,0.324477,1.0,201.987198,0.310753,1.0,201.976807,0.310905,1.0,195.988007,0.35437,0.925341,199.234406,0.297371,1.0,198.4272,0.296391,1.0,188.028793,0.377263,0.888866,195.210403,0.365644,0.921619
COLORWHEEL_2700_IMG_0544_0002,COLORWHEEL_2700,train,2700,Bilirubin:Small 17,Bilirubin:Small 17,,,Bilirubin,Small 17,COLORWHEEL_2700_SEMIQUANT.zip,1,1,0,,205.244003,0.324107,1.0,204.509598,0.32987,1.0,202.954407,0.324477,1.0,201.987198,0.310753,1.0,201.976807,0.310905,1.0,195.988007,0.35437,0.925341,199.234406,0.297371,1.0,198.4272,0.296391,1.0,188.028793,0.377263,0.888866,195.210403,0.365644,0.921619
COLORWHEEL_2700_IMG_0544_0002,COLORWHEEL_2700,train,2700,Glucose:Trace 5,Glucose:Trace 5,,,Glucose,Trace 5,COLORWHEEL_2700_SEMIQUANT.zip,1,1,0,,205.244003,0.324107,1.0,204.509598,0.32987,1.0,202.954407,0.324477,1.0,201.987198,0.310753,1.0,201.976807,0.310905,1.0,195.988007,0.35437,0.925341,199.234406,0.297371,1.0,198.4272,0.296391,1.0,188.028793,0.377263,0.888866,195.210403,0.365644,0.921619
COLORWHEEL_2700_IMG_0547_0003,COLORWHEEL_2700,train,2700,Leukocytes:Small 70,Leukocytes:Small 70,,,Leukocytes,Small 70,COLORWHEEL_2700_SEMIQUANT.zip,1,1,0,,213.987198,0.350984,1.0,214.233597,0.352347,1.0,213.056,0.344587,1.0,212.201599,0.338264,1.0,212.059204,0.336844,1.0,207.396805,0.361791,0.832193,209.331207,0.321605,1.0,209.683197,0.323639,1.0,204.315994,0.358231,0.901663,212.309601,0.348405,0.93288
COLORWHEEL_2700_IMG_0547_0003,COLORWHEEL_2700,train,2700,Nitrite:Neg,Nitrite:Neg,,,Nitrite,Neg,COLORWHEEL_2700_SEMIQUANT.zip,1,1,0,,213.987198,0.350984,1.0,214.233597,0.352347,1.0,213.056,0.344587,1.0,212.201599,0.338264,1.0,212.059204,0.336844,1.0,207.396805,0.361791,0.832193,209.331207,0.321605,1.0,209.683197,0.323639,1.0,204.315994,0.358231,0.901663,212.309601,0.348405,0.93288
COLORWHEEL_2700_IMG_0547_0003,COLORWHEEL_2700,train,2700,Urobilinogen:32,Urobilinogen:32,,,Urobilinogen,32,COLORWHEEL_2700_SEMIQUANT.zip,1,1,0,,213.987198,0.350984,1.0,214.233597,0.352347,1.0,213.056,0.344587,1.0,212.201599,0.338264,1.0,212.059204,0.336844,1.0,207.396805,0.361791,0.832193,209.331207,0.321605,1.0,209.683197,0.323639,1.0,204.315994,0.358231,0.901663,212.309601,0.348405,0.93288
COLORWHEEL_2700_IMG_0547_0003,COLORWHEEL_2700,train,2700,Protein:0.3,Protein:0.3,,,Protein,0.3,COLORWHEEL_2700_SEMIQUANT.zip,1,1,0,,213.987198,0.350984,1.0,214.233597,0.352347,1.0,213.056,0.344587,1.0,212.201599,0.338264,1.0,212.059204,0.336844,1.0,207.396805,0.361791,0.832193,209.331207,0.321605,1.0,209.683197,0.323639,1.0,204.315994,0.358231,0.901663,212.309601,0.348405,0.93288
COLORWHEEL_2700_IMG_0547_0003,COLORWHEEL_2700,train,2700,pH:6.5,pH:6.5,,,pH,6.5,COLORWHEEL_2700_SEMIQUANT.zip,1,1,0,,213.987198,0.350984,1.0,214.233597,0.352347,1.0,213.056,0.344587,1.0,212.201599,0.338264,1.0,212.059204,0.336844,1.0,207.396805,0.361791,0.832193,209.331207,0.321605,1.0,209.683197,0.323639,1.0,204.315994,0.358231,0.901663,212.309601,0.348405,0.93288
COLORWHEEL_2700_IMG_0547_0003,COLORWHEEL_2700,train,2700,Blood:Hemolyzed 10,Blood:Hemolyzed 10,,,Blood,Hemolyzed 10,COLORWHEEL_2700_SEMIQUANT.zip,1,1,0,,213.987198,0.350984,1.0,214.233597,0.352347,1.0,213.056,0.344587,1.0,212.201599,0.338264,1.0,212.059204,0.336844,1.0,207.396805,0.361791,0.832193,209.331207,0.321605,1.0,209.683197,0.323639,1.0,204.315994,0.358231,0.901663,212.309601,0.348405,0.93288
COLORWHEEL_2700_IMG_0547_0003,COLORWHEEL_2700,train,2700,Specific Gravity:1.010,Specific Gravity:1.010,,,Specific Gravity,1.010,COLORWHEEL_2700_SEMIQUANT.zip,1,1,0,,213.987198,0.350984,1.0,214.233597,0.352347,1.0,213.056,0.344587,1.0,212.201599,0.338264,1.0,212.059204,0.336844,1.0,207.396805,0.361791,0.832193,209.331207,0.321605,1.0,209.683197,0.323639,1.0,204.315994,0.358231,0.901663,212.309601,0.348405,0.93288
COLORWHEEL_2700_IMG_0547_0003,COLORWHEEL_2700,train,2700,Ketone:Small 1.5,Ketone:Small 1.5,,,Ketone,Small 1.5,COLORWHEEL_2700_SEMIQUANT.zip,1,1,0,,213.987198,0.350984,1.0,214.233597,0.352347,1.0,213.056,0.344587,1.0,212.201599,0.338264,1.0,212.059204,0.336844,1.0,207.396805,0.361791,0.832193,209.331207,0.321605,1.0,209.683197,0.323639,1.0,204.315994,0.358231,0.901663,212.309601,0.348405,0.93288
COLORWHEEL_2700_IMG_0547_0003,COLORWHEEL_2700,train,2700,Bilirubin:Moderate 50,Bilirubin:Moderate 50,,,Bilirubin,Moderate 50,COLORWHEEL_2700_SEMIQUANT.zip,1,1,0,,213.987198,0.350984,1.0,214.233597,0.352347,1.0,213.056,0.344587,1.0,212.201599,0.338264,1.0,212.059204,0.336844,1.0,207.396805,0.361791,0.832193,209.331207,0.321605,1.0,209.683197,0.323639,1.0,204.315994,0.358231,0.901663,212.309601,0.348405,0.93288
COLORWHEEL_2700_IMG_0547_0003,COLORWHEEL_2700,train,2700,Glucose:15 +,Glucose:15 +,,,Glucose,15 +,COLORWHEEL_2700_SEMIQUANT.zip,1,1,0,,213.987198,0.350984,1.0,214.233597,0.352347,1.0,213.056,0.344587,1.0,212.201599,0.338264,1.0,212.059204,0.336844,1.0,207.396805,0.361791,0.832193,209.331207,0.321605,1.0,209.683197,0.323639,1.0,204.315994,0.358231,0.901663,212.309601,0.348405,0.93288
COLORWHEEL_2700_IMG_0550_0004,COLORWHEEL_2700,train,2700,Leukocytes:Moderate 125,Leukocytes:Moderate 125,,,Leukocytes,Moderate 125,COLORWHEEL_2700_SEMIQUANT.zip,1,1,0,,187.549606,0.117335,0.817148,190.004807,0.117416,0.823211,191.222397,0.124212,0.83491,193.144806,0.122284,0.844,189.197601,0.110088,0.834933,172.121597,0.274185,0.711917,190.557602,0.115707,0.84707,191.619202,0.113638,0.846406,192.495193,0.121467,0.847802,194.793594,0.120755,0.853194
COLORWHEEL_2700_IMG_0550_0004,COLORWHEEL_2700,train,2700,Nitrite:Positive,Nitrite:Positive,,,Nitrite,Positive,COLORWHEEL_2700_SEMIQUANT.zip,1,1,0,,187.549606,0.117335,0.817148,190.004807,0.117416,0.823211,191.222397,0.124212,0.83491,193.144806,0.122284,0.844,189.197601,0.110088,0.834933,172.121597,0.274185,0.711917,190.557602,0.115707,0.84707,191.619202,0.113638,0.846406,192.495193,0.121467,0.847802,194.793594,0.120755,0.853194
COLORWHEEL_2700_IMG_0550_0004,COLORWHEEL_2700,train,2700,Urobilinogen:64,Urobilinogen:64,,,Urobilinogen,64,COLORWHEEL_2700_SEMIQUANT.zip,1,1,0,,187.549606,0.117335,0.817148,190.004807,0.117416,0.823211,191.222397,0.124212,0.83491,193.144806,0.122284,0.844,189.197601,0.110088,0.834933,172.121597,0.274185,0.711917,190.557602,0.115707,0.84707,191.619202,0.113638,0.846406,192.495193,0.121467,0.847802,194.793594,0.120755,0.853194
COLORWHEEL_2700_IMG_0550_0004,COLORWHEEL_2700,train,2700,Protein:1.0,Protein:1.0,,,Protein,1.0,COLORWHEEL_2700_SEMIQUANT.zip,1,1,0,,187.549606,0.117335,0.817148,190.004807,0.117416,0.823211,191.222397,0.124212,0.83491,193.144806,0.122284,0.844,189.197601,0.110088,0.834933,172.121597,0.274185,0.711917,190.557602,0.115707,0.84707,191.619202,0.113638,0.846406,192.495193,0.121467,0.847802,194.793594,0.120755,0.853194
COLORWHEEL_2700_IMG_0550_0004,COLORWHEEL_2700,train,2700,pH:7.0,pH:7.0,,,pH,7.0,COLORWHEEL_2700_SEMIQUANT.zip,1,1,0,,187.549606,0.117335,0.817148,190.004807,0.117416,0.823211,191.222397,0.124212,0.83491,193.144806,0.122284,0.844,189.197601,0.110088,0.834933,172.121597,0.274185,0.711917,190.557602,0.115707,0.84707,191.619202,0.113638,0.846406,192.495193,0.121467,0.847802,194.793594,0.120755,0.853194
COLORWHEEL_2700_IMG_0550_0004,COLORWHEEL_2700,train,2700,Blood:Small 25,Blood:Small 25,,,Blood,Small 25,COLORWHEEL_2700_SEMIQUANT.zip,1,1,0,,187.549606,0.117335,0.817148,190.004807,0.117416,0.823211,191.222397,0.124212,0.83491,193.144806,0.122284,0.844,189.197601,0.110088,0.834933,172.121597,0.274185,0.711917,190.557602,0.115707,0.84707,191.619202,0.113638,0.846406,192.495193,0.121467,0.847802,194.793594,0.120755,0.853194
COLORWHEEL_2700_IMG_0550_0004,COLORWHEEL_2700,train,2700,Specific Gravity:1.015,Specific Gravity:1.015,,,Specific Gravity,1.015,COLORWHEEL_2700_SEMIQUANT.zip,1,1,0,,187.549606,0.117335,0.817148,190.004807,0.117416,0.823211,191.222397,0.124212,0.83491,193.144806,0.122284,0.844,189.197601,0.110088,0.834933,172.121597,0.274185,0.711917,190.557602,0.115707,0.84707,191.619202,0.113638,0.846406,192.495193,0.121467,0.847802,194.793594,0.120755,0.853194
COLORWHEEL_2700_IMG_0550_0004,COLORWHEEL_2700,train,2700,Ketone:Moderate 4.0,Ketone:Moderate 4.0,,,Ketone,Moderate 4.0,COLORWHEEL_2700_SEMIQUANT.zip,1,1,0,,187.549606,0.117335,0.817148,190.004807,0.117416,0.823211,191.222397,0.124212,0.83491,193.144806,0.122284,0.844,189.197601,0.110088,0.834933,172.121597,0.274185,0.711917,190.557602,0.115707,0.84707,191.619202,0.113638,0.846406,192.495193,0.121467,0.847802,194.793594,0.120755,0.853194
COLORWHEEL_2700_IMG_0550_0004,COLORWHEEL_2700,train,2700,Bilirubin:Large 100,Bilirubin:Large 100,,,Bilirubin,Large 100,COLORWHEEL_2700_SEMIQUANT.zip,1,1,0,,187.549606,0.117335,0.817148,190.004807,0.117416,0.823211,191.222397,0.124212,0.83491,193.144806,0.122284,0.844,189.197601,0.110088,0.834933,172.121597,0.274185,0.711917,190.557602,0.115707,0.84707,191.619202,0.113638,0.846406,192.495193,0.121467,0.847802,194.793594,0.120755,0.853194
COLORWHEEL_2700_IMG_0550_0004,COLORWHEEL_2700,train,2700,Glucose:30 ++,Glucose:30 ++,,,Glucose,30 ++,COLORWHEEL_2700_SEMIQUANT.zip,1,1,0,,187.549606,0.117335,0.817148,190.004807,0.117416,0.823211,191.222397,0.124212,0.83491,193.144806,0.122284,0.844,189.197601,0.110088,0.834933,172.121597,0.274185,0.711917,190.557602,0.115707,0.84707,191.619202,0.113638,0.846406,192.495193,0.121467,0.847802,194.793594,0.120755,0.853194
COLORWHEEL_2700_IMG_0553_0005,COLORWHEEL_2700,train,2700,Leukocytes:Large 500,Leukocytes:Large 500,,,Leukocytes,Large 500,COLORWHEEL_2700_SEMIQUANT.zip,1,1,0,,198.460007,0.315239,1.0,199.378403,0.319769,1.0,198.684799,0.314748,1.0,196.612,0.305565,1.0,196.790405,0.304902,1.0,176.748795,0.380555,0.816971,193.082397,0.289018,1.0,192.765594,0.28765,1.0,179.305603,0.345275,0.886736,186.835999,0.340003,0.917431
COLORWHEEL_2700_IMG_0553_0005,COLORWHEEL_2700,train,2700,Nitrite:Neg,Nitrite:Neg,,,Nitrite,Neg,COLORWHEEL_2700_SEMIQUANT.zip,1,1,0,,198.460007,0.315239,1.0,199.378403,0.319769,1.0,198.684799,0.314748,1.0,196.612,0.305565,1.0,196.790405,0.304902,1.0,176.748795,0.380555,0.816971,193.082397,0.289018,1.0,192.765594,0.28765,1.0,179.305603,0.345275,0.886736,186.835999,0.340003,0.917431
COLORWHEEL_2700_IMG_0553_0005,COLORWHEEL_2700,train,2700,Urobilinogen:128,Urobilinogen:128,,,Urobilinogen,128,COLORWHEEL_2700_SEMIQUANT.zip,1,1,0,,198.460007,0.315239,1.0,199.378403,0.319769,1.0,198.684799,0.314748,1.0,196.612,0.305565,1.0,196.790405,0.304902,1.0,176.748795,0.380555,0.816971,193.082397,0.289018,1.0,192.765594,0.28765,1.0,179.305603,0.345275,0.886736,186.835999,0.340003,0.917431
COLORWHEEL_2700_IMG_0553_0005,COLORWHEEL_2700,train,2700,Protein:3.0,Protein:3.0,,,Protein,3.0,COLORWHEEL_2700_SEMIQUANT.zip,1,1,0,,198.460007,0.315239,1.0,199.378403,0.319769,1.0,198.684799,0.314748,1.0,196.612,0.305565,1.0,196.790405,0.304902,1.0,176.748795,0.380555,0.816971,193.082397,0.289018,1.0,192.765594,0.28765,1.0,179.305603,0.345275,0.886736,186.835999,0.340003,0.917431
COLORWHEEL_2700_IMG_0553_0005,COLORWHEEL_2700,train,2700,pH:7.5,pH:7.5,,,pH,7.5,COLORWHEEL_2700_SEMIQUANT.zip,1,1,0,,198.460007,0.315239,1.0,199.378403,0.319769,1.0,198.684799,0.314748,1.0,196.612,0.305565,1.0,196.790405,0.304902,1.0,176.748795,0.380555,0.816971,193.082397,0.289018,1.0,192.765594,0.28765,1.0,179.305603,0.345275,0.886736,186.835999,0.340003,0.917431
COLORWHEEL_2700_IMG_0553_0005,COLORWHEEL_2700,train,2700,Blood:Moderate 80,Blood:Moderate 80,,,Blood,Moderate 80,COLORWHEEL_2700_SEMIQUANT.zip,1,1,0,,198.460007,0.315239,1.0,199.378403,0.319769,1.0,198.684799,0.314748,1.0,196.612,0.305565,1.0,196.790405,0.304902,1.0,176.748795,0.380555,0.816971,193.082397,0.289018,1.0,192.765594,0.28765,1.0,179.305603,0.345275,0.886736,186.835999,0.340003,0.917431
COLORWHEEL_2700_IMG_0553_0005,COLORWHEEL_2700,train,2700,Specific Gravity:1.020,Specific Gravity:1.020,,,Specific Gravity,1.020,COLORWHEEL_2700_SEMIQUANT.zip,1,1,0,,198.460007,0.315239,1.0,199.378403,0.319769,1.0,198.684799,0.314748,1.0,196.612,0.305565,1.0,196.790405,0.304902,1.0,176.748795,0.380555,0.816971,193.082397,0.289018,1.0,192.765594,0.28765,1.0,179.305603,0.345275,0.886736,186.835999,0.340003,0.917431
COLORWHEEL_2700_IMG_0553_0005,COLORWHEEL_2700,train,2700,Ketone:8.0,Ketone:8.0,,,Ketone,8.0,COLORWHEEL_2700_SEMIQUANT.zip,1,1,0,,198.460007,0.315239,1.0,199.378403,0.319769,1.0,198.684799,0.314748,1.0,196.612,0.305565,1.0,196.790405,0.304902,1.0,176.748795,0.380555,0.816971,193.082397,0.289018,1.0,192.765594,0.28765,1.0,179.305603,0.345275,0.886736,186.835999,0.340003,0.917431
COLORWHEEL_2700_IMG_0553_0005,COLORWHEEL_2700,train,2700,Bilirubin:Neg,Bilirubin:Neg,,,Bilirubin,Neg,COLORWHEEL_2700_SEMIQUANT.zip,1,1,0,,198.460007,0.315239,1.0,199.378403,0.319769,1.0,198.684799,0.314748,1.0,196.612,0.305565,1.0,196.790405,0.304902,1.0,176.748795,0.380555,0.816971,193.082397,0.289018,1.0,192.765594,0.28765,1.0,179.305603,0.345275,0.886736,186.835999,0.340003,0.917431
COLORWHEEL_2700_IMG_0553_0005,COLORWHEEL_2700,train,2700,Glucose:60 +++,Glucose:60 +++,,,Glucose,60 +++,COLORWHEEL_2700_SEMIQUANT.zip,1,1,0,,198.460007,0.315239,1.0,199.378403,0.319769,1.0,198.684799,0.314748,1.0,196.612,0.305565,1.0,196.790405,0.304902,1.0,176.748795,0.380555,0.816971,193.082397,0.289018,1.0,192.765594,0.28765,1.0,179.305603,0.345275,0.886736,186.835999,0.340003,0.917431
COLORWHEEL_2700_IMG_0556_0006,COLORWHEEL_2700,train,2700,Leukocytes:Neg,Leukocytes:Neg,,,Leukocytes,Neg,COLORWHEEL_2700_SEMIQUANT.zip,1,1,0,,203.745605,0.022878,0.903454,154.873596,0.019867,0.900582,196.192001,0.024918,0.899175,190.797607,0.023918,0.90101,158.165604,0.029294,0.910797,83.481598,0.041244,0.899131,69.649597,0.045467,0.885227,64.8144,0.045953,0.887446,59.571201,0.051605,0.873895,45.743198,0.057089,0.862907
COLORWHEEL_2700_IMG_0556_0006,COLORWHEEL_2700,train,2700,Nitrite:Positive,Nitrite:Positive,,,Nitrite,Positive,COLORWHEEL_2700_SEMIQUANT.zip,1,1,0,,203.745605,0.022878,0.903454,154.873596,0.019867,0.900582,196.192001,0.024918,0.899175,190.797607,0.023918,0.90101,158.165604,0.029294,0.910797,83.481598,0.041244,0.899131,69.649597,0.045467,0.885227,64.8144,0.045953,0.887446,59.571201,0.051605,0.873895,45.743198,0.057089,0.862907
COLORWHEEL_2700_IMG_0556_0006,COLORWHEEL_2700,train,2700,Urobilinogen:3.2,Urobilinogen:3.2,,,Urobilinogen,3.2,COLORWHEEL_2700_SEMIQUANT.zip,1,1,0,,203.745605,0.022878,0.903454,154.873596,0.019867,0.900582,196.192001,0.024918,0.899175,190.797607,0.023918,0.90101,158.165604,0.029294,0.910797,83.481598,0.041244,0.899131,69.649597,0.045467,0.885227,64.8144,0.045953,0.887446,59.571201,0.051605,0.873895,45.743198,0.057089,0.862907
COLORWHEEL_2700_IMG_0556_0006,COLORWHEEL_2700,train,2700,Protein:>=20.0,Protein:>=20.0,,,Protein,>=20.0,COLORWHEEL_2700_SEMIQUANT.zip,1,1,0,,203.745605,0.022878,0.903454,154.873596,0.019867,0.900582,196.192001,0.024918,0.899175,190.797607,0.023918,0.90101,158.165604,0.029294,0.910797,83.481598,0.041244,0.899131,69.649597,0.045467,0.885227,64.8144,0.045953,0.887446,59.571201,0.051605,0.873895,45.743198,0.057089,0.862907
COLORWHEEL_2700_IMG_0556_0006,COLORWHEEL_2700,train,2700,pH:8.0,pH:8.0,,,pH,8.0,COLORWHEEL_2700_SEMIQUANT.zip,1,1,0,,203.745605,0.022878,0.903454,154.873596,0.019867,0.900582,196.192001,0.024918,0.899175,190.797607,0.023918,0.90101,158.165604,0.029294,0.910797,83.481598,0.041244,0.899131,69.649597,0.045467,0.885227,64.8144,0.045953,0.887446,59.571201,0.051605,0.873895,45.743198,0.057089,0.862907
COLORWHEEL_2700_IMG_0556_0006,COLORWHEEL_2700,train,2700,Blood:Large 200,Blood:Large 200,,,Blood,Large 200,COLORWHEEL_2700_SEMIQUANT.zip,1,1,0,,203.745605,0.022878,0.903454,154.873596,0.019867,0.900582,196.192001,0.024918,0.899175,190.797607,0.023918,0.90101,158.165604,0.029294,0.910797,83.481598,0.041244,0.899131,69.649597,0.045467,0.885227,64.8144,0.045953,0.887446,59.571201,0.051605,0.873895,45.743198,0.057089,0.862907
COLORWHEEL_2700_IMG_0556_0006,COLORWHEEL_2700,train,2700,Specific Gravity:1.025,Specific Gravity:1.025,,,Specific Gravity,1.025,COLORWHEEL_2700_SEMIQUANT.zip,1,1,0,,203.745605,0.022878,0.903454,154.873596,0.019867,0.900582,196.192001,0.024918,0.899175,190.797607,0.023918,0.90101,158.165604,0.029294,0.910797,83.481598,0.041244,0.899131,69.649597,0.045467,0.885227,64.8144,0.045953,0.887446,59.571201,0.051605,0.873895,45.743198,0.057089,0.862907
COLORWHEEL_2700_IMG_0556_0006,COLORWHEEL_2700,train,2700,Ketone:Large 16,Ketone:Large 16,,,Ketone,Large 16,COLORWHEEL_2700_SEMIQUANT.zip,1,1,0,,203.745605,0.022878,0.903454,154.873596,0.019867,0.900582,196.192001,0.024918,0.899175,190.797607,0.023918,0.90101,158.165604,0.029294,0.910797,83.481598,0.041244,0.899131,69.649597,0.045467,0.885227,64.8144,0.045953,0.887446,59.571201,0.051605,0.873895,45.743198,0.057089,0.862907
COLORWHEEL_2700_IMG_0556_0006,COLORWHEEL_2700,train,2700,Bilirubin:Small 17,Bilirubin:Small 17,,,Bilirubin,Small 17,COLORWHEEL_2700_SEMIQUANT.zip,1,1,0,,203.745605,0.022878,0.903454,154.873596,0.019867,0.900582,196.192001,0.024918,0.899175,190.797607,0.023918,0.90101,158.165604,0.029294,0.910797,83.481598,0.041244,0.899131,69.649597,0.045467,0.885227,64.8144,0.045953,0.887446,59.571201,0.051605,0.873895,45.743198,0.057089,0.862907
COLORWHEEL_2700_IMG_0556_0006,COLORWHEEL_2700,train,2700,Glucose:110 ++++,Glucose:110 ++++,,,Glucose,110 ++++,COLORWHEEL_2700_SEMIQUANT.zip,1,1,0,,203.745605,0.022878,0.903454,154.873596,0.019867,0.900582,196.192001,0.024918,0.899175,190.797607,0.023918,0.90101,158.165604,0.029294,0.910797,83.481598,0.041244,0.899131,69.649597,0.045467,0.885227,64.8144,0.045953,0.887446,59.571201,0.051605,0.873895,45.743198,0.057089,0.862907
COLORWHEEL_2700_IMG_0559_0007,COLORWHEEL_2700,train,2700,Leukocytes:Trace 15,Leukocytes:Trace 15,,,Leukocytes,Trace 15,COLORWHEEL_2700_SEMIQUANT.zip,1,1,0,,207.744003,0.294577,1.0,208.613602,0.298682,1.0,206.746399,0.289874,1.0,204.992798,0.281862,1.0,205.892807,0.285589,1.0,186.046402,0.364325,0.843606,204.569595,0.265672,1.0,203.525604,0.262129,1.0,193.683197,0.323631,0.905736,198.766403,0.331559,0.922839
COLORWHEEL_2700_IMG_0559_0007,COLORWHEEL_2700,train,2700,Nitrite:Neg,Nitrite:Neg,,,Nitrite,Neg,COLORWHEEL_2700_SEMIQUANT.zip,1,1,0,,207.744003,0.294577,1.0,208.613602,0.298682,1.0,206.746399,0.289874,1.0,204.992798,0.281862,1.0,205.892807,0.285589,1.0,186.046402,0.364325,0.843606,204.569595,0.265672,1.0,203.525604,0.262129,1.0,193.683197,0.323631,0.905736,198.766403,0.331559,0.922839
COLORWHEEL_2700_IMG_0559_0007,COLORWHEEL_2700,train,2700,Urobilinogen:16,Urobilinogen:16,,,Urobilinogen,16,COLORWHEEL_2700_SEMIQUANT.zip,1,1,0,,207.744003,0.294577,1.0,208.613602,0.298682,1.0,206.746399,0.289874,1.0,204.992798,0.281862,1.0,205.892807,0.285589,1.0,186.046402,0.364325,0.843606,204.569595,0.265672,1.0,203.525604,0.262129,1.0,193.683197,0.323631,0.905736,198.766403,0.331559,0.922839
COLORWHEEL_2700_IMG_0559_0007,COLORWHEEL_2700,train,2700,Protein:Neg,Protein:Neg,,,Protein,Neg,COLORWHEEL_2700_SEMIQUANT.zip,1,1,0,,207.744003,0.294577,1.0,208.613602,0.298682,1.0,206.746399,0.289874,1.0,204.992798,0.281862,1.0,205.892807,0.285589,1.0,186.046402,0.364325,0.843606,204.569595,0.265672,1.0,203.525604,0.262129,1.0,193.683197,0.323631,0.905736,198.766403,0.331559,0.922839
COLORWHEEL_2700_IMG_0559_0007,COLORWHEEL_2700,train,2700,pH:8.5,pH:8.5,,,pH,8.5,COLORWHEEL_2700_SEMIQUANT.zip,1,1,0,,207.744003,0.294577,1.0,208.613602,0.298682,1.0,206.746399,0.289874,1.0,204.992798,0.281862,1.0,205.892807,0.285589,1.0,186.046402,0.364325,0.843606,204.569595,0.265672,1.0,203.525604,0.262129,1.0,193.683197,0.323631,0.905736,198.766403,0.331559,0.922839
COLORWHEEL_2700_IMG_0559_0007,COLORWHEEL_2700,train,2700,Blood:Neg,Blood:Neg,,,Blood,Neg,COLORWHEEL_2700_SEMIQUANT.zip,1,1,0,,207.744003,0.294577,1.0,208.613602,0.298682,1.0,206.746399,0.289874,1.0,204.992798,0.281862,1.0,205.892807,0.285589,1.0,186.046402,0.364325,0.843606,204.569595,0.265672,1.0,203.525604,0.262129,1.0,193.683197,0.323631,0.905736,198.766403,0.331559,0.922839
COLORWHEEL_2700_IMG_0559_0007,COLORWHEEL_2700,train,2700,Specific Gravity:1.030,Specific Gravity:1.030,,,Specific Gravity,1.030,COLORWHEEL_2700_SEMIQUANT.zip,1,1,0,,207.744003,0.294577,1.0,208.613602,0.298682,1.0,206.746399,0.289874,1.0,204.992798,0.281862,1.0,205.892807,0.285589,1.0,186.046402,0.364325,0.843606,204.569595,0.265672,1.0,203.525604,0.262129,1.0,193.683197,0.323631,0.905736,198.766403,0.331559,0.922839
COLORWHEEL_2700_IMG_0559_0007,COLORWHEEL_2700,train,2700,Ketone:Neg,Ketone:Neg,,,Ketone,Neg,COLORWHEEL_2700_SEMIQUANT.zip,1,1,0,,207.744003,0.294577,1.0,208.613602,0.298682,1.0,206.746399,0.289874,1.0,204.992798,0.281862,1.0,205.892807,0.285589,1.0,186.046402,0.364325,0.843606,204.569595,0.265672,1.0,203.525604,0.262129,1.0,193.683197,0.323631,0.905736,198.766403,0.331559,0.922839
COLORWHEEL_2700_IMG_0559_0007,COLORWHEEL_2700,train,2700,Bilirubin:Moderate 50,Bilirubin:Moderate 50,,,Bilirubin,Moderate 50,COLORWHEEL_2700_SEMIQUANT.zip,1,1,0,,207.744003,0.294577,1.0,208.613602,0.298682,1.0,206.746399,0.289874,1.0,204.992798,0.281862,1.0,205.892807,0.285589,1.0,186.046402,0.364325,0.843606,204.569595,0.265672,1.0,203.525604,0.262129,1.0,193.683197,0.323631,0.905736,198.766403,0.331559,0.922839
COLORWHEEL_2700_IMG_0559_0007,COLORWHEEL_2700,train,2700,Glucose:Neg,Glucose:Neg,,,Glucose,Neg,COLORWHEEL_2700_SEMIQUANT.zip,1,1,0,,207.744003,0.294577,1.0,208.613602,0.298682,1.0,206.746399,0.289874,1.0,204.992798,0.281862,1.0,205.892807,0.285589,1.0,186.046402,0.364325,0.843606,204.569595,0.265672,1.0,203.525604,0.262129,1.0,193.683197,0.323631,0.905736,198.766403,0.331559,0.922839
COLORWHEEL_2700_IMG_0562_0008,COLORWHEEL_2700,train,2700,Leukocytes:Small 70,Leukocytes:Small 70,,,Leukocytes,Small 70,COLORWHEEL_2700_SEMIQUANT.zip,1,1,0,,203.672806,0.296471,1.0,203.9832,0.298262,1.0,202.579193,0.291542,1.0,201.198395,0.285929,1.0,202.4328,0.281882,1.0,204.0336,0.300736,0.939346,200.620804,0.273401,1.0,199.832794,0.271909,1.0,197.184799,0.293333,0.926017,195.192795,0.313903,0.914759
COLORWHEEL_2700_IMG_0562_0008,COLORWHEEL_2700,train,2700,Nitrite:Positive,Nitrite:Positive,,,Nitrite,Positive,COLORWHEEL_2700_SEMIQUANT.zip,1,1,0,,203.672806,0.296471,1.0,203.9832,0.298262,1.0,202.579193,0.291542,1.0,201.198395,0.285929,1.0,202.4328,0.281882,1.0,204.0336,0.300736,0.939346,200.620804,0.273401,1.0,199.832794,0.271909,1.0,197.184799,0.293333,0.926017,195.192795,0.313903,0.914759
COLORWHEEL_2700_IMG_0562_0008,COLORWHEEL_2700,train,2700,Urobilinogen:32,Urobilinogen:32,,,Urobilinogen,32,COLORWHEEL_2700_SEMIQUANT.zip,1,1,0,,203.672806,0.296471,1.0,203.9832,0.298262,1.0,202.579193,0.291542,1.0,201.198395,0.285929,1.0,202.4328,0.281882,1.0,204.0336,0.300736,0.939346,200.620804,0.273401,1.0,199.832794,0.271909,1.0,197.184799,0.293333,0.926017,195.192795,0.313903,0.914759
COLORWHEEL_2700_IMG_0562_0008,COLORWHEEL_2700,train,2700,Protein:Trace,Protein:Trace,,,Protein,Trace,COLORWHEEL_2700_SEMIQUANT.zip,1,1,0,,203.672806,0.296471,1.0,203.9832,0.298262,1.0,202.579193,0.291542,1.0,201.198395,0.285929,1.0,202.4328,0.281882,1.0,204.0336,0.300736,0.939346,200.620804,0.273401,1.0,199.832794,0.271909,1.0,197.184799,0.293333,0.926017,195.192795,0.313903,0.914759
COLORWHEEL_2700_IMG_0562_0008,COLORWHEEL_2700,train,2700,pH:5.0,pH:5.0,,,pH,5.0,COLORWHEEL_2700_SEMIQUANT.zip,1,1,0,,203.672806,0.296471,1.0,203.9832,0.298262,1.0,202.579193,0.291542,1.0,201.198395,0.285929,1.0,202.4328,0.281882,1.0,204.0336,0.300736,0.939346,200.620804,0.273401,1.0,199.832794,0.271909,1.0,197.184799,0.293333,0.926017,195.192795,0.313903,0.914759
COLORWHEEL_2700_IMG_0562_0008,COLORWHEEL_2700,train,2700,Blood:Non-hemolyzed 10,Blood:Non-hemolyzed 10,,,Blood,Non-hemolyzed 10,COLORWHEEL_2700_SEMIQUANT.zip,1,1,0,,203.672806,0.296471,1.0,203.9832,0.298262,1.0,202.579193,0.291542,1.0,201.198395,0.285929,1.0,202.4328,0.281882,1.0,204.0336,0.300736,0.939346,200.620804,0.273401,1.0,199.832794,0.271909,1.0,197.184799,0.293333,0.926017,195.192795,0.313903,0.914759
COLORWHEEL_2700_IMG_0562_0008,COLORWHEEL_2700,train,2700,Specific Gravity:1.000,Specific Gravity:1.000,,,Specific Gravity,1.000,COLORWHEEL_2700_SEMIQUANT.zip,1,1,0,,203.672806,0.296471,1.0,203.9832,0.298262,1.0,202.579193,0.291542,1.0,201.198395,0.285929,1.0,202.4328,0.281882,1.0,204.0336,0.300736,0.939346,200.620804,0.273401,1.0,199.832794,0.271909,1.0,197.184799,0.293333,0.926017,195.192795,0.313903,0.914759
COLORWHEEL_2700_IMG_0562_0008,COLORWHEEL_2700,train,2700,Ketone:Trace 0.5,Ketone:Trace 0.5,,,Ketone,Trace 0.5,COLORWHEEL_2700_SEMIQUANT.zip,1,1,0,,203.672806,0.296471,1.0,203.9832,0.298262,1.0,202.579193,0.291542,1.0,201.198395,0.285929,1.0,202.4328,0.281882,1.0,204.0336,0.300736,0.939346,200.620804,0.273401,1.0,199.832794,0.271909,1.0,197.184799,0.293333,0.926017,195.192795,0.313903,0.914759
COLORWHEEL_2700_IMG_0562_0008,COLORWHEEL_2700,train,2700,Bilirubin:Large 100,Bilirubin:Large 100,,,Bilirubin,Large 100,COLORWHEEL_2700_SEMIQUANT.zip,1,1,0,,203.672806,0.296471,1.0,203.9832,0.298262,1.0,202.579193,0.291542,1.0,201.198395,0.285929,1.0,202.4328,0.281882,1.0,204.0336,0.300736,0.939346,200.620804,0.273401,1.0,199.832794,0.271909,1.0,197.184799,0.293333,0.926017,195.192795,0.313903,0.914759
COLORWHEEL_2700_IMG_0562_0008,COLORWHEEL_2700,train,2700,Glucose:Trace 5,Glucose:Trace 5,,,Glucose,Trace 5,COLORWHEEL_2700_SEMIQUANT.zip,1,1,0,,203.672806,0.296471,1.0,203.9832,0.298262,1.0,202.579193,0.291542,1.0,201.198395,0.285929,1.0,202.4328,0.281882,1.0,204.0336,0.300736,0.939346,200.620804,0.273401,1.0,199.832794,0.271909,1.0,197.184799,0.293333,0.926017,195.192795,0.313903,0.914759
COLORWHEEL_2700_IMG_0564_0009,COLORWHEEL_2700,train,2700,Leukocytes:Moderate 125,Leukocytes:Moderate 125,,,Leukocytes,Moderate 125,COLORWHEEL_2700_SEMIQUANT.zip,1,1,0,,182.506393,0.294631,1.0,183.297607,0.297766,1.0,182.234406,0.2924,1.0,181.623199,0.286187,1.0,181.4104,0.286638,1.0,186.0392,0.293617,0.832461,180.273605,0.276209,1.0,180.149597,0.274698,1.0,176.219193,0.295534,0.905509,181.467194,0.306133,0.911809
COLORWHEEL_2700_IMG_0564_0009,COLORWHEEL_2700,train,2700,Nitrite:Neg,Nitrite:Neg,,,Nitrite,Neg,COLORWHEEL_2700_SEMIQUANT.zip,1,1,0,,182.506393,0.294631,1.0,183.297607,0.297766,1.0,182.234406,0.2924,1.0,181.623199,0.286187,1.0,181.4104,0.286638,1.0,186.0392,0.293617,0.832461,180.273605,0.276209,1.0,180.149597,0.274698,1.0,176.219193,0.295534,0.905509,181.467194,0.306133,0.911809
COLORWHEEL_2700_IMG_0564_0009,COLORWHEEL_2700,train,2700,Urobilinogen:64,Urobilinogen:64,,,Urobilinogen,64,COLORWHEEL_2700_SEMIQUANT.zip,1,1,0,,182.506393,0.294631,1.0,183.297607,0.297766,1.0,182.234406,0.2924,1.0,181.623199,0.286187,1.0,181.4104,0.286638,1.0,186.0392,0.293617,0.832461,180.273605,0.276209,1.0,180.149597,0.274698,1.0,176.219193,0.295534,0.905509,181.467194,0.306133,0.911809
COLORWHEEL_2700_IMG_0564_0009,COLORWHEEL_2700,train,2700,Protein:0.3,Protein:0.3,,,Protein,0.3,COLORWHEEL_2700_SEMIQUANT.zip,1,1,0,,182.506393,0.294631,1.0,183.297607,0.297766,1.0,182.234406,0.2924,1.0,181.623199,0.286187,1.0,181.4104,0.286638,1.0,186.0392,0.293617,0.832461,180.273605,0.276209,1.0,180.149597,0.274698,1.0,176.219193,0.295534,0.905509,181.467194,0.306133,0.911809
COLORWHEEL_2700_IMG_0564_0009,COLORWHEEL_2700,train,2700,pH:6.0,pH:6.0,,,pH,6.0,COLORWHEEL_2700_SEMIQUANT.zip,1,1,0,,182.506393,0.294631,1.0,183.297607,0.297766,1.0,182.234406,0.2924,1.0,181.623199,0.286187,1.0,181.4104,0.286638,1.0,186.0392,0.293617,0.832461,180.273605,0.276209,1.0,180.149597,0.274698,1.0,176.219193,0.295534,0.905509,181.467194,0.306133,0.911809
COLORWHEEL_2700_IMG_0564_0009,COLORWHEEL_2700,train,2700,Blood:Hemolyzed 10,Blood:Hemolyzed 10,,,Blood,Hemolyzed 10,COLORWHEEL_2700_SEMIQUANT.zip,1,1,0,,182.506393,0.294631,1.0,183.297607,0.297766,1.0,182.234406,0.2924,1.0,181.623199,0.286187,1.0,181.4104,0.286638,1.0,186.0392,0.293617,0.832461,180.273605,0.276209,1.0,180.149597,0.274698,1.0,176.219193,0.295534,0.905509,181.467194,0.306133,0.911809
COLORWHEEL_2700_IMG_0564_0009,COLORWHEEL_2700,train,2700,Specific Gravity:1.005,Specific Gravity:1.005,,,Specific Gravity,1.005,COLORWHEEL_2700_SEMIQUANT.zip,1,1,0,,182.506393,0.294631,1.0,183.297607,0.297766,1.0,182.234406,0.2924,1.0,181.623199,0.286187,1.0,181.4104,0.286638,1.0,186.0392,0.293617,0.832461,180.273605,0.276209,1.0,180.149597,0.274698,1.0,176.219193,0.295534,0.905509,181.467194,0.306133,0.911809
COLORWHEEL_2700_IMG_0564_0009,COLORWHEEL_2700,train,2700,Ketone:Small 1.5,Ketone:Small 1.5,,,Ketone,Small 1.5,COLORWHEEL_2700_SEMIQUANT.zip,1,1,0,,182.506393,0.294631,1.0,183.297607,0.297766,1.0,182.234406,0.2924,1.0,181.623199,0.286187,1.0,181.4104,0.286638,1.0,186.0392,0.293617,0.832461,180.273605,0.276209,1.0,180.149597,0.274698,1.0,176.219193,0.295534,0.905509,181.467194,0.306133,0.911809
COLORWHEEL_2700_IMG_0564_0009,COLORWHEEL_2700,train,2700,Bilirubin:Neg,Bilirubin:Neg,,,Bilirubin,Neg,COLORWHEEL_2700_SEMIQUANT.zip,1,1,0,,182.506393,0.294631,1.0,183.297607,0.297766,1.0,182.234406,0.2924,1.0,181.623199,0.286187,1.0,181.4104,0.286638,1.0,186.0392,0.293617,0.832461,180.273605,0.276209,1.0,180.149597,0.274698,1.0,176.219193,0.295534,0.905509,181.467194,0.306133,0.911809
COLORWHEEL_2700_IMG_0564_0009,COLORWHEEL_2700,train,2700,Glucose:15 +,Glucose:15 +,,,Glucose,15 +,COLORWHEEL_2700_SEMIQUANT.zip,1,1,0,,182.506393,0.294631,1.0,183.297607,0.297766,1.0,182.234406,0.2924,1.0,181.623199,0.286187,1.0,181.4104,0.286638,1.0,186.0392,0.293617,0.832461,180.273605,0.276209,1.0,180.149597,0.274698,1.0,176.219193,0.295534,0.905509,181.467194,0.306133,0.911809
COLORWHEEL_2700_IMG_0565_0010,COLORWHEEL_2700,train,2700,Leukocytes:Large 500,Leukocytes:Large 500,,,Leukocytes,Large 500,COLORWHEEL_2700_SEMIQUANT.zip,1,1,0,,137.141602,0.040411,0.924027,114.412804,0.044425,0.919217,143.142395,0.047423,0.918521,131.4384,0.052104,0.903969,107.019997,0.057271,0.91243,54.4944,0.061981,0.916157,43.079201,0.074387,0.900546,37.952,0.07251,0.896409,37.172798,0.083263,0.885556,34.152802,0.095685,0.872002
COLORWHEEL_2700_IMG_0565_0010,COLORWHEEL_2700,train,2700,Nitrite:Positive,Nitrite:Positive,,,Nitrite,Positive,COLORWHEEL_2700_SEMIQUANT.zip,1,1,0,,137.141602,0.040411,0.924027,114.412804,0.044425,0.919217,143.142395,0.047423,0.918521,131.4384,0.052104,0.903969,107.019997,0.057271,0.91243,54.4944,0.061981,0.916157,43.079201,0.074387,0.900546,37.952,0.07251,0.896409,37.172798,0.083263,0.885556,34.152802,0.095685,0.872002
COLORWHEEL_2700_IMG_0565_0010,COLORWHEEL_2700,train,2700,Urobilinogen:128,Urobilinogen:128,,,Urobilinogen,128,COLORWHEEL_2700_SEMIQUANT.zip,1,1,0,,137.141602,0.040411,0.924027,114.412804,0.044425,0.919217,143.142395,0.047423,0.918521,131.4384,0.052104,0.903969,107.019997,0.057271,0.91243,54.4944,0.061981,0.916157,43.079201,0.074387,0.900546,37.952,0.07251,0.896409,37.172798,0.083263,0.885556,34.152802,0.095685,0.872002
COLORWHEEL_2700_IMG_0565_0010,COLORWHEEL_2700,train,2700,Protein:1.0,Protein:1.0,,,Protein,1.0,COLORWHEEL_2700_SEMIQUANT.zip,1,1,0,,137.141602,0.040411,0.924027,114.412804,0.044425,0.919217,143.142395,0.047423,0.918521,131.4384,0.052104,0.903969,107.019997,0.057271,0.91243,54.4944,0.061981,0.916157,43.079201,0.074387,0.900546,37.952,0.07251,0.896409,37.172798,0.083263,0.885556,34.152802,0.095685,0.872002
COLORWHEEL_2700_IMG_0565_0010,COLORWHEEL_2700,train,2700,pH:6.5,pH:6.5,,,pH,6.5,COLORWHEEL_2700_SEMIQUANT.zip,1,1,0,,137.141602,0.040411,0.924027,114.412804,0.044425,0.919217,143.142395,0.047423,0.918521,131.4384,0.052104,0.903969,107.019997,0.057271,0.91243,54.4944,0.061981,0.916157,43.079201,0.074387,0.900546,37.952,0.07251,0.896409,37.172798,0.083263,0.885556,34.152802,0.095685,0.872002
COLORWHEEL_2700_IMG_0565_0010,COLORWHEEL_2700,train,2700,Blood:Small 25,Blood:Small 25,,,Blood,Small 25,COLORWHEEL_2700_SEMIQUANT.zip,1,1,0,,137.141602,0.040411,0.924027,114.412804,0.044425,0.919217,143.142395,0.047423,0.918521,131.4384,0.052104,0.903969,107.019997,0.057271,0.91243,54.4944,0.061981,0.916157,43.079201,0.074387,0.900546,37.952,0.07251,0.896409,37.172798,0.083263,0.885556,34.152802,0.095685,0.872002
COLORWHEEL_2700_IMG_0565_0010,COLORWHEEL_2700,train,2700,Specific Gravity:1.010,Specific Gravity:1.010,,,Specific Gravity,1.010,COLORWHEEL_2700_SEMIQUANT.zip,1,1,0,,137.141602,0.040411,0.924027,114.412804,0.044425,0.919217,143.142395,0.047423,0.918521,131.4384,0.052104,0.903969,107.019997,0.057271,0.91243,54.4944,0.061981,0.916157,43.079201,0.074387,0.900546,37.952,0.07251,0.896409,37.172798,0.083263,0.885556,34.152802,0.095685,0.872002
COLORWHEEL_2700_IMG_0565_0010,COLORWHEEL_2700,train,2700,Ketone:Moderate 4.0,Ketone:Moderate 4.0,,,Ketone,Moderate 4.0,COLORWHEEL_2700_SEMIQUANT.zip,1,1,0,,137.141602,0.040411,0.924027,114.412804,0.044425,0.919217,143.142395,0.047423,0.918521,131.4384,0.052104,0.903969,107.019997,0.057271,0.91243,54.4944,0.061981,0.916157,43.079201,0.074387,0.900546,37.952,0.07251,0.896409,37.172798,0.083263,0.885556,34.152802,0.095685,0.872002
COLORWHEEL_2700_IMG_0565_0010,COLORWHEEL_2700,train,2700,Bilirubin:Small 17,Bilirubin:Small 17,,,Bilirubin,Small 17,COLORWHEEL_2700_SEMIQUANT.zip,1,1,0,,137.141602,0.040411,0.924027,114.412804,0.044425,0.919217,143.142395,0.047423,0.918521,131.4384,0.052104,0.903969,107.019997,0.057271,0.91243,54.4944,0.061981,0.916157,43.079201,0.074387,0.900546,37.952,0.07251,0.896409,37.172798,0.083263,0.885556,34.152802,0.095685,0.872002
COLORWHEEL_2700_IMG_0565_0010,COLORWHEEL_2700,train,2700,Glucose:30 ++,Glucose:30 ++,,,Glucose,30 ++,COLORWHEEL_2700_SEMIQUANT.zip,1,1,0,,137.141602,0.040411,0.924027,114.412804,0.044425,0.919217,143.142395,0.047423,0.918521,131.4384,0.052104,0.903969,107.019997,0.057271,0.91243,54.4944,0.061981,0.916157,43.079201,0.074387,0.900546,37.952,0.07251,0.896409,37.172798,0.083263,0.885556,34.152802,0.095685,0.872002
COLORWHEEL_2700_IMG_0568_0011,COLORWHEEL_2700,train,2700,Leukocytes:Neg,Leukocytes:Neg,,,Leukocytes,Neg,COLORWHEEL_2700_SEMIQUANT.zip,1,1,0,,189.112793,0.309175,1.0,189.408005,0.310515,1.0,187.963196,0.305087,1.0,185.105606,0.295401,1.0,185.392807,0.296565,1.0,182.795197,0.357889,0.867754,183.4384,0.288838,1.0,182.129593,0.283713,1.0,182.807999,0.331903,0.899914,184.075195,0.346475,0.934249
COLORWHEEL_2700_IMG_0568_0011,COLORWHEEL_2700,train,2700,Nitrite:Neg,Nitrite:Neg,,,Nitrite,Neg,COLORWHEEL_2700_SEMIQUANT.zip,1,1,0,,189.112793,0.309175,1.0,189.408005,0.310515,1.0,187.963196,0.305087,1.0,185.105606,0.295401,1.0,185.392807,0.296565,1.0,182.795197,0.357889,0.867754,183.4384,0.288838,1.0,182.129593,0.283713,1.0,182.807999,0.331903,0.899914,184.075195,0.346475,0.934249
COLORWHEEL_2700_IMG_0568_0011,COLORWHEEL_2700,train,2700,Urobilinogen:3.2,Urobilinogen:3.2,,,Urobilinogen,3.2,COLORWHEEL_2700_SEMIQUANT.zip,1,1,0,,189.112793,0.309175,1.0,189.408005,0.310515,1.0,187.963196,0.305087,1.0,185.105606,0.295401,1.0,185.392807,0.296565,1.0,182.795197,0.357889,0.867754,183.4384,0.288838,1.0,182.129593,0.283713,1.0,182.807999,0.331903,0.899914,184.075195,0.346475,0.934249
COLORWHEEL_2700_IMG_0568_0011,COLORWHEEL_2700,train,2700,Protein:3.0,Protein:3.0,,,Protein,3.0,COLORWHEEL_2700_SEMIQUANT.zip,1,1,0,,189.112793,0.309175,1.0,189.408005,0.310515,1.0,187.963196,0.305087,1.0,185.105606,0.295401,1.0,185.392807,0.296565,1.0,182.795197,0.357889,0.867754,183.4384,0.288838,1.0,182.129593,0.283713,1.0,182.807999,0.331903,0.899914,184.075195,0.346475,0.934249
COLORWHEEL_2700_IMG_0568_0011,COLORWHEEL_2700,train,2700,pH:7.0,pH:7.0,,,pH,7.0,COLORWHEEL_2700_SEMIQUANT.zip,1,1,0,,189.112793,0.309175,1.0,189.408005,0.310515,1.0,187.963196,0.305087,1.0,185.105606,0.295401,1.0,185.392807,0.296565,1.0,182.795197,0.357889,0.867754,183.4384,0.288838,1.0,182.129593,0.283713,1.0,182.807999,0.331903,0.899914,184.075195,0.346475,0.934249
COLORWHEEL_2700_IMG_0568_0011,COLORWHEEL_2700,train,2700,Blood:Moderate 80,Blood:Moderate 80,,,Blood,Moderate 80,COLORWHEEL_2700_SEMIQUANT.zip,1,1,0,,189.112793,0.309175,1.0,189.408005,0.310515,1.0,187.963196,0.305087,1.0,185.105606,0.295401,1.0,185.392807,0.296565,1.0,182.795197,0.357889,0.867754,183.4384,0.288838,1.0,182.129593,0.283713,1.0,182.807999,0.331903,0.899914,184.075195,0.346475,0.934249
COLORWHEEL_2700_IMG_0568_0011,COLORWHEEL_2700,train,2700,Specific Gravity:1.015,Specific Gravity:1.015,,,Specific Gravity,1.015,COLORWHEEL_2700_SEMIQUANT.zip,1,1,0,,189.112793,0.309175,1.0,189.408005,0.310515,1.0,187.963196,0.305087,1.0,185.105606,0.295401,1.0,185.392807,0.296565,1.0,182.795197,0.357889,0.867754,183.4384,0.288838,1.0,182.129593,0.283713,1.0,182.807999,0.331903,0.899914,184.075195,0.346475,0.934249
COLORWHEEL_2700_IMG_0568_0011,COLORWHEEL_2700,train,2700,Ketone:8.0,Ketone:8.0,,,Ketone,8.0,COLORWHEEL_2700_SEMIQUANT.zip,1,1,0,,189.112793,0.309175,1.0,189.408005,0.310515,1.0,187.963196,0.305087,1.0,185.105606,0.295401,1.0,185.392807,0.296565,1.0,182.795197,0.357889,0.867754,183.4384,0.288838,1.0,182.129593,0.283713,1.0,182.807999,0.331903,0.899914,184.075195,0.346475,0.934249
COLORWHEEL_2700_IMG_0568_0011,COLORWHEEL_2700,train,2700,Bilirubin:Moderate 50,Bilirubin:Moderate 50,,,Bilirubin,Moderate 50,COLORWHEEL_2700_SEMIQUANT.zip,1,1,0,,189.112793,0.309175,1.0,189.408005,0.310515,1.0,187.963196,0.305087,1.0,185.105606,0.295401,1.0,185.392807,0.296565,1.0,182.795197,0.357889,0.867754,183.4384,0.288838,1.0,182.129593,0.283713,1.0,182.807999,0.331903,0.899914,184.075195,0.346475,0.934249
COLORWHEEL_2700_IMG_0568_0011,COLORWHEEL_2700,train,2700,Glucose:60 +++,Glucose:60 +++,,,Glucose,60 +++,COLORWHEEL_2700_SEMIQUANT.zip,1,1,0,,189.112793,0.309175,1.0,189.408005,0.310515,1.0,187.963196,0.305087,1.0,185.105606,0.295401,1.0,185.392807,0.296565,1.0,182.795197,0.357889,0.867754,183.4384,0.288838,1.0,182.129593,0.283713,1.0,182.807999,0.331903,0.899914,184.075195,0.346475,0.934249
COLORWHEEL_2700_IMG_0571_0012,COLORWHEEL_2700,train,2700,Leukocytes:Trace 15,Leukocytes:Trace 15,,,Leukocytes,Trace 15,COLORWHEEL_2700_SEMIQUANT.zip,1,1,0,,84.086403,0.031785,0.907961,93.909599,0.033046,0.905263,74.209602,0.038825,0.898787,72.1464,0.042251,0.906703,71.587997,0.047686,0.915539,40.211201,0.06586,0.906706,41.088001,0.067482,0.895862,38.139198,0.063995,0.897056,40.099998,0.071377,0.885164,38.651199,0.075082,0.875042
COLORWHEEL_2700_IMG_0571_0012,COLORWHEEL_2700,train,2700,Nitrite:Positive,Nitrite:Positive,,,Nitrite,Positive,COLORWHEEL_2700_SEMIQUANT.zip,1,1,0,,84.086403,0.031785,0.907961,93.909599,0.033046,0.905263,74.209602,0.038825,0.898787,72.1464,0.042251,0.906703,71.587997,0.047686,0.915539,40.211201,0.06586,0.906706,41.088001,0.067482,0.895862,38.139198,0.063995,0.897056,40.099998,0.071377,0.885164,38.651199,0.075082,0.875042
COLORWHEEL_2700_IMG_0571_0012,COLORWHEEL_2700,train,2700,Urobilinogen:16,Urobilinogen:16,,,Urobilinogen,16,COLORWHEEL_2700_SEMIQUANT.zip,1,1,0,,84.086403,0.031785,0.907961,93.909599,0.033046,0.905263,74.209602,0.038825,0.898787,72.1464,0.042251,0.906703,71.587997,0.047686,0.915539,40.211201,0.06586,0.906706,41.088001,0.067482,0.895862,38.139198,0.063995,0.897056,40.099998,0.071377,0.885164,38.651199,0.075082,0.875042
COLORWHEEL_2700_IMG_0571_0012,COLORWHEEL_2700,train,2700,Protein:>=20.0,Protein:>=20.0,,,Protein,>=20.0,COLORWHEEL_2700_SEMIQUANT.zip,1,1,0,,84.086403,0.031785,0.907961,93.909599,0.033046,0.905263,74.209602,0.038825,0.898787,72.1464,0.042251,0.906703,71.587997,0.047686,0.915539,40.211201,0.06586,0.906706,41.088001,0.067482,0.895862,38.139198,0.063995,0.897056,40.099998,0.071377,0.885164,38.651199,0.075082,0.875042
COLORWHEEL_2700_IMG_0571_0012,COLORWHEEL_2700,train,2700,pH:7.5,pH:7.5,,,pH,7.5,COLORWHEEL_2700_SEMIQUANT.zip,1,1,0,,84.086403,0.031785,0.907961,93.909599,0.033046,0.905263,74.209602,0.038825,0.898787,72.1464,0.042251,0.906703,71.587997,0.047686,0.915539,40.211201,0.06586,0.906706,41.088001,0.067482,0.895862,38.139198,0.063995,0.897056,40.099998,0.071377,0.885164,38.651199,0.075082,0.875042
COLORWHEEL_2700_IMG_0571_0012,COLORWHEEL_2700,train,2700,Blood:Large 200,Blood:Large 200,,,Blood,Large 200,COLORWHEEL_2700_SEMIQUANT.zip,1,1,0,,84.086403,0.031785,0.907961,93.909599,0.033046,0.905263,74.209602,0.038825,0.898787,72.1464,0.042251,0.906703,71.587997,0.047686,0.915539,40.211201,0.06586,0.906706,41.088001,0.067482,0.895862,38.139198,0.063995,0.897056,40.099998,0.071377,0.885164,38.651199,0.075082,0.875042
COLORWHEEL_2700_IMG_0571_0012,COLORWHEEL_2700,train,2700,Specific Gravity:1.020,Specific Gravity:1.020,,,Specific Gravity,1.020,COLORWHEEL_2700_SEMIQUANT.zip,1,1,0,,84.086403,0.031785,0.907961,93.909599,0.033046,0.905263,74.209602,0.038825,0.898787,72.1464,0.042251,0.906703,71.587997,0.047686,0.915539,40.211201,0.06586,0.906706,41.088001,0.067482,0.895862,38.139198,0.063995,0.897056,40.099998,0.071377,0.885164,38.651199,0.075082,0.875042
COLORWHEEL_2700_IMG_0571_0012,COLORWHEEL_2700,train,2700,Ketone:Large 16,Ketone:Large 16,,,Ketone,Large 16,COLORWHEEL_2700_SEMIQUANT.zip,1,1,0,,84.086403,0.031785,0.907961,93.909599,0.033046,0.905263,74.209602,0.038825,0.898787,72.1464,0.042251,0.906703,71.587997,0.047686,0.915539,40.211201,0.06586,0.906706,41.088001,0.067482,0.895862,38.139198,0.063995,0.897056,40.099998,0.071377,0.885164,38.651199,0.075082,0.875042
COLORWHEEL_2700_IMG_0571_0012,COLORWHEEL_2700,train,2700,Bilirubin:Large 100,Bilirubin:Large 100,,,Bilirubin,Large 100,COLORWHEEL_2700_SEMIQUANT.zip,1,1,0,,84.086403,0.031785,0.907961,93.909599,0.033046,0.905263,74.209602,0.038825,0.898787,72.1464,0.042251,0.906703,71.587997,0.047686,0.915539,40.211201,0.06586,0.906706,41.088001,0.067482,0.895862,38.139198,0.063995,0.897056,40.099998,0.071377,0.885164,38.651199,0.075082,0.875042
COLORWHEEL_2700_IMG_0571_0012,COLORWHEEL_2700,train,2700,Glucose:110 ++++,Glucose:110 ++++,,,Glucose,110 ++++,COLORWHEEL_2700_SEMIQUANT.zip,1,1,0,,84.086403,0.031785,0.907961,93.909599,0.033046,0.905263,74.209602,0.038825,0.898787,72.1464,0.042251,0.906703,71.587997,0.047686,0.915539,40.211201,0.06586,0.906706,41.088001,0.067482,0.895862,38.139198,0.063995,0.897056,40.099998,0.071377,0.885164,38.651199,0.075082,0.875042
COLORWHEEL_2700_IMG_0573_0013,COLORWHEEL_2700,train,2700,Leukocytes:Small 70,Leukocytes:Small 70,,,Leukocytes,Small 70,COLORWHEEL_2700_SEMIQUANT.zip,1,1,0,,228.952805,0.349107,1.0,228.094406,0.351286,1.0,182.655197,0.266094,1.0,197.258408,0.308406,0.993987,237.496796,0.417653,0.972279,237.435196,0.424281,0.958176,192.189606,0.306413,0.999685,180.0,0.26723,1.0,180.048004,0.271724,1.0,180.0,0.267429,1.0
COLORWHEEL_2700_IMG_0573_0013,COLORWHEEL_2700,train,2700,Nitrite:Neg,Nitrite:Neg,,,Nitrite,Neg,COLORWHEEL_2700_SEMIQUANT.zip,1,1,0,,228.952805,0.349107,1.0,228.094406,0.351286,1.0,182.655197,0.266094,1.0,197.258408,0.308406,0.993987,237.496796,0.417653,0.972279,237.435196,0.424281,0.958176,192.189606,0.306413,0.999685,180.0,0.26723,1.0,180.048004,0.271724,1.0,180.0,0.267429,1.0
COLORWHEEL_2700_IMG_0573_0013,COLORWHEEL_2700,train,2700,Urobilinogen:32,Urobilinogen:32,,,Urobilinogen,32,COLORWHEEL_2700_SEMIQUANT.zip,1,1,0,,228.952805,0.349107,1.0,228.094406,0.351286,1.0,182.655197,0.266094,1.0,197.258408,0.308406,0.993987,237.496796,0.417653,0.972279,237.435196,0.424281,0.958176,192.189606,0.306413,0.999685,180.0,0.26723,1.0,180.048004,0.271724,1.0,180.0,0.267429,1.0
COLORWHEEL_2700_IMG_0573_0013,COLORWHEEL_2700,train,2700,Protein:Neg,Protein:Neg,,,Protein,Neg,COLORWHEEL_2700_SEMIQUANT.zip,1,1,0,,228.952805,0.349107,1.0,228.094406,0.351286,1.0,182.655197,0.266094,1.0,197.258408,0.308406,0.993987,237.496796,0.417653,0.972279,237.435196,0.424281,0.958176,192.189606,0.306413,0.999685,180.0,0.26723,1.0,180.048004,0.271724,1.0,180.0,0.267429,1.0
COLORWHEEL_2700_IMG_0573_0013,COLORWHEEL_2700,train,2700,pH:8.0,pH:8.0,,,pH,8.0,COLORWHEEL_2700_SEMIQUANT.zip,1,1,0,,228.952805,0.349107,1.0,228.094406,0.351286,1.0,182.655197,0.266094,1.0,197.258408,0.308406,0.993987,237.496796,0.417653,0.972279,237.435196,0.424281,0.958176,192.189606,0.306413,0.999685,180.0,0.26723,1.0,180.048004,0.271724,1.0,180.0,0.267429,1.0
COLORWHEEL_2700_IMG_0573_0013,COLORWHEEL_2700,train,2700,Blood:Neg,Blood:Neg,,,Blood,Neg,COLORWHEEL_2700_SEMIQUANT.zip,1,1,0,,228.952805,0.349107,1.0,228.094406,0.351286,1.0,182.655197,0.266094,1.0,197.258408,0.308406,0.993987,237.496796,0.417653,0.972279,237.435196,0.424281,0.958176,192.189606,0.306413,0.999685,180.0,0.26723,1.0,180.048004,0.271724,1.0,180.0,0.267429,1.0
COLORWHEEL_2700_IMG_0573_0013,COLORWHEEL_2700,train,2700,Specific Gravity:1.025,Specific Gravity:1.025,,,Specific Gravity,1.025,COLORWHEEL_2700_SEMIQUANT.zip,1,1,0,,228.952805,0.349107,1.0,228.094406,0.351286,1.0,182.655197,0.266094,1.0,197.258408,0.308406,0.993987,237.496796,0.417653,0.972279,237.435196,0.424281,0.958176,192.189606,0.306413,0.999685,180.0,0.26723,1.0,180.048004,0.271724,1.0,180.0,0.267429,1.0
COLORWHEEL_2700_IMG_0573_0013,COLORWHEEL_2700,train,2700,Ketone:Neg,Ketone:Neg,,,Ketone,Neg,COLORWHEEL_2700_SEMIQUANT.zip,1,1,0,,228.952805,0.349107,1.0,228.094406,0.351286,1.0,182.655197,0.266094,1.0,197.258408,0.308406,0.993987,237.496796,0.417653,0.972279,237.435196,0.424281,0.958176,192.189606,0.306413,0.999685,180.0,0.26723,1.0,180.048004,0.271724,1.0,180.0,0.267429,1.0
COLORWHEEL_2700_IMG_0573_0013,COLORWHEEL_2700,train,2700,Bilirubin:Neg,Bilirubin:Neg,,,Bilirubin,Neg,COLORWHEEL_2700_SEMIQUANT.zip,1,1,0,,228.952805,0.349107,1.0,228.094406,0.351286,1.0,182.655197,0.266094,1.0,197.258408,0.308406,0.993987,237.496796,0.417653,0.972279,237.435196,0.424281,0.958176,192.189606,0.306413,0.999685,180.0,0.26723,1.0,180.048004,0.271724,1.0,180.0,0.267429,1.0
COLORWHEEL_2700_IMG_0573_0013,COLORWHEEL_2700,train,2700,Glucose:Neg,Glucose:Neg,,,Glucose,Neg,COLORWHEEL_2700_SEMIQUANT.zip,1,1,0,,228.952805,0.349107,1.0,228.094406,0.351286,1.0,182.655197,0.266094,1.0,197.258408,0.308406,0.993987,237.496796,0.417653,0.972279,237.435196,0.424281,0.958176,192.189606,0.306413,0.999685,180.0,0.26723,1.0,180.048004,0.271724,1.0,180.0,0.267429,1.0
COLORWHEEL_2700_IMG_0579_0014,COLORWHEEL_2700,train,2700,Leukocytes:Moderate 125,Leukocytes:Moderate 125,,,Leukocytes,Moderate 125,COLORWHEEL_2700_SEMIQUANT.zip,1,1,0,,244.746399,0.299633,1.0,244.886398,0.304681,1.0,214.852005,0.252745,1.0,217.279999,0.26778,1.0,250.855194,0.427145,1.0,250.694397,0.426985,1.0,233.239197,0.342318,1.0,212.240005,0.253341,1.0,252.535202,0.506949,1.0,251.325607,0.505644,1.0
COLORWHEEL_2700_IMG_0579_0014,COLORWHEEL_2700,train,2700,Nitrite:Positive,Nitrite:Positive,,,Nitrite,Positive,COLORWHEEL_2700_SEMIQUANT.zip,1,1,0,,244.746399,0.299633,1.0,244.886398,0.304681,1.0,214.852005,0.252745,1.0,217.279999,0.26778,1.0,250.855194,0.427145,1.0,250.694397,0.426985,1.0,233.239197,0.342318,1.0,212.240005,0.253341,1.0,252.535202,0.506949,1.0,251.325607,0.505644,1.0
COLORWHEEL_2700_IMG_0579_0014,COLORWHEEL_2700,train,2700,Urobilinogen:64,Urobilinogen:64,,,Urobilinogen,64,COLORWHEEL_2700_SEMIQUANT.zip,1,1,0,,244.746399,0.299633,1.0,244.886398,0.304681,1.0,214.852005,0.252745,1.0,217.279999,0.26778,1.0,250.855194,0.427145,1.0,250.694397,0.426985,1.0,233.239197,0.342318,1.0,212.240005,0.253341,1.0,252.535202,0.506949,1.0,251.325607,0.505644,1.0
COLORWHEEL_2700_IMG_0579_0014,COLORWHEEL_2700,train,2700,Protein:Trace,Protein:Trace,,,Protein,Trace,COLORWHEEL_2700_SEMIQUANT.zip,1,1,0,,244.746399,0.299633,1.0,244.886398,0.304681,1.0,214.852005,0.252745,1.0,217.279999,0.26778,1.0,250.855194,0.427145,1.0,250.694397,0.426985,1.0,233.239197,0.342318,1.0,212.240005,0.253341,1.0,252.535202,0.506949,1.0,251.325607,0.505644,1.0
COLORWHEEL_2700_IMG_0579_0014,COLORWHEEL_2700,train,2700,pH:8.5,pH:8.5,,,pH,8.5,COLORWHEEL_2700_SEMIQUANT.zip,1,1,0,,244.746399,0.299633,1.0,244.886398,0.304681,1.0,214.852005,0.252745,1.0,217.279999,0.26778,1.0,250.855194,0.427145,1.0,250.694397,0.426985,1.0,233.239197,0.342318,1.0,212.240005,0.253341,1.0,252.535202,0.506949,1.0,251.325607,0.505644,1.0
COLORWHEEL_2700_IMG_0579_0014,COLORWHEEL_2700,train,2700,Blood:Non-hemolyzed 10,Blood:Non-hemolyzed 10,,,Blood,Non-hemolyzed 10,COLORWHEEL_2700_SEMIQUANT.zip,1,1,0,,244.746399,0.299633,1.0,244.886398,0.304681,1.0,214.852005,0.252745,1.0,217.279999,0.26778,1.0,250.855194,0.427145,1.0,250.694397,0.426985,1.0,233.239197,0.342318,1.0,212.240005,0.253341,1.0,252.535202,0.506949,1.0,251.325607,0.505644,1.0
COLORWHEEL_2700_IMG_0579_0014,COLORWHEEL_2700,train,2700,Specific Gravity:1.030,Specific Gravity:1.030,,,Specific Gravity,1.030,COLORWHEEL_2700_SEMIQUANT.zip,1,1,0,,244.746399,0.299633,1.0,244.886398,0.304681,1.0,214.852005,0.252745,1.0,217.279999,0.26778,1.0,250.855194,0.427145,1.0,250.694397,0.426985,1.0,233.239197,0.342318,1.0,212.240005,0.253341,1.0,252.535202,0.506949,1.0,251.325607,0.505644,1.0
COLORWHEEL_2700_IMG_0579_0014,COLORWHEEL_2700,train,2700,Ketone:Trace 0.5,Ketone:Trace 0.5,,,Ketone,Trace 0.5,COLORWHEEL_2700_SEMIQUANT.zip,1,1,0,,244.746399,0.299633,1.0,244.886398,0.304681,1.0,214.852005,0.252745,1.0,217.279999,0.26778,1.0,250.855194,0.427145,1.0,250.694397,0.426985,1.0,233.239197,0.342318,1.0,212.240005,0.253341,1.0,252.535202,0.506949,1.0,251.325607,0.505644,1.0
COLORWHEEL_2700_IMG_0579_0014,COLORWHEEL_2700,train,2700,Bilirubin:Small 17,Bilirubin:Small 17,,,Bilirubin,Small 17,COLORWHEEL_2700_SEMIQUANT.zip,1,1,0,,244.746399,0.299633,1.0,244.886398,0.304681,1.0,214.852005,0.252745,1.0,217.279999,0.26778,1.0,250.855194,0.427145,1.0,250.694397,0.426985,1.0,233.239197,0.342318,1.0,212.240005,0.253341,1.0,252.535202,0.506949,1.0,251.325607,0.505644,1.0
COLORWHEEL_2700_IMG_0579_0014,COLORWHEEL_2700,train,2700,Glucose:Trace 5,Glucose:Trace 5,,,Glucose,Trace 5,COLORWHEEL_2700_SEMIQUANT.zip,1,1,0,,244.746399,0.299633,1.0,244.886398,0.304681,1.0,214.852005,0.252745,1.0,217.279999,0.26778,1.0,250.855194,0.427145,1.0,250.694397,0.426985,1.0,233.239197,0.342318,1.0,212.240005,0.253341,1.0,252.535202,0.506949,1.0,251.325607,0.505644,1.0
COLORWHEEL_2700_IMG_0582_0015,COLORWHEEL_2700,train,2700,Leukocytes:Large 500,Leukocytes:Large 500,,,Leukocytes,Large 500,COLORWHEEL_2700_SEMIQUANT.zip,1,1,0,,88.045601,0.14331,0.551427,80.976799,0.168819,0.545619,105.0672,0.13869,0.594013,106.905602,0.125272,0.619608,110.936798,0.119893,0.63314,89.048798,0.15661,0.541879,99.569603,0.136229,0.566364,101.127998,0.143043,0.563649,101.817596,0.141169,0.553333,87.482399,0.143644,0.525937
COLORWHEEL_2700_IMG_0582_0015,COLORWHEEL_2700,train,2700,Nitrite:Neg,Nitrite:Neg,,,Nitrite,Neg,COLORWHEEL_2700_SEMIQUANT.zip,1,1,0,,88.045601,0.14331,0.551427,80.976799,0.168819,0.545619,105.0672,0.13869,0.594013,106.905602,0.125272,0.619608,110.936798,0.119893,0.63314,89.048798,0.15661,0.541879,99.569603,0.136229,0.566364,101.127998,0.143043,0.563649,101.817596,0.141169,0.553333,87.482399,0.143644,0.525937
COLORWHEEL_2700_IMG_0582_0015,COLORWHEEL_2700,train,2700,Urobilinogen:128,Urobilinogen:128,,,Urobilinogen,128,COLORWHEEL_2700_SEMIQUANT.zip,1,1,0,,88.045601,0.14331,0.551427,80.976799,0.168819,0.545619,105.0672,0.13869,0.594013,106.905602,0.125272,0.619608,110.936798,0.119893,0.63314,89.048798,0.15661,0.541879,99.569603,0.136229,0.566364,101.127998,0.143043,0.563649,101.817596,0.141169,0.553333,87.482399,0.143644,0.525937
COLORWHEEL_2700_IMG_0582_0015,COLORWHEEL_2700,train,2700,Protein:0.3,Protein:0.3,,,Protein,0.3,COLORWHEEL_2700_SEMIQUANT.zip,1,1,0,,88.045601,0.14331,0.551427,80.976799,0.168819,0.545619,105.0672,0.13869,0.594013,106.905602,0.125272,0.619608,110.936798,0.119893,0.63314,89.048798,0.15661,0.541879,99.569603,0.136229,0.566364,101.127998,0.143043,0.563649,101.817596,0.141169,0.553333,87.482399,0.143644,0.525937
COLORWHEEL_2700_IMG_0582_0015,COLORWHEEL_2700,train,2700,pH:5.0,pH:5.0,,,pH,5.0,COLORWHEEL_2700_SEMIQUANT.zip,1,1,0,,88.045601,0.14331,0.551427,80.976799,0.168819,0.545619,105.0672,0.13869,0.594013,106.905602,0.125272,0.619608,110.936798,0.119893,0.63314,89.048798,0.15661,0.541879,99.569603,0.136229,0.566364,101.127998,0.143043,0.563649,101.817596,0.141169,0.553333,87.482399,0.143644,0.525937
COLORWHEEL_2700_IMG_0582_0015,COLORWHEEL_2700,train,2700,Blood:Hemolyzed 10,Blood:Hemolyzed 10,,,Blood,Hemolyzed 10,COLORWHEEL_2700_SEMIQUANT.zip,1,1,0,,88.045601,0.14331,0.551427,80.976799,0.168819,0.545619,105.0672,0.13869,0.594013,106.905602,0.125272,0.619608,110.936798,0.119893,0.63314,89.048798,0.15661,0.541879,99.569603,0.136229,0.566364,101.127998,0.143043,0.563649,101.817596,0.141169,0.553333,87.482399,0.143644,0.525937
COLORWHEEL_2700_IMG_0582_0015,COLORWHEEL_2700,train,2700,Specific Gravity:1.000,Specific Gravity:1.000,,,Specific Gravity,1.000,COLORWHEEL_2700_SEMIQUANT.zip,1,1,0,,88.045601,0.14331,0.551427,80.976799,0.168819,0.545619,105.0672,0.13869,0.594013,106.905602,0.125272,0.619608,110.936798,0.119893,0.63314,89.048798,0.15661,0.541879,99.569603,0.136229,0.566364,101.127998,0.143043,0.563649,101.817596,0.141169,0.553333,87.482399,0.143644,0.525937
COLORWHEEL_2700_IMG_0582_0015,COLORWHEEL_2700,train,2700,Ketone:Small 1.5,Ketone:Small 1.5,,,Ketone,Small 1.5,COLORWHEEL_2700_SEMIQUANT.zip,1,1,0,,88.045601,0.14331,0.551427,80.976799,0.168819,0.545619,105.0672,0.13869,0.594013,106.905602,0.125272,0.619608,110.936798,0.119893,0.63314,89.048798,0.15661,0.541879,99.569603,0.136229,0.566364,101.127998,0.143043,0.563649,101.817596,0.141169,0.553333,87.482399,0.143644,0.525937
COLORWHEEL_2700_IMG_0582_0015,COLORWHEEL_2700,train,2700,Bilirubin:Moderate 50,Bilirubin:Moderate 50,,,Bilirubin,Moderate 50,COLORWHEEL_2700_SEMIQUANT.zip,1,1,0,,88.045601,0.14331,0.551427,80.976799,0.168819,0.545619,105.0672,0.13869,0.594013,106.905602,0.125272,0.619608,110.936798,0.119893,0.63314,89.048798,0.15661,0.541879,99.569603,0.136229,0.566364,101.127998,0.143043,0.563649,101.817596,0.141169,0.553333,87.482399,0.143644,0.525937
COLORWHEEL_2700_IMG_0582_0015,COLORWHEEL_2700,train,2700,Glucose:15 +,Glucose:15 +,,,Glucose,15 +,COLORWHEEL_2700_SEMIQUANT.zip,1,1,0,,88.045601,0.14331,0.551427,80.976799,0.168819,0.545619,105.0672,0.13869,0.594013,106.905602,0.125272,0.619608,110.936798,0.119893,0.63314,89.048798,0.15661,0.541879,99.569603,0.136229,0.566364,101.127998,0.143043,0.563649,101.817596,0.141169,0.553333,87.482399,0.143644,0.525937
COLORWHEEL_2700_IMG_0585_0016,COLORWHEEL_2700,train,2700,Leukocytes:Neg,Leukocytes:Neg,,,Leukocytes,Neg,COLORWHEEL_2700_SEMIQUANT.zip,1,1,0,,203.604797,0.210085,0.999558,202.242401,0.208169,0.999798,202.980804,0.220938,0.998422,199.896805,0.210353,0.996238,201.957596,0.214097,0.979655,204.642395,0.221073,0.967004,203.825607,0.21862,0.961147,202.991196,0.215068,0.962709,202.0728,0.213213,0.970474,201.422394,0.209903,0.959406
COLORWHEEL_2700_IMG_0585_0016,COLORWHEEL_2700,train,2700,Nitrite:Positive,Nitrite:Positive,,,Nitrite,Positive,COLORWHEEL_2700_SEMIQUANT.zip,1,1,0,,203.604797,0.210085,0.999558,202.242401,0.208169,0.999798,202.980804,0.220938,0.998422,199.896805,0.210353,0.996238,201.957596,0.214097,0.979655,204.642395,0.221073,0.967004,203.825607,0.21862,0.961147,202.991196,0.215068,0.962709,202.0728,0.213213,0.970474,201.422394,0.209903,0.959406
COLORWHEEL_2700_IMG_0585_0016,COLORWHEEL_2700,train,2700,Urobilinogen:3.2,Urobilinogen:3.2,,,Urobilinogen,3.2,COLORWHEEL_2700_SEMIQUANT.zip,1,1,0,,203.604797,0.210085,0.999558,202.242401,0.208169,0.999798,202.980804,0.220938,0.998422,199.896805,0.210353,0.996238,201.957596,0.214097,0.979655,204.642395,0.221073,0.967004,203.825607,0.21862,0.961147,202.991196,0.215068,0.962709,202.0728,0.213213,0.970474,201.422394,0.209903,0.959406
COLORWHEEL_2700_IMG_0585_0016,COLORWHEEL_2700,train,2700,Protein:1.0,Protein:1.0,,,Protein,1.0,COLORWHEEL_2700_SEMIQUANT.zip,1,1,0,,203.604797,0.210085,0.999558,202.242401,0.208169,0.999798,202.980804,0.220938,0.998422,199.896805,0.210353,0.996238,201.957596,0.214097,0.979655,204.642395,0.221073,0.967004,203.825607,0.21862,0.961147,202.991196,0.215068,0.962709,202.0728,0.213213,0.970474,201.422394,0.209903,0.959406
COLORWHEEL_2700_IMG_0585_0016,COLORWHEEL_2700,train,2700,pH:6.0,pH:6.0,,,pH,6.0,COLORWHEEL_2700_SEMIQUANT.zip,1,1,0,,203.604797,0.210085,0.999558,202.242401,0.208169,0.999798,202.980804,0.220938,0.998422,199.896805,0.210353,0.996238,201.957596,0.214097,0.979655,204.642395,0.221073,0.967004,203.825607,0.21862,0.961147,202.991196,0.215068,0.962709,202.0728,0.213213,0.970474,201.422394,0.209903,0.959406
COLORWHEEL_2700_IMG_0585_0016,COLORWHEEL_2700,train,2700,Blood:Small 25,Blood:Small 25,,,Blood,Small 25,COLORWHEEL_2700_SEMIQUANT.zip,1,1,0,,203.604797,0.210085,0.999558,202.242401,0.208169,0.999798,202.980804,0.220938,0.998422,199.896805,0.210353,0.996238,201.957596,0.214097,0.979655,204.642395,0.221073,0.967004,203.825607,0.21862,0.961147,202.991196,0.215068,0.962709,202.0728,0.213213,0.970474,201.422394,0.209903,0.959406
COLORWHEEL_2700_IMG_0585_0016,COLORWHEEL_2700,train,2700,Specific Gravity:1.005,Specific Gravity:1.005,,,Specific Gravity,1.005,COLORWHEEL_2700_SEMIQUANT.zip,1,1,0,,203.604797,0.210085,0.999558,202.242401,0.208169,0.999798,202.980804,0.220938,0.998422,199.896805,0.210353,0.996238,201.957596,0.214097,0.979655,204.642395,0.221073,0.967004,203.825607,0.21862,0.961147,202.991196,0.215068,0.962709,202.0728,0.213213,0.970474,201.422394,0.209903,0.959406
COLORWHEEL_2700_IMG_0585_0016,COLORWHEEL_2700,train,2700,Ketone:Moderate 4.0,Ketone:Moderate 4.0,,,Ketone,Moderate 4.0,COLORWHEEL_2700_SEMIQUANT.zip,1,1,0,,203.604797,0.210085,0.999558,202.242401,0.208169,0.999798,202.980804,0.220938,0.998422,199.896805,0.210353,0.996238,201.957596,0.214097,0.979655,204.642395,0.221073,0.967004,203.825607,0.21862,0.961147,202.991196,0.215068,0.962709,202.0728,0.213213,0.970474,201.422394,0.209903,0.959406
COLORWHEEL_2700_IMG_0585_0016,COLORWHEEL_2700,train,2700,Bilirubin:Large 100,Bilirubin:Large 100,,,Bilirubin,Large 100,COLORWHEEL_2700_SEMIQUANT.zip,1,1,0,,203.604797,0.210085,0.999558,202.242401,0.208169,0.999798,202.980804,0.220938,0.998422,199.896805,0.210353,0.996238,201.957596,0.214097,0.979655,204.642395,0.221073,0.967004,203.825607,0.21862,0.961147,202.991196,0.215068,0.962709,202.0728,0.213213,0.970474,201.422394,0.209903,0.959406
COLORWHEEL_2700_IMG_0585_0016,COLORWHEEL_2700,train,2700,Glucose:30 ++,Glucose:30 ++,,,Glucose,30 ++,COLORWHEEL_2700_SEMIQUANT.zip,1,1,0,,203.604797,0.210085,0.999558,202.242401,0.208169,0.999798,202.980804,0.220938,0.998422,199.896805,0.210353,0.996238,201.957596,0.214097,0.979655,204.642395,0.221073,0.967004,203.825607,0.21862,0.961147,202.991196,0.215068,0.962709,202.0728,0.213213,0.970474,201.422394,0.209903,0.959406
COLORWHEEL_2700_IMG_0588_0017,COLORWHEEL_2700,train,2700,Leukocytes:Trace 15,Leukocytes:Trace 15,,,Leukocytes,Trace 15,COLORWHEEL_2700_SEMIQUANT.zip,1,1,0,,97.215202,0.14042,0.578875,84.008797,0.160325,0.560024,107.1064,0.130941,0.607114,111.0112,0.118756,0.62414,113.901604,0.111357,0.626116,100.781601,0.129992,0.531192,114.534401,0.123018,0.54536,110.104797,0.132067,0.532224,96.931198,0.143167,0.50896,90.380798,0.145432,0.475448
COLORWHEEL_2700_IMG_0588_0017,COLORWHEEL_2700,train,2700,Nitrite:Neg,Nitrite:Neg,,,Nitrite,Neg,COLORWHEEL_2700_SEMIQUANT.zip,1,1,0,,97.215202,0.14042,0.578875,84.008797,0.160325,0.560024,107.1064,0.130941,0.607114,111.0112,0.118756,0.62414,113.901604,0.111357,0.626116,100.781601,0.129992,0.531192,114.534401,0.123018,0.54536,110.104797,0.132067,0.532224,96.931198,0.143167,0.50896,90.380798,0.145432,0.475448
COLORWHEEL_2700_IMG_0588_0017,COLORWHEEL_2700,train,2700,Urobilinogen:16,Urobilinogen:16,,,Urobilinogen,16,COLORWHEEL_2700_SEMIQUANT.zip,1,1,0,,97.215202,0.14042,0.578875,84.008797,0.160325,0.560024,107.1064,0.130941,0.607114,111.0112,0.118756,0.62414,113.901604,0.111357,0.626116,100.781601,0.129992,0.531192,114.534401,0.123018,0.54536,110.104797,0.132067,0.532224,96.931198,0.143167,0.50896,90.380798,0.145432,0.475448
COLORWHEEL_2700_IMG_0588_0017,COLORWHEEL_2700,train,2700,Protein:3.0,Protein:3.0,,,Protein,3.0,COLORWHEEL_2700_SEMIQUANT.zip,1,1,0,,97.215202,0.14042,0.578875,84.008797,0.160325,0.560024,107.1064,0.130941,0.607114,111.0112,0.118756,0.62414,113.901604,0.111357,0.626116,100.781601,0.129992,0.531192,114.534401,0.123018,0.54536,110.104797,0.132067,0.532224,96.931198,0.143167,0.50896,90.380798,0.145432,0.475448
COLORWHEEL_2700_IMG_0588_0017,COLORWHEEL_2700,train,2700,pH:6.5,pH:6.5,,,pH,6.5,COLORWHEEL_2700_SEMIQUANT.zip,1,1,0,,97.215202,0.14042,0.578875,84.008797,0.160325,0.560024,107.1064,0.130941,0.607114,111.0112,0.118756,0.62414,113.901604,0.111357,0.626116,100.781601,0.129992,0.531192,114.534401,0.123018,0.54536,110.104797,0.132067,0.532224,96.931198,0.143167,0.50896,90.380798,0.145432,0.475448
COLORWHEEL_2700_IMG_0588_0017,COLORWHEEL_2700,train,2700,Blood:Moderate 80,Blood:Moderate 80,,,Blood,Moderate 80,COLORWHEEL_2700_SEMIQUANT.zip,1,1,0,,97.215202,0.14042,0.578875,84.008797,0.160325,0.560024,107.1064,0.130941,0.607114,111.0112,0.118756,0.62414,113.901604,0.111357,0.626116,100.781601,0.129992,0.531192,114.534401,0.123018,0.54536,110.104797,0.132067,0.532224,96.931198,0.143167,0.50896,90.380798,0.145432,0.475448
COLORWHEEL_2700_IMG_0588_0017,COLORWHEEL_2700,train,2700,Specific Gravity:1.010,Specific Gravity:1.010,,,Specific Gravity,1.010,COLORWHEEL_2700_SEMIQUANT.zip,1,1,0,,97.215202,0.14042,0.578875,84.008797,0.160325,0.560024,107.1064,0.130941,0.607114,111.0112,0.118756,0.62414,113.901604,0.111357,0.626116,100.781601,0.129992,0.531192,114.534401,0.123018,0.54536,110.104797,0.132067,0.532224,96.931198,0.143167,0.50896,90.380798,0.145432,0.475448
COLORWHEEL_2700_IMG_0588_0017,COLORWHEEL_2700,train,2700,Ketone:8.0,Ketone:8.0,,,Ketone,8.0,COLORWHEEL_2700_SEMIQUANT.zip,1,1,0,,97.215202,0.14042,0.578875,84.008797,0.160325,0.560024,107.1064,0.130941,0.607114,111.0112,0.118756,0.62414,113.901604,0.111357,0.626116,100.781601,0.129992,0.531192,114.534401,0.123018,0.54536,110.104797,0.132067,0.532224,96.931198,0.143167,0.50896,90.380798,0.145432,0.475448
COLORWHEEL_2700_IMG_0588_0017,COLORWHEEL_2700,train,2700,Bilirubin:Neg,Bilirubin:Neg,,,Bilirubin,Neg,COLORWHEEL_2700_SEMIQUANT.zip,1,1,0,,97.215202,0.14042,0.578875,84.008797,0.160325,0.560024,107.1064,0.130941,0.607114,111.0112,0.118756,0.62414,113.901604,0.111357,0.626116,100.781601,0.129992,0.531192,114.534401,0.123018,0.54536,110.104797,0.132067,0.532224,96.931198,0.143167,0.50896,90.380798,0.145432,0.475448
COLORWHEEL_2700_IMG_0588_0017,COLORWHEEL_2700,train,2700,Glucose:60 +++,Glucose:60 +++,,,Glucose,60 +++,COLORWHEEL_2700_SEMIQUANT.zip,1,1,0,,97.215202,0.14042,0.578875,84.008797,0.160325,0.560024,107.1064,0.130941,0.607114,111.0112,0.118756,0.62414,113.901604,0.111357,0.626116,100.781601,0.129992,0.531192,114.534401,0.123018,0.54536,110.104797,0.132067,0.532224,96.931198,0.143167,0.50896,90.380798,0.145432,0.475448
COLORWHEEL_2700_IMG_0591_0018,COLORWHEEL_2700,train,2700,Leukocytes:Small 70,Leukocytes:Small 70,,,Leukocytes,Small 70,COLORWHEEL_2700_SEMIQUANT.zip,1,1,0,,134.934402,0.132775,0.568599,126.428001,0.137904,0.553716,141.408005,0.131145,0.599951,145.257599,0.125404,0.618384,151.811203,0.131725,0.620616,127.149597,0.130049,0.523462,138.975204,0.125476,0.538485,138.675995,0.128954,0.522292,135.675995,0.138736,0.502173,128.684006,0.131286,0.47003
COLORWHEEL_2700_IMG_0591_0018,COLORWHEEL_2700,train,2700,Nitrite:Positive,Nitrite:Positive,,,Nitrite,Positive,COLORWHEEL_2700_SEMIQUANT.zip,1,1,0,,134.934402,0.132775,0.568599,126.428001,0.137904,0.553716,141.408005,0.131145,0.599951,145.257599,0.125404,0.618384,151.811203,0.131725,0.620616,127.149597,0.130049,0.523462,138.975204,0.125476,0.538485,138.675995,0.128954,0.522292,135.675995,0.138736,0.502173,128.684006,0.131286,0.47003
COLORWHEEL_2700_IMG_0591_0018,COLORWHEEL_2700,train,2700,Urobilinogen:32,Urobilinogen:32,,,Urobilinogen,32,COLORWHEEL_2700_SEMIQUANT.zip,1,1,0,,134.934402,0.132775,0.568599,126.428001,0.137904,0.553716,141.408005,0.131145,0.599951,145.257599,0.125404,0.618384,151.811203,0.131725,0.620616,127.149597,0.130049,0.523462,138.975204,0.125476,0.538485,138.675995,0.128954,0.522292,135.675995,0.138736,0.502173,128.684006,0.131286,0.47003
COLORWHEEL_2700_IMG_0591_0018,COLORWHEEL_2700,train,2700,Protein:>=20.0,Protein:>=20.0,,,Protein,>=20.0,COLORWHEEL_2700_SEMIQUANT.zip,1,1,0,,134.934402,0.132775,0.568599,126.428001,0.137904,0.553716,141.408005,0.131145,0.599951,145.257599,0.125404,0.618384,151.811203,0.131725,0.620616,127.149597,0.130049,0.523462,138.975204,0.125476,0.538485,138.675995,0.128954,0.522292,135.675995,0.138736,0.502173,128.684006,0.131286,0.47003
COLORWHEEL_2700_IMG_0591_0018,COLORWHEEL_2700,train,2700,pH:7.0,pH:7.0,,,pH,7.0,COLORWHEEL_2700_SEMIQUANT.zip,1,1,0,,134.934402,0.132775,0.568599,126.428001,0.137904,0.553716,141.408005,0.131145,0.599951,145.257599,0.125404,0.618384,151.811203,0.131725,0.620616,127.149597,0.130049,0.523462,138.975204,0.125476,0.538485,138.675995,0.128954,0.522292,135.675995,0.138736,0.502173,128.684006,0.131286,0.47003
COLORWHEEL_2700_IMG_0591_0018,COLORWHEEL_2700,train,2700,Blood:Large 200,Blood:Large 200,,,Blood,Large 200,COLORWHEEL_2700_SEMIQUANT.zip,1,1,0,,134.934402,0.132775,0.568599,126.428001,0.137904,0.553716,141.408005,0.131145,0.599951,145.257599,0.125404,0.618384,151.811203,0.131725,0.620616,127.149597,0.130049,0.523462,138.975204,0.125476,0.538485,138.675995,0.128954,0.522292,135.675995,0.138736,0.502173,128.684006,0.131286,0.47003
COLORWHEEL_2700_IMG_0591_0018,COLORWHEEL_2700,train,2700,Specific Gravity:1.015,Specific Gravity:1.015,,,Specific Gravity,1.015,COLORWHEEL_2700_SEMIQUANT.zip,1,1,0,,134.934402,0.132775,0.568599,126.428001,0.137904,0.553716,141.408005,0.131145,0.599951,145.257599,0.125404,0.618384,151.811203,0.131725,0.620616,127.149597,0.130049,0.523462,138.975204,0.125476,0.538485,138.675995,0.128954,0.522292,135.675995,0.138736,0.502173,128.684006,0.131286,0.47003
COLORWHEEL_2700_IMG_0591_0018,COLORWHEEL_2700,train,2700,Ketone:Large 16,Ketone:Large 16,,,Ketone,Large 16,COLORWHEEL_2700_SEMIQUANT.zip,1,1,0,,134.934402,0.132775,0.568599,126.428001,0.137904,0.553716,141.408005,0.131145,0.599951,145.257599,0.125404,0.618384,151.811203,0.131725,0.620616,127.149597,0.130049,0.523462,138.975204,0.125476,0.538485,138.675995,0.128954,0.522292,135.675995,0.138736,0.502173,128.684006,0.131286,0.47003
COLORWHEEL_2700_IMG_0591_0018,COLORWHEEL_2700,train,2700,Bilirubin:Small 17,Bilirubin:Small 17,,,Bilirubin,Small 17,COLORWHEEL_2700_SEMIQUANT.zip,1,1,0,,134.934402,0.132775,0.568599,126.428001,0.137904,0.553716,141.408005,0.131145,0.599951,145.257599,0.125404,0.618384,151.811203,0.131725,0.620616,127.149597,0.130049,0.523462,138.975204,0.125476,0.538485,138.675995,0.128954,0.522292,135.675995,0.138736,0.502173,128.684006,0.131286,0.47003
COLORWHEEL_2700_IMG_0591_0018,COLORWHEEL_2700,train,2700,Glucose:110 ++++,Glucose:110 ++++,,,Glucose,110 ++++,COLORWHEEL_2700_SEMIQUANT.zip,1,1,0,,134.934402,0.132775,0.568599,126.428001,0.137904,0.553716,141.408005,0.131145,0.599951,145.257599,0.125404,0.618384,151.811203,0.131725,0.620616,127.149597,0.130049,0.523462,138.975204,0.125476,0.538485,138.675995,0.128954,0.522292,135.675995,0.138736,0.502173,128.684006,0.131286,0.47003
COLORWHEEL_2700_IMG_0594_0019,COLORWHEEL_2700,train,2700,Leukocytes:Moderate 125,Leukocytes:Moderate 125,,,Leukocytes,Moderate 125,COLORWHEEL_2700_SEMIQUANT.zip,1,1,0,,180.396805,0.206618,1.0,180.115997,0.204725,1.0,180.725601,0.212038,1.0,181.816803,0.201856,1.0,185.553604,0.223989,1.0,189.723206,0.240684,1.0,189.753601,0.237217,1.0,190.341599,0.240965,1.0,187.9608,0.228798,1.0,188.132004,0.234844,1.0
COLORWHEEL_2700_IMG_0594_0019,COLORWHEEL_2700,train,2700,Nitrite:Neg,Nitrite:Neg,,,Nitrite,Neg,COLORWHEEL_2700_SEMIQUANT.zip,1,1,0,,180.396805,0.206618,1.0,180.115997,0.204725,1.0,180.725601,0.212038,1.0,181.816803,0.201856,1.0,185.553604,0.223989,1.0,189.723206,0.240684,1.0,189.753601,0.237217,1.0,190.341599,0.240965,1.0,187.9608,0.228798,1.0,188.132004,0.234844,1.0
COLORWHEEL_2700_IMG_0594_0019,COLORWHEEL_2700,train,2700,Urobilinogen:64,Urobilinogen:64,,,Urobilinogen,64,COLORWHEEL_2700_SEMIQUANT.zip,1,1,0,,180.396805,0.206618,1.0,180.115997,0.204725,1.0,180.725601,0.212038,1.0,181.816803,0.201856,1.0,185.553604,0.223989,1.0,189.723206,0.240684,1.0,189.753601,0.237217,1.0,190.341599,0.240965,1.0,187.9608,0.228798,1.0,188.132004,0.234844,1.0
COLORWHEEL_2700_IMG_0594_0019,COLORWHEEL_2700,train,2700,Protein:Neg,Protein:Neg,,,Protein,Neg,COLORWHEEL_2700_SEMIQUANT.zip,1,1,0,,180.396805,0.206618,1.0,180.115997,0.204725,1.0,180.725601,0.212038,1.0,181.816803,0.201856,1.0,185.553604,0.223989,1.0,189.723206,0.240684,1.0,189.753601,0.237217,1.0,190.341599,0.240965,1.0,187.9608,0.228798,1.0,188.132004,0.234844,1.0
COLORWHEEL_2700_IMG_0594_0019,COLORWHEEL_2700,train,2700,pH:7.5,pH:7.5,,,pH,7.5,COLORWHEEL_2700_SEMIQUANT.zip,1,1,0,,180.396805,0.206618,1.0,180.115997,0.204725,1.0,180.725601,0.212038,1.0,181.816803,0.201856,1.0,185.553604,0.223989,1.0,189.723206,0.240684,1.0,189.753601,0.237217,1.0,190.341599,0.240965,1.0,187.9608,0.228798,1.0,188.132004,0.234844,1.0
COLORWHEEL_2700_IMG_0594_0019,COLORWHEEL_2700,train,2700,Blood:Neg,Blood:Neg,,,Blood,Neg,COLORWHEEL_2700_SEMIQUANT.zip,1,1,0,,180.396805,0.206618,1.0,180.115997,0.204725,1.0,180.725601,0.212038,1.0,181.816803,0.201856,1.0,185.553604,0.223989,1.0,189.723206,0.240684,1.0,189.753601,0.237217,1.0,190.341599,0.240965,1.0,187.9608,0.228798,1.0,188.132004,0.234844,1.0
COLORWHEEL_2700_IMG_0594_0019,COLORWHEEL_2700,train,2700,Specific Gravity:1.020,Specific Gravity:1.020,,,Specific Gravity,1.020,COLORWHEEL_2700_SEMIQUANT.zip,1,1,0,,180.396805,0.206618,1.0,180.115997,0.204725,1.0,180.725601,0.212038,1.0,181.816803,0.201856,1.0,185.553604,0.223989,1.0,189.723206,0.240684,1.0,189.753601,0.237217,1.0,190.341599,0.240965,1.0,187.9608,0.228798,1.0,188.132004,0.234844,1.0
COLORWHEEL_2700_IMG_0594_0019,COLORWHEEL_2700,train,2700,Ketone:Neg,Ketone:Neg,,,Ketone,Neg,COLORWHEEL_2700_SEMIQUANT.zip,1,1,0,,180.396805,0.206618,1.0,180.115997,0.204725,1.0,180.725601,0.212038,1.0,181.816803,0.201856,1.0,185.553604,0.223989,1.0,189.723206,0.240684,1.0,189.753601,0.237217,1.0,190.341599,0.240965,1.0,187.9608,0.228798,1.0,188.132004,0.234844,1.0
COLORWHEEL_2700_IMG_0594_0019,COLORWHEEL_2700,train,2700,Bilirubin:Moderate 50,Bilirubin:Moderate 50,,,Bilirubin,Moderate 50,COLORWHEEL_2700_SEMIQUANT.zip,1,1,0,,180.396805,0.206618,1.0,180.115997,0.204725,1.0,180.725601,0.212038,1.0,181.816803,0.201856,1.0,185.553604,0.223989,1.0,189.723206,0.240684,1.0,189.753601,0.237217,1.0,190.341599,0.240965,1.0,187.9608,0.228798,1.0,188.132004,0.234844,1.0
COLORWHEEL_2700_IMG_0594_0019,COLORWHEEL_2700,train,2700,Glucose:Neg,Glucose:Neg,,,Glucose,Neg,COLORWHEEL_2700_SEMIQUANT.zip,1,1,0,,180.396805,0.206618,1.0,180.115997,0.204725,1.0,180.725601,0.212038,1.0,181.816803,0.201856,1.0,185.553604,0.223989,1.0,189.723206,0.240684,1.0,189.753601,0.237217,1.0,190.341599,0.240965,1.0,187.9608,0.228798,1.0,188.132004,0.234844,1.0
COLORWHEEL_2700_IMG_0595_0020,COLORWHEEL_2700,train,2700,Leukocytes:Large 500,Leukocytes:Large 500,,,Leukocytes,Large 500,COLORWHEEL_2700_SEMIQUANT.zip,1,1,0,,198.904007,0.168184,0.898566,200.848007,0.173412,0.908171,202.142395,0.173912,0.896695,201.444794,0.17432,0.909631,201.157593,0.168143,0.876405,201.364807,0.172577,0.854093,202.671204,0.173269,0.87019,201.579193,0.168365,0.857956,202.375198,0.173889,0.882216,202.593597,0.173062,0.873525
COLORWHEEL_2700_IMG_0595_0020,COLORWHEEL_2700,train,2700,Nitrite:Positive,Nitrite:Positive,,,Nitrite,Positive,COLORWHEEL_2700_SEMIQUANT.zip,1,1,0,,198.904007,0.168184,0.898566,200.848007,0.173412,0.908171,202.142395,0.173912,0.896695,201.444794,0.17432,0.909631,201.157593,0.168143,0.876405,201.364807,0.172577,0.854093,202.671204,0.173269,0.87019,201.579193,0.168365,0.857956,202.375198,0.173889,0.882216,202.593597,0.173062,0.873525
COLORWHEEL_2700_IMG_0595_0020,COLORWHEEL_2700,train,2700,Urobilinogen:128,Urobilinogen:128,,,Urobilinogen,128,COLORWHEEL_2700_SEMIQUANT.zip,1,1,0,,198.904007,0.168184,0.898566,200.848007,0.173412,0.908171,202.142395,0.173912,0.896695,201.444794,0.17432,0.909631,201.157593,0.168143,0.876405,201.364807,0.172577,0.854093,202.671204,0.173269,0.87019,201.579193,0.168365,0.857956,202.375198,0.173889,0.882216,202.593597,0.173062,0.873525
COLORWHEEL_2700_IMG_0595_0020,COLORWHEEL_2700,train,2700,Protein:Trace,Protein:Trace,,,Protein,Trace,COLORWHEEL_2700_SEMIQUANT.zip,1,1,0,,198.904007,0.168184,0.898566,200.848007,0.173412,0.908171,202.142395,0.173912,0.896695,201.444794,0.17432,0.909631,201.157593,0.168143,0.876405,201.364807,0.172577,0.854093,202.671204,0.173269,0.87019,201.579193,0.168365,0.857956,202.375198,0.173889,0.882216,202.593597,0.173062,0.873525
COLORWHEEL_2700_IMG_0595_0020,COLORWHEEL_2700,train,2700,pH:8.0,pH:8.0,,,pH,8.0,COLORWHEEL_2700_SEMIQUANT.zip,1,1,0,,198.904007,0.168184,0.898566,200.848007,0.173412,0.908171,202.142395,0.173912,0.896695,201.444794,0.17432,0.909631,201.157593,0.168143,0.876405,201.364807,0.172577,0.854093,202.671204,0.173269,0.87019,201.579193,0.168365,0.857956,202.375198,0.173889,0.882216,202.593597,0.173062,0.873525
COLORWHEEL_2700_IMG_0595_0020,COLORWHEEL_2700,train,2700,Blood:Non-hemolyzed 10,Blood:Non-hemolyzed 10,,,Blood,Non-hemolyzed 10,COLORWHEEL_2700_SEMIQUANT.zip,1,1,0,,198.904007,0.168184,0.898566,200.848007,0.173412,0.908171,202.142395,0.173912,0.896695,201.444794,0.17432,0.909631,201.157593,0.168143,0.876405,201.364807,0.172577,0.854093,202.671204,0.173269,0.87019,201.579193,0.168365,0.857956,202.375198,0.173889,0.882216,202.593597,0.173062,0.873525
COLORWHEEL_2700_IMG_0595_0020,COLORWHEEL_2700,train,2700,Specific Gravity:1.025,Specific Gravity:1.025,,,Specific Gravity,1.025,COLORWHEEL_2700_SEMIQUANT.zip,1,1,0,,198.904007,0.168184,0.898566,200.848007,0.173412,0.908171,202.142395,0.173912,0.896695,201.444794,0.17432,0.909631,201.157593,0.168143,0.876405,201.364807,0.172577,0.854093,202.671204,0.173269,0.87019,201.579193,0.168365,0.857956,202.375198,0.173889,0.882216,202.593597,0.173062,0.873525
COLORWHEEL_2700_IMG_0595_0020,COLORWHEEL_2700,train,2700,Ketone:Trace 0.5,Ketone:Trace 0.5,,,Ketone,Trace 0.5,COLORWHEEL_2700_SEMIQUANT.zip,1,1,0,,198.904007,0.168184,0.898566,200.848007,0.173412,0.908171,202.142395,0.173912,0.896695,201.444794,0.17432,0.909631,201.157593,0.168143,0.876405,201.364807,0.172577,0.854093,202.671204,0.173269,0.87019,201.579193,0.168365,0.857956,202.375198,0.173889,0.882216,202.593597,0.173062,0.873525
COLORWHEEL_2700_IMG_0595_0020,COLORWHEEL_2700,train,2700,Bilirubin:Large 100,Bilirubin:Large 100,,,Bilirubin,Large 100,COLORWHEEL_2700_SEMIQUANT.zip,1,1,0,,198.904007,0.168184,0.898566,200.848007,0.173412,0.908171,202.142395,0.173912,0.896695,201.444794,0.17432,0.909631,201.157593,0.168143,0.876405,201.364807,0.172577,0.854093,202.671204,0.173269,0.87019,201.579193,0.168365,0.857956,202.375198,0.173889,0.882216,202.593597,0.173062,0.873525
COLORWHEEL_2700_IMG_0595_0020,COLORWHEEL_2700,train,2700,Glucose:Trace 5,Glucose:Trace 5,,,Glucose,Trace 5,COLORWHEEL_2700_SEMIQUANT.zip,1,1,0,,198.904007,0.168184,0.898566,200.848007,0.173412,0.908171,202.142395,0.173912,0.896695,201.444794,0.17432,0.909631,201.157593,0.168143,0.876405,201.364807,0.172577,0.854093,202.671204,0.173269,0.87019,201.579193,0.168365,0.857956,202.375198,0.173889,0.882216,202.593597,0.173062,0.873525
COLORWHEEL_2700_IMG_0599_0021,COLORWHEEL_2700,train,2700,Leukocytes:Neg,Leukocytes:Neg,,,Leukocytes,Neg,COLORWHEEL_2700_SEMIQUANT.zip,1,1,0,,206.074402,0.198755,0.98915,206.908798,0.197918,0.995073,207.210403,0.201752,0.984074,205.276001,0.1948,0.990058,206.985596,0.198689,0.963122,207.608002,0.195451,0.93558,207.880798,0.199219,0.949998,209.940002,0.204132,0.949936,205.709595,0.195269,0.955736,208.939194,0.203953,0.956977
COLORWHEEL_2700_IMG_0599_0021,COLORWHEEL_2700,train,2700,Nitrite:Neg,Nitrite:Neg,,,Nitrite,Neg,COLORWHEEL_2700_SEMIQUANT.zip,1,1,0,,206.074402,0.198755,0.98915,206.908798,0.197918,0.995073,207.210403,0.201752,0.984074,205.276001,0.1948,0.990058,206.985596,0.198689,0.963122,207.608002,0.195451,0.93558,207.880798,0.199219,0.949998,209.940002,0.204132,0.949936,205.709595,0.195269,0.955736,208.939194,0.203953,0.956977
COLORWHEEL_2700_IMG_0599_0021,COLORWHEEL_2700,train,2700,Urobilinogen:3.2,Urobilinogen:3.2,,,Urobilinogen,3.2,COLORWHEEL_2700_SEMIQUANT.zip,1,1,0,,206.074402,0.198755,0.98915,206.908798,0.197918,0.995073,207.210403,0.201752,0.984074,205.276001,0.1948,0.990058,206.985596,0.198689,0.963122,207.608002,0.195451,0.93558,207.880798,0.199219,0.949998,209.940002,0.204132,0.949936,205.709595,0.195269,0.955736,208.939194,0.203953,0.956977
COLORWHEEL_2700_IMG_0599_0021,COLORWHEEL_2700,train,2700,Protein:0.3,Protein:0.3,,,Protein,0.3,COLORWHEEL_2700_SEMIQUANT.zip,1,1,0,,206.074402,0.198755,0.98915,206.908798,0.197918,0.995073,207.210403,0.201752,0.984074,205.276001,0.1948,0.990058,206.985596,0.198689,0.963122,207.608002,0.195451,0.93558,207.880798,0.199219,0.949998,209.940002,0.204132,0.949936,205.709595,0.195269,0.955736,208.939194,0.203953,0.956977
COLORWHEEL_2700_IMG_0599_0021,COLORWHEEL_2700,train,2700,pH:8.5,pH:8.5,,,pH,8.5,COLORWHEEL_2700_SEMIQUANT.zip,1,1,0,,206.074402,0.198755,0.98915,206.908798,0.197918,0.995073,207.210403,0.201752,0.984074,205.276001,0.1948,0.990058,206.985596,0.198689,0.963122,207.608002,0.195451,0.93558,207.880798,0.199219,0.949998,209.940002,0.204132,0.949936,205.709595,0.195269,0.955736,208.939194,0.203953,0.956977
COLORWHEEL_2700_IMG_0599_0021,COLORWHEEL_2700,train,2700,Blood:Hemolyzed 10,Blood:Hemolyzed 10,,,Blood,Hemolyzed 10,COLORWHEEL_2700_SEMIQUANT.zip,1,1,0,,206.074402,0.198755,0.98915,206.908798,0.197918,0.995073,207.210403,0.201752,0.984074,205.276001,0.1948,0.990058,206.985596,0.198689,0.963122,207.608002,0.195451,0.93558,207.880798,0.199219,0.949998,209.940002,0.204132,0.949936,205.709595,0.195269,0.955736,208.939194,0.203953,0.956977
COLORWHEEL_2700_IMG_0599_0021,COLORWHEEL_2700,train,2700,Specific Gravity:1.030,Specific Gravity:1.030,,,Specific Gravity,1.030,COLORWHEEL_2700_SEMIQUANT.zip,1,1,0,,206.074402,0.198755,0.98915,206.908798,0.197918,0.995073,207.210403,0.201752,0.984074,205.276001,0.1948,0.990058,206.985596,0.198689,0.963122,207.608002,0.195451,0.93558,207.880798,0.199219,0.949998,209.940002,0.204132,0.949936,205.709595,0.195269,0.955736,208.939194,0.203953,0.956977
COLORWHEEL_2700_IMG_0599_0021,COLORWHEEL_2700,train,2700,Ketone:Small 1.5,Ketone:Small 1.5,,,Ketone,Small 1.5,COLORWHEEL_2700_SEMIQUANT.zip,1,1,0,,206.074402,0.198755,0.98915,206.908798,0.197918,0.995073,207.210403,0.201752,0.984074,205.276001,0.1948,0.990058,206.985596,0.198689,0.963122,207.608002,0.195451,0.93558,207.880798,0.199219,0.949998,209.940002,0.204132,0.949936,205.709595,0.195269,0.955736,208.939194,0.203953,0.956977
COLORWHEEL_2700_IMG_0599_0021,COLORWHEEL_2700,train,2700,Bilirubin:Neg,Bilirubin:Neg,,,Bilirubin,Neg,COLORWHEEL_2700_SEMIQUANT.zip,1,1,0,,206.074402,0.198755,0.98915,206.908798,0.197918,0.995073,207.210403,0.201752,0.984074,205.276001,0.1948,0.990058,206.985596,0.198689,0.963122,207.608002,0.195451,0.93558,207.880798,0.199219,0.949998,209.940002,0.204132,0.949936,205.709595,0.195269,0.955736,208.939194,0.203953,0.956977
COLORWHEEL_2700_IMG_0599_0021,COLORWHEEL_2700,train,2700,Glucose:15 +,Glucose:15 +,,,Glucose,15 +,COLORWHEEL_2700_SEMIQUANT.zip,1,1,0,,206.074402,0.198755,0.98915,206.908798,0.197918,0.995073,207.210403,0.201752,0.984074,205.276001,0.1948,0.990058,206.985596,0.198689,0.963122,207.608002,0.195451,0.93558,207.880798,0.199219,0.949998,209.940002,0.204132,0.949936,205.709595,0.195269,0.955736,208.939194,0.203953,0.956977
COLORWHEEL_2700_IMG_0600_0022,COLORWHEEL_2700,train,2700,Leukocytes:Trace 15,Leukocytes:Trace 15,,,Leukocytes,Trace 15,COLORWHEEL_2700_SEMIQUANT.zip,1,1,0,,128.167206,0.162792,0.584519,124.756798,0.155418,0.568646,138.039993,0.160049,0.625578,138.315994,0.151889,0.628869,143.722397,0.148991,0.634544,132.544006,0.16483,0.533724,135.155197,0.141622,0.544924,135.160797,0.161198,0.531744,129.951202,0.135936,0.507587,123.263199,0.110546,0.46931
COLORWHEEL_2700_IMG_0600_0022,COLORWHEEL_2700,train,2700,Nitrite:Positive,Nitrite:Positive,,,Nitrite,Positive,COLORWHEEL_2700_SEMIQUANT.zip,1,1,0,,128.167206,0.162792,0.584519,124.756798,0.155418,0.568646,138.039993,0.160049,0.625578,138.315994,0.151889,0.628869,143.722397,0.148991,0.634544,132.544006,0.16483,0.533724,135.155197,0.141622,0.544924,135.160797,0.161198,0.531744,129.951202,0.135936,0.507587,123.263199,0.110546,0.46931
COLORWHEEL_2700_IMG_0600_0022,COLORWHEEL_2700,train,2700,Urobilinogen:16,Urobilinogen:16,,,Urobilinogen,16,COLORWHEEL_2700_SEMIQUANT.zip,1,1,0,,128.167206,0.162792,0.584519,124.756798,0.155418,0.568646,138.039993,0.160049,0.625578,138.315994,0.151889,0.628869,143.722397,0.148991,0.634544,132.544006,0.16483,0.533724,135.155197,0.141622,0.544924,135.160797,0.161198,0.531744,129.951202,0.135936,0.507587,123.263199,0.110546,0.46931
COLORWHEEL_2700_IMG_0600_0022,COLORWHEEL_2700,train,2700,Protein:1.0,Protein:1.0,,,Protein,1.0,COLORWHEEL_2700_SEMIQUANT.zip,1,1,0,,128.167206,0.162792,0.584519,124.756798,0.155418,0.568646,138.039993,0.160049,0.625578,138.315994,0.151889,0.628869,143.722397,0.148991,0.634544,132.544006,0.16483,0.533724,135.155197,0.141622,0.544924,135.160797,0.161198,0.531744,129.951202,0.135936,0.507587,123.263199,0.110546,0.46931
COLORWHEEL_2700_IMG_0600_0022,COLORWHEEL_2700,train,2700,pH:5.0,pH:5.0,,,pH,5.0,COLORWHEEL_2700_SEMIQUANT.zip,1,1,0,,128.167206,0.162792,0.584519,124.756798,0.155418,0.568646,138.039993,0.160049,0.625578,138.315994,0.151889,0.628869,143.722397,0.148991,0.634544,132.544006,0.16483,0.533724,135.155197,0.141622,0.544924,135.160797,0.161198,0.531744,129.951202,0.135936,0.507587,123.263199,0.110546,0.46931
COLORWHEEL_2700_IMG_0600_0022,COLORWHEEL_2700,train,2700,Blood:Small 25,Blood:Small 25,,,Blood,Small 25,COLORWHEEL_2700_SEMIQUANT.zip,1,1,0,,128.167206,0.162792,0.584519,124.756798,0.155418,0.568646,138.039993,0.160049,0.625578,138.315994,0.151889,0.628869,143.722397,0.148991,0.634544,132.544006,0.16483,0.533724,135.155197,0.141622,0.544924,135.160797,0.161198,0.531744,129.951202,0.135936,0.507587,123.263199,0.110546,0.46931
COLORWHEEL_2700_IMG_0600_0022,COLORWHEEL_2700,train,2700,Specific Gravity:1.000,Specific Gravity:1.000,,,Specific Gravity,1.000,COLORWHEEL_2700_SEMIQUANT.zip,1,1,0,,128.167206,0.162792,0.584519,124.756798,0.155418,0.568646,138.039993,0.160049,0.625578,138.315994,0.151889,0.628869,143.722397,0.148991,0.634544,132.544006,0.16483,0.533724,135.155197,0.141622,0.544924,135.160797,0.161198,0.531744,129.951202,0.135936,0.507587,123.263199,0.110546,0.46931
COLORWHEEL_2700_IMG_0600_0022,COLORWHEEL_2700,train,2700,Ketone:Moderate 4.0,Ketone:Moderate 4.0,,,Ketone,Moderate 4.0,COLORWHEEL_2700_SEMIQUANT.zip,1,1,0,,128.167206,0.162792,0.584519,124.756798,0.155418,0.568646,138.039993,0.160049,0.625578,138.315994,0.151889,0.628869,143.722397,0.148991,0.634544,132.544006,0.16483,0.533724,135.155197,0.141622,0.544924,135.160797,0.161198,0.531744,129.951202,0.135936,0.507587,123.263199,0.110546,0.46931
COLORWHEEL_2700_IMG_0600_0022,COLORWHEEL_2700,train,2700,Bilirubin:Small 17,Bilirubin:Small 17,,,Bilirubin,Small 17,COLORWHEEL_2700_SEMIQUANT.zip,1,1,0,,128.167206,0.162792,0.584519,124.756798,0.155418,0.568646,138.039993,0.160049,0.625578,138.315994,0.151889,0.628869,143.722397,0.148991,0.634544,132.544006,0.16483,0.533724,135.155197,0.141622,0.544924,135.160797,0.161198,0.531744,129.951202,0.135936,0.507587,123.263199,0.110546,0.46931
COLORWHEEL_2700_IMG_0600_0022,COLORWHEEL_2700,train,2700,Glucose:30 ++,Glucose:30 ++,,,Glucose,30 ++,COLORWHEEL_2700_SEMIQUANT.zip,1,1,0,,128.167206,0.162792,0.584519,124.756798,0.155418,0.568646,138.039993,0.160049,0.625578,138.315994,0.151889,0.628869,143.722397,0.148991,0.634544,132.544006,0.16483,0.533724,135.155197,0.141622,0.544924,135.160797,0.161198,0.531744,129.951202,0.135936,0.507587,123.263199,0.110546,0.46931
COLORWHEEL_2700_IMG_0602_0023,COLORWHEEL_2700,train,2700,Leukocytes:Small 70,Leukocytes:Small 70,,,Leukocytes,Small 70,COLORWHEEL_2700_SEMIQUANT.zip,1,1,0,,185.941605,0.204979,0.999969,185.749603,0.204824,1.0,189.108795,0.213983,0.999868,185.956802,0.198471,0.993517,191.062393,0.214604,0.988364,193.0672,0.213636,0.96341,193.618393,0.218362,0.978038,192.993607,0.223998,0.974748,191.9776,0.213652,0.982248,193.782394,0.220064,0.978797
COLORWHEEL_2700_IMG_0602_0023,COLORWHEEL_2700,train,2700,Nitrite:Neg,Nitrite:Neg,,,Nitrite,Neg,COLORWHEEL_2700_SEMIQUANT.zip,1,1,0,,185.941605,0.204979,0.999969,185.749603,0.204824,1.0,189.108795,0.213983,0.999868,185.956802,0.198471,0.993517,191.062393,0.214604,0.988364,193.0672,0.213636,0.96341,193.618393,0.218362,0.978038,192.993607,0.223998,0.974748,191.9776,0.213652,0.982248,193.782394,0.220064,0.978797
COLORWHEEL_2700_IMG_0602_0023,COLORWHEEL_2700,train,2700,Urobilinogen:32,Urobilinogen:32,,,Urobilinogen,32,COLORWHEEL_2700_SEMIQUANT.zip,1,1,0,,185.941605,0.204979,0.999969,185.749603,0.204824,1.0,189.108795,0.213983,0.999868,185.956802,0.198471,0.993517,191.062393,0.214604,0.988364,193.0672,0.213636,0.96341,193.618393,0.218362,0.978038,192.993607,0.223998,0.974748,191.9776,0.213652,0.982248,193.782394,0.220064,0.978797
COLORWHEEL_2700_IMG_0602_0023,COLORWHEEL_2700,train,2700,Protein:3.0,Protein:3.0,,,Protein,3.0,COLORWHEEL_2700_SEMIQUANT.zip,1,1,0,,185.941605,0.204979,0.999969,185.749603,0.204824,1.0,189.108795,0.213983,0.999868,185.956802,0.198471,0.993517,191.062393,0.214604,0.988364,193.0672,0.213636,0.96341,193.618393,0.218362,0.978038,192.993607,0.223998,0.974748,191.9776,0.213652,0.982248,193.782394,0.220064,0.978797
COLORWHEEL_2700_IMG_0602_0023,COLORWHEEL_2700,train,2700,pH:6.0,pH:6.0,,,pH,6.0,COLORWHEEL_2700_SEMIQUANT.zip,1,1,0,,185.941605,0.204979,0.999969,185.749603,0.204824,1.0,189.108795,0.213983,0.999868,185.956802,0.198471,0.993517,191.062393,0.214604,0.988364,193.0672,0.213636,0.96341,193.618393,0.218362,0.978038,192.993607,0.223998,0.974748,191.9776,0.213652,0.982248,193.782394,0.220064,0.978797
COLORWHEEL_2700_IMG_0602_0023,COLORWHEEL_2700,train,2700,Blood:Moderate 80,Blood:Moderate 80,,,Blood,Moderate 80,COLORWHEEL_2700_SEMIQUANT.zip,1,1,0,,185.941605,0.204979,0.999969,185.749603,0.204824,1.0,189.108795,0.213983,0.999868,185.956802,0.198471,0.993517,191.062393,0.214604,0.988364,193.0672,0.213636,0.96341,193.618393,0.218362,0.978038,192.993607,0.223998,0.974748,191.9776,0.213652,0.982248,193.782394,0.220064,0.978797
COLORWHEEL_2700_IMG_0602_0023,COLORWHEEL_2700,train,2700,Specific Gravity:1.005,Specific Gravity:1.005,,,Specific Gravity,1.005,COLORWHEEL_2700_SEMIQUANT.zip,1,1,0,,185.941605,0.204979,0.999969,185.749603,0.204824,1.0,189.108795,0.213983,0.999868,185.956802,0.198471,0.993517,191.062393,0.214604,0.988364,193.0672,0.213636,0.96341,193.618393,0.218362,0.978038,192.993607,0.223998,0.974748,191.9776,0.213652,0.982248,193.782394,0.220064,0.978797
COLORWHEEL_2700_IMG_0602_0023,COLORWHEEL_2700,train,2700,Ketone:8.0,Ketone:8.0,,,Ketone,8.0,COLORWHEEL_2700_SEMIQUANT.zip,1,1,0,,185.941605,0.204979,0.999969,185.749603,0.204824,1.0,189.108795,0.213983,0.999868,185.956802,0.198471,0.993517,191.062393,0.214604,0.988364,193.0672,0.213636,0.96341,193.618393,0.218362,0.978038,192.993607,0.223998,0.974748,191.9776,0.213652,0.982248,193.782394,0.220064,0.978797
COLORWHEEL_2700_IMG_0602_0023,COLORWHEEL_2700,train,2700,Bilirubin:Moderate 50,Bilirubin:Moderate 50,,,Bilirubin,Moderate 50,COLORWHEEL_2700_SEMIQUANT.zip,1,1,0,,185.941605,0.204979,0.999969,185.749603,0.204824,1.0,189.108795,0.213983,0.999868,185.956802,0.198471,0.993517,191.062393,0.214604,0.988364,193.0672,0.213636,0.96341,193.618393,0.218362,0.978038,192.993607,0.223998,0.974748,191.9776,0.213652,0.982248,193.782394,0.220064,0.978797
COLORWHEEL_2700_IMG_0602_0023,COLORWHEEL_2700,train,2700,Glucose:60 +++,Glucose:60 +++,,,Glucose,60 +++,COLORWHEEL_2700_SEMIQUANT.zip,1,1,0,,185.941605,0.204979,0.999969,185.749603,0.204824,1.0,189.108795,0.213983,0.999868,185.956802,0.198471,0.993517,191.062393,0.214604,0.988364,193.0672,0.213636,0.96341,193.618393,0.218362,0.978038,192.993607,0.223998,0.974748,191.9776,0.213652,0.982248,193.782394,0.220064,0.978797
COLORWHEEL_2700_IMG_0603_0024,COLORWHEEL_2700,train,2700,Leukocytes:Moderate 125,Leukocytes:Moderate 125,,,Leukocytes,Moderate 125,COLORWHEEL_2700_SEMIQUANT.zip,1,1,0,,132.971207,0.097103,0.59224,119.8992,0.106654,0.584099,144.056,0.096541,0.643608,152.671204,0.086389,0.662045,153.451202,0.081733,0.667534,128.947998,0.092234,0.574248,146.769608,0.084121,0.59414,147.242401,0.086689,0.594177,152.159195,0.093332,0.580773,140.329605,0.096402,0.54861
COLORWHEEL_2700_IMG_0603_0024,COLORWHEEL_2700,train,2700,Nitrite:Positive,Nitrite:Positive,,,Nitrite,Positive,COLORWHEEL_2700_SEMIQUANT.zip,1,1,0,,132.971207,0.097103,0.59224,119.8992,0.106654,0.584099,144.056,0.096541,0.643608,152.671204,0.086389,0.662045,153.451202,0.081733,0.667534,128.947998,0.092234,0.574248,146.769608,0.084121,0.59414,147.242401,0.086689,0.594177,152.159195,0.093332,0.580773,140.329605,0.096402,0.54861
COLORWHEEL_2700_IMG_0603_0024,COLORWHEEL_2700,train,2700,Urobilinogen:64,Urobilinogen:64,,,Urobilinogen,64,COLORWHEEL_2700_SEMIQUANT.zip,1,1,0,,132.971207,0.097103,0.59224,119.8992,0.106654,0.584099,144.056,0.096541,0.643608,152.671204,0.086389,0.662045,153.451202,0.081733,0.667534,128.947998,0.092234,0.574248,146.769608,0.084121,0.59414,147.242401,0.086689,0.594177,152.159195,0.093332,0.580773,140.329605,0.096402,0.54861
COLORWHEEL_2700_IMG_0603_0024,COLORWHEEL_2700,train,2700,Protein:>=20.0,Protein:>=20.0,,,Protein,>=20.0,COLORWHEEL_2700_SEMIQUANT.zip,1,1,0,,132.971207,0.097103,0.59224,119.8992,0.106654,0.584099,144.056,0.096541,0.643608,152.671204,0.086389,0.662045,153.451202,0.081733,0.667534,128.947998,0.092234,0.574248,146.769608,0.084121,0.59414,147.242401,0.086689,0.594177,152.159195,0.093332,0.580773,140.329605,0.096402,0.54861
COLORWHEEL_2700_IMG_0603_0024,COLORWHEEL_2700,train,2700,pH:6.5,pH:6.5,,,pH,6.5,COLORWHEEL_2700_SEMIQUANT.zip,1,1,0,,132.971207,0.097103,0.59224,119.8992,0.106654,0.584099,144.056,0.096541,0.643608,152.671204,0.086389,0.662045,153.451202,0.081733,0.667534,128.947998,0.092234,0.574248,146.769608,0.084121,0.59414,147.242401,0.086689,0.594177,152.159195,0.093332,0.580773,140.329605,0.096402,0.54861
COLORWHEEL_2700_IMG_0603_0024,COLORWHEEL_2700,train,2700,Blood:Large 200,Blood:Large 200,,,Blood,Large 200,COLORWHEEL_2700_SEMIQUANT.zip,1,1,0,,132.971207,0.097103,0.59224,119.8992,0.106654,0.584099,144.056,0.096541,0.643608,152.671204,0.086389,0.662045,153.451202,0.081733,0.667534,128.947998,0.092234,0.574248,146.769608,0.084121,0.59414,147.242401,0.086689,0.594177,152.159195,0.093332,0.580773,140.329605,0.096402,0.54861
COLORWHEEL_2700_IMG_0603_0024,COLORWHEEL_2700,train,2700,Specific Gravity:1.010,Specific Gravity:1.010,,,Specific Gravity,1.010,COLORWHEEL_2700_SEMIQUANT.zip,1,1,0,,132.971207,0.097103,0.59224,119.8992,0.106654,0.584099,144.056,0.096541,0.643608,152.671204,0.086389,0.662045,153.451202,0.081733,0.667534,128.947998,0.092234,0.574248,146.769608,0.084121,0.59414,147.242401,0.086689,0.594177,152.159195,0.093332,0.580773,140.329605,0.096402,0.54861
COLORWHEEL_2700_IMG_0603_0024,COLORWHEEL_2700,train,2700,Ketone:Large 16,Ketone:Large 16,,,Ketone,Large 16,COLORWHEEL_2700_SEMIQUANT.zip,1,1,0,,132.971207,0.097103,0.59224,119.8992,0.106654,0.584099,144.056,0.096541,0.643608,152.671204,0.086389,0.662045,153.451202,0.081733,0.667534,128.947998,0.092234,0.574248,146.769608,0.084121,0.59414,147.242401,0.086689,0.594177,152.159195,0.093332,0.580773,140.329605,0.096402,0.54861
COLORWHEEL_2700_IMG_0603_0024,COLORWHEEL_2700,train,2700,Bilirubin:Large 100,Bilirubin:Large 100,,,Bilirubin,Large 100,COLORWHEEL_2700_SEMIQUANT.zip,1,1,0,,132.971207,0.097103,0.59224,119.8992,0.106654,0.584099,144.056,0.096541,0.643608,152.671204,0.086389,0.662045,153.451202,0.081733,0.667534,128.947998,0.092234,0.574248,146.769608,0.084121,0.59414,147.242401,0.086689,0.594177,152.159195,0.093332,0.580773,140.329605,0.096402,0.54861
COLORWHEEL_2700_IMG_0603_0024,COLORWHEEL_2700,train,2700,Glucose:110 ++++,Glucose:110 ++++,,,Glucose,110 ++++,COLORWHEEL_2700_SEMIQUANT.zip,1,1,0,,132.971207,0.097103,0.59224,119.8992,0.106654,0.584099,144.056,0.096541,0.643608,152.671204,0.086389,0.662045,153.451202,0.081733,0.667534,128.947998,0.092234,0.574248,146.769608,0.084121,0.59414,147.242401,0.086689,0.594177,152.159195,0.093332,0.580773,140.329605,0.096402,0.54861
COLORWHEEL_2700_IMG_0606_0025,COLORWHEEL_2700,train,2700,Leukocytes:Large 500,Leukocytes:Large 500,,,Leukocytes,Large 500,COLORWHEEL_2700_SEMIQUANT.zip,1,1,0,,204.090393,0.181464,0.956179,206.127197,0.182748,0.963498,206.0112,0.176218,0.947762,206.039993,0.180067,0.963126,205.512802,0.177344,0.932376,206.504807,0.172067,0.906613,207.489594,0.174171,0.919933,205.919998,0.164824,0.901151,206.332001,0.171307,0.927875,208.725601,0.181678,0.930351
COLORWHEEL_2700_IMG_0606_0025,COLORWHEEL_2700,train,2700,Nitrite:Neg,Nitrite:Neg,,,Nitrite,Neg,COLORWHEEL_2700_SEMIQUANT.zip,1,1,0,,204.090393,0.181464,0.956179,206.127197,0.182748,0.963498,206.0112,0.176218,0.947762,206.039993,0.180067,0.963126,205.512802,0.177344,0.932376,206.504807,0.172067,0.906613,207.489594,0.174171,0.919933,205.919998,0.164824,0.901151,206.332001,0.171307,0.927875,208.725601,0.181678,0.930351
COLORWHEEL_2700_IMG_0606_0025,COLORWHEEL_2700,train,2700,Urobilinogen:128,Urobilinogen:128,,,Urobilinogen,128,COLORWHEEL_2700_SEMIQUANT.zip,1,1,0,,204.090393,0.181464,0.956179,206.127197,0.182748,0.963498,206.0112,0.176218,0.947762,206.039993,0.180067,0.963126,205.512802,0.177344,0.932376,206.504807,0.172067,0.906613,207.489594,0.174171,0.919933,205.919998,0.164824,0.901151,206.332001,0.171307,0.927875,208.725601,0.181678,0.930351
COLORWHEEL_2700_IMG_0606_0025,COLORWHEEL_2700,train,2700,Protein:Neg,Protein:Neg,,,Protein,Neg,COLORWHEEL_2700_SEMIQUANT.zip,1,1,0,,204.090393,0.181464,0.956179,206.127197,0.182748,0.963498,206.0112,0.176218,0.947762,206.039993,0.180067,0.963126,205.512802,0.177344,0.932376,206.504807,0.172067,0.906613,207.489594,0.174171,0.919933,205.919998,0.164824,0.901151,206.332001,0.171307,0.927875,208.725601,0.181678,0.930351
COLORWHEEL_2700_IMG_0606_0025,COLORWHEEL_2700,train,2700,pH:7.0,pH:7.0,,,pH,7.0,COLORWHEEL_2700_SEMIQUANT.zip,1,1,0,,204.090393,0.181464,0.956179,206.127197,0.182748,0.963498,206.0112,0.176218,0.947762,206.039993,0.180067,0.963126,205.512802,0.177344,0.932376,206.504807,0.172067,0.906613,207.489594,0.174171,0.919933,205.919998,0.164824,0.901151,206.332001,0.171307,0.927875,208.725601,0.181678,0.930351
COLORWHEEL_2700_IMG_0606_0025,COLORWHEEL_2700,train,2700,Blood:Neg,Blood:Neg,,,Blood,Neg,COLORWHEEL_2700_SEMIQUANT.zip,1,1,0,,204.090393,0.181464,0.956179,206.127197,0.182748,0.963498,206.0112,0.176218,0.947762,206.039993,0.180067,0.963126,205.512802,0.177344,0.932376,206.504807,0.172067,0.906613,207.489594,0.174171,0.919933,205.919998,0.164824,0.901151,206.332001,0.171307,0.927875,208.725601,0.181678,0.930351
COLORWHEEL_2700_IMG_0606_0025,COLORWHEEL_2700,train,2700,Specific Gravity:1.015,Specific Gravity:1.015,,,Specific Gravity,1.015,COLORWHEEL_2700_SEMIQUANT.zip,1,1,0,,204.090393,0.181464,0.956179,206.127197,0.182748,0.963498,206.0112,0.176218,0.947762,206.039993,0.180067,0.963126,205.512802,0.177344,0.932376,206.504807,0.172067,0.906613,207.489594,0.174171,0.919933,205.919998,0.164824,0.901151,206.332001,0.171307,0.927875,208.725601,0.181678,0.930351
COLORWHEEL_2700_IMG_0606_0025,COLORWHEEL_2700,train,2700,Ketone:Neg,Ketone:Neg,,,Ketone,Neg,COLORWHEEL_2700_SEMIQUANT.zip,1,1,0,,204.090393,0.181464,0.956179,206.127197,0.182748,0.963498,206.0112,0.176218,0.947762,206.039993,0.180067,0.963126,205.512802,0.177344,0.932376,206.504807,0.172067,0.906613,207.489594,0.174171,0.919933,205.919998,0.164824,0.901151,206.332001,0.171307,0.927875,208.725601,0.181678,0.930351
COLORWHEEL_2700_IMG_0606_0025,COLORWHEEL_2700,train,2700,Bilirubin:Neg,Bilirubin:Neg,,,Bilirubin,Neg,COLORWHEEL_2700_SEMIQUANT.zip,1,1,0,,204.090393,0.181464,0.956179,206.127197,0.182748,0.963498,206.0112,0.176218,0.947762,206.039993,0.180067,0.963126,205.512802,0.177344,0.932376,206.504807,0.172067,0.906613,207.489594,0.174171,0.919933,205.919998,0.164824,0.901151,206.332001,0.171307,0.927875,208.725601,0.181678,0.930351
COLORWHEEL_2700_IMG_0606_0025,COLORWHEEL_2700,train,2700,Glucose:Neg,Glucose:Neg,,,Glucose,Neg,COLORWHEEL_2700_SEMIQUANT.zip,1,1,0,,204.090393,0.181464,0.956179,206.127197,0.182748,0.963498,206.0112,0.176218,0.947762,206.039993,0.180067,0.963126,205.512802,0.177344,0.932376,206.504807,0.172067,0.906613,207.489594,0.174171,0.919933,205.919998,0.164824,0.901151,206.332001,0.171307,0.927875,208.725601,0.181678,0.930351
COLORWHEEL_2700_IMG_0609_0026,COLORWHEEL_2700,train,2700,Leukocytes:Neg,Leukocytes:Neg,,,Leukocytes,Neg,COLORWHEEL_2700_SEMIQUANT.zip,1,1,0,,182.482407,0.213678,1.0,181.333603,0.210138,1.0,183.998398,0.220469,1.0,183.007996,0.20917,1.0,188.379196,0.231544,0.999689,193.419205,0.250129,0.999708,190.796799,0.238675,0.999479,192.072006,0.245197,0.999983,189.403198,0.232052,0.999484,190.035995,0.238063,0.999868
COLORWHEEL_2700_IMG_0609_0026,COLORWHEEL_2700,train,2700,Nitrite:Positive,Nitrite:Positive,,,Nitrite,Positive,COLORWHEEL_2700_SEMIQUANT.zip,1,1,0,,182.482407,0.213678,1.0,181.333603,0.210138,1.0,183.998398,0.220469,1.0,183.007996,0.20917,1.0,188.379196,0.231544,0.999689,193.419205,0.250129,0.999708,190.796799,0.238675,0.999479,192.072006,0.245197,0.999983,189.403198,0.232052,0.999484,190.035995,0.238063,0.999868
COLORWHEEL_2700_IMG_0609_0026,COLORWHEEL_2700,train,2700,Urobilinogen:3.2,Urobilinogen:3.2,,,Urobilinogen,3.2,COLORWHEEL_2700_SEMIQUANT.zip,1,1,0,,182.482407,0.213678,1.0,181.333603,0.210138,1.0,183.998398,0.220469,1.0,183.007996,0.20917,1.0,188.379196,0.231544,0.999689,193.419205,0.250129,0.999708,190.796799,0.238675,0.999479,192.072006,0.245197,0.999983,189.403198,0.232052,0.999484,190.035995,0.238063,0.999868
COLORWHEEL_2700_IMG_0609_0026,COLORWHEEL_2700,train,2700,Protein:Trace,Protein:Trace,,,Protein,Trace,COLORWHEEL_2700_SEMIQUANT.zip,1,1,0,,182.482407,0.213678,1.0,181.333603,0.210138,1.0,183.998398,0.220469,1.0,183.007996,0.20917,1.0,188.379196,0.231544,0.999689,193.419205,0.250129,0.999708,190.796799,0.238675,0.999479,192.072006,0.245197,0.999983,189.403198,0.232052,0.999484,190.035995,0.238063,0.999868
COLORWHEEL_2700_IMG_0609_0026,COLORWHEEL_2700,train,2700,pH:7.5,pH:7.5,,,pH,7.5,COLORWHEEL_2700_SEMIQUANT.zip,1,1,0,,182.482407,0.213678,1.0,181.333603,0.210138,1.0,183.998398,0.220469,1.0,183.007996,0.20917,1.0,188.379196,0.231544,0.999689,193.419205,0.250129,0.999708,190.796799,0.238675,0.999479,192.072006,0.245197,0.999983,189.403198,0.232052,0.999484,190.035995,0.238063,0.999868
COLORWHEEL_2700_IMG_0609_0026,COLORWHEEL_2700,train,2700,Blood:Non-hemolyzed 10,Blood:Non-hemolyzed 10,,,Blood,Non-hemolyzed 10,COLORWHEEL_2700_SEMIQUANT.zip,1,1,0,,182.482407,0.213678,1.0,181.333603,0.210138,1.0,183.998398,0.220469,1.0,183.007996,0.20917,1.0,188.379196,0.231544,0.999689,193.419205,0.250129,0.999708,190.796799,0.238675,0.999479,192.072006,0.245197,0.999983,189.403198,0.232052,0.999484,190.035995,0.238063,0.999868
COLORWHEEL_2700_IMG_0609_0026,COLORWHEEL_2700,train,2700,Specific Gravity:1.020,Specific Gravity:1.020,,,Specific Gravity,1.020,COLORWHEEL_2700_SEMIQUANT.zip,1,1,0,,182.482407,0.213678,1.0,181.333603,0.210138,1.0,183.998398,0.220469,1.0,183.007996,0.20917,1.0,188.379196,0.231544,0.999689,193.419205,0.250129,0.999708,190.796799,0.238675,0.999479,192.072006,0.245197,0.999983,189.403198,0.232052,0.999484,190.035995,0.238063,0.999868
COLORWHEEL_2700_IMG_0609_0026,COLORWHEEL_2700,train,2700,Ketone:Trace 0.5,Ketone:Trace 0.5,,,Ketone,Trace 0.5,COLORWHEEL_2700_SEMIQUANT.zip,1,1,0,,182.482407,0.213678,1.0,181.333603,0.210138,1.0,183.998398,0.220469,1.0,183.007996,0.20917,1.0,188.379196,0.231544,0.999689,193.419205,0.250129,0.999708,190.796799,0.238675,0.999479,192.072006,0.245197,0.999983,189.403198,0.232052,0.999484,190.035995,0.238063,0.999868
COLORWHEEL_2700_IMG_0609_0026,COLORWHEEL_2700,train,2700,Bilirubin:Small 17,Bilirubin:Small 17,,,Bilirubin,Small 17,COLORWHEEL_2700_SEMIQUANT.zip,1,1,0,,182.482407,0.213678,1.0,181.333603,0.210138,1.0,183.998398,0.220469,1.0,183.007996,0.20917,1.0,188.379196,0.231544,0.999689,193.419205,0.250129,0.999708,190.796799,0.238675,0.999479,192.072006,0.245197,0.999983,189.403198,0.232052,0.999484,190.035995,0.238063,0.999868
COLORWHEEL_2700_IMG_0609_0026,COLORWHEEL_2700,train,2700,Glucose:Trace 5,Glucose:Trace 5,,,Glucose,Trace 5,COLORWHEEL_2700_SEMIQUANT.zip,1,1,0,,182.482407,0.213678,1.0,181.333603,0.210138,1.0,183.998398,0.220469,1.0,183.007996,0.20917,1.0,188.379196,0.231544,0.999689,193.419205,0.250129,0.999708,190.796799,0.238675,0.999479,192.072006,0.245197,0.999983,189.403198,0.232052,0.999484,190.035995,0.238063,0.999868
COLORWHEEL_2700_IMG_0614_0027,COLORWHEEL_2700,train,2700,Leukocytes:Trace 15,Leukocytes:Trace 15,,,Leukocytes,Trace 15,COLORWHEEL_2700_SEMIQUANT.zip,1,1,0,,114.704803,0.139892,0.589161,110.182404,0.14784,0.565771,120.715202,0.144475,0.613537,125.732803,0.133598,0.617142,120.944801,0.128943,0.616519,103.596001,0.159321,0.513318,112.788002,0.144108,0.522511,113.204803,0.145087,0.506044,104.952003,0.151224,0.483186,94.190399,0.161454,0.446488
COLORWHEEL_2700_IMG_0614_0027,COLORWHEEL_2700,train,2700,Nitrite:Neg,Nitrite:Neg,,,Nitrite,Neg,COLORWHEEL_2700_SEMIQUANT.zip,1,1,0,,114.704803,0.139892,0.589161,110.182404,0.14784,0.565771,120.715202,0.144475,0.613537,125.732803,0.133598,0.617142,120.944801,0.128943,0.616519,103.596001,0.159321,0.513318,112.788002,0.144108,0.522511,113.204803,0.145087,0.506044,104.952003,0.151224,0.483186,94.190399,0.161454,0.446488
COLORWHEEL_2700_IMG_0614_0027,COLORWHEEL_2700,train,2700,Urobilinogen:16,Urobilinogen:16,,,Urobilinogen,16,COLORWHEEL_2700_SEMIQUANT.zip,1,1,0,,114.704803,0.139892,0.589161,110.182404,0.14784,0.565771,120.715202,0.144475,0.613537,125.732803,0.133598,0.617142,120.944801,0.128943,0.616519,103.596001,0.159321,0.513318,112.788002,0.144108,0.522511,113.204803,0.145087,0.506044,104.952003,0.151224,0.483186,94.190399,0.161454,0.446488
COLORWHEEL_2700_IMG_0614_0027,COLORWHEEL_2700,train,2700,Protein:0.3,Protein:0.3,,,Protein,0.3,COLORWHEEL_2700_SEMIQUANT.zip,1,1,0,,114.704803,0.139892,0.589161,110.182404,0.14784,0.565771,120.715202,0.144475,0.613537,125.732803,0.133598,0.617142,120.944801,0.128943,0.616519,103.596001,0.159321,0.513318,112.788002,0.144108,0.522511,113.204803,0.145087,0.506044,104.952003,0.151224,0.483186,94.190399,0.161454,0.446488
COLORWHEEL_2700_IMG_0614_0027,COLORWHEEL_2700,train,2700,pH:8.0,pH:8.0,,,pH,8.0,COLORWHEEL_2700_SEMIQUANT.zip,1,1,0,,114.704803,0.139892,0.589161,110.182404,0.14784,0.565771,120.715202,0.144475,0.613537,125.732803,0.133598,0.617142,120.944801,0.128943,0.616519,103.596001,0.159321,0.513318,112.788002,0.144108,0.522511,113.204803,0.145087,0.506044,104.952003,0.151224,0.483186,94.190399,0.161454,0.446488
COLORWHEEL_2700_IMG_0614_0027,COLORWHEEL_2700,train,2700,Blood:Hemolyzed 10,Blood:Hemolyzed 10,,,Blood,Hemolyzed 10,COLORWHEEL_2700_SEMIQUANT.zip,1,1,0,,114.704803,0.139892,0.589161,110.182404,0.14784,0.565771,120.715202,0.144475,0.613537,125.732803,0.133598,0.617142,120.944801,0.128943,0.616519,103.596001,0.159321,0.513318,112.788002,0.144108,0.522511,113.204803,0.145087,0.506044,104.952003,0.151224,0.483186,94.190399,0.161454,0.446488
COLORWHEEL_2700_IMG_0614_0027,COLORWHEEL_2700,train,2700,Specific Gravity:1.025,Specific Gravity:1.025,,,Specific Gravity,1.025,COLORWHEEL_2700_SEMIQUANT.zip,1,1,0,,114.704803,0.139892,0.589161,110.182404,0.14784,0.565771,120.715202,0.144475,0.613537,125.732803,0.133598,0.617142,120.944801,0.128943,0.616519,103.596001,0.159321,0.513318,112.788002,0.144108,0.522511,113.204803,0.145087,0.506044,104.952003,0.151224,0.483186,94.190399,0.161454,0.446488
COLORWHEEL_2700_IMG_0614_0027,COLORWHEEL_2700,train,2700,Ketone:Small 1.5,Ketone:Small 1.5,,,Ketone,Small 1.5,COLORWHEEL_2700_SEMIQUANT.zip,1,1,0,,114.704803,0.139892,0.589161,110.182404,0.14784,0.565771,120.715202,0.144475,0.613537,125.732803,0.133598,0.617142,120.944801,0.128943,0.616519,103.596001,0.159321,0.513318,112.788002,0.144108,0.522511,113.204803,0.145087,0.506044,104.952003,0.151224,0.483186,94.190399,0.161454,0.446488
COLORWHEEL_2700_IMG_0614_0027,COLORWHEEL_2700,train,2700,Bilirubin:Moderate 50,Bilirubin:Moderate 50,,,Bilirubin,Moderate 50,COLORWHEEL_2700_SEMIQUANT.zip,1,1,0,,114.704803,0.139892,0.589161,110.182404,0.14784,0.565771,120.715202,0.144475,0.613537,125.732803,0.133598,0.617142,120.944801,0.128943,0.616519,103.596001,0.159321,0.513318,112.788002,0.144108,0.522511,113.204803,0.145087,0.506044,104.952003,0.151224,0.483186,94.190399,0.161454,0.446488
COLORWHEEL_2700_IMG_0614_0027,COLORWHEEL_2700,train,2700,Glucose:15 +,Glucose:15 +,,,Glucose,15 +,COLORWHEEL_2700_SEMIQUANT.zip,1,1,0,,114.704803,0.139892,0.589161,110.182404,0.14784,0.565771,120.715202,0.144475,0.613537,125.732803,0.133598,0.617142,120.944801,0.128943,0.616519,103.596001,0.159321,0.513318,112.788002,0.144108,0.522511,113.204803,0.145087,0.506044,104.952003,0.151224,0.483186,94.190399,0.161454,0.446488
COLORWHEEL_2700_IMG_0617_0028,COLORWHEEL_2700,train,2700,Leukocytes:Small 70,Leukocytes:Small 70,,,Leukocytes,Small 70,COLORWHEEL_2700_SEMIQUANT.zip,1,1,0,,108.8992,0.139349,0.58509,94.3368,0.153285,0.56678,115.467201,0.146739,0.615843,126.152802,0.133197,0.630474,123.9384,0.121533,0.629388,97.335999,0.152027,0.53326,111.552803,0.133796,0.548734,110.7584,0.141178,0.539906,108.712799,0.142944,0.518624,97.693604,0.141275,0.483371
COLORWHEEL_2700_IMG_0617_0028,COLORWHEEL_2700,train,2700,Nitrite:Positive,Nitrite:Positive,,,Nitrite,Positive,COLORWHEEL_2700_SEMIQUANT.zip,1,1,0,,108.8992,0.139349,0.58509,94.3368,0.153285,0.56678,115.467201,0.146739,0.615843,126.152802,0.133197,0.630474,123.9384,0.121533,0.629388,97.335999,0.152027,0.53326,111.552803,0.133796,0.548734,110.7584,0.141178,0.539906,108.712799,0.142944,0.518624,97.693604,0.141275,0.483371
COLORWHEEL_2700_IMG_0617_0028,COLORWHEEL_2700,train,2700,Urobilinogen:32,Urobilinogen:32,,,Urobilinogen,32,COLORWHEEL_2700_SEMIQUANT.zip,1,1,0,,108.8992,0.139349,0.58509,94.3368,0.153285,0.56678,115.467201,0.146739,0.615843,126.152802,0.133197,0.630474,123.9384,0.121533,0.629388,97.335999,0.152027,0.53326,111.552803,0.133796,0.548734,110.7584,0.141178,0.539906,108.712799,0.142944,0.518624,97.693604,0.141275,0.483371
COLORWHEEL_2700_IMG_0617_0028,COLORWHEEL_2700,train,2700,Protein:1.0,Protein:1.0,,,Protein,1.0,COLORWHEEL_2700_SEMIQUANT.zip,1,1,0,,108.8992,0.139349,0.58509,94.3368,0.153285,0.56678,115.467201,0.146739,0.615843,126.152802,0.133197,0.630474,123.9384,0.121533,0.629388,97.335999,0.152027,0.53326,111.552803,0.133796,0.548734,110.7584,0.141178,0.539906,108.712799,0.142944,0.518624,97.693604,0.141275,0.483371
COLORWHEEL_2700_IMG_0617_0028,COLORWHEEL_2700,train,2700,pH:8.5,pH:8.5,,,pH,8.5,COLORWHEEL_2700_SEMIQUANT.zip,1,1,0,,108.8992,0.139349,0.58509,94.3368,0.153285,0.56678,115.467201,0.146739,0.615843,126.152802,0.133197,0.630474,123.9384,0.121533,0.629388,97.335999,0.152027,0.53326,111.552803,0.133796,0.548734,110.7584,0.141178,0.539906,108.712799,0.142944,0.518624,97.693604,0.141275,0.483371
COLORWHEEL_2700_IMG_0617_0028,COLORWHEEL_2700,train,2700,Blood:Small 25,Blood:Small 25,,,Blood,Small 25,COLORWHEEL_2700_SEMIQUANT.zip,1,1,0,,108.8992,0.139349,0.58509,94.3368,0.153285,0.56678,115.467201,0.146739,0.615843,126.152802,0.133197,0.630474,123.9384,0.121533,0.629388,97.335999,0.152027,0.53326,111.552803,0.133796,0.548734,110.7584,0.141178,0.539906,108.712799,0.142944,0.518624,97.693604,0.141275,0.483371
COLORWHEEL_2700_IMG_0617_0028,COLORWHEEL_2700,train,2700,Specific Gravity:1.030,Specific Gravity:1.030,,,Specific Gravity,1.030,COLORWHEEL_2700_SEMIQUANT.zip,1,1,0,,108.8992,0.139349,0.58509,94.3368,0.153285,0.56678,115.467201,0.146739,0.615843,126.152802,0.133197,0.630474,123.9384,0.121533,0.629388,97.335999,0.152027,0.53326,111.552803,0.133796,0.548734,110.7584,0.141178,0.539906,108.712799,0.142944,0.518624,97.693604,0.141275,0.483371
COLORWHEEL_2700_IMG_0617_0028,COLORWHEEL_2700,train,2700,Ketone:Moderate 4.0,Ketone:Moderate 4.0,,,Ketone,Moderate 4.0,COLORWHEEL_2700_SEMIQUANT.zip,1,1,0,,108.8992,0.139349,0.58509,94.3368,0.153285,0.56678,115.467201,0.146739,0.615843,126.152802,0.133197,0.630474,123.9384,0.121533,0.629388,97.335999,0.152027,0.53326,111.552803,0.133796,0.548734,110.7584,0.141178,0.539906,108.712799,0.142944,0.518624,97.693604,0.141275,0.483371
COLORWHEEL_2700_IMG_0617_0028,COLORWHEEL_2700,train,2700,Bilirubin:Large 100,Bilirubin:Large 100,,,Bilirubin,Large 100,COLORWHEEL_2700_SEMIQUANT.zip,1,1,0,,108.8992,0.139349,0.58509,94.3368,0.153285,0.56678,115.467201,0.146739,0.615843,126.152802,0.133197,0.630474,123.9384,0.121533,0.629388,97.335999,0.152027,0.53326,111.552803,0.133796,0.548734,110.7584,0.141178,0.539906,108.712799,0.142944,0.518624,97.693604,0.141275,0.483371
COLORWHEEL_2700_IMG_0617_0028,COLORWHEEL_2700,train,2700,Glucose:30 ++,Glucose:30 ++,,,Glucose,30 ++,COLORWHEEL_2700_SEMIQUANT.zip,1,1,0,,108.8992,0.139349,0.58509,94.3368,0.153285,0.56678,115.467201,0.146739,0.615843,126.152802,0.133197,0.630474,123.9384,0.121533,0.629388,97.335999,0.152027,0.53326,111.552803,0.133796,0.548734,110.7584,0.141178,0.539906,108.712799,0.142944,0.518624,97.693604,0.141275,0.483371
COLORWHEEL_2700_IMG_0620_0029,COLORWHEEL_2700,train,2700,Leukocytes:Moderate 125,Leukocytes:Moderate 125,,,Leukocytes,Moderate 125,COLORWHEEL_2700_SEMIQUANT.zip,1,1,0,,180.0,0.20643,1.0,180.0,0.204499,1.0,180.009598,0.213931,1.0,180.276794,0.204588,1.0,181.233597,0.225131,1.0,182.586395,0.238364,1.0,182.783997,0.239013,1.0,182.238403,0.235115,1.0,181.343994,0.222129,1.0,182.525604,0.232403,1.0
COLORWHEEL_2700_IMG_0620_0029,COLORWHEEL_2700,train,2700,Nitrite:Neg,Nitrite:Neg,,,Nitrite,Neg,COLORWHEEL_2700_SEMIQUANT.zip,1,1,0,,180.0,0.20643,1.0,180.0,0.204499,1.0,180.009598,0.213931,1.0,180.276794,0.204588,1.0,181.233597,0.225131,1.0,182.586395,0.238364,1.0,182.783997,0.239013,1.0,182.238403,0.235115,1.0,181.343994,0.222129,1.0,182.525604,0.232403,1.0
COLORWHEEL_2700_IMG_0620_0029,COLORWHEEL_2700,train,2700,Urobilinogen:64,Urobilinogen:64,,,Urobilinogen,64,COLORWHEEL_2700_SEMIQUANT.zip,1,1,0,,180.0,0.20643,1.0,180.0,0.204499,1.0,180.009598,0.213931,1.0,180.276794,0.204588,1.0,181.233597,0.225131,1.0,182.586395,0.238364,1.0,182.783997,0.239013,1.0,182.238403,0.235115,1.0,181.343994,0.222129,1.0,182.525604,0.232403,1.0
COLORWHEEL_2700_IMG_0620_0029,COLORWHEEL_2700,train,2700,Protein:3.0,Protein:3.0,,,Protein,3.0,COLORWHEEL_2700_SEMIQUANT.zip,1,1,0,,180.0,0.20643,1.0,180.0,0.204499,1.0,180.009598,0.213931,1.0,180.276794,0.204588,1.0,181.233597,0.225131,1.0,182.586395,0.238364,1.0,182.783997,0.239013,1.0,182.238403,0.235115,1.0,181.343994,0.222129,1.0,182.525604,0.232403,1.0
COLORWHEEL_2700_IMG_0620_0029,COLORWHEEL_2700,train,2700,pH:5.0,pH:5.0,,,pH,5.0,COLORWHEEL_2700_SEMIQUANT.zip,1,1,0,,180.0,0.20643,1.0,180.0,0.204499,1.0,180.009598,0.213931,1.0,180.276794,0.204588,1.0,181.233597,0.225131,1.0,182.586395,0.238364,1.0,182.783997,0.239013,1.0,182.238403,0.235115,1.0,181.343994,0.222129,1.0,182.525604,0.232403,1.0
COLORWHEEL_2700_IMG_0620_0029,COLORWHEEL_2700,train,2700,Blood:Moderate 80,Blood:Moderate 80,,,Blood,Moderate 80,COLORWHEEL_2700_SEMIQUANT.zip,1,1,0,,180.0,0.20643,1.0,180.0,0.204499,1.0,180.009598,0.213931,1.0,180.276794,0.204588,1.0,181.233597,0.225131,1.0,182.586395,0.238364,1.0,182.783997,0.239013,1.0,182.238403,0.235115,1.0,181.343994,0.222129,1.0,182.525604,0.232403,1.0
COLORWHEEL_2700_IMG_0620_0029,COLORWHEEL_2700,train,2700,Specific Gravity:1.000,Specific Gravity:1.000,,,Specific Gravity,1.000,COLORWHEEL_2700_SEMIQUANT.zip,1,1,0,,180.0,0.20643,1.0,180.0,0.204499,1.0,180.009598,0.213931,1.0,180.276794,0.204588,1.0,181.233597,0.225131,1.0,182.586395,0.238364,1.0,182.783997,0.239013,1.0,182.238403,0.235115,1.0,181.343994,0.222129,1.0,182.525604,0.232403,1.0
COLORWHEEL_2700_IMG_0620_0029,COLORWHEEL_2700,train,2700,Ketone:8.0,Ketone:8.0,,,Ketone,8.0,COLORWHEEL_2700_SEMIQUANT.zip,1,1,0,,180.0,0.20643,1.0,180.0,0.204499,1.0,180.009598,0.213931,1.0,180.276794,0.204588,1.0,181.233597,0.225131,1.0,182.586395,0.238364,1.0,182.783997,0.239013,1.0,182.238403,0.235115,1.0,181.343994,0.222129,1.0,182.525604,0.232403,1.0
COLORWHEEL_2700_IMG_0620_0029,COLORWHEEL_2700,train,2700,Bilirubin:Neg,Bilirubin:Neg,,,Bilirubin,Neg,COLORWHEEL_2700_SEMIQUANT.zip,1,1,0,,180.0,0.20643,1.0,180.0,0.204499,1.0,180.009598,0.213931,1.0,180.276794,0.204588,1.0,181.233597,0.225131,1.0,182.586395,0.238364,1.0,182.783997,0.239013,1.0,182.238403,0.235115,1.0,181.343994,0.222129,1.0,182.525604,0.232403,1.0
COLORWHEEL_2700_IMG_0620_0029,COLORWHEEL_2700,train,2700,Glucose:60 +++,Glucose:60 +++,,,Glucose,60 +++,COLORWHEEL_2700_SEMIQUANT.zip,1,1,0,,180.0,0.20643,1.0,180.0,0.204499,1.0,180.009598,0.213931,1.0,180.276794,0.204588,1.0,181.233597,0.225131,1.0,182.586395,0.238364,1.0,182.783997,0.239013,1.0,182.238403,0.235115,1.0,181.343994,0.222129,1.0,182.525604,0.232403,1.0
COLORWHEEL_2700_IMG_0623_0030,COLORWHEEL_2700,train,2700,Leukocytes:Large 500,Leukocytes:Large 500,,,Leukocytes,Large 500,COLORWHEEL_2700_SEMIQUANT.zip,1,1,0,,30.92,0.97147,1.0,31.179199,0.972063,1.0,23.913601,0.60635,0.950014,28.92,0.470069,1.0,31.719999,0.971901,1.0,30.2024,0.969393,0.999945,30.68,0.692017,1.0,30.0592,0.476767,1.0,30.1168,0.475475,1.0,30.285601,0.468819,1.0
COLORWHEEL_2700_IMG_0623_0030,COLORWHEEL_2700,train,2700,Nitrite:Positive,Nitrite:Positive,,,Nitrite,Positive,COLORWHEEL_2700_SEMIQUANT.zip,1,1,0,,30.92,0.97147,1.0,31.179199,0.972063,1.0,23.913601,0.60635,0.950014,28.92,0.470069,1.0,31.719999,0.971901,1.0,30.2024,0.969393,0.999945,30.68,0.692017,1.0,30.0592,0.476767,1.0,30.1168,0.475475,1.0,30.285601,0.468819,1.0
COLORWHEEL_2700_IMG_0623_0030,COLORWHEEL_2700,train,2700,Urobilinogen:128,Urobilinogen:128,,,Urobilinogen,128,COLORWHEEL_2700_SEMIQUANT.zip,1,1,0,,30.92,0.97147,1.0,31.179199,0.972063,1.0,23.913601,0.60635,0.950014,28.92,0.470069,1.0,31.719999,0.971901,1.0,30.2024,0.969393,0.999945,30.68,0.692017,1.0,30.0592,0.476767,1.0,30.1168,0.475475,1.0,30.285601,0.468819,1.0
COLORWHEEL_2700_IMG_0623_0030,COLORWHEEL_2700,train,2700,Protein:>=20.0,Protein:>=20.0,,,Protein,>=20.0,COLORWHEEL_2700_SEMIQUANT.zip,1,1,0,,30.92,0.97147,1.0,31.179199,0.972063,1.0,23.913601,0.60635,0.950014,28.92,0.470069,1.0,31.719999,0.971901,1.0,30.2024,0.969393,0.999945,30.68,0.692017,1.0,30.0592,0.476767,1.0,30.1168,0.475475,1.0,30.285601,0.468819,1.0
COLORWHEEL_2700_IMG_0623_0030,COLORWHEEL_2700,train,2700,pH:6.0,pH:6.0,,,pH,6.0,COLORWHEEL_2700_SEMIQUANT.zip,1,1,0,,30.92,0.97147,1.0,31.179199,0.972063,1.0,23.913601,0.60635,0.950014,28.92,0.470069,1.0,31.719999,0.971901,1.0,30.2024,0.969393,0.999945,30.68,0.692017,1.0,30.0592,0.476767,1.0,30.1168,0.475475,1.0,30.285601,0.468819,1.0
COLORWHEEL_2700_IMG_0623_0030,COLORWHEEL_2700,train,2700,Blood:Large 200,Blood:Large 200,,,Blood,Large 200,COLORWHEEL_2700_SEMIQUANT.zip,1,1,0,,30.92,0.97147,1.0,31.179199,0.972063,1.0,23.913601,0.60635,0.950014,28.92,0.470069,1.0,31.719999,0.971901,1.0,30.2024,0.969393,0.999945,30.68,0.692017,1.0,30.0592,0.476767,1.0,30.1168,0.475475,1.0,30.285601,0.468819,1.0
COLORWHEEL_2700_IMG_0623_0030,COLORWHEEL_2700,train,2700,Specific Gravity:1.005,Specific Gravity:1.005,,,Specific Gravity,1.005,COLORWHEEL_2700_SEMIQUANT.zip,1,1,0,,30.92,0.97147,1.0,31.179199,0.972063,1.0,23.913601,0.60635,0.950014,28.92,0.470069,1.0,31.719999,0.971901,1.0,30.2024,0.969393,0.999945,30.68,0.692017,1.0,30.0592,0.476767,1.0,30.1168,0.475475,1.0,30.285601,0.468819,1.0
COLORWHEEL_2700_IMG_0623_0030,COLORWHEEL_2700,train,2700,Ketone:Large 16,Ketone:Large 16,,,Ketone,Large 16,COLORWHEEL_2700_SEMIQUANT.zip,1,1,0,,30.92,0.97147,1.0,31.179199,0.972063,1.0,23.913601,0.60635,0.950014,28.92,0.470069,1.0,31.719999,0.971901,1.0,30.2024,0.969393,0.999945,30.68,0.692017,1.0,30.0592,0.476767,1.0,30.1168,0.475475,1.0,30.285601,0.468819,1.0
COLORWHEEL_2700_IMG_0623_0030,COLORWHEEL_2700,train,2700,Bilirubin:Small 17,Bilirubin:Small 17,,,Bilirubin,Small 17,COLORWHEEL_2700_SEMIQUANT.zip,1,1,0,,30.92,0.97147,1.0,31.179199,0.972063,1.0,23.913601,0.60635,0.950014,28.92,0.470069,1.0,31.719999,0.971901,1.0,30.2024,0.969393,0.999945,30.68,0.692017,1.0,30.0592,0.476767,1.0,30.1168,0.475475,1.0,30.285601,0.468819,1.0
COLORWHEEL_2700_IMG_0623_0030,COLORWHEEL_2700,train,2700,Glucose:110 ++++,Glucose:110 ++++,,,Glucose,110 ++++,COLORWHEEL_2700_SEMIQUANT.zip,1,1,0,,30.92,0.97147,1.0,31.179199,0.972063,1.0,23.913601,0.60635,0.950014,28.92,0.470069,1.0,31.719999,0.971901,1.0,30.2024,0.969393,0.999945,30.68,0.692017,1.0,30.0592,0.476767,1.0,30.1168,0.475475,1.0,30.285601,0.468819,1.0
COLORWHEEL_4000_IMG_0543_0001,COLORWHEEL_4000,train,4000,Leukocytes:Neg,Leukocytes:Neg,,,Leukocytes,Neg,COLORWHEEL_4000_SEMIQUANT.zip,1,1,0,,145.664795,0.191103,0.764169,145.536804,0.191674,0.76232,145.865601,0.191332,0.767269,146.345596,0.199245,0.779093,146.149597,0.194889,0.77894,155.916794,0.179573,0.643766,147.526398,0.198949,0.802287,146.473602,0.197407,0.804358,146.017593,0.190408,0.700988,152.790405,0.186685,0.704827
COLORWHEEL_4000_IMG_0543_0001,COLORWHEEL_4000,train,4000,Nitrite:Neg,Nitrite:Neg,,,Nitrite,Neg,COLORWHEEL_4000_SEMIQUANT.zip,1,1,0,,145.664795,0.191103,0.764169,145.536804,0.191674,0.76232,145.865601,0.191332,0.767269,146.345596,0.199245,0.779093,146.149597,0.194889,0.77894,155.916794,0.179573,0.643766,147.526398,0.198949,0.802287,146.473602,0.197407,0.804358,146.017593,0.190408,0.700988,152.790405,0.186685,0.704827
COLORWHEEL_4000_IMG_0543_0001,COLORWHEEL_4000,train,4000,Urobilinogen:3.2,Urobilinogen:3.2,,,Urobilinogen,3.2,COLORWHEEL_4000_SEMIQUANT.zip,1,1,0,,145.664795,0.191103,0.764169,145.536804,0.191674,0.76232,145.865601,0.191332,0.767269,146.345596,0.199245,0.779093,146.149597,0.194889,0.77894,155.916794,0.179573,0.643766,147.526398,0.198949,0.802287,146.473602,0.197407,0.804358,146.017593,0.190408,0.700988,152.790405,0.186685,0.704827
COLORWHEEL_4000_IMG_0543_0001,COLORWHEEL_4000,train,4000,Protein:Neg,Protein:Neg,,,Protein,Neg,COLORWHEEL_4000_SEMIQUANT.zip,1,1,0,,145.664795,0.191103,0.764169,145.536804,0.191674,0.76232,145.865601,0.191332,0.767269,146.345596,0.199245,0.779093,146.149597,0.194889,0.77894,155.916794,0.179573,0.643766,147.526398,0.198949,0.802287,146.473602,0.197407,0.804358,146.017593,0.190408,0.700988,152.790405,0.186685,0.704827
COLORWHEEL_4000_IMG_0543_0001,COLORWHEEL_4000,train,4000,pH:5.0,pH:5.0,,,pH,5.0,COLORWHEEL_4000_SEMIQUANT.zip,1,1,0,,145.664795,0.191103,0.764169,145.536804,0.191674,0.76232,145.865601,0.191332,0.767269,146.345596,0.199245,0.779093,146.149597,0.194889,0.77894,155.916794,0.179573,0.643766,147.526398,0.198949,0.802287,146.473602,0.197407,0.804358,146.017593,0.190408,0.700988,152.790405,0.186685,0.704827
COLORWHEEL_4000_IMG_0543_0001,COLORWHEEL_4000,train,4000,Blood:Neg,Blood:Neg,,,Blood,Neg,COLORWHEEL_4000_SEMIQUANT.zip,1,1,0,,145.664795,0.191103,0.764169,145.536804,0.191674,0.76232,145.865601,0.191332,0.767269,146.345596,0.199245,0.779093,146.149597,0.194889,0.77894,155.916794,0.179573,0.643766,147.526398,0.198949,0.802287,146.473602,0.197407,0.804358,146.017593,0.190408,0.700988,152.790405,0.186685,0.704827
COLORWHEEL_4000_IMG_0543_0001,COLORWHEEL_4000,train,4000,Specific Gravity:1.000,Specific Gravity:1.000,,,Specific Gravity,1.000,COLORWHEEL_4000_SEMIQUANT.zip,1,1,0,,145.664795,0.191103,0.764169,145.536804,0.191674,0.76232,145.865601,0.191332,0.767269,146.345596,0.199245,0.779093,146.149597,0.194889,0.77894,155.916794,0.179573,0.643766,147.526398,0.198949,0.802287,146.473602,0.197407,0.804358,146.017593,0.190408,0.700988,152.790405,0.186685,0.704827
COLORWHEEL_4000_IMG_0543_0001,COLORWHEEL_4000,train,4000,Ketone:Neg,Ketone:Neg,,,Ketone,Neg,COLORWHEEL_4000_SEMIQUANT.zip,1,1,0,,145.664795,0.191103,0.764169,145.536804,0.191674,0.76232,145.865601,0.191332,0.767269,146.345596,0.199245,0.779093,146.149597,0.194889,0.77894,155.916794,0.179573,0.643766,147.526398,0.198949,0.802287,146.473602,0.197407,0.804358,146.017593,0.190408,0.700988,152.790405,0.186685,0.704827
COLORWHEEL_4000_IMG_0543_0001,COLORWHEEL_4000,train,4000,Bilirubin:Neg,Bilirubin:Neg,,,Bilirubin,Neg,COLORWHEEL_4000_SEMIQUANT.zip,1,1,0,,145.664795,0.191103,0.764169,145.536804,0.191674,0.76232,145.865601,0.191332,0.767269,146.345596,0.199245,0.779093,146.149597,0.194889,0.77894,155.916794,0.179573,0.643766,147.526398,0.198949,0.802287,146.473602,0.197407,0.804358,146.017593,0.190408,0.700988,152.790405,0.186685,0.704827
COLORWHEEL_4000_IMG_0543_0001,COLORWHEEL_4000,train,4000,Glucose:Neg,Glucose:Neg,,,Glucose,Neg,COLORWHEEL_4000_SEMIQUANT.zip,1,1,0,,145.664795,0.191103,0.764169,145.536804,0.191674,0.76232,145.865601,0.191332,0.767269,146.345596,0.199245,0.779093,146.149597,0.194889,0.77894,155.916794,0.179573,0.643766,147.526398,0.198949,0.802287,146.473602,0.197407,0.804358,146.017593,0.190408,0.700988,152.790405,0.186685,0.704827
COLORWHEEL_4000_IMG_0546_0002,COLORWHEEL_4000,train,4000,Leukocytes:Trace 15,Leukocytes:Trace 15,,,Leukocytes,Trace 15,COLORWHEEL_4000_SEMIQUANT.zip,1,1,0,,109.999199,0.1663,0.698474,110.0,0.166245,0.697316,110.313599,0.16678,0.70354,110.0,0.166003,0.711928,110.0,0.165934,0.712629,125.882401,0.14646,0.592783,111.326401,0.165555,0.732982,110.110397,0.166078,0.733376,117.989601,0.155493,0.630025,114.181602,0.151294,0.638792
COLORWHEEL_4000_IMG_0546_0002,COLORWHEEL_4000,train,4000,Nitrite:Positive,Nitrite:Positive,,,Nitrite,Positive,COLORWHEEL_4000_SEMIQUANT.zip,1,1,0,,109.999199,0.1663,0.698474,110.0,0.166245,0.697316,110.313599,0.16678,0.70354,110.0,0.166003,0.711928,110.0,0.165934,0.712629,125.882401,0.14646,0.592783,111.326401,0.165555,0.732982,110.110397,0.166078,0.733376,117.989601,0.155493,0.630025,114.181602,0.151294,0.638792
COLORWHEEL_4000_IMG_0546_0002,COLORWHEEL_4000,train,4000,Urobilinogen:16,Urobilinogen:16,,,Urobilinogen,16,COLORWHEEL_4000_SEMIQUANT.zip,1,1,0,,109.999199,0.1663,0.698474,110.0,0.166245,0.697316,110.313599,0.16678,0.70354,110.0,0.166003,0.711928,110.0,0.165934,0.712629,125.882401,0.14646,0.592783,111.326401,0.165555,0.732982,110.110397,0.166078,0.733376,117.989601,0.155493,0.630025,114.181602,0.151294,0.638792
COLORWHEEL_4000_IMG_0546_0002,COLORWHEEL_4000,train,4000,Protein:Trace,Protein:Trace,,,Protein,Trace,COLORWHEEL_4000_SEMIQUANT.zip,1,1,0,,109.999199,0.1663,0.698474,110.0,0.166245,0.697316,110.313599,0.16678,0.70354,110.0,0.166003,0.711928,110.0,0.165934,0.712629,125.882401,0.14646,0.592783,111.326401,0.165555,0.732982,110.110397,0.166078,0.733376,117.989601,0.155493,0.630025,114.181602,0.151294,0.638792
COLORWHEEL_4000_IMG_0546_0002,COLORWHEEL_4000,train,4000,pH:6.0,pH:6.0,,,pH,6.0,COLORWHEEL_4000_SEMIQUANT.zip,1,1,0,,109.999199,0.1663,0.698474,110.0,0.166245,0.697316,110.313599,0.16678,0.70354,110.0,0.166003,0.711928,110.0,0.165934,0.712629,125.882401,0.14646,0.592783,111.326401,0.165555,0.732982,110.110397,0.166078,0.733376,117.989601,0.155493,0.630025,114.181602,0.151294,0.638792
COLORWHEEL_4000_IMG_0546_0002,COLORWHEEL_4000,train,4000,Blood:Non-hemolyzed 10,Blood:Non-hemolyzed 10,,,Blood,Non-hemolyzed 10,COLORWHEEL_4000_SEMIQUANT.zip,1,1,0,,109.999199,0.1663,0.698474,110.0,0.166245,0.697316,110.313599,0.16678,0.70354,110.0,0.166003,0.711928,110.0,0.165934,0.712629,125.882401,0.14646,0.592783,111.326401,0.165555,0.732982,110.110397,0.166078,0.733376,117.989601,0.155493,0.630025,114.181602,0.151294,0.638792
COLORWHEEL_4000_IMG_0546_0002,COLORWHEEL_4000,train,4000,Specific Gravity:1.005,Specific Gravity:1.005,,,Specific Gravity,1.005,COLORWHEEL_4000_SEMIQUANT.zip,1,1,0,,109.999199,0.1663,0.698474,110.0,0.166245,0.697316,110.313599,0.16678,0.70354,110.0,0.166003,0.711928,110.0,0.165934,0.712629,125.882401,0.14646,0.592783,111.326401,0.165555,0.732982,110.110397,0.166078,0.733376,117.989601,0.155493,0.630025,114.181602,0.151294,0.638792
COLORWHEEL_4000_IMG_0546_0002,COLORWHEEL_4000,train,4000,Ketone:Trace 0.5,Ketone:Trace 0.5,,,Ketone,Trace 0.5,COLORWHEEL_4000_SEMIQUANT.zip,1,1,0,,109.999199,0.1663,0.698474,110.0,0.166245,0.697316,110.313599,0.16678,0.70354,110.0,0.166003,0.711928,110.0,0.165934,0.712629,125.882401,0.14646,0.592783,111.326401,0.165555,0.732982,110.110397,0.166078,0.733376,117.989601,0.155493,0.630025,114.181602,0.151294,0.638792
COLORWHEEL_4000_IMG_0546_0002,COLORWHEEL_4000,train,4000,Bilirubin:Small 17,Bilirubin:Small 17,,,Bilirubin,Small 17,COLORWHEEL_4000_SEMIQUANT.zip,1,1,0,,109.999199,0.1663,0.698474,110.0,0.166245,0.697316,110.313599,0.16678,0.70354,110.0,0.166003,0.711928,110.0,0.165934,0.712629,125.882401,0.14646,0.592783,111.326401,0.165555,0.732982,110.110397,0.166078,0.733376,117.989601,0.155493,0.630025,114.181602,0.151294,0.638792
COLORWHEEL_4000_IMG_0546_0002,COLORWHEEL_4000,train,4000,Glucose:Trace 5,Glucose:Trace 5,,,Glucose,Trace 5,COLORWHEEL_4000_SEMIQUANT.zip,1,1,0,,109.999199,0.1663,0.698474,110.0,0.166245,0.697316,110.313599,0.16678,0.70354,110.0,0.166003,0.711928,110.0,0.165934,0.712629,125.882401,0.14646,0.592783,111.326401,0.165555,0.732982,110.110397,0.166078,0.733376,117.989601,0.155493,0.630025,114.181602,0.151294,0.638792
COLORWHEEL_4000_IMG_0552_0003,COLORWHEEL_4000,train,4000,Leukocytes:Small 70,Leukocytes:Small 70,,,Leukocytes,Small 70,COLORWHEEL_4000_SEMIQUANT.zip,1,1,0,,139.493607,0.261608,0.841989,139.480804,0.261481,0.839611,139.615204,0.262047,0.849474,139.726395,0.262317,0.860298,139.697601,0.262249,0.857666,143.338394,0.251089,0.677064,139.955994,0.263134,0.882163,139.940002,0.263103,0.882171,137.649597,0.249093,0.768416,140.168793,0.254453,0.77786
COLORWHEEL_4000_IMG_0552_0003,COLORWHEEL_4000,train,4000,Nitrite:Neg,Nitrite:Neg,,,Nitrite,Neg,COLORWHEEL_4000_SEMIQUANT.zip,1,1,0,,139.493607,0.261608,0.841989,139.480804,0.261481,0.839611,139.615204,0.262047,0.849474,139.726395,0.262317,0.860298,139.697601,0.262249,0.857666,143.338394,0.251089,0.677064,139.955994,0.263134,0.882163,139.940002,0.263103,0.882171,137.649597,0.249093,0.768416,140.168793,0.254453,0.77786
COLORWHEEL_4000_IMG_0552_0003,COLORWHEEL_4000,train,4000,Urobilinogen:32,Urobilinogen:32,,,Urobilinogen,32,COLORWHEEL_4000_SEMIQUANT.zip,1,1,0,,139.493607,0.261608,0.841989,139.480804,0.261481,0.839611,139.615204,0.262047,0.849474,139.726395,0.262317,0.860298,139.697601,0.262249,0.857666,143.338394,0.251089,0.677064,139.955994,0.263134,0.882163,139.940002,0.263103,0.882171,137.649597,0.249093,0.768416,140.168793,0.254453,0.77786
COLORWHEEL_4000_IMG_0552_0003,COLORWHEEL_4000,train,4000,Protein:0.3,Protein:0.3,,,Protein,0.3,COLORWHEEL_4000_SEMIQUANT.zip,1,1,0,,139.493607,0.261608,0.841989,139.480804,0.261481,0.839611,139.615204,0.262047,0.849474,139.726395,0.262317,0.860298,139.697601,0.262249,0.857666,143.338394,0.251089,0.677064,139.955994,0.263134,0.882163,139.940002,0.263103,0.882171,137.649597,0.249093,0.768416,140.168793,0.254453,0.77786
COLORWHEEL_4000_IMG_0552_0003,COLORWHEEL_4000,train,4000,pH:6.5,pH:6.5,,,pH,6.5,COLORWHEEL_4000_SEMIQUANT.zip,1,1,0,,139.493607,0.261608,0.841989,139.480804,0.261481,0.839611,139.615204,0.262047,0.849474,139.726395,0.262317,0.860298,139.697601,0.262249,0.857666,143.338394,0.251089,0.677064,139.955994,0.263134,0.882163,139.940002,0.263103,0.882171,137.649597,0.249093,0.768416,140.168793,0.254453,0.77786
COLORWHEEL_4000_IMG_0552_0003,COLORWHEEL_4000,train,4000,Blood:Hemolyzed 10,Blood:Hemolyzed 10,,,Blood,Hemolyzed 10,COLORWHEEL_4000_SEMIQUANT.zip,1,1,0,,139.493607,0.261608,0.841989,139.480804,0.261481,0.839611,139.615204,0.262047,0.849474,139.726395,0.262317,0.860298,139.697601,0.262249,0.857666,143.338394,0.251089,0.677064,139.955994,0.263134,0.882163,139.940002,0.263103,0.882171,137.649597,0.249093,0.768416,140.168793,0.254453,0.77786
COLORWHEEL_4000_IMG_0552_0003,COLORWHEEL_4000,train,4000,Specific Gravity:1.010,Specific Gravity:1.010,,,Specific Gravity,1.010,COLORWHEEL_4000_SEMIQUANT.zip,1,1,0,,139.493607,0.261608,0.841989,139.480804,0.261481,0.839611,139.615204,0.262047,0.849474,139.726395,0.262317,0.860298,139.697601,0.262249,0.857666,143.338394,0.251089,0.677064,139.955994,0.263134,0.882163,139.940002,0.263103,0.882171,137.649597,0.249093,0.768416,140.168793,0.254453,0.77786
COLORWHEEL_4000_IMG_0552_0003,COLORWHEEL_4000,train,4000,Ketone:Small 1.5,Ketone:Small 1.5,,,Ketone,Small 1.5,COLORWHEEL_4000_SEMIQUANT.zip,1,1,0,,139.493607,0.261608,0.841989,139.480804,0.261481,0.839611,139.615204,0.262047,0.849474,139.726395,0.262317,0.860298,139.697601,0.262249,0.857666,143.338394,0.251089,0.677064,139.955994,0.263134,0.882163,139.940002,0.263103,0.882171,137.649597,0.249093,0.768416,140.168793,0.254453,0.77786
COLORWHEEL_4000_IMG_0552_0003,COLORWHEEL_4000,train,4000,Bilirubin:Moderate 50,Bilirubin:Moderate 50,,,Bilirubin,Moderate 50,COLORWHEEL_4000_SEMIQUANT.zip,1,1,0,,139.493607,0.261608,0.841989,139.480804,0.261481,0.839611,139.615204,0.262047,0.849474,139.726395,0.262317,0.860298,139.697601,0.262249,0.857666,143.338394,0.251089,0.677064,139.955994,0.263134,0.882163,139.940002,0.263103,0.882171,137.649597,0.249093,0.768416,140.168793,0.254453,0.77786
COLORWHEEL_4000_IMG_0552_0003,COLORWHEEL_4000,train,4000,Glucose:15 +,Glucose:15 +,,,Glucose,15 +,COLORWHEEL_4000_SEMIQUANT.zip,1,1,0,,139.493607,0.261608,0.841989,139.480804,0.261481,0.839611,139.615204,0.262047,0.849474,139.726395,0.262317,0.860298,139.697601,0.262249,0.857666,143.338394,0.251089,0.677064,139.955994,0.263134,0.882163,139.940002,0.263103,0.882171,137.649597,0.249093,0.768416,140.168793,0.254453,0.77786
COLORWHEEL_4000_IMG_0555_0004,COLORWHEEL_4000,train,4000,Leukocytes:Moderate 125,Leukocytes:Moderate 125,,,Leukocytes,Moderate 125,COLORWHEEL_4000_SEMIQUANT.zip,1,1,0,,177.197601,0.203529,0.779578,176.379196,0.203652,0.780739,177.679993,0.203879,0.791879,177.750397,0.203928,0.797722,175.972794,0.203854,0.796369,190.4664,0.189315,0.663719,177.923996,0.204246,0.810529,177.820007,0.204157,0.81368,187.784805,0.183686,0.676982,184.591995,0.203267,0.704646
COLORWHEEL_4000_IMG_0555_0004,COLORWHEEL_4000,train,4000,Nitrite:Positive,Nitrite:Positive,,,Nitrite,Positive,COLORWHEEL_4000_SEMIQUANT.zip,1,1,0,,177.197601,0.203529,0.779578,176.379196,0.203652,0.780739,177.679993,0.203879,0.791879,177.750397,0.203928,0.797722,175.972794,0.203854,0.796369,190.4664,0.189315,0.663719,177.923996,0.204246,0.810529,177.820007,0.204157,0.81368,187.784805,0.183686,0.676982,184.591995,0.203267,0.704646
COLORWHEEL_4000_IMG_0555_0004,COLORWHEEL_4000,train,4000,Urobilinogen:64,Urobilinogen:64,,,Urobilinogen,64,COLORWHEEL_4000_SEMIQUANT.zip,1,1,0,,177.197601,0.203529,0.779578,176.379196,0.203652,0.780739,177.679993,0.203879,0.791879,177.750397,0.203928,0.797722,175.972794,0.203854,0.796369,190.4664,0.189315,0.663719,177.923996,0.204246,0.810529,177.820007,0.204157,0.81368,187.784805,0.183686,0.676982,184.591995,0.203267,0.704646
COLORWHEEL_4000_IMG_0555_0004,COLORWHEEL_4000,train,4000,Protein:1.0,Protein:1.0,,,Protein,1.0,COLORWHEEL_4000_SEMIQUANT.zip,1,1,0,,177.197601,0.203529,0.779578,176.379196,0.203652,0.780739,177.679993,0.203879,0.791879,177.750397,0.203928,0.797722,175.972794,0.203854,0.796369,190.4664,0.189315,0.663719,177.923996,0.204246,0.810529,177.820007,0.204157,0.81368,187.784805,0.183686,0.676982,184.591995,0.203267,0.704646
COLORWHEEL_4000_IMG_0555_0004,COLORWHEEL_4000,train,4000,pH:7.0,pH:7.0,,,pH,7.0,COLORWHEEL_4000_SEMIQUANT.zip,1,1,0,,177.197601,0.203529,0.779578,176.379196,0.203652,0.780739,177.679993,0.203879,0.791879,177.750397,0.203928,0.797722,175.972794,0.203854,0.796369,190.4664,0.189315,0.663719,177.923996,0.204246,0.810529,177.820007,0.204157,0.81368,187.784805,0.183686,0.676982,184.591995,0.203267,0.704646
COLORWHEEL_4000_IMG_0555_0004,COLORWHEEL_4000,train,4000,Blood:Small 25,Blood:Small 25,,,Blood,Small 25,COLORWHEEL_4000_SEMIQUANT.zip,1,1,0,,177.197601,0.203529,0.779578,176.379196,0.203652,0.780739,177.679993,0.203879,0.791879,177.750397,0.203928,0.797722,175.972794,0.203854,0.796369,190.4664,0.189315,0.663719,177.923996,0.204246,0.810529,177.820007,0.204157,0.81368,187.784805,0.183686,0.676982,184.591995,0.203267,0.704646
COLORWHEEL_4000_IMG_0555_0004,COLORWHEEL_4000,train,4000,Specific Gravity:1.015,Specific Gravity:1.015,,,Specific Gravity,1.015,COLORWHEEL_4000_SEMIQUANT.zip,1,1,0,,177.197601,0.203529,0.779578,176.379196,0.203652,0.780739,177.679993,0.203879,0.791879,177.750397,0.203928,0.797722,175.972794,0.203854,0.796369,190.4664,0.189315,0.663719,177.923996,0.204246,0.810529,177.820007,0.204157,0.81368,187.784805,0.183686,0.676982,184.591995,0.203267,0.704646
COLORWHEEL_4000_IMG_0555_0004,COLORWHEEL_4000,train,4000,Ketone:Moderate 4.0,Ketone:Moderate 4.0,,,Ketone,Moderate 4.0,COLORWHEEL_4000_SEMIQUANT.zip,1,1,0,,177.197601,0.203529,0.779578,176.379196,0.203652,0.780739,177.679993,0.203879,0.791879,177.750397,0.203928,0.797722,175.972794,0.203854,0.796369,190.4664,0.189315,0.663719,177.923996,0.204246,0.810529,177.820007,0.204157,0.81368,187.784805,0.183686,0.676982,184.591995,0.203267,0.704646
COLORWHEEL_4000_IMG_0555_0004,COLORWHEEL_4000,train,4000,Bilirubin:Large 100,Bilirubin:Large 100,,,Bilirubin,Large 100,COLORWHEEL_4000_SEMIQUANT.zip,1,1,0,,177.197601,0.203529,0.779578,176.379196,0.203652,0.780739,177.679993,0.203879,0.791879,177.750397,0.203928,0.797722,175.972794,0.203854,0.796369,190.4664,0.189315,0.663719,177.923996,0.204246,0.810529,177.820007,0.204157,0.81368,187.784805,0.183686,0.676982,184.591995,0.203267,0.704646
COLORWHEEL_4000_IMG_0555_0004,COLORWHEEL_4000,train,4000,Glucose:30 ++,Glucose:30 ++,,,Glucose,30 ++,COLORWHEEL_4000_SEMIQUANT.zip,1,1,0,,177.197601,0.203529,0.779578,176.379196,0.203652,0.780739,177.679993,0.203879,0.791879,177.750397,0.203928,0.797722,175.972794,0.203854,0.796369,190.4664,0.189315,0.663719,177.923996,0.204246,0.810529,177.820007,0.204157,0.81368,187.784805,0.183686,0.676982,184.591995,0.203267,0.704646
COLORWHEEL_4000_IMG_0558_0005,COLORWHEEL_4000,train,4000,Leukocytes:Large 500,Leukocytes:Large 500,,,Leukocytes,Large 500,COLORWHEEL_4000_SEMIQUANT.zip,1,1,0,,119.647202,0.055835,0.706824,119.586403,0.056505,0.714206,122.754402,0.055023,0.718569,117.406403,0.052866,0.723978,119.6408,0.056844,0.726835,146.045593,0.076099,0.576122,126.115997,0.058635,0.740249,125.967201,0.058513,0.735186,124.5056,0.056973,0.730645,123.188797,0.055674,0.729961
COLORWHEEL_4000_IMG_0558_0005,COLORWHEEL_4000,train,4000,Nitrite:Neg,Nitrite:Neg,,,Nitrite,Neg,COLORWHEEL_4000_SEMIQUANT.zip,1,1,0,,119.647202,0.055835,0.706824,119.586403,0.056505,0.714206,122.754402,0.055023,0.718569,117.406403,0.052866,0.723978,119.6408,0.056844,0.726835,146.045593,0.076099,0.576122,126.115997,0.058635,0.740249,125.967201,0.058513,0.735186,124.5056,0.056973,0.730645,123.188797,0.055674,0.729961
COLORWHEEL_4000_IMG_0558_0005,COLORWHEEL_4000,train,4000,Urobilinogen:128,Urobilinogen:128,,,Urobilinogen,128,COLORWHEEL_4000_SEMIQUANT.zip,1,1,0,,119.647202,0.055835,0.706824,119.586403,0.056505,0.714206,122.754402,0.055023,0.718569,117.406403,0.052866,0.723978,119.6408,0.056844,0.726835,146.045593,0.076099,0.576122,126.115997,0.058635,0.740249,125.967201,0.058513,0.735186,124.5056,0.056973,0.730645,123.188797,0.055674,0.729961
COLORWHEEL_4000_IMG_0558_0005,COLORWHEEL_4000,train,4000,Protein:3.0,Protein:3.0,,,Protein,3.0,COLORWHEEL_4000_SEMIQUANT.zip,1,1,0,,119.647202,0.055835,0.706824,119.586403,0.056505,0.714206,122.754402,0.055023,0.718569,117.406403,0.052866,0.723978,119.6408,0.056844,0.726835,146.045593,0.076099,0.576122,126.115997,0.058635,0.740249,125.967201,0.058513,0.735186,124.5056,0.056973,0.730645,123.188797,0.055674,0.729961
COLORWHEEL_4000_IMG_0558_0005,COLORWHEEL_4000,train,4000,pH:7.5,pH:7.5,,,pH,7.5,COLORWHEEL_4000_SEMIQUANT.zip,1,1,0,,119.647202,0.055835,0.706824,119.586403,0.056505,0.714206,122.754402,0.055023,0.718569,117.406403,0.052866,0.723978,119.6408,0.056844,0.726835,146.045593,0.076099,0.576122,126.115997,0.058635,0.740249,125.967201,0.058513,0.735186,124.5056,0.056973,0.730645,123.188797,0.055674,0.729961
COLORWHEEL_4000_IMG_0558_0005,COLORWHEEL_4000,train,4000,Blood:Moderate 80,Blood:Moderate 80,,,Blood,Moderate 80,COLORWHEEL_4000_SEMIQUANT.zip,1,1,0,,119.647202,0.055835,0.706824,119.586403,0.056505,0.714206,122.754402,0.055023,0.718569,117.406403,0.052866,0.723978,119.6408,0.056844,0.726835,146.045593,0.076099,0.576122,126.115997,0.058635,0.740249,125.967201,0.058513,0.735186,124.5056,0.056973,0.730645,123.188797,0.055674,0.729961
COLORWHEEL_4000_IMG_0558_0005,COLORWHEEL_4000,train,4000,Specific Gravity:1.020,Specific Gravity:1.020,,,Specific Gravity,1.020,COLORWHEEL_4000_SEMIQUANT.zip,1,1,0,,119.647202,0.055835,0.706824,119.586403,0.056505,0.714206,122.754402,0.055023,0.718569,117.406403,0.052866,0.723978,119.6408,0.056844,0.726835,146.045593,0.076099,0.576122,126.115997,0.058635,0.740249,125.967201,0.058513,0.735186,124.5056,0.056973,0.730645,123.188797,0.055674,0.729961
COLORWHEEL_4000_IMG_0558_0005,COLORWHEEL_4000,train,4000,Ketone:8.0,Ketone:8.0,,,Ketone,8.0,COLORWHEEL_4000_SEMIQUANT.zip,1,1,0,,119.647202,0.055835,0.706824,119.586403,0.056505,0.714206,122.754402,0.055023,0.718569,117.406403,0.052866,0.723978,119.6408,0.056844,0.726835,146.045593,0.076099,0.576122,126.115997,0.058635,0.740249,125.967201,0.058513,0.735186,124.5056,0.056973,0.730645,123.188797,0.055674,0.729961
COLORWHEEL_4000_IMG_0558_0005,COLORWHEEL_4000,train,4000,Bilirubin:Neg,Bilirubin:Neg,,,Bilirubin,Neg,COLORWHEEL_4000_SEMIQUANT.zip,1,1,0,,119.647202,0.055835,0.706824,119.586403,0.056505,0.714206,122.754402,0.055023,0.718569,117.406403,0.052866,0.723978,119.6408,0.056844,0.726835,146.045593,0.076099,0.576122,126.115997,0.058635,0.740249,125.967201,0.058513,0.735186,124.5056,0.056973,0.730645,123.188797,0.055674,0.729961
COLORWHEEL_4000_IMG_0558_0005,COLORWHEEL_4000,train,4000,Glucose:60 +++,Glucose:60 +++,,,Glucose,60 +++,COLORWHEEL_4000_SEMIQUANT.zip,1,1,0,,119.647202,0.055835,0.706824,119.586403,0.056505,0.714206,122.754402,0.055023,0.718569,117.406403,0.052866,0.723978,119.6408,0.056844,0.726835,146.045593,0.076099,0.576122,126.115997,0.058635,0.740249,125.967201,0.058513,0.735186,124.5056,0.056973,0.730645,123.188797,0.055674,0.729961
COLORWHEEL_4000_IMG_0561_0006,COLORWHEEL_4000,train,4000,Leukocytes:Neg,Leukocytes:Neg,,,Leukocytes,Neg,COLORWHEEL_4000_SEMIQUANT.zip,1,1,0,,182.311203,0.164111,0.765702,182.276001,0.16395,0.763798,182.4272,0.164413,0.769162,182.639999,0.165581,0.779592,182.740799,0.165445,0.779031,191.687195,0.168232,0.62574,182.9888,0.167161,0.796157,182.911194,0.167476,0.79632,191.388,0.166916,0.68291,189.496796,0.16614,0.693575
COLORWHEEL_4000_IMG_0561_0006,COLORWHEEL_4000,train,4000,Nitrite:Positive,Nitrite:Positive,,,Nitrite,Positive,COLORWHEEL_4000_SEMIQUANT.zip,1,1,0,,182.311203,0.164111,0.765702,182.276001,0.16395,0.763798,182.4272,0.164413,0.769162,182.639999,0.165581,0.779592,182.740799,0.165445,0.779031,191.687195,0.168232,0.62574,182.9888,0.167161,0.796157,182.911194,0.167476,0.79632,191.388,0.166916,0.68291,189.496796,0.16614,0.693575
COLORWHEEL_4000_IMG_0561_0006,COLORWHEEL_4000,train,4000,Urobilinogen:3.2,Urobilinogen:3.2,,,Urobilinogen,3.2,COLORWHEEL_4000_SEMIQUANT.zip,1,1,0,,182.311203,0.164111,0.765702,182.276001,0.16395,0.763798,182.4272,0.164413,0.769162,182.639999,0.165581,0.779592,182.740799,0.165445,0.779031,191.687195,0.168232,0.62574,182.9888,0.167161,0.796157,182.911194,0.167476,0.79632,191.388,0.166916,0.68291,189.496796,0.16614,0.693575
COLORWHEEL_4000_IMG_0561_0006,COLORWHEEL_4000,train,4000,Protein:>=20.0,Protein:>=20.0,,,Protein,>=20.0,COLORWHEEL_4000_SEMIQUANT.zip,1,1,0,,182.311203,0.164111,0.765702,182.276001,0.16395,0.763798,182.4272,0.164413,0.769162,182.639999,0.165581,0.779592,182.740799,0.165445,0.779031,191.687195,0.168232,0.62574,182.9888,0.167161,0.796157,182.911194,0.167476,0.79632,191.388,0.166916,0.68291,189.496796,0.16614,0.693575
COLORWHEEL_4000_IMG_0561_0006,COLORWHEEL_4000,train,4000,pH:8.0,pH:8.0,,,pH,8.0,COLORWHEEL_4000_SEMIQUANT.zip,1,1,0,,182.311203,0.164111,0.765702,182.276001,0.16395,0.763798,182.4272,0.164413,0.769162,182.639999,0.165581,0.779592,182.740799,0.165445,0.779031,191.687195,0.168232,0.62574,182.9888,0.167161,0.796157,182.911194,0.167476,0.79632,191.388,0.166916,0.68291,189.496796,0.16614,0.693575
COLORWHEEL_4000_IMG_0561_0006,COLORWHEEL_4000,train,4000,Blood:Large 200,Blood:Large 200,,,Blood,Large 200,COLORWHEEL_4000_SEMIQUANT.zip,1,1,0,,182.311203,0.164111,0.765702,182.276001,0.16395,0.763798,182.4272,0.164413,0.769162,182.639999,0.165581,0.779592,182.740799,0.165445,0.779031,191.687195,0.168232,0.62574,182.9888,0.167161,0.796157,182.911194,0.167476,0.79632,191.388,0.166916,0.68291,189.496796,0.16614,0.693575
COLORWHEEL_4000_IMG_0561_0006,COLORWHEEL_4000,train,4000,Specific Gravity:1.025,Specific Gravity:1.025,,,Specific Gravity,1.025,COLORWHEEL_4000_SEMIQUANT.zip,1,1,0,,182.311203,0.164111,0.765702,182.276001,0.16395,0.763798,182.4272,0.164413,0.769162,182.639999,0.165581,0.779592,182.740799,0.165445,0.779031,191.687195,0.168232,0.62574,182.9888,0.167161,0.796157,182.911194,0.167476,0.79632,191.388,0.166916,0.68291,189.496796,0.16614,0.693575
COLORWHEEL_4000_IMG_0561_0006,COLORWHEEL_4000,train,4000,Ketone:Large 16,Ketone:Large 16,,,Ketone,Large 16,COLORWHEEL_4000_SEMIQUANT.zip,1,1,0,,182.311203,0.164111,0.765702,182.276001,0.16395,0.763798,182.4272,0.164413,0.769162,182.639999,0.165581,0.779592,182.740799,0.165445,0.779031,191.687195,0.168232,0.62574,182.9888,0.167161,0.796157,182.911194,0.167476,0.79632,191.388,0.166916,0.68291,189.496796,0.16614,0.693575
COLORWHEEL_4000_IMG_0561_0006,COLORWHEEL_4000,train,4000,Bilirubin:Small 17,Bilirubin:Small 17,,,Bilirubin,Small 17,COLORWHEEL_4000_SEMIQUANT.zip,1,1,0,,182.311203,0.164111,0.765702,182.276001,0.16395,0.763798,182.4272,0.164413,0.769162,182.639999,0.165581,0.779592,182.740799,0.165445,0.779031,191.687195,0.168232,0.62574,182.9888,0.167161,0.796157,182.911194,0.167476,0.79632,191.388,0.166916,0.68291,189.496796,0.16614,0.693575
COLORWHEEL_4000_IMG_0561_0006,COLORWHEEL_4000,train,4000,Glucose:110 ++++,Glucose:110 ++++,,,Glucose,110 ++++,COLORWHEEL_4000_SEMIQUANT.zip,1,1,0,,182.311203,0.164111,0.765702,182.276001,0.16395,0.763798,182.4272,0.164413,0.769162,182.639999,0.165581,0.779592,182.740799,0.165445,0.779031,191.687195,0.168232,0.62574,182.9888,0.167161,0.796157,182.911194,0.167476,0.79632,191.388,0.166916,0.68291,189.496796,0.16614,0.693575
COLORWHEEL_4000_IMG_0567_0007,COLORWHEEL_4000,train,4000,Leukocytes:Trace 15,Leukocytes:Trace 15,,,Leukocytes,Trace 15,COLORWHEEL_4000_SEMIQUANT.zip,1,1,0,,150.0504,0.251464,0.849404,150.204803,0.253195,0.852546,150.240005,0.254119,0.858896,150.457596,0.254442,0.866682,150.537598,0.256212,0.8719,154.356003,0.251749,0.82218,154.008804,0.25834,0.874922,151.772003,0.252301,0.876483,154.180801,0.2547,0.856731,153.115204,0.240681,0.768193
COLORWHEEL_4000_IMG_0567_0007,COLORWHEEL_4000,train,4000,Nitrite:Neg,Nitrite:Neg,,,Nitrite,Neg,COLORWHEEL_4000_SEMIQUANT.zip,1,1,0,,150.0504,0.251464,0.849404,150.204803,0.253195,0.852546,150.240005,0.254119,0.858896,150.457596,0.254442,0.866682,150.537598,0.256212,0.8719,154.356003,0.251749,0.82218,154.008804,0.25834,0.874922,151.772003,0.252301,0.876483,154.180801,0.2547,0.856731,153.115204,0.240681,0.768193
COLORWHEEL_4000_IMG_0567_0007,COLORWHEEL_4000,train,4000,Urobilinogen:16,Urobilinogen:16,,,Urobilinogen,16,COLORWHEEL_4000_SEMIQUANT.zip,1,1,0,,150.0504,0.251464,0.849404,150.204803,0.253195,0.852546,150.240005,0.254119,0.858896,150.457596,0.254442,0.866682,150.537598,0.256212,0.8719,154.356003,0.251749,0.82218,154.008804,0.25834,0.874922,151.772003,0.252301,0.876483,154.180801,0.2547,0.856731,153.115204,0.240681,0.768193
COLORWHEEL_4000_IMG_0567_0007,COLORWHEEL_4000,train,4000,Protein:Neg,Protein:Neg,,,Protein,Neg,COLORWHEEL_4000_SEMIQUANT.zip,1,1,0,,150.0504,0.251464,0.849404,150.204803,0.253195,0.852546,150.240005,0.254119,0.858896,150.457596,0.254442,0.866682,150.537598,0.256212,0.8719,154.356003,0.251749,0.82218,154.008804,0.25834,0.874922,151.772003,0.252301,0.876483,154.180801,0.2547,0.856731,153.115204,0.240681,0.768193
COLORWHEEL_4000_IMG_0567_0007,COLORWHEEL_4000,train,4000,pH:8.5,pH:8.5,,,pH,8.5,COLORWHEEL_4000_SEMIQUANT.zip,1,1,0,,150.0504,0.251464,0.849404,150.204803,0.253195,0.852546,150.240005,0.254119,0.858896,150.457596,0.254442,0.866682,150.537598,0.256212,0.8719,154.356003,0.251749,0.82218,154.008804,0.25834,0.874922,151.772003,0.252301,0.876483,154.180801,0.2547,0.856731,153.115204,0.240681,0.768193
COLORWHEEL_4000_IMG_0567_0007,COLORWHEEL_4000,train,4000,Blood:Neg,Blood:Neg,,,Blood,Neg,COLORWHEEL_4000_SEMIQUANT.zip,1,1,0,,150.0504,0.251464,0.849404,150.204803,0.253195,0.852546,150.240005,0.254119,0.858896,150.457596,0.254442,0.866682,150.537598,0.256212,0.8719,154.356003,0.251749,0.82218,154.008804,0.25834,0.874922,151.772003,0.252301,0.876483,154.180801,0.2547,0.856731,153.115204,0.240681,0.768193
COLORWHEEL_4000_IMG_0567_0007,COLORWHEEL_4000,train,4000,Specific Gravity:1.030,Specific Gravity:1.030,,,Specific Gravity,1.030,COLORWHEEL_4000_SEMIQUANT.zip,1,1,0,,150.0504,0.251464,0.849404,150.204803,0.253195,0.852546,150.240005,0.254119,0.858896,150.457596,0.254442,0.866682,150.537598,0.256212,0.8719,154.356003,0.251749,0.82218,154.008804,0.25834,0.874922,151.772003,0.252301,0.876483,154.180801,0.2547,0.856731,153.115204,0.240681,0.768193
COLORWHEEL_4000_IMG_0567_0007,COLORWHEEL_4000,train,4000,Ketone:Neg,Ketone:Neg,,,Ketone,Neg,COLORWHEEL_4000_SEMIQUANT.zip,1,1,0,,150.0504,0.251464,0.849404,150.204803,0.253195,0.852546,150.240005,0.254119,0.858896,150.457596,0.254442,0.866682,150.537598,0.256212,0.8719,154.356003,0.251749,0.82218,154.008804,0.25834,0.874922,151.772003,0.252301,0.876483,154.180801,0.2547,0.856731,153.115204,0.240681,0.768193
COLORWHEEL_4000_IMG_0567_0007,COLORWHEEL_4000,train,4000,Bilirubin:Moderate 50,Bilirubin:Moderate 50,,,Bilirubin,Moderate 50,COLORWHEEL_4000_SEMIQUANT.zip,1,1,0,,150.0504,0.251464,0.849404,150.204803,0.253195,0.852546,150.240005,0.254119,0.858896,150.457596,0.254442,0.866682,150.537598,0.256212,0.8719,154.356003,0.251749,0.82218,154.008804,0.25834,0.874922,151.772003,0.252301,0.876483,154.180801,0.2547,0.856731,153.115204,0.240681,0.768193
COLORWHEEL_4000_IMG_0567_0007,COLORWHEEL_4000,train,4000,Glucose:Neg,Glucose:Neg,,,Glucose,Neg,COLORWHEEL_4000_SEMIQUANT.zip,1,1,0,,150.0504,0.251464,0.849404,150.204803,0.253195,0.852546,150.240005,0.254119,0.858896,150.457596,0.254442,0.866682,150.537598,0.256212,0.8719,154.356003,0.251749,0.82218,154.008804,0.25834,0.874922,151.772003,0.252301,0.876483,154.180801,0.2547,0.856731,153.115204,0.240681,0.768193
COLORWHEEL_4000_IMG_0570_0008,COLORWHEEL_4000,train,4000,Leukocytes:Small 70,Leukocytes:Small 70,,,Leukocytes,Small 70,COLORWHEEL_4000_SEMIQUANT.zip,1,1,0,,157.594406,0.115796,0.719598,157.690399,0.116627,0.716315,157.664001,0.116591,0.724066,157.762405,0.117421,0.733467,157.665604,0.117253,0.732483,165.199997,0.105561,0.657291,157.872803,0.117876,0.739492,157.752808,0.116361,0.745515,167.911194,0.112207,0.634075,165.720001,0.110563,0.641642
COLORWHEEL_4000_IMG_0570_0008,COLORWHEEL_4000,train,4000,Nitrite:Positive,Nitrite:Positive,,,Nitrite,Positive,COLORWHEEL_4000_SEMIQUANT.zip,1,1,0,,157.594406,0.115796,0.719598,157.690399,0.116627,0.716315,157.664001,0.116591,0.724066,157.762405,0.117421,0.733467,157.665604,0.117253,0.732483,165.199997,0.105561,0.657291,157.872803,0.117876,0.739492,157.752808,0.116361,0.745515,167.911194,0.112207,0.634075,165.720001,0.110563,0.641642
COLORWHEEL_4000_IMG_0570_0008,COLORWHEEL_4000,train,4000,Urobilinogen:32,Urobilinogen:32,,,Urobilinogen,32,COLORWHEEL_4000_SEMIQUANT.zip,1,1,0,,157.594406,0.115796,0.719598,157.690399,0.116627,0.716315,157.664001,0.116591,0.724066,157.762405,0.117421,0.733467,157.665604,0.117253,0.732483,165.199997,0.105561,0.657291,157.872803,0.117876,0.739492,157.752808,0.116361,0.745515,167.911194,0.112207,0.634075,165.720001,0.110563,0.641642
COLORWHEEL_4000_IMG_0570_0008,COLORWHEEL_4000,train,4000,Protein:Trace,Protein:Trace,,,Protein,Trace,COLORWHEEL_4000_SEMIQUANT.zip,1,1,0,,157.594406,0.115796,0.719598,157.690399,0.116627,0.716315,157.664001,0.116591,0.724066,157.762405,0.117421,0.733467,157.665604,0.117253,0.732483,165.199997,0.105561,0.657291,157.872803,0.117876,0.739492,157.752808,0.116361,0.745515,167.911194,0.112207,0.634075,165.720001,0.110563,0.641642
COLORWHEEL_4000_IMG_0570_0008,COLORWHEEL_4000,train,4000,pH:5.0,pH:5.0,,,pH,5.0,COLORWHEEL_4000_SEMIQUANT.zip,1,1,0,,157.594406,0.115796,0.719598,157.690399,0.116627,0.716315,157.664001,0.116591,0.724066,157.762405,0.117421,0.733467,157.665604,0.117253,0.732483,165.199997,0.105561,0.657291,157.872803,0.117876,0.739492,157.752808,0.116361,0.745515,167.911194,0.112207,0.634075,165.720001,0.110563,0.641642
COLORWHEEL_4000_IMG_0570_0008,COLORWHEEL_4000,train,4000,Blood:Non-hemolyzed 10,Blood:Non-hemolyzed 10,,,Blood,Non-hemolyzed 10,COLORWHEEL_4000_SEMIQUANT.zip,1,1,0,,157.594406,0.115796,0.719598,157.690399,0.116627,0.716315,157.664001,0.116591,0.724066,157.762405,0.117421,0.733467,157.665604,0.117253,0.732483,165.199997,0.105561,0.657291,157.872803,0.117876,0.739492,157.752808,0.116361,0.745515,167.911194,0.112207,0.634075,165.720001,0.110563,0.641642
COLORWHEEL_4000_IMG_0570_0008,COLORWHEEL_4000,train,4000,Specific Gravity:1.000,Specific Gravity:1.000,,,Specific Gravity,1.000,COLORWHEEL_4000_SEMIQUANT.zip,1,1,0,,157.594406,0.115796,0.719598,157.690399,0.116627,0.716315,157.664001,0.116591,0.724066,157.762405,0.117421,0.733467,157.665604,0.117253,0.732483,165.199997,0.105561,0.657291,157.872803,0.117876,0.739492,157.752808,0.116361,0.745515,167.911194,0.112207,0.634075,165.720001,0.110563,0.641642
COLORWHEEL_4000_IMG_0570_0008,COLORWHEEL_4000,train,4000,Ketone:Trace 0.5,Ketone:Trace 0.5,,,Ketone,Trace 0.5,COLORWHEEL_4000_SEMIQUANT.zip,1,1,0,,157.594406,0.115796,0.719598,157.690399,0.116627,0.716315,157.664001,0.116591,0.724066,157.762405,0.117421,0.733467,157.665604,0.117253,0.732483,165.199997,0.105561,0.657291,157.872803,0.117876,0.739492,157.752808,0.116361,0.745515,167.911194,0.112207,0.634075,165.720001,0.110563,0.641642
COLORWHEEL_4000_IMG_0570_0008,COLORWHEEL_4000,train,4000,Bilirubin:Large 100,Bilirubin:Large 100,,,Bilirubin,Large 100,COLORWHEEL_4000_SEMIQUANT.zip,1,1,0,,157.594406,0.115796,0.719598,157.690399,0.116627,0.716315,157.664001,0.116591,0.724066,157.762405,0.117421,0.733467,157.665604,0.117253,0.732483,165.199997,0.105561,0.657291,157.872803,0.117876,0.739492,157.752808,0.116361,0.745515,167.911194,0.112207,0.634075,165.720001,0.110563,0.641642
COLORWHEEL_4000_IMG_0570_0008,COLORWHEEL_4000,train,4000,Glucose:Trace 5,Glucose:Trace 5,,,Glucose,Trace 5,COLORWHEEL_4000_SEMIQUANT.zip,1,1,0,,157.594406,0.115796,0.719598,157.690399,0.116627,0.716315,157.664001,0.116591,0.724066,157.762405,0.117421,0.733467,157.665604,0.117253,0.732483,165.199997,0.105561,0.657291,157.872803,0.117876,0.739492,157.752808,0.116361,0.745515,167.911194,0.112207,0.634075,165.720001,0.110563,0.641642
COLORWHEEL_4000_IMG_0572_0009,COLORWHEEL_4000,train,4000,Leukocytes:Moderate 125,Leukocytes:Moderate 125,,,Leukocytes,Moderate 125,COLORWHEEL_4000_SEMIQUANT.zip,1,1,0,,89.989601,0.109164,0.448563,85.653603,0.118047,0.432387,95.384003,0.099332,0.475694,94.737602,0.098039,0.500828,97.574402,0.086596,0.513261,90.742401,0.085004,0.438576,97.431198,0.081842,0.464262,100.180801,0.077158,0.477155,105.257599,0.081802,0.476518,100.0616,0.089522,0.458979
COLORWHEEL_4000_IMG_0572_0009,COLORWHEEL_4000,train,4000,Nitrite:Neg,Nitrite:Neg,,,Nitrite,Neg,COLORWHEEL_4000_SEMIQUANT.zip,1,1,0,,89.989601,0.109164,0.448563,85.653603,0.118047,0.432387,95.384003,0.099332,0.475694,94.737602,0.098039,0.500828,97.574402,0.086596,0.513261,90.742401,0.085004,0.438576,97.431198,0.081842,0.464262,100.180801,0.077158,0.477155,105.257599,0.081802,0.476518,100.0616,0.089522,0.458979
COLORWHEEL_4000_IMG_0572_0009,COLORWHEEL_4000,train,4000,Urobilinogen:64,Urobilinogen:64,,,Urobilinogen,64,COLORWHEEL_4000_SEMIQUANT.zip,1,1,0,,89.989601,0.109164,0.448563,85.653603,0.118047,0.432387,95.384003,0.099332,0.475694,94.737602,0.098039,0.500828,97.574402,0.086596,0.513261,90.742401,0.085004,0.438576,97.431198,0.081842,0.464262,100.180801,0.077158,0.477155,105.257599,0.081802,0.476518,100.0616,0.089522,0.458979
COLORWHEEL_4000_IMG_0572_0009,COLORWHEEL_4000,train,4000,Protein:0.3,Protein:0.3,,,Protein,0.3,COLORWHEEL_4000_SEMIQUANT.zip,1,1,0,,89.989601,0.109164,0.448563,85.653603,0.118047,0.432387,95.384003,0.099332,0.475694,94.737602,0.098039,0.500828,97.574402,0.086596,0.513261,90.742401,0.085004,0.438576,97.431198,0.081842,0.464262,100.180801,0.077158,0.477155,105.257599,0.081802,0.476518,100.0616,0.089522,0.458979
COLORWHEEL_4000_IMG_0572_0009,COLORWHEEL_4000,train,4000,pH:6.0,pH:6.0,,,pH,6.0,COLORWHEEL_4000_SEMIQUANT.zip,1,1,0,,89.989601,0.109164,0.448563,85.653603,0.118047,0.432387,95.384003,0.099332,0.475694,94.737602,0.098039,0.500828,97.574402,0.086596,0.513261,90.742401,0.085004,0.438576,97.431198,0.081842,0.464262,100.180801,0.077158,0.477155,105.257599,0.081802,0.476518,100.0616,0.089522,0.458979
COLORWHEEL_4000_IMG_0572_0009,COLORWHEEL_4000,train,4000,Blood:Hemolyzed 10,Blood:Hemolyzed 10,,,Blood,Hemolyzed 10,COLORWHEEL_4000_SEMIQUANT.zip,1,1,0,,89.989601,0.109164,0.448563,85.653603,0.118047,0.432387,95.384003,0.099332,0.475694,94.737602,0.098039,0.500828,97.574402,0.086596,0.513261,90.742401,0.085004,0.438576,97.431198,0.081842,0.464262,100.180801,0.077158,0.477155,105.257599,0.081802,0.476518,100.0616,0.089522,0.458979
COLORWHEEL_4000_IMG_0572_0009,COLORWHEEL_4000,train,4000,Specific Gravity:1.005,Specific Gravity:1.005,,,Specific Gravity,1.005,COLORWHEEL_4000_SEMIQUANT.zip,1,1,0,,89.989601,0.109164,0.448563,85.653603,0.118047,0.432387,95.384003,0.099332,0.475694,94.737602,0.098039,0.500828,97.574402,0.086596,0.513261,90.742401,0.085004,0.438576,97.431198,0.081842,0.464262,100.180801,0.077158,0.477155,105.257599,0.081802,0.476518,100.0616,0.089522,0.458979
COLORWHEEL_4000_IMG_0572_0009,COLORWHEEL_4000,train,4000,Ketone:Small 1.5,Ketone:Small 1.5,,,Ketone,Small 1.5,COLORWHEEL_4000_SEMIQUANT.zip,1,1,0,,89.989601,0.109164,0.448563,85.653603,0.118047,0.432387,95.384003,0.099332,0.475694,94.737602,0.098039,0.500828,97.574402,0.086596,0.513261,90.742401,0.085004,0.438576,97.431198,0.081842,0.464262,100.180801,0.077158,0.477155,105.257599,0.081802,0.476518,100.0616,0.089522,0.458979
COLORWHEEL_4000_IMG_0572_0009,COLORWHEEL_4000,train,4000,Bilirubin:Neg,Bilirubin:Neg,,,Bilirubin,Neg,COLORWHEEL_4000_SEMIQUANT.zip,1,1,0,,89.989601,0.109164,0.448563,85.653603,0.118047,0.432387,95.384003,0.099332,0.475694,94.737602,0.098039,0.500828,97.574402,0.086596,0.513261,90.742401,0.085004,0.438576,97.431198,0.081842,0.464262,100.180801,0.077158,0.477155,105.257599,0.081802,0.476518,100.0616,0.089522,0.458979
COLORWHEEL_4000_IMG_0572_0009,COLORWHEEL_4000,train,4000,Glucose:15 +,Glucose:15 +,,,Glucose,15 +,COLORWHEEL_4000_SEMIQUANT.zip,1,1,0,,89.989601,0.109164,0.448563,85.653603,0.118047,0.432387,95.384003,0.099332,0.475694,94.737602,0.098039,0.500828,97.574402,0.086596,0.513261,90.742401,0.085004,0.438576,97.431198,0.081842,0.464262,100.180801,0.077158,0.477155,105.257599,0.081802,0.476518,100.0616,0.089522,0.458979
COLORWHEEL_4000_IMG_0575_0010,COLORWHEEL_4000,train,4000,Leukocytes:Large 500,Leukocytes:Large 500,,,Leukocytes,Large 500,COLORWHEEL_4000_SEMIQUANT.zip,1,1,0,,145.796799,0.208147,0.889385,145.846405,0.204952,0.890499,145.707993,0.20422,0.875743,145.885605,0.204855,0.889164,145.888794,0.203865,0.860663,145.796005,0.203302,0.837379,145.0392,0.202428,0.842237,145.865601,0.203144,0.836616,145.882401,0.20378,0.856089,145.871201,0.203435,0.84331
COLORWHEEL_4000_IMG_0575_0010,COLORWHEEL_4000,train,4000,Nitrite:Positive,Nitrite:Positive,,,Nitrite,Positive,COLORWHEEL_4000_SEMIQUANT.zip,1,1,0,,145.796799,0.208147,0.889385,145.846405,0.204952,0.890499,145.707993,0.20422,0.875743,145.885605,0.204855,0.889164,145.888794,0.203865,0.860663,145.796005,0.203302,0.837379,145.0392,0.202428,0.842237,145.865601,0.203144,0.836616,145.882401,0.20378,0.856089,145.871201,0.203435,0.84331
COLORWHEEL_4000_IMG_0575_0010,COLORWHEEL_4000,train,4000,Urobilinogen:128,Urobilinogen:128,,,Urobilinogen,128,COLORWHEEL_4000_SEMIQUANT.zip,1,1,0,,145.796799,0.208147,0.889385,145.846405,0.204952,0.890499,145.707993,0.20422,0.875743,145.885605,0.204855,0.889164,145.888794,0.203865,0.860663,145.796005,0.203302,0.837379,145.0392,0.202428,0.842237,145.865601,0.203144,0.836616,145.882401,0.20378,0.856089,145.871201,0.203435,0.84331
COLORWHEEL_4000_IMG_0575_0010,COLORWHEEL_4000,train,4000,Protein:1.0,Protein:1.0,,,Protein,1.0,COLORWHEEL_4000_SEMIQUANT.zip,1,1,0,,145.796799,0.208147,0.889385,145.846405,0.204952,0.890499,145.707993,0.20422,0.875743,145.885605,0.204855,0.889164,145.888794,0.203865,0.860663,145.796005,0.203302,0.837379,145.0392,0.202428,0.842237,145.865601,0.203144,0.836616,145.882401,0.20378,0.856089,145.871201,0.203435,0.84331
COLORWHEEL_4000_IMG_0575_0010,COLORWHEEL_4000,train,4000,pH:6.5,pH:6.5,,,pH,6.5,COLORWHEEL_4000_SEMIQUANT.zip,1,1,0,,145.796799,0.208147,0.889385,145.846405,0.204952,0.890499,145.707993,0.20422,0.875743,145.885605,0.204855,0.889164,145.888794,0.203865,0.860663,145.796005,0.203302,0.837379,145.0392,0.202428,0.842237,145.865601,0.203144,0.836616,145.882401,0.20378,0.856089,145.871201,0.203435,0.84331
COLORWHEEL_4000_IMG_0575_0010,COLORWHEEL_4000,train,4000,Blood:Small 25,Blood:Small 25,,,Blood,Small 25,COLORWHEEL_4000_SEMIQUANT.zip,1,1,0,,145.796799,0.208147,0.889385,145.846405,0.204952,0.890499,145.707993,0.20422,0.875743,145.885605,0.204855,0.889164,145.888794,0.203865,0.860663,145.796005,0.203302,0.837379,145.0392,0.202428,0.842237,145.865601,0.203144,0.836616,145.882401,0.20378,0.856089,145.871201,0.203435,0.84331
COLORWHEEL_4000_IMG_0575_0010,COLORWHEEL_4000,train,4000,Specific Gravity:1.010,Specific Gravity:1.010,,,Specific Gravity,1.010,COLORWHEEL_4000_SEMIQUANT.zip,1,1,0,,145.796799,0.208147,0.889385,145.846405,0.204952,0.890499,145.707993,0.20422,0.875743,145.885605,0.204855,0.889164,145.888794,0.203865,0.860663,145.796005,0.203302,0.837379,145.0392,0.202428,0.842237,145.865601,0.203144,0.836616,145.882401,0.20378,0.856089,145.871201,0.203435,0.84331
COLORWHEEL_4000_IMG_0575_0010,COLORWHEEL_4000,train,4000,Ketone:Moderate 4.0,Ketone:Moderate 4.0,,,Ketone,Moderate 4.0,COLORWHEEL_4000_SEMIQUANT.zip,1,1,0,,145.796799,0.208147,0.889385,145.846405,0.204952,0.890499,145.707993,0.20422,0.875743,145.885605,0.204855,0.889164,145.888794,0.203865,0.860663,145.796005,0.203302,0.837379,145.0392,0.202428,0.842237,145.865601,0.203144,0.836616,145.882401,0.20378,0.856089,145.871201,0.203435,0.84331
COLORWHEEL_4000_IMG_0575_0010,COLORWHEEL_4000,train,4000,Bilirubin:Small 17,Bilirubin:Small 17,,,Bilirubin,Small 17,COLORWHEEL_4000_SEMIQUANT.zip,1,1,0,,145.796799,0.208147,0.889385,145.846405,0.204952,0.890499,145.707993,0.20422,0.875743,145.885605,0.204855,0.889164,145.888794,0.203865,0.860663,145.796005,0.203302,0.837379,145.0392,0.202428,0.842237,145.865601,0.203144,0.836616,145.882401,0.20378,0.856089,145.871201,0.203435,0.84331
COLORWHEEL_4000_IMG_0575_0010,COLORWHEEL_4000,train,4000,Glucose:30 ++,Glucose:30 ++,,,Glucose,30 ++,COLORWHEEL_4000_SEMIQUANT.zip,1,1,0,,145.796799,0.208147,0.889385,145.846405,0.204952,0.890499,145.707993,0.20422,0.875743,145.885605,0.204855,0.889164,145.888794,0.203865,0.860663,145.796005,0.203302,0.837379,145.0392,0.202428,0.842237,145.865601,0.203144,0.836616,145.882401,0.20378,0.856089,145.871201,0.203435,0.84331
COLORWHEEL_4000_IMG_0576_0011,COLORWHEEL_4000,train,4000,Leukocytes:Neg,Leukocytes:Neg,,,Leukocytes,Neg,COLORWHEEL_4000_SEMIQUANT.zip,1,1,0,,192.048004,0.277459,1.0,191.298401,0.281355,1.0,194.822403,0.288028,1.0,193.983994,0.28669,0.999975,194.649597,0.290533,0.99992,199.173599,0.311815,0.999818,206.207199,0.34779,0.998284,199.601593,0.305089,0.999895,199.364807,0.306089,0.999762,196.599197,0.300351,0.999398
COLORWHEEL_4000_IMG_0576_0011,COLORWHEEL_4000,train,4000,Nitrite:Neg,Nitrite:Neg,,,Nitrite,Neg,COLORWHEEL_4000_SEMIQUANT.zip,1,1,0,,192.048004,0.277459,1.0,191.298401,0.281355,1.0,194.822403,0.288028,1.0,193.983994,0.28669,0.999975,194.649597,0.290533,0.99992,199.173599,0.311815,0.999818,206.207199,0.34779,0.998284,199.601593,0.305089,0.999895,199.364807,0.306089,0.999762,196.599197,0.300351,0.999398
COLORWHEEL_4000_IMG_0576_0011,COLORWHEEL_4000,train,4000,Urobilinogen:3.2,Urobilinogen:3.2,,,Urobilinogen,3.2,COLORWHEEL_4000_SEMIQUANT.zip,1,1,0,,192.048004,0.277459,1.0,191.298401,0.281355,1.0,194.822403,0.288028,1.0,193.983994,0.28669,0.999975,194.649597,0.290533,0.99992,199.173599,0.311815,0.999818,206.207199,0.34779,0.998284,199.601593,0.305089,0.999895,199.364807,0.306089,0.999762,196.599197,0.300351,0.999398
COLORWHEEL_4000_IMG_0576_0011,COLORWHEEL_4000,train,4000,Protein:3.0,Protein:3.0,,,Protein,3.0,COLORWHEEL_4000_SEMIQUANT.zip,1,1,0,,192.048004,0.277459,1.0,191.298401,0.281355,1.0,194.822403,0.288028,1.0,193.983994,0.28669,0.999975,194.649597,0.290533,0.99992,199.173599,0.311815,0.999818,206.207199,0.34779,0.998284,199.601593,0.305089,0.999895,199.364807,0.306089,0.999762,196.599197,0.300351,0.999398
COLORWHEEL_4000_IMG_0576_0011,COLORWHEEL_4000,train,4000,pH:7.0,pH:7.0,,,pH,7.0,COLORWHEEL_4000_SEMIQUANT.zip,1,1,0,,192.048004,0.277459,1.0,191.298401,0.281355,1.0,194.822403,0.288028,1.0,193.983994,0.28669,0.999975,194.649597,0.290533,0.99992,199.173599,0.311815,0.999818,206.207199,0.34779,0.998284,199.601593,0.305089,0.999895,199.364807,0.306089,0.999762,196.599197,0.300351,0.999398
COLORWHEEL_4000_IMG_0576_0011,COLORWHEEL_4000,train,4000,Blood:Moderate 80,Blood:Moderate 80,,,Blood,Moderate 80,COLORWHEEL_4000_SEMIQUANT.zip,1,1,0,,192.048004,0.277459,1.0,191.298401,0.281355,1.0,194.822403,0.288028,1.0,193.983994,0.28669,0.999975,194.649597,0.290533,0.99992,199.173599,0.311815,0.999818,206.207199,0.34779,0.998284,199.601593,0.305089,0.999895,199.364807,0.306089,0.999762,196.599197,0.300351,0.999398
COLORWHEEL_4000_IMG_0576_0011,COLORWHEEL_4000,train,4000,Specific Gravity:1.015,Specific Gravity:1.015,,,Specific Gravity,1.015,COLORWHEEL_4000_SEMIQUANT.zip,1,1,0,,192.048004,0.277459,1.0,191.298401,0.281355,1.0,194.822403,0.288028,1.0,193.983994,0.28669,0.999975,194.649597,0.290533,0.99992,199.173599,0.311815,0.999818,206.207199,0.34779,0.998284,199.601593,0.305089,0.999895,199.364807,0.306089,0.999762,196.599197,0.300351,0.999398
COLORWHEEL_4000_IMG_0576_0011,COLORWHEEL_4000,train,4000,Ketone:8.0,Ketone:8.0,,,Ketone,8.0,COLORWHEEL_4000_SEMIQUANT.zip,1,1,0,,192.048004,0.277459,1.0,191.298401,0.281355,1.0,194.822403,0.288028,1.0,193.983994,0.28669,0.999975,194.649597,0.290533,0.99992,199.173599,0.311815,0.999818,206.207199,0.34779,0.998284,199.601593,0.305089,0.999895,199.364807,0.306089,0.999762,196.599197,0.300351,0.999398
COLORWHEEL_4000_IMG_0576_0011,COLORWHEEL_4000,train,4000,Bilirubin:Moderate 50,Bilirubin:Moderate 50,,,Bilirubin,Moderate 50,COLORWHEEL_4000_SEMIQUANT.zip,1,1,0,,192.048004,0.277459,1.0,191.298401,0.281355,1.0,194.822403,0.288028,1.0,193.983994,0.28669,0.999975,194.649597,0.290533,0.99992,199.173599,0.311815,0.999818,206.207199,0.34779,0.998284,199.601593,0.305089,0.999895,199.364807,0.306089,0.999762,196.599197,0.300351,0.999398
COLORWHEEL_4000_IMG_0576_0011,COLORWHEEL_4000,train,4000,Glucose:60 +++,Glucose:60 +++,,,Glucose,60 +++,COLORWHEEL_4000_SEMIQUANT.zip,1,1,0,,192.048004,0.277459,1.0,191.298401,0.281355,1.0,194.822403,0.288028,1.0,193.983994,0.28669,0.999975,194.649597,0.290533,0.99992,199.173599,0.311815,0.999818,206.207199,0.34779,0.998284,199.601593,0.305089,0.999895,199.364807,0.306089,0.999762,196.599197,0.300351,0.999398
COLORWHEEL_4000_IMG_0578_0012,COLORWHEEL_4000,train,4000,Leukocytes:Trace 15,Leukocytes:Trace 15,,,Leukocytes,Trace 15,COLORWHEEL_4000_SEMIQUANT.zip,1,1,0,,205.777603,0.210555,0.918146,205.877594,0.210486,0.920209,206.0,0.208947,0.904974,205.728806,0.210849,0.919851,205.030396,0.209773,0.886598,205.265594,0.208489,0.859735,206.220795,0.20683,0.868243,207.358398,0.21242,0.873619,207.148804,0.218279,0.899994,207.639206,0.216541,0.886987
COLORWHEEL_4000_IMG_0578_0012,COLORWHEEL_4000,train,4000,Nitrite:Positive,Nitrite:Positive,,,Nitrite,Positive,COLORWHEEL_4000_SEMIQUANT.zip,1,1,0,,205.777603,0.210555,0.918146,205.877594,0.210486,0.920209,206.0,0.208947,0.904974,205.728806,0.210849,0.919851,205.030396,0.209773,0.886598,205.265594,0.208489,0.859735,206.220795,0.20683,0.868243,207.358398,0.21242,0.873619,207.148804,0.218279,0.899994,207.639206,0.216541,0.886987
COLORWHEEL_4000_IMG_0578_0012,COLORWHEEL_4000,train,4000,Urobilinogen:16,Urobilinogen:16,,,Urobilinogen,16,COLORWHEEL_4000_SEMIQUANT.zip,1,1,0,,205.777603,0.210555,0.918146,205.877594,0.210486,0.920209,206.0,0.208947,0.904974,205.728806,0.210849,0.919851,205.030396,0.209773,0.886598,205.265594,0.208489,0.859735,206.220795,0.20683,0.868243,207.358398,0.21242,0.873619,207.148804,0.218279,0.899994,207.639206,0.216541,0.886987
COLORWHEEL_4000_IMG_0578_0012,COLORWHEEL_4000,train,4000,Protein:>=20.0,Protein:>=20.0,,,Protein,>=20.0,COLORWHEEL_4000_SEMIQUANT.zip,1,1,0,,205.777603,0.210555,0.918146,205.877594,0.210486,0.920209,206.0,0.208947,0.904974,205.728806,0.210849,0.919851,205.030396,0.209773,0.886598,205.265594,0.208489,0.859735,206.220795,0.20683,0.868243,207.358398,0.21242,0.873619,207.148804,0.218279,0.899994,207.639206,0.216541,0.886987
COLORWHEEL_4000_IMG_0578_0012,COLORWHEEL_4000,train,4000,pH:7.5,pH:7.5,,,pH,7.5,COLORWHEEL_4000_SEMIQUANT.zip,1,1,0,,205.777603,0.210555,0.918146,205.877594,0.210486,0.920209,206.0,0.208947,0.904974,205.728806,0.210849,0.919851,205.030396,0.209773,0.886598,205.265594,0.208489,0.859735,206.220795,0.20683,0.868243,207.358398,0.21242,0.873619,207.148804,0.218279,0.899994,207.639206,0.216541,0.886987
COLORWHEEL_4000_IMG_0578_0012,COLORWHEEL_4000,train,4000,Blood:Large 200,Blood:Large 200,,,Blood,Large 200,COLORWHEEL_4000_SEMIQUANT.zip,1,1,0,,205.777603,0.210555,0.918146,205.877594,0.210486,0.920209,206.0,0.208947,0.904974,205.728806,0.210849,0.919851,205.030396,0.209773,0.886598,205.265594,0.208489,0.859735,206.220795,0.20683,0.868243,207.358398,0.21242,0.873619,207.148804,0.218279,0.899994,207.639206,0.216541,0.886987
COLORWHEEL_4000_IMG_0578_0012,COLORWHEEL_4000,train,4000,Specific Gravity:1.020,Specific Gravity:1.020,,,Specific Gravity,1.020,COLORWHEEL_4000_SEMIQUANT.zip,1,1,0,,205.777603,0.210555,0.918146,205.877594,0.210486,0.920209,206.0,0.208947,0.904974,205.728806,0.210849,0.919851,205.030396,0.209773,0.886598,205.265594,0.208489,0.859735,206.220795,0.20683,0.868243,207.358398,0.21242,0.873619,207.148804,0.218279,0.899994,207.639206,0.216541,0.886987
COLORWHEEL_4000_IMG_0578_0012,COLORWHEEL_4000,train,4000,Ketone:Large 16,Ketone:Large 16,,,Ketone,Large 16,COLORWHEEL_4000_SEMIQUANT.zip,1,1,0,,205.777603,0.210555,0.918146,205.877594,0.210486,0.920209,206.0,0.208947,0.904974,205.728806,0.210849,0.919851,205.030396,0.209773,0.886598,205.265594,0.208489,0.859735,206.220795,0.20683,0.868243,207.358398,0.21242,0.873619,207.148804,0.218279,0.899994,207.639206,0.216541,0.886987
COLORWHEEL_4000_IMG_0578_0012,COLORWHEEL_4000,train,4000,Bilirubin:Large 100,Bilirubin:Large 100,,,Bilirubin,Large 100,COLORWHEEL_4000_SEMIQUANT.zip,1,1,0,,205.777603,0.210555,0.918146,205.877594,0.210486,0.920209,206.0,0.208947,0.904974,205.728806,0.210849,0.919851,205.030396,0.209773,0.886598,205.265594,0.208489,0.859735,206.220795,0.20683,0.868243,207.358398,0.21242,0.873619,207.148804,0.218279,0.899994,207.639206,0.216541,0.886987
COLORWHEEL_4000_IMG_0578_0012,COLORWHEEL_4000,train,4000,Glucose:110 ++++,Glucose:110 ++++,,,Glucose,110 ++++,COLORWHEEL_4000_SEMIQUANT.zip,1,1,0,,205.777603,0.210555,0.918146,205.877594,0.210486,0.920209,206.0,0.208947,0.904974,205.728806,0.210849,0.919851,205.030396,0.209773,0.886598,205.265594,0.208489,0.859735,206.220795,0.20683,0.868243,207.358398,0.21242,0.873619,207.148804,0.218279,0.899994,207.639206,0.216541,0.886987
COLORWHEEL_4000_IMG_0581_0013,COLORWHEEL_4000,train,4000,Leukocytes:Small 70,Leukocytes:Small 70,,,Leukocytes,Small 70,COLORWHEEL_4000_SEMIQUANT.zip,1,1,0,,211.749603,0.22386,0.909104,211.628799,0.223203,0.911029,210.409607,0.21552,0.889895,211.567993,0.219352,0.90546,211.983994,0.224543,0.88323,211.202393,0.216941,0.858482,213.079193,0.216642,0.862536,212.376801,0.221989,0.863352,212.595993,0.220855,0.876852,212.727997,0.22085,0.870276
COLORWHEEL_4000_IMG_0581_0013,COLORWHEEL_4000,train,4000,Nitrite:Neg,Nitrite:Neg,,,Nitrite,Neg,COLORWHEEL_4000_SEMIQUANT.zip,1,1,0,,211.749603,0.22386,0.909104,211.628799,0.223203,0.911029,210.409607,0.21552,0.889895,211.567993,0.219352,0.90546,211.983994,0.224543,0.88323,211.202393,0.216941,0.858482,213.079193,0.216642,0.862536,212.376801,0.221989,0.863352,212.595993,0.220855,0.876852,212.727997,0.22085,0.870276
COLORWHEEL_4000_IMG_0581_0013,COLORWHEEL_4000,train,4000,Urobilinogen:32,Urobilinogen:32,,,Urobilinogen,32,COLORWHEEL_4000_SEMIQUANT.zip,1,1,0,,211.749603,0.22386,0.909104,211.628799,0.223203,0.911029,210.409607,0.21552,0.889895,211.567993,0.219352,0.90546,211.983994,0.224543,0.88323,211.202393,0.216941,0.858482,213.079193,0.216642,0.862536,212.376801,0.221989,0.863352,212.595993,0.220855,0.876852,212.727997,0.22085,0.870276
COLORWHEEL_4000_IMG_0581_0013,COLORWHEEL_4000,train,4000,Protein:Neg,Protein:Neg,,,Protein,Neg,COLORWHEEL_4000_SEMIQUANT.zip,1,1,0,,211.749603,0.22386,0.909104,211.628799,0.223203,0.911029,210.409607,0.21552,0.889895,211.567993,0.219352,0.90546,211.983994,0.224543,0.88323,211.202393,0.216941,0.858482,213.079193,0.216642,0.862536,212.376801,0.221989,0.863352,212.595993,0.220855,0.876852,212.727997,0.22085,0.870276
COLORWHEEL_4000_IMG_0581_0013,COLORWHEEL_4000,train,4000,pH:8.0,pH:8.0,,,pH,8.0,COLORWHEEL_4000_SEMIQUANT.zip,1,1,0,,211.749603,0.22386,0.909104,211.628799,0.223203,0.911029,210.409607,0.21552,0.889895,211.567993,0.219352,0.90546,211.983994,0.224543,0.88323,211.202393,0.216941,0.858482,213.079193,0.216642,0.862536,212.376801,0.221989,0.863352,212.595993,0.220855,0.876852,212.727997,0.22085,0.870276
COLORWHEEL_4000_IMG_0581_0013,COLORWHEEL_4000,train,4000,Blood:Neg,Blood:Neg,,,Blood,Neg,COLORWHEEL_4000_SEMIQUANT.zip,1,1,0,,211.749603,0.22386,0.909104,211.628799,0.223203,0.911029,210.409607,0.21552,0.889895,211.567993,0.219352,0.90546,211.983994,0.224543,0.88323,211.202393,0.216941,0.858482,213.079193,0.216642,0.862536,212.376801,0.221989,0.863352,212.595993,0.220855,0.876852,212.727997,0.22085,0.870276
COLORWHEEL_4000_IMG_0581_0013,COLORWHEEL_4000,train,4000,Specific Gravity:1.025,Specific Gravity:1.025,,,Specific Gravity,1.025,COLORWHEEL_4000_SEMIQUANT.zip,1,1,0,,211.749603,0.22386,0.909104,211.628799,0.223203,0.911029,210.409607,0.21552,0.889895,211.567993,0.219352,0.90546,211.983994,0.224543,0.88323,211.202393,0.216941,0.858482,213.079193,0.216642,0.862536,212.376801,0.221989,0.863352,212.595993,0.220855,0.876852,212.727997,0.22085,0.870276
COLORWHEEL_4000_IMG_0581_0013,COLORWHEEL_4000,train,4000,Ketone:Neg,Ketone:Neg,,,Ketone,Neg,COLORWHEEL_4000_SEMIQUANT.zip,1,1,0,,211.749603,0.22386,0.909104,211.628799,0.223203,0.911029,210.409607,0.21552,0.889895,211.567993,0.219352,0.90546,211.983994,0.224543,0.88323,211.202393,0.216941,0.858482,213.079193,0.216642,0.862536,212.376801,0.221989,0.863352,212.595993,0.220855,0.876852,212.727997,0.22085,0.870276
COLORWHEEL_4000_IMG_0581_0013,COLORWHEEL_4000,train,4000,Bilirubin:Neg,Bilirubin:Neg,,,Bilirubin,Neg,COLORWHEEL_4000_SEMIQUANT.zip,1,1,0,,211.749603,0.22386,0.909104,211.628799,0.223203,0.911029,210.409607,0.21552,0.889895,211.567993,0.219352,0.90546,211.983994,0.224543,0.88323,211.202393,0.216941,0.858482,213.079193,0.216642,0.862536,212.376801,0.221989,0.863352,212.595993,0.220855,0.876852,212.727997,0.22085,0.870276
COLORWHEEL_4000_IMG_0581_0013,COLORWHEEL_4000,train,4000,Glucose:Neg,Glucose:Neg,,,Glucose,Neg,COLORWHEEL_4000_SEMIQUANT.zip,1,1,0,,211.749603,0.22386,0.909104,211.628799,0.223203,0.911029,210.409607,0.21552,0.889895,211.567993,0.219352,0.90546,211.983994,0.224543,0.88323,211.202393,0.216941,0.858482,213.079193,0.216642,0.862536,212.376801,0.221989,0.863352,212.595993,0.220855,0.876852,212.727997,0.22085,0.870276
COLORWHEEL_4000_IMG_0584_0014,COLORWHEEL_4000,train,4000,Leukocytes:Moderate 125,Leukocytes:Moderate 125,,,Leukocytes,Moderate 125,COLORWHEEL_4000_SEMIQUANT.zip,1,1,0,,207.710403,0.271656,0.985075,207.857605,0.271909,0.989834,207.985596,0.27307,0.977597,206.497604,0.264176,0.977429,207.434402,0.268588,0.956772,207.412003,0.267144,0.925647,207.5224,0.267562,0.93301,207.874405,0.269457,0.927333,207.763199,0.268036,0.948271,208.020004,0.269619,0.941147
COLORWHEEL_4000_IMG_0584_0014,COLORWHEEL_4000,train,4000,Nitrite:Positive,Nitrite:Positive,,,Nitrite,Positive,COLORWHEEL_4000_SEMIQUANT.zip,1,1,0,,207.710403,0.271656,0.985075,207.857605,0.271909,0.989834,207.985596,0.27307,0.977597,206.497604,0.264176,0.977429,207.434402,0.268588,0.956772,207.412003,0.267144,0.925647,207.5224,0.267562,0.93301,207.874405,0.269457,0.927333,207.763199,0.268036,0.948271,208.020004,0.269619,0.941147
COLORWHEEL_4000_IMG_0584_0014,COLORWHEEL_4000,train,4000,Urobilinogen:64,Urobilinogen:64,,,Urobilinogen,64,COLORWHEEL_4000_SEMIQUANT.zip,1,1,0,,207.710403,0.271656,0.985075,207.857605,0.271909,0.989834,207.985596,0.27307,0.977597,206.497604,0.264176,0.977429,207.434402,0.268588,0.956772,207.412003,0.267144,0.925647,207.5224,0.267562,0.93301,207.874405,0.269457,0.927333,207.763199,0.268036,0.948271,208.020004,0.269619,0.941147
COLORWHEEL_4000_IMG_0584_0014,COLORWHEEL_4000,train,4000,Protein:Trace,Protein:Trace,,,Protein,Trace,COLORWHEEL_4000_SEMIQUANT.zip,1,1,0,,207.710403,0.271656,0.985075,207.857605,0.271909,0.989834,207.985596,0.27307,0.977597,206.497604,0.264176,0.977429,207.434402,0.268588,0.956772,207.412003,0.267144,0.925647,207.5224,0.267562,0.93301,207.874405,0.269457,0.927333,207.763199,0.268036,0.948271,208.020004,0.269619,0.941147
COLORWHEEL_4000_IMG_0584_0014,COLORWHEEL_4000,train,4000,pH:8.5,pH:8.5,,,pH,8.5,COLORWHEEL_4000_SEMIQUANT.zip,1,1,0,,207.710403,0.271656,0.985075,207.857605,0.271909,0.989834,207.985596,0.27307,0.977597,206.497604,0.264176,0.977429,207.434402,0.268588,0.956772,207.412003,0.267144,0.925647,207.5224,0.267562,0.93301,207.874405,0.269457,0.927333,207.763199,0.268036,0.948271,208.020004,0.269619,0.941147
COLORWHEEL_4000_IMG_0584_0014,COLORWHEEL_4000,train,4000,Blood:Non-hemolyzed 10,Blood:Non-hemolyzed 10,,,Blood,Non-hemolyzed 10,COLORWHEEL_4000_SEMIQUANT.zip,1,1,0,,207.710403,0.271656,0.985075,207.857605,0.271909,0.989834,207.985596,0.27307,0.977597,206.497604,0.264176,0.977429,207.434402,0.268588,0.956772,207.412003,0.267144,0.925647,207.5224,0.267562,0.93301,207.874405,0.269457,0.927333,207.763199,0.268036,0.948271,208.020004,0.269619,0.941147
COLORWHEEL_4000_IMG_0584_0014,COLORWHEEL_4000,train,4000,Specific Gravity:1.030,Specific Gravity:1.030,,,Specific Gravity,1.030,COLORWHEEL_4000_SEMIQUANT.zip,1,1,0,,207.710403,0.271656,0.985075,207.857605,0.271909,0.989834,207.985596,0.27307,0.977597,206.497604,0.264176,0.977429,207.434402,0.268588,0.956772,207.412003,0.267144,0.925647,207.5224,0.267562,0.93301,207.874405,0.269457,0.927333,207.763199,0.268036,0.948271,208.020004,0.269619,0.941147
COLORWHEEL_4000_IMG_0584_0014,COLORWHEEL_4000,train,4000,Ketone:Trace 0.5,Ketone:Trace 0.5,,,Ketone,Trace 0.5,COLORWHEEL_4000_SEMIQUANT.zip,1,1,0,,207.710403,0.271656,0.985075,207.857605,0.271909,0.989834,207.985596,0.27307,0.977597,206.497604,0.264176,0.977429,207.434402,0.268588,0.956772,207.412003,0.267144,0.925647,207.5224,0.267562,0.93301,207.874405,0.269457,0.927333,207.763199,0.268036,0.948271,208.020004,0.269619,0.941147
COLORWHEEL_4000_IMG_0584_0014,COLORWHEEL_4000,train,4000,Bilirubin:Small 17,Bilirubin:Small 17,,,Bilirubin,Small 17,COLORWHEEL_4000_SEMIQUANT.zip,1,1,0,,207.710403,0.271656,0.985075,207.857605,0.271909,0.989834,207.985596,0.27307,0.977597,206.497604,0.264176,0.977429,207.434402,0.268588,0.956772,207.412003,0.267144,0.925647,207.5224,0.267562,0.93301,207.874405,0.269457,0.927333,207.763199,0.268036,0.948271,208.020004,0.269619,0.941147
COLORWHEEL_4000_IMG_0584_0014,COLORWHEEL_4000,train,4000,Glucose:Trace 5,Glucose:Trace 5,,,Glucose,Trace 5,COLORWHEEL_4000_SEMIQUANT.zip,1,1,0,,207.710403,0.271656,0.985075,207.857605,0.271909,0.989834,207.985596,0.27307,0.977597,206.497604,0.264176,0.977429,207.434402,0.268588,0.956772,207.412003,0.267144,0.925647,207.5224,0.267562,0.93301,207.874405,0.269457,0.927333,207.763199,0.268036,0.948271,208.020004,0.269619,0.941147
COLORWHEEL_4000_IMG_0587_0015,COLORWHEEL_4000,train,4000,Leukocytes:Large 500,Leukocytes:Large 500,,,Leukocytes,Large 500,COLORWHEEL_4000_SEMIQUANT.zip,1,1,0,,204.722397,0.200624,0.892718,204.702393,0.200273,0.896416,205.055206,0.199333,0.881831,204.907196,0.199286,0.897752,204.712799,0.197903,0.869975,204.556793,0.195715,0.843374,205.090393,0.198566,0.850856,205.136002,0.198623,0.848419,205.057602,0.198803,0.864417,205.074402,0.198728,0.856786
COLORWHEEL_4000_IMG_0587_0015,COLORWHEEL_4000,train,4000,Nitrite:Neg,Nitrite:Neg,,,Nitrite,Neg,COLORWHEEL_4000_SEMIQUANT.zip,1,1,0,,204.722397,0.200624,0.892718,204.702393,0.200273,0.896416,205.055206,0.199333,0.881831,204.907196,0.199286,0.897752,204.712799,0.197903,0.869975,204.556793,0.195715,0.843374,205.090393,0.198566,0.850856,205.136002,0.198623,0.848419,205.057602,0.198803,0.864417,205.074402,0.198728,0.856786
COLORWHEEL_4000_IMG_0587_0015,COLORWHEEL_4000,train,4000,Urobilinogen:128,Urobilinogen:128,,,Urobilinogen,128,COLORWHEEL_4000_SEMIQUANT.zip,1,1,0,,204.722397,0.200624,0.892718,204.702393,0.200273,0.896416,205.055206,0.199333,0.881831,204.907196,0.199286,0.897752,204.712799,0.197903,0.869975,204.556793,0.195715,0.843374,205.090393,0.198566,0.850856,205.136002,0.198623,0.848419,205.057602,0.198803,0.864417,205.074402,0.198728,0.856786
COLORWHEEL_4000_IMG_0587_0015,COLORWHEEL_4000,train,4000,Protein:0.3,Protein:0.3,,,Protein,0.3,COLORWHEEL_4000_SEMIQUANT.zip,1,1,0,,204.722397,0.200624,0.892718,204.702393,0.200273,0.896416,205.055206,0.199333,0.881831,204.907196,0.199286,0.897752,204.712799,0.197903,0.869975,204.556793,0.195715,0.843374,205.090393,0.198566,0.850856,205.136002,0.198623,0.848419,205.057602,0.198803,0.864417,205.074402,0.198728,0.856786
COLORWHEEL_4000_IMG_0587_0015,COLORWHEEL_4000,train,4000,pH:5.0,pH:5.0,,,pH,5.0,COLORWHEEL_4000_SEMIQUANT.zip,1,1,0,,204.722397,0.200624,0.892718,204.702393,0.200273,0.896416,205.055206,0.199333,0.881831,204.907196,0.199286,0.897752,204.712799,0.197903,0.869975,204.556793,0.195715,0.843374,205.090393,0.198566,0.850856,205.136002,0.198623,0.848419,205.057602,0.198803,0.864417,205.074402,0.198728,0.856786
COLORWHEEL_4000_IMG_0587_0015,COLORWHEEL_4000,train,4000,Blood:Hemolyzed 10,Blood:Hemolyzed 10,,,Blood,Hemolyzed 10,COLORWHEEL_4000_SEMIQUANT.zip,1,1,0,,204.722397,0.200624,0.892718,204.702393,0.200273,0.896416,205.055206,0.199333,0.881831,204.907196,0.199286,0.897752,204.712799,0.197903,0.869975,204.556793,0.195715,0.843374,205.090393,0.198566,0.850856,205.136002,0.198623,0.848419,205.057602,0.198803,0.864417,205.074402,0.198728,0.856786
COLORWHEEL_4000_IMG_0587_0015,COLORWHEEL_4000,train,4000,Specific Gravity:1.000,Specific Gravity:1.000,,,Specific Gravity,1.000,COLORWHEEL_4000_SEMIQUANT.zip,1,1,0,,204.722397,0.200624,0.892718,204.702393,0.200273,0.896416,205.055206,0.199333,0.881831,204.907196,0.199286,0.897752,204.712799,0.197903,0.869975,204.556793,0.195715,0.843374,205.090393,0.198566,0.850856,205.136002,0.198623,0.848419,205.057602,0.198803,0.864417,205.074402,0.198728,0.856786
COLORWHEEL_4000_IMG_0587_0015,COLORWHEEL_4000,train,4000,Ketone:Small 1.5,Ketone:Small 1.5,,,Ketone,Small 1.5,COLORWHEEL_4000_SEMIQUANT.zip,1,1,0,,204.722397,0.200624,0.892718,204.702393,0.200273,0.896416,205.055206,0.199333,0.881831,204.907196,0.199286,0.897752,204.712799,0.197903,0.869975,204.556793,0.195715,0.843374,205.090393,0.198566,0.850856,205.136002,0.198623,0.848419,205.057602,0.198803,0.864417,205.074402,0.198728,0.856786
COLORWHEEL_4000_IMG_0587_0015,COLORWHEEL_4000,train,4000,Bilirubin:Moderate 50,Bilirubin:Moderate 50,,,Bilirubin,Moderate 50,COLORWHEEL_4000_SEMIQUANT.zip,1,1,0,,204.722397,0.200624,0.892718,204.702393,0.200273,0.896416,205.055206,0.199333,0.881831,204.907196,0.199286,0.897752,204.712799,0.197903,0.869975,204.556793,0.195715,0.843374,205.090393,0.198566,0.850856,205.136002,0.198623,0.848419,205.057602,0.198803,0.864417,205.074402,0.198728,0.856786
COLORWHEEL_4000_IMG_0587_0015,COLORWHEEL_4000,train,4000,Glucose:15 +,Glucose:15 +,,,Glucose,15 +,COLORWHEEL_4000_SEMIQUANT.zip,1,1,0,,204.722397,0.200624,0.892718,204.702393,0.200273,0.896416,205.055206,0.199333,0.881831,204.907196,0.199286,0.897752,204.712799,0.197903,0.869975,204.556793,0.195715,0.843374,205.090393,0.198566,0.850856,205.136002,0.198623,0.848419,205.057602,0.198803,0.864417,205.074402,0.198728,0.856786
COLORWHEEL_4000_IMG_0590_0016,COLORWHEEL_4000,train,4000,Leukocytes:Neg,Leukocytes:Neg,,,Leukocytes,Neg,COLORWHEEL_4000_SEMIQUANT.zip,1,1,0,,88.552803,0.261887,0.967933,88.513603,0.267307,0.975845,88.856796,0.271578,0.963944,87.395203,0.256784,0.964687,88.897598,0.261702,0.945835,88.811203,0.265213,0.919222,87.425598,0.276438,0.927457,88.8536,0.269256,0.920138,87.6008,0.26222,0.931191,88.239197,0.263882,0.929001
COLORWHEEL_4000_IMG_0590_0016,COLORWHEEL_4000,train,4000,Nitrite:Positive,Nitrite:Positive,,,Nitrite,Positive,COLORWHEEL_4000_SEMIQUANT.zip,1,1,0,,88.552803,0.261887,0.967933,88.513603,0.267307,0.975845,88.856796,0.271578,0.963944,87.395203,0.256784,0.964687,88.897598,0.261702,0.945835,88.811203,0.265213,0.919222,87.425598,0.276438,0.927457,88.8536,0.269256,0.920138,87.6008,0.26222,0.931191,88.239197,0.263882,0.929001
COLORWHEEL_4000_IMG_0590_0016,COLORWHEEL_4000,train,4000,Urobilinogen:3.2,Urobilinogen:3.2,,,Urobilinogen,3.2,COLORWHEEL_4000_SEMIQUANT.zip,1,1,0,,88.552803,0.261887,0.967933,88.513603,0.267307,0.975845,88.856796,0.271578,0.963944,87.395203,0.256784,0.964687,88.897598,0.261702,0.945835,88.811203,0.265213,0.919222,87.425598,0.276438,0.927457,88.8536,0.269256,0.920138,87.6008,0.26222,0.931191,88.239197,0.263882,0.929001
COLORWHEEL_4000_IMG_0590_0016,COLORWHEEL_4000,train,4000,Protein:1.0,Protein:1.0,,,Protein,1.0,COLORWHEEL_4000_SEMIQUANT.zip,1,1,0,,88.552803,0.261887,0.967933,88.513603,0.267307,0.975845,88.856796,0.271578,0.963944,87.395203,0.256784,0.964687,88.897598,0.261702,0.945835,88.811203,0.265213,0.919222,87.425598,0.276438,0.927457,88.8536,0.269256,0.920138,87.6008,0.26222,0.931191,88.239197,0.263882,0.929001
COLORWHEEL_4000_IMG_0590_0016,COLORWHEEL_4000,train,4000,pH:6.0,pH:6.0,,,pH,6.0,COLORWHEEL_4000_SEMIQUANT.zip,1,1,0,,88.552803,0.261887,0.967933,88.513603,0.267307,0.975845,88.856796,0.271578,0.963944,87.395203,0.256784,0.964687,88.897598,0.261702,0.945835,88.811203,0.265213,0.919222,87.425598,0.276438,0.927457,88.8536,0.269256,0.920138,87.6008,0.26222,0.931191,88.239197,0.263882,0.929001
COLORWHEEL_4000_IMG_0590_0016,COLORWHEEL_4000,train,4000,Blood:Small 25,Blood:Small 25,,,Blood,Small 25,COLORWHEEL_4000_SEMIQUANT.zip,1,1,0,,88.552803,0.261887,0.967933,88.513603,0.267307,0.975845,88.856796,0.271578,0.963944,87.395203,0.256784,0.964687,88.897598,0.261702,0.945835,88.811203,0.265213,0.919222,87.425598,0.276438,0.927457,88.8536,0.269256,0.920138,87.6008,0.26222,0.931191,88.239197,0.263882,0.929001
COLORWHEEL_4000_IMG_0590_0016,COLORWHEEL_4000,train,4000,Specific Gravity:1.005,Specific Gravity:1.005,,,Specific Gravity,1.005,COLORWHEEL_4000_SEMIQUANT.zip,1,1,0,,88.552803,0.261887,0.967933,88.513603,0.267307,0.975845,88.856796,0.271578,0.963944,87.395203,0.256784,0.964687,88.897598,0.261702,0.945835,88.811203,0.265213,0.919222,87.425598,0.276438,0.927457,88.8536,0.269256,0.920138,87.6008,0.26222,0.931191,88.239197,0.263882,0.929001
COLORWHEEL_4000_IMG_0590_0016,COLORWHEEL_4000,train,4000,Ketone:Moderate 4.0,Ketone:Moderate 4.0,,,Ketone,Moderate 4.0,COLORWHEEL_4000_SEMIQUANT.zip,1,1,0,,88.552803,0.261887,0.967933,88.513603,0.267307,0.975845,88.856796,0.271578,0.963944,87.395203,0.256784,0.964687,88.897598,0.261702,0.945835,88.811203,0.265213,0.919222,87.425598,0.276438,0.927457,88.8536,0.269256,0.920138,87.6008,0.26222,0.931191,88.239197,0.263882,0.929001
COLORWHEEL_4000_IMG_0590_0016,COLORWHEEL_4000,train,4000,Bilirubin:Large 100,Bilirubin:Large 100,,,Bilirubin,Large 100,COLORWHEEL_4000_SEMIQUANT.zip,1,1,0,,88.552803,0.261887,0.967933,88.513603,0.267307,0.975845,88.856796,0.271578,0.963944,87.395203,0.256784,0.964687,88.897598,0.261702,0.945835,88.811203,0.265213,0.919222,87.425598,0.276438,0.927457,88.8536,0.269256,0.920138,87.6008,0.26222,0.931191,88.239197,0.263882,0.929001
COLORWHEEL_4000_IMG_0590_0016,COLORWHEEL_4000,train,4000,Glucose:30 ++,Glucose:30 ++,,,Glucose,30 ++,COLORWHEEL_4000_SEMIQUANT.zip,1,1,0,,88.552803,0.261887,0.967933,88.513603,0.267307,0.975845,88.856796,0.271578,0.963944,87.395203,0.256784,0.964687,88.897598,0.261702,0.945835,88.811203,0.265213,0.919222,87.425598,0.276438,0.927457,88.8536,0.269256,0.920138,87.6008,0.26222,0.931191,88.239197,0.263882,0.929001
COLORWHEEL_4000_IMG_0593_0017,COLORWHEEL_4000,train,4000,Leukocytes:Trace 15,Leukocytes:Trace 15,,,Leukocytes,Trace 15,COLORWHEEL_4000_SEMIQUANT.zip,1,1,0,,125.875198,0.061271,0.748193,119.8592,0.063542,0.753283,120.771202,0.062693,0.743536,121.435204,0.062897,0.75293,119.201599,0.058019,0.728136,115.536797,0.057228,0.705159,115.571198,0.050817,0.712654,118.5672,0.057434,0.71144,116.552803,0.055429,0.723944,119.132004,0.054866,0.717667
COLORWHEEL_4000_IMG_0593_0017,COLORWHEEL_4000,train,4000,Nitrite:Neg,Nitrite:Neg,,,Nitrite,Neg,COLORWHEEL_4000_SEMIQUANT.zip,1,1,0,,125.875198,0.061271,0.748193,119.8592,0.063542,0.753283,120.771202,0.062693,0.743536,121.435204,0.062897,0.75293,119.201599,0.058019,0.728136,115.536797,0.057228,0.705159,115.571198,0.050817,0.712654,118.5672,0.057434,0.71144,116.552803,0.055429,0.723944,119.132004,0.054866,0.717667
COLORWHEEL_4000_IMG_0593_0017,COLORWHEEL_4000,train,4000,Urobilinogen:16,Urobilinogen:16,,,Urobilinogen,16,COLORWHEEL_4000_SEMIQUANT.zip,1,1,0,,125.875198,0.061271,0.748193,119.8592,0.063542,0.753283,120.771202,0.062693,0.743536,121.435204,0.062897,0.75293,119.201599,0.058019,0.728136,115.536797,0.057228,0.705159,115.571198,0.050817,0.712654,118.5672,0.057434,0.71144,116.552803,0.055429,0.723944,119.132004,0.054866,0.717667
COLORWHEEL_4000_IMG_0593_0017,COLORWHEEL_4000,train,4000,Protein:3.0,Protein:3.0,,,Protein,3.0,COLORWHEEL_4000_SEMIQUANT.zip,1,1,0,,125.875198,0.061271,0.748193,119.8592,0.063542,0.753283,120.771202,0.062693,0.743536,121.435204,0.062897,0.75293,119.201599,0.058019,0.728136,115.536797,0.057228,0.705159,115.571198,0.050817,0.712654,118.5672,0.057434,0.71144,116.552803,0.055429,0.723944,119.132004,0.054866,0.717667
COLORWHEEL_4000_IMG_0593_0017,COLORWHEEL_4000,train,4000,pH:6.5,pH:6.5,,,pH,6.5,COLORWHEEL_4000_SEMIQUANT.zip,1,1,0,,125.875198,0.061271,0.748193,119.8592,0.063542,0.753283,120.771202,0.062693,0.743536,121.435204,0.062897,0.75293,119.201599,0.058019,0.728136,115.536797,0.057228,0.705159,115.571198,0.050817,0.712654,118.5672,0.057434,0.71144,116.552803,0.055429,0.723944,119.132004,0.054866,0.717667
COLORWHEEL_4000_IMG_0593_0017,COLORWHEEL_4000,train,4000,Blood:Moderate 80,Blood:Moderate 80,,,Blood,Moderate 80,COLORWHEEL_4000_SEMIQUANT.zip,1,1,0,,125.875198,0.061271,0.748193,119.8592,0.063542,0.753283,120.771202,0.062693,0.743536,121.435204,0.062897,0.75293,119.201599,0.058019,0.728136,115.536797,0.057228,0.705159,115.571198,0.050817,0.712654,118.5672,0.057434,0.71144,116.552803,0.055429,0.723944,119.132004,0.054866,0.717667
COLORWHEEL_4000_IMG_0593_0017,COLORWHEEL_4000,train,4000,Specific Gravity:1.010,Specific Gravity:1.010,,,Specific Gravity,1.010,COLORWHEEL_4000_SEMIQUANT.zip,1,1,0,,125.875198,0.061271,0.748193,119.8592,0.063542,0.753283,120.771202,0.062693,0.743536,121.435204,0.062897,0.75293,119.201599,0.058019,0.728136,115.536797,0.057228,0.705159,115.571198,0.050817,0.712654,118.5672,0.057434,0.71144,116.552803,0.055429,0.723944,119.132004,0.054866,0.717667
COLORWHEEL_4000_IMG_0593_0017,COLORWHEEL_4000,train,4000,Ketone:8.0,Ketone:8.0,,,Ketone,8.0,COLORWHEEL_4000_SEMIQUANT.zip,1,1,0,,125.875198,0.061271,0.748193,119.8592,0.063542,0.753283,120.771202,0.062693,0.743536,121.435204,0.062897,0.75293,119.201599,0.058019,0.728136,115.536797,0.057228,0.705159,115.571198,0.050817,0.712654,118.5672,0.057434,0.71144,116.552803,0.055429,0.723944,119.132004,0.054866,0.717667
COLORWHEEL_4000_IMG_0593_0017,COLORWHEEL_4000,train,4000,Bilirubin:Neg,Bilirubin:Neg,,,Bilirubin,Neg,COLORWHEEL_4000_SEMIQUANT.zip,1,1,0,,125.875198,0.061271,0.748193,119.8592,0.063542,0.753283,120.771202,0.062693,0.743536,121.435204,0.062897,0.75293,119.201599,0.058019,0.728136,115.536797,0.057228,0.705159,115.571198,0.050817,0.712654,118.5672,0.057434,0.71144,116.552803,0.055429,0.723944,119.132004,0.054866,0.717667
COLORWHEEL_4000_IMG_0593_0017,COLORWHEEL_4000,train,4000,Glucose:60 +++,Glucose:60 +++,,,Glucose,60 +++,COLORWHEEL_4000_SEMIQUANT.zip,1,1,0,,125.875198,0.061271,0.748193,119.8592,0.063542,0.753283,120.771202,0.062693,0.743536,121.435204,0.062897,0.75293,119.201599,0.058019,0.728136,115.536797,0.057228,0.705159,115.571198,0.050817,0.712654,118.5672,0.057434,0.71144,116.552803,0.055429,0.723944,119.132004,0.054866,0.717667
COLORWHEEL_4000_IMG_0596_0018,COLORWHEEL_4000,train,4000,Leukocytes:Small 70,Leukocytes:Small 70,,,Leukocytes,Small 70,COLORWHEEL_4000_SEMIQUANT.zip,1,1,0,,197.251205,0.053078,0.73822,195.797607,0.051951,0.742042,187.4104,0.048638,0.7311,184.907196,0.047892,0.740216,193.109604,0.05147,0.715865,197.167206,0.050885,0.691561,192.548004,0.052358,0.710348,197.191193,0.052958,0.70035,196.780807,0.053998,0.718681,196.564804,0.052866,0.713012
COLORWHEEL_4000_IMG_0596_0018,COLORWHEEL_4000,train,4000,Nitrite:Positive,Nitrite:Positive,,,Nitrite,Positive,COLORWHEEL_4000_SEMIQUANT.zip,1,1,0,,197.251205,0.053078,0.73822,195.797607,0.051951,0.742042,187.4104,0.048638,0.7311,184.907196,0.047892,0.740216,193.109604,0.05147,0.715865,197.167206,0.050885,0.691561,192.548004,0.052358,0.710348,197.191193,0.052958,0.70035,196.780807,0.053998,0.718681,196.564804,0.052866,0.713012
COLORWHEEL_4000_IMG_0596_0018,COLORWHEEL_4000,train,4000,Urobilinogen:32,Urobilinogen:32,,,Urobilinogen,32,COLORWHEEL_4000_SEMIQUANT.zip,1,1,0,,197.251205,0.053078,0.73822,195.797607,0.051951,0.742042,187.4104,0.048638,0.7311,184.907196,0.047892,0.740216,193.109604,0.05147,0.715865,197.167206,0.050885,0.691561,192.548004,0.052358,0.710348,197.191193,0.052958,0.70035,196.780807,0.053998,0.718681,196.564804,0.052866,0.713012
COLORWHEEL_4000_IMG_0596_0018,COLORWHEEL_4000,train,4000,Protein:>=20.0,Protein:>=20.0,,,Protein,>=20.0,COLORWHEEL_4000_SEMIQUANT.zip,1,1,0,,197.251205,0.053078,0.73822,195.797607,0.051951,0.742042,187.4104,0.048638,0.7311,184.907196,0.047892,0.740216,193.109604,0.05147,0.715865,197.167206,0.050885,0.691561,192.548004,0.052358,0.710348,197.191193,0.052958,0.70035,196.780807,0.053998,0.718681,196.564804,0.052866,0.713012
COLORWHEEL_4000_IMG_0596_0018,COLORWHEEL_4000,train,4000,pH:7.0,pH:7.0,,,pH,7.0,COLORWHEEL_4000_SEMIQUANT.zip,1,1,0,,197.251205,0.053078,0.73822,195.797607,0.051951,0.742042,187.4104,0.048638,0.7311,184.907196,0.047892,0.740216,193.109604,0.05147,0.715865,197.167206,0.050885,0.691561,192.548004,0.052358,0.710348,197.191193,0.052958,0.70035,196.780807,0.053998,0.718681,196.564804,0.052866,0.713012
COLORWHEEL_4000_IMG_0596_0018,COLORWHEEL_4000,train,4000,Blood:Large 200,Blood:Large 200,,,Blood,Large 200,COLORWHEEL_4000_SEMIQUANT.zip,1,1,0,,197.251205,0.053078,0.73822,195.797607,0.051951,0.742042,187.4104,0.048638,0.7311,184.907196,0.047892,0.740216,193.109604,0.05147,0.715865,197.167206,0.050885,0.691561,192.548004,0.052358,0.710348,197.191193,0.052958,0.70035,196.780807,0.053998,0.718681,196.564804,0.052866,0.713012
COLORWHEEL_4000_IMG_0596_0018,COLORWHEEL_4000,train,4000,Specific Gravity:1.015,Specific Gravity:1.015,,,Specific Gravity,1.015,COLORWHEEL_4000_SEMIQUANT.zip,1,1,0,,197.251205,0.053078,0.73822,195.797607,0.051951,0.742042,187.4104,0.048638,0.7311,184.907196,0.047892,0.740216,193.109604,0.05147,0.715865,197.167206,0.050885,0.691561,192.548004,0.052358,0.710348,197.191193,0.052958,0.70035,196.780807,0.053998,0.718681,196.564804,0.052866,0.713012
COLORWHEEL_4000_IMG_0596_0018,COLORWHEEL_4000,train,4000,Ketone:Large 16,Ketone:Large 16,,,Ketone,Large 16,COLORWHEEL_4000_SEMIQUANT.zip,1,1,0,,197.251205,0.053078,0.73822,195.797607,0.051951,0.742042,187.4104,0.048638,0.7311,184.907196,0.047892,0.740216,193.109604,0.05147,0.715865,197.167206,0.050885,0.691561,192.548004,0.052358,0.710348,197.191193,0.052958,0.70035,196.780807,0.053998,0.718681,196.564804,0.052866,0.713012
COLORWHEEL_4000_IMG_0596_0018,COLORWHEEL_4000,train,4000,Bilirubin:Small 17,Bilirubin:Small 17,,,Bilirubin,Small 17,COLORWHEEL_4000_SEMIQUANT.zip,1,1,0,,197.251205,0.053078,0.73822,195.797607,0.051951,0.742042,187.4104,0.048638,0.7311,184.907196,0.047892,0.740216,193.109604,0.05147,0.715865,197.167206,0.050885,0.691561,192.548004,0.052358,0.710348,197.191193,0.052958,0.70035,196.780807,0.053998,0.718681,196.564804,0.052866,0.713012
COLORWHEEL_4000_IMG_0596_0018,COLORWHEEL_4000,train,4000,Glucose:110 ++++,Glucose:110 ++++,,,Glucose,110 ++++,COLORWHEEL_4000_SEMIQUANT.zip,1,1,0,,197.251205,0.053078,0.73822,195.797607,0.051951,0.742042,187.4104,0.048638,0.7311,184.907196,0.047892,0.740216,193.109604,0.05147,0.715865,197.167206,0.050885,0.691561,192.548004,0.052358,0.710348,197.191193,0.052958,0.70035,196.780807,0.053998,0.718681,196.564804,0.052866,0.713012
COLORWHEEL_4000_IMG_0597_0019,COLORWHEEL_4000,train,4000,Leukocytes:Moderate 125,Leukocytes:Moderate 125,,,Leukocytes,Moderate 125,COLORWHEEL_4000_SEMIQUANT.zip,1,1,0,,221.239197,0.049815,0.741024,220.202393,0.049068,0.743796,223.115997,0.046831,0.732072,222.299194,0.048425,0.748455,223.0448,0.049685,0.721853,226.583206,0.046264,0.69866,226.182404,0.044944,0.709357,225.173599,0.045093,0.702141,226.913605,0.045296,0.714039,225.707993,0.046209,0.715073
COLORWHEEL_4000_IMG_0597_0019,COLORWHEEL_4000,train,4000,Nitrite:Neg,Nitrite:Neg,,,Nitrite,Neg,COLORWHEEL_4000_SEMIQUANT.zip,1,1,0,,221.239197,0.049815,0.741024,220.202393,0.049068,0.743796,223.115997,0.046831,0.732072,222.299194,0.048425,0.748455,223.0448,0.049685,0.721853,226.583206,0.046264,0.69866,226.182404,0.044944,0.709357,225.173599,0.045093,0.702141,226.913605,0.045296,0.714039,225.707993,0.046209,0.715073
COLORWHEEL_4000_IMG_0597_0019,COLORWHEEL_4000,train,4000,Urobilinogen:64,Urobilinogen:64,,,Urobilinogen,64,COLORWHEEL_4000_SEMIQUANT.zip,1,1,0,,221.239197,0.049815,0.741024,220.202393,0.049068,0.743796,223.115997,0.046831,0.732072,222.299194,0.048425,0.748455,223.0448,0.049685,0.721853,226.583206,0.046264,0.69866,226.182404,0.044944,0.709357,225.173599,0.045093,0.702141,226.913605,0.045296,0.714039,225.707993,0.046209,0.715073
COLORWHEEL_4000_IMG_0597_0019,COLORWHEEL_4000,train,4000,Protein:Neg,Protein:Neg,,,Protein,Neg,COLORWHEEL_4000_SEMIQUANT.zip,1,1,0,,221.239197,0.049815,0.741024,220.202393,0.049068,0.743796,223.115997,0.046831,0.732072,222.299194,0.048425,0.748455,223.0448,0.049685,0.721853,226.583206,0.046264,0.69866,226.182404,0.044944,0.709357,225.173599,0.045093,0.702141,226.913605,0.045296,0.714039,225.707993,0.046209,0.715073
COLORWHEEL_4000_IMG_0597_0019,COLORWHEEL_4000,train,4000,pH:7.5,pH:7.5,,,pH,7.5,COLORWHEEL_4000_SEMIQUANT.zip,1,1,0,,221.239197,0.049815,0.741024,220.202393,0.049068,0.743796,223.115997,0.046831,0.732072,222.299194,0.048425,0.748455,223.0448,0.049685,0.721853,226.583206,0.046264,0.69866,226.182404,0.044944,0.709357,225.173599,0.045093,0.702141,226.913605,0.045296,0.714039,225.707993,0.046209,0.715073
COLORWHEEL_4000_IMG_0597_0019,COLORWHEEL_4000,train,4000,Blood:Neg,Blood:Neg,,,Blood,Neg,COLORWHEEL_4000_SEMIQUANT.zip,1,1,0,,221.239197,0.049815,0.741024,220.202393,0.049068,0.743796,223.115997,0.046831,0.732072,222.299194,0.048425,0.748455,223.0448,0.049685,0.721853,226.583206,0.046264,0.69866,226.182404,0.044944,0.709357,225.173599,0.045093,0.702141,226.913605,0.045296,0.714039,225.707993,0.046209,0.715073
COLORWHEEL_4000_IMG_0597_0019,COLORWHEEL_4000,train,4000,Specific Gravity:1.020,Specific Gravity:1.020,,,Specific Gravity,1.020,COLORWHEEL_4000_SEMIQUANT.zip,1,1,0,,221.239197,0.049815,0.741024,220.202393,0.049068,0.743796,223.115997,0.046831,0.732072,222.299194,0.048425,0.748455,223.0448,0.049685,0.721853,226.583206,0.046264,0.69866,226.182404,0.044944,0.709357,225.173599,0.045093,0.702141,226.913605,0.045296,0.714039,225.707993,0.046209,0.715073
COLORWHEEL_4000_IMG_0597_0019,COLORWHEEL_4000,train,4000,Ketone:Neg,Ketone:Neg,,,Ketone,Neg,COLORWHEEL_4000_SEMIQUANT.zip,1,1,0,,221.239197,0.049815,0.741024,220.202393,0.049068,0.743796,223.115997,0.046831,0.732072,222.299194,0.048425,0.748455,223.0448,0.049685,0.721853,226.583206,0.046264,0.69866,226.182404,0.044944,0.709357,225.173599,0.045093,0.702141,226.913605,0.045296,0.714039,225.707993,0.046209,0.715073
COLORWHEEL_4000_IMG_0597_0019,COLORWHEEL_4000,train,4000,Bilirubin:Moderate 50,Bilirubin:Moderate 50,,,Bilirubin,Moderate 50,COLORWHEEL_4000_SEMIQUANT.zip,1,1,0,,221.239197,0.049815,0.741024,220.202393,0.049068,0.743796,223.115997,0.046831,0.732072,222.299194,0.048425,0.748455,223.0448,0.049685,0.721853,226.583206,0.046264,0.69866,226.182404,0.044944,0.709357,225.173599,0.045093,0.702141,226.913605,0.045296,0.714039,225.707993,0.046209,0.715073
COLORWHEEL_4000_IMG_0597_0019,COLORWHEEL_4000,train,4000,Glucose:Neg,Glucose:Neg,,,Glucose,Neg,COLORWHEEL_4000_SEMIQUANT.zip,1,1,0,,221.239197,0.049815,0.741024,220.202393,0.049068,0.743796,223.115997,0.046831,0.732072,222.299194,0.048425,0.748455,223.0448,0.049685,0.721853,226.583206,0.046264,0.69866,226.182404,0.044944,0.709357,225.173599,0.045093,0.702141,226.913605,0.045296,0.714039,225.707993,0.046209,0.715073
COLORWHEEL_4000_IMG_0598_0020,COLORWHEEL_4000,train,4000,Leukocytes:Large 500,Leukocytes:Large 500,,,Leukocytes,Large 500,COLORWHEEL_4000_SEMIQUANT.zip,1,1,0,,137.884796,0.052339,0.488119,137.349594,0.052513,0.467562,126.923203,0.053515,0.505948,133.922394,0.057245,0.519046,135.833603,0.056791,0.519755,132.330399,0.053203,0.428083,136.197601,0.060169,0.435674,159.419205,0.067984,0.423027,167.385605,0.068119,0.399391,176.806396,0.067526,0.365898
COLORWHEEL_4000_IMG_0598_0020,COLORWHEEL_4000,train,4000,Nitrite:Positive,Nitrite:Positive,,,Nitrite,Positive,COLORWHEEL_4000_SEMIQUANT.zip,1,1,0,,137.884796,0.052339,0.488119,137.349594,0.052513,0.467562,126.923203,0.053515,0.505948,133.922394,0.057245,0.519046,135.833603,0.056791,0.519755,132.330399,0.053203,0.428083,136.197601,0.060169,0.435674,159.419205,0.067984,0.423027,167.385605,0.068119,0.399391,176.806396,0.067526,0.365898
COLORWHEEL_4000_IMG_0598_0020,COLORWHEEL_4000,train,4000,Urobilinogen:128,Urobilinogen:128,,,Urobilinogen,128,COLORWHEEL_4000_SEMIQUANT.zip,1,1,0,,137.884796,0.052339,0.488119,137.349594,0.052513,0.467562,126.923203,0.053515,0.505948,133.922394,0.057245,0.519046,135.833603,0.056791,0.519755,132.330399,0.053203,0.428083,136.197601,0.060169,0.435674,159.419205,0.067984,0.423027,167.385605,0.068119,0.399391,176.806396,0.067526,0.365898
COLORWHEEL_4000_IMG_0598_0020,COLORWHEEL_4000,train,4000,Protein:Trace,Protein:Trace,,,Protein,Trace,COLORWHEEL_4000_SEMIQUANT.zip,1,1,0,,137.884796,0.052339,0.488119,137.349594,0.052513,0.467562,126.923203,0.053515,0.505948,133.922394,0.057245,0.519046,135.833603,0.056791,0.519755,132.330399,0.053203,0.428083,136.197601,0.060169,0.435674,159.419205,0.067984,0.423027,167.385605,0.068119,0.399391,176.806396,0.067526,0.365898
COLORWHEEL_4000_IMG_0598_0020,COLORWHEEL_4000,train,4000,pH:8.0,pH:8.0,,,pH,8.0,COLORWHEEL_4000_SEMIQUANT.zip,1,1,0,,137.884796,0.052339,0.488119,137.349594,0.052513,0.467562,126.923203,0.053515,0.505948,133.922394,0.057245,0.519046,135.833603,0.056791,0.519755,132.330399,0.053203,0.428083,136.197601,0.060169,0.435674,159.419205,0.067984,0.423027,167.385605,0.068119,0.399391,176.806396,0.067526,0.365898
COLORWHEEL_4000_IMG_0598_0020,COLORWHEEL_4000,train,4000,Blood:Non-hemolyzed 10,Blood:Non-hemolyzed 10,,,Blood,Non-hemolyzed 10,COLORWHEEL_4000_SEMIQUANT.zip,1,1,0,,137.884796,0.052339,0.488119,137.349594,0.052513,0.467562,126.923203,0.053515,0.505948,133.922394,0.057245,0.519046,135.833603,0.056791,0.519755,132.330399,0.053203,0.428083,136.197601,0.060169,0.435674,159.419205,0.067984,0.423027,167.385605,0.068119,0.399391,176.806396,0.067526,0.365898
COLORWHEEL_4000_IMG_0598_0020,COLORWHEEL_4000,train,4000,Specific Gravity:1.025,Specific Gravity:1.025,,,Specific Gravity,1.025,COLORWHEEL_4000_SEMIQUANT.zip,1,1,0,,137.884796,0.052339,0.488119,137.349594,0.052513,0.467562,126.923203,0.053515,0.505948,133.922394,0.057245,0.519046,135.833603,0.056791,0.519755,132.330399,0.053203,0.428083,136.197601,0.060169,0.435674,159.419205,0.067984,0.423027,167.385605,0.068119,0.399391,176.806396,0.067526,0.365898
COLORWHEEL_4000_IMG_0598_0020,COLORWHEEL_4000,train,4000,Ketone:Trace 0.5,Ketone:Trace 0.5,,,Ketone,Trace 0.5,COLORWHEEL_4000_SEMIQUANT.zip,1,1,0,,137.884796,0.052339,0.488119,137.349594,0.052513,0.467562,126.923203,0.053515,0.505948,133.922394,0.057245,0.519046,135.833603,0.056791,0.519755,132.330399,0.053203,0.428083,136.197601,0.060169,0.435674,159.419205,0.067984,0.423027,167.385605,0.068119,0.399391,176.806396,0.067526,0.365898
COLORWHEEL_4000_IMG_0598_0020,COLORWHEEL_4000,train,4000,Bilirubin:Large 100,Bilirubin:Large 100,,,Bilirubin,Large 100,COLORWHEEL_4000_SEMIQUANT.zip,1,1,0,,137.884796,0.052339,0.488119,137.349594,0.052513,0.467562,126.923203,0.053515,0.505948,133.922394,0.057245,0.519046,135.833603,0.056791,0.519755,132.330399,0.053203,0.428083,136.197601,0.060169,0.435674,159.419205,0.067984,0.423027,167.385605,0.068119,0.399391,176.806396,0.067526,0.365898
COLORWHEEL_4000_IMG_0598_0020,COLORWHEEL_4000,train,4000,Glucose:Trace 5,Glucose:Trace 5,,,Glucose,Trace 5,COLORWHEEL_4000_SEMIQUANT.zip,1,1,0,,137.884796,0.052339,0.488119,137.349594,0.052513,0.467562,126.923203,0.053515,0.505948,133.922394,0.057245,0.519046,135.833603,0.056791,0.519755,132.330399,0.053203,0.428083,136.197601,0.060169,0.435674,159.419205,0.067984,0.423027,167.385605,0.068119,0.399391,176.806396,0.067526,0.365898
COLORWHEEL_4000_IMG_0605_0021,COLORWHEEL_4000,train,4000,Leukocytes:Neg,Leukocytes:Neg,,,Leukocytes,Neg,COLORWHEEL_4000_SEMIQUANT.zip,1,1,0,,59.8592,0.09728,0.488461,52.132801,0.094849,0.476565,63.1912,0.086224,0.521324,59.127201,0.084524,0.54048,56.236801,0.082441,0.546604,51.9744,0.088733,0.458722,48.104801,0.074725,0.472853,55.045601,0.077327,0.470579,54.639999,0.076494,0.456712,49.766399,0.074212,0.427285
COLORWHEEL_4000_IMG_0605_0021,COLORWHEEL_4000,train,4000,Nitrite:Neg,Nitrite:Neg,,,Nitrite,Neg,COLORWHEEL_4000_SEMIQUANT.zip,1,1,0,,59.8592,0.09728,0.488461,52.132801,0.094849,0.476565,63.1912,0.086224,0.521324,59.127201,0.084524,0.54048,56.236801,0.082441,0.546604,51.9744,0.088733,0.458722,48.104801,0.074725,0.472853,55.045601,0.077327,0.470579,54.639999,0.076494,0.456712,49.766399,0.074212,0.427285
COLORWHEEL_4000_IMG_0605_0021,COLORWHEEL_4000,train,4000,Urobilinogen:3.2,Urobilinogen:3.2,,,Urobilinogen,3.2,COLORWHEEL_4000_SEMIQUANT.zip,1,1,0,,59.8592,0.09728,0.488461,52.132801,0.094849,0.476565,63.1912,0.086224,0.521324,59.127201,0.084524,0.54048,56.236801,0.082441,0.546604,51.9744,0.088733,0.458722,48.104801,0.074725,0.472853,55.045601,0.077327,0.470579,54.639999,0.076494,0.456712,49.766399,0.074212,0.427285
COLORWHEEL_4000_IMG_0605_0021,COLORWHEEL_4000,train,4000,Protein:0.3,Protein:0.3,,,Protein,0.3,COLORWHEEL_4000_SEMIQUANT.zip,1,1,0,,59.8592,0.09728,0.488461,52.132801,0.094849,0.476565,63.1912,0.086224,0.521324,59.127201,0.084524,0.54048,56.236801,0.082441,0.546604,51.9744,0.088733,0.458722,48.104801,0.074725,0.472853,55.045601,0.077327,0.470579,54.639999,0.076494,0.456712,49.766399,0.074212,0.427285
COLORWHEEL_4000_IMG_0605_0021,COLORWHEEL_4000,train,4000,pH:8.5,pH:8.5,,,pH,8.5,COLORWHEEL_4000_SEMIQUANT.zip,1,1,0,,59.8592,0.09728,0.488461,52.132801,0.094849,0.476565,63.1912,0.086224,0.521324,59.127201,0.084524,0.54048,56.236801,0.082441,0.546604,51.9744,0.088733,0.458722,48.104801,0.074725,0.472853,55.045601,0.077327,0.470579,54.639999,0.076494,0.456712,49.766399,0.074212,0.427285
COLORWHEEL_4000_IMG_0605_0021,COLORWHEEL_4000,train,4000,Blood:Hemolyzed 10,Blood:Hemolyzed 10,,,Blood,Hemolyzed 10,COLORWHEEL_4000_SEMIQUANT.zip,1,1,0,,59.8592,0.09728,0.488461,52.132801,0.094849,0.476565,63.1912,0.086224,0.521324,59.127201,0.084524,0.54048,56.236801,0.082441,0.546604,51.9744,0.088733,0.458722,48.104801,0.074725,0.472853,55.045601,0.077327,0.470579,54.639999,0.076494,0.456712,49.766399,0.074212,0.427285
COLORWHEEL_4000_IMG_0605_0021,COLORWHEEL_4000,train,4000,Specific Gravity:1.030,Specific Gravity:1.030,,,Specific Gravity,1.030,COLORWHEEL_4000_SEMIQUANT.zip,1,1,0,,59.8592,0.09728,0.488461,52.132801,0.094849,0.476565,63.1912,0.086224,0.521324,59.127201,0.084524,0.54048,56.236801,0.082441,0.546604,51.9744,0.088733,0.458722,48.104801,0.074725,0.472853,55.045601,0.077327,0.470579,54.639999,0.076494,0.456712,49.766399,0.074212,0.427285
COLORWHEEL_4000_IMG_0605_0021,COLORWHEEL_4000,train,4000,Ketone:Small 1.5,Ketone:Small 1.5,,,Ketone,Small 1.5,COLORWHEEL_4000_SEMIQUANT.zip,1,1,0,,59.8592,0.09728,0.488461,52.132801,0.094849,0.476565,63.1912,0.086224,0.521324,59.127201,0.084524,0.54048,56.236801,0.082441,0.546604,51.9744,0.088733,0.458722,48.104801,0.074725,0.472853,55.045601,0.077327,0.470579,54.639999,0.076494,0.456712,49.766399,0.074212,0.427285
COLORWHEEL_4000_IMG_0605_0021,COLORWHEEL_4000,train,4000,Bilirubin:Neg,Bilirubin:Neg,,,Bilirubin,Neg,COLORWHEEL_4000_SEMIQUANT.zip,1,1,0,,59.8592,0.09728,0.488461,52.132801,0.094849,0.476565,63.1912,0.086224,0.521324,59.127201,0.084524,0.54048,56.236801,0.082441,0.546604,51.9744,0.088733,0.458722,48.104801,0.074725,0.472853,55.045601,0.077327,0.470579,54.639999,0.076494,0.456712,49.766399,0.074212,0.427285
COLORWHEEL_4000_IMG_0605_0021,COLORWHEEL_4000,train,4000,Glucose:15 +,Glucose:15 +,,,Glucose,15 +,COLORWHEEL_4000_SEMIQUANT.zip,1,1,0,,59.8592,0.09728,0.488461,52.132801,0.094849,0.476565,63.1912,0.086224,0.521324,59.127201,0.084524,0.54048,56.236801,0.082441,0.546604,51.9744,0.088733,0.458722,48.104801,0.074725,0.472853,55.045601,0.077327,0.470579,54.639999,0.076494,0.456712,49.766399,0.074212,0.427285
COLORWHEEL_4000_IMG_0608_0022,COLORWHEEL_4000,train,4000,Leukocytes:Trace 15,Leukocytes:Trace 15,,,Leukocytes,Trace 15,COLORWHEEL_4000_SEMIQUANT.zip,1,1,0,,189.544006,0.13634,0.823115,190.015198,0.135506,0.825062,189.659195,0.135758,0.81197,189.845596,0.136511,0.827387,191.220001,0.134157,0.797721,192.020798,0.132733,0.774675,192.960007,0.131434,0.784546,191.266403,0.133936,0.778163,192.912796,0.131522,0.798905,191.587204,0.133545,0.7908
COLORWHEEL_4000_IMG_0608_0022,COLORWHEEL_4000,train,4000,Nitrite:Positive,Nitrite:Positive,,,Nitrite,Positive,COLORWHEEL_4000_SEMIQUANT.zip,1,1,0,,189.544006,0.13634,0.823115,190.015198,0.135506,0.825062,189.659195,0.135758,0.81197,189.845596,0.136511,0.827387,191.220001,0.134157,0.797721,192.020798,0.132733,0.774675,192.960007,0.131434,0.784546,191.266403,0.133936,0.778163,192.912796,0.131522,0.798905,191.587204,0.133545,0.7908
COLORWHEEL_4000_IMG_0608_0022,COLORWHEEL_4000,train,4000,Urobilinogen:16,Urobilinogen:16,,,Urobilinogen,16,COLORWHEEL_4000_SEMIQUANT.zip,1,1,0,,189.544006,0.13634,0.823115,190.015198,0.135506,0.825062,189.659195,0.135758,0.81197,189.845596,0.136511,0.827387,191.220001,0.134157,0.797721,192.020798,0.132733,0.774675,192.960007,0.131434,0.784546,191.266403,0.133936,0.778163,192.912796,0.131522,0.798905,191.587204,0.133545,0.7908
COLORWHEEL_4000_IMG_0608_0022,COLORWHEEL_4000,train,4000,Protein:1.0,Protein:1.0,,,Protein,1.0,COLORWHEEL_4000_SEMIQUANT.zip,1,1,0,,189.544006,0.13634,0.823115,190.015198,0.135506,0.825062,189.659195,0.135758,0.81197,189.845596,0.136511,0.827387,191.220001,0.134157,0.797721,192.020798,0.132733,0.774675,192.960007,0.131434,0.784546,191.266403,0.133936,0.778163,192.912796,0.131522,0.798905,191.587204,0.133545,0.7908
COLORWHEEL_4000_IMG_0608_0022,COLORWHEEL_4000,train,4000,pH:5.0,pH:5.0,,,pH,5.0,COLORWHEEL_4000_SEMIQUANT.zip,1,1,0,,189.544006,0.13634,0.823115,190.015198,0.135506,0.825062,189.659195,0.135758,0.81197,189.845596,0.136511,0.827387,191.220001,0.134157,0.797721,192.020798,0.132733,0.774675,192.960007,0.131434,0.784546,191.266403,0.133936,0.778163,192.912796,0.131522,0.798905,191.587204,0.133545,0.7908
COLORWHEEL_4000_IMG_0608_0022,COLORWHEEL_4000,train,4000,Blood:Small 25,Blood:Small 25,,,Blood,Small 25,COLORWHEEL_4000_SEMIQUANT.zip,1,1,0,,189.544006,0.13634,0.823115,190.015198,0.135506,0.825062,189.659195,0.135758,0.81197,189.845596,0.136511,0.827387,191.220001,0.134157,0.797721,192.020798,0.132733,0.774675,192.960007,0.131434,0.784546,191.266403,0.133936,0.778163,192.912796,0.131522,0.798905,191.587204,0.133545,0.7908
COLORWHEEL_4000_IMG_0608_0022,COLORWHEEL_4000,train,4000,Specific Gravity:1.000,Specific Gravity:1.000,,,Specific Gravity,1.000,COLORWHEEL_4000_SEMIQUANT.zip,1,1,0,,189.544006,0.13634,0.823115,190.015198,0.135506,0.825062,189.659195,0.135758,0.81197,189.845596,0.136511,0.827387,191.220001,0.134157,0.797721,192.020798,0.132733,0.774675,192.960007,0.131434,0.784546,191.266403,0.133936,0.778163,192.912796,0.131522,0.798905,191.587204,0.133545,0.7908
COLORWHEEL_4000_IMG_0608_0022,COLORWHEEL_4000,train,4000,Ketone:Moderate 4.0,Ketone:Moderate 4.0,,,Ketone,Moderate 4.0,COLORWHEEL_4000_SEMIQUANT.zip,1,1,0,,189.544006,0.13634,0.823115,190.015198,0.135506,0.825062,189.659195,0.135758,0.81197,189.845596,0.136511,0.827387,191.220001,0.134157,0.797721,192.020798,0.132733,0.774675,192.960007,0.131434,0.784546,191.266403,0.133936,0.778163,192.912796,0.131522,0.798905,191.587204,0.133545,0.7908
COLORWHEEL_4000_IMG_0608_0022,COLORWHEEL_4000,train,4000,Bilirubin:Small 17,Bilirubin:Small 17,,,Bilirubin,Small 17,COLORWHEEL_4000_SEMIQUANT.zip,1,1,0,,189.544006,0.13634,0.823115,190.015198,0.135506,0.825062,189.659195,0.135758,0.81197,189.845596,0.136511,0.827387,191.220001,0.134157,0.797721,192.020798,0.132733,0.774675,192.960007,0.131434,0.784546,191.266403,0.133936,0.778163,192.912796,0.131522,0.798905,191.587204,0.133545,0.7908
COLORWHEEL_4000_IMG_0608_0022,COLORWHEEL_4000,train,4000,Glucose:30 ++,Glucose:30 ++,,,Glucose,30 ++,COLORWHEEL_4000_SEMIQUANT.zip,1,1,0,,189.544006,0.13634,0.823115,190.015198,0.135506,0.825062,189.659195,0.135758,0.81197,189.845596,0.136511,0.827387,191.220001,0.134157,0.797721,192.020798,0.132733,0.774675,192.960007,0.131434,0.784546,191.266403,0.133936,0.778163,192.912796,0.131522,0.798905,191.587204,0.133545,0.7908
COLORWHEEL_4000_IMG_0611_0023,COLORWHEEL_4000,train,4000,Leukocytes:Small 70,Leukocytes:Small 70,,,Leukocytes,Small 70,COLORWHEEL_4000_SEMIQUANT.zip,1,1,0,,75.475998,0.120365,0.492207,65.239998,0.126099,0.475719,76.771202,0.102493,0.517449,81.164803,0.096979,0.535423,82.042397,0.089824,0.538163,69.085602,0.11442,0.445779,68.019203,0.108014,0.455903,71.738403,0.099231,0.446116,68.295197,0.10331,0.429992,59.2472,0.107559,0.400935
COLORWHEEL_4000_IMG_0611_0023,COLORWHEEL_4000,train,4000,Nitrite:Neg,Nitrite:Neg,,,Nitrite,Neg,COLORWHEEL_4000_SEMIQUANT.zip,1,1,0,,75.475998,0.120365,0.492207,65.239998,0.126099,0.475719,76.771202,0.102493,0.517449,81.164803,0.096979,0.535423,82.042397,0.089824,0.538163,69.085602,0.11442,0.445779,68.019203,0.108014,0.455903,71.738403,0.099231,0.446116,68.295197,0.10331,0.429992,59.2472,0.107559,0.400935
COLORWHEEL_4000_IMG_0611_0023,COLORWHEEL_4000,train,4000,Urobilinogen:32,Urobilinogen:32,,,Urobilinogen,32,COLORWHEEL_4000_SEMIQUANT.zip,1,1,0,,75.475998,0.120365,0.492207,65.239998,0.126099,0.475719,76.771202,0.102493,0.517449,81.164803,0.096979,0.535423,82.042397,0.089824,0.538163,69.085602,0.11442,0.445779,68.019203,0.108014,0.455903,71.738403,0.099231,0.446116,68.295197,0.10331,0.429992,59.2472,0.107559,0.400935
COLORWHEEL_4000_IMG_0611_0023,COLORWHEEL_4000,train,4000,Protein:3.0,Protein:3.0,,,Protein,3.0,COLORWHEEL_4000_SEMIQUANT.zip,1,1,0,,75.475998,0.120365,0.492207,65.239998,0.126099,0.475719,76.771202,0.102493,0.517449,81.164803,0.096979,0.535423,82.042397,0.089824,0.538163,69.085602,0.11442,0.445779,68.019203,0.108014,0.455903,71.738403,0.099231,0.446116,68.295197,0.10331,0.429992,59.2472,0.107559,0.400935
COLORWHEEL_4000_IMG_0611_0023,COLORWHEEL_4000,train,4000,pH:6.0,pH:6.0,,,pH,6.0,COLORWHEEL_4000_SEMIQUANT.zip,1,1,0,,75.475998,0.120365,0.492207,65.239998,0.126099,0.475719,76.771202,0.102493,0.517449,81.164803,0.096979,0.535423,82.042397,0.089824,0.538163,69.085602,0.11442,0.445779,68.019203,0.108014,0.455903,71.738403,0.099231,0.446116,68.295197,0.10331,0.429992,59.2472,0.107559,0.400935
COLORWHEEL_4000_IMG_0611_0023,COLORWHEEL_4000,train,4000,Blood:Moderate 80,Blood:Moderate 80,,,Blood,Moderate 80,COLORWHEEL_4000_SEMIQUANT.zip,1,1,0,,75.475998,0.120365,0.492207,65.239998,0.126099,0.475719,76.771202,0.102493,0.517449,81.164803,0.096979,0.535423,82.042397,0.089824,0.538163,69.085602,0.11442,0.445779,68.019203,0.108014,0.455903,71.738403,0.099231,0.446116,68.295197,0.10331,0.429992,59.2472,0.107559,0.400935
COLORWHEEL_4000_IMG_0611_0023,COLORWHEEL_4000,train,4000,Specific Gravity:1.005,Specific Gravity:1.005,,,Specific Gravity,1.005,COLORWHEEL_4000_SEMIQUANT.zip,1,1,0,,75.475998,0.120365,0.492207,65.239998,0.126099,0.475719,76.771202,0.102493,0.517449,81.164803,0.096979,0.535423,82.042397,0.089824,0.538163,69.085602,0.11442,0.445779,68.019203,0.108014,0.455903,71.738403,0.099231,0.446116,68.295197,0.10331,0.429992,59.2472,0.107559,0.400935
COLORWHEEL_4000_IMG_0611_0023,COLORWHEEL_4000,train,4000,Ketone:8.0,Ketone:8.0,,,Ketone,8.0,COLORWHEEL_4000_SEMIQUANT.zip,1,1,0,,75.475998,0.120365,0.492207,65.239998,0.126099,0.475719,76.771202,0.102493,0.517449,81.164803,0.096979,0.535423,82.042397,0.089824,0.538163,69.085602,0.11442,0.445779,68.019203,0.108014,0.455903,71.738403,0.099231,0.446116,68.295197,0.10331,0.429992,59.2472,0.107559,0.400935
COLORWHEEL_4000_IMG_0611_0023,COLORWHEEL_4000,train,4000,Bilirubin:Moderate 50,Bilirubin:Moderate 50,,,Bilirubin,Moderate 50,COLORWHEEL_4000_SEMIQUANT.zip,1,1,0,,75.475998,0.120365,0.492207,65.239998,0.126099,0.475719,76.771202,0.102493,0.517449,81.164803,0.096979,0.535423,82.042397,0.089824,0.538163,69.085602,0.11442,0.445779,68.019203,0.108014,0.455903,71.738403,0.099231,0.446116,68.295197,0.10331,0.429992,59.2472,0.107559,0.400935
COLORWHEEL_4000_IMG_0611_0023,COLORWHEEL_4000,train,4000,Glucose:60 +++,Glucose:60 +++,,,Glucose,60 +++,COLORWHEEL_4000_SEMIQUANT.zip,1,1,0,,75.475998,0.120365,0.492207,65.239998,0.126099,0.475719,76.771202,0.102493,0.517449,81.164803,0.096979,0.535423,82.042397,0.089824,0.538163,69.085602,0.11442,0.445779,68.019203,0.108014,0.455903,71.738403,0.099231,0.446116,68.295197,0.10331,0.429992,59.2472,0.107559,0.400935
COLORWHEEL_4000_IMG_0613_0024,COLORWHEEL_4000,train,4000,Leukocytes:Moderate 125,Leukocytes:Moderate 125,,,Leukocytes,Moderate 125,COLORWHEEL_4000_SEMIQUANT.zip,1,1,0,,174.0,0.056888,0.75805,174.0,0.056649,0.759724,174.357605,0.05789,0.748684,173.862396,0.056963,0.760954,176.114395,0.057255,0.738707,171.528793,0.055316,0.714237,179.789597,0.051892,0.728263,179.531204,0.056342,0.720615,176.447998,0.0561,0.738797,176.362396,0.056099,0.733231
COLORWHEEL_4000_IMG_0613_0024,COLORWHEEL_4000,train,4000,Nitrite:Positive,Nitrite:Positive,,,Nitrite,Positive,COLORWHEEL_4000_SEMIQUANT.zip,1,1,0,,174.0,0.056888,0.75805,174.0,0.056649,0.759724,174.357605,0.05789,0.748684,173.862396,0.056963,0.760954,176.114395,0.057255,0.738707,171.528793,0.055316,0.714237,179.789597,0.051892,0.728263,179.531204,0.056342,0.720615,176.447998,0.0561,0.738797,176.362396,0.056099,0.733231
COLORWHEEL_4000_IMG_0613_0024,COLORWHEEL_4000,train,4000,Urobilinogen:64,Urobilinogen:64,,,Urobilinogen,64,COLORWHEEL_4000_SEMIQUANT.zip,1,1,0,,174.0,0.056888,0.75805,174.0,0.056649,0.759724,174.357605,0.05789,0.748684,173.862396,0.056963,0.760954,176.114395,0.057255,0.738707,171.528793,0.055316,0.714237,179.789597,0.051892,0.728263,179.531204,0.056342,0.720615,176.447998,0.0561,0.738797,176.362396,0.056099,0.733231
COLORWHEEL_4000_IMG_0613_0024,COLORWHEEL_4000,train,4000,Protein:>=20.0,Protein:>=20.0,,,Protein,>=20.0,COLORWHEEL_4000_SEMIQUANT.zip,1,1,0,,174.0,0.056888,0.75805,174.0,0.056649,0.759724,174.357605,0.05789,0.748684,173.862396,0.056963,0.760954,176.114395,0.057255,0.738707,171.528793,0.055316,0.714237,179.789597,0.051892,0.728263,179.531204,0.056342,0.720615,176.447998,0.0561,0.738797,176.362396,0.056099,0.733231
COLORWHEEL_4000_IMG_0613_0024,COLORWHEEL_4000,train,4000,pH:6.5,pH:6.5,,,pH,6.5,COLORWHEEL_4000_SEMIQUANT.zip,1,1,0,,174.0,0.056888,0.75805,174.0,0.056649,0.759724,174.357605,0.05789,0.748684,173.862396,0.056963,0.760954,176.114395,0.057255,0.738707,171.528793,0.055316,0.714237,179.789597,0.051892,0.728263,179.531204,0.056342,0.720615,176.447998,0.0561,0.738797,176.362396,0.056099,0.733231
COLORWHEEL_4000_IMG_0613_0024,COLORWHEEL_4000,train,4000,Blood:Large 200,Blood:Large 200,,,Blood,Large 200,COLORWHEEL_4000_SEMIQUANT.zip,1,1,0,,174.0,0.056888,0.75805,174.0,0.056649,0.759724,174.357605,0.05789,0.748684,173.862396,0.056963,0.760954,176.114395,0.057255,0.738707,171.528793,0.055316,0.714237,179.789597,0.051892,0.728263,179.531204,0.056342,0.720615,176.447998,0.0561,0.738797,176.362396,0.056099,0.733231
COLORWHEEL_4000_IMG_0613_0024,COLORWHEEL_4000,train,4000,Specific Gravity:1.010,Specific Gravity:1.010,,,Specific Gravity,1.010,COLORWHEEL_4000_SEMIQUANT.zip,1,1,0,,174.0,0.056888,0.75805,174.0,0.056649,0.759724,174.357605,0.05789,0.748684,173.862396,0.056963,0.760954,176.114395,0.057255,0.738707,171.528793,0.055316,0.714237,179.789597,0.051892,0.728263,179.531204,0.056342,0.720615,176.447998,0.0561,0.738797,176.362396,0.056099,0.733231
COLORWHEEL_4000_IMG_0613_0024,COLORWHEEL_4000,train,4000,Ketone:Large 16,Ketone:Large 16,,,Ketone,Large 16,COLORWHEEL_4000_SEMIQUANT.zip,1,1,0,,174.0,0.056888,0.75805,174.0,0.056649,0.759724,174.357605,0.05789,0.748684,173.862396,0.056963,0.760954,176.114395,0.057255,0.738707,171.528793,0.055316,0.714237,179.789597,0.051892,0.728263,179.531204,0.056342,0.720615,176.447998,0.0561,0.738797,176.362396,0.056099,0.733231
COLORWHEEL_4000_IMG_0613_0024,COLORWHEEL_4000,train,4000,Bilirubin:Large 100,Bilirubin:Large 100,,,Bilirubin,Large 100,COLORWHEEL_4000_SEMIQUANT.zip,1,1,0,,174.0,0.056888,0.75805,174.0,0.056649,0.759724,174.357605,0.05789,0.748684,173.862396,0.056963,0.760954,176.114395,0.057255,0.738707,171.528793,0.055316,0.714237,179.789597,0.051892,0.728263,179.531204,0.056342,0.720615,176.447998,0.0561,0.738797,176.362396,0.056099,0.733231
COLORWHEEL_4000_IMG_0613_0024,COLORWHEEL_4000,train,4000,Glucose:110 ++++,Glucose:110 ++++,,,Glucose,110 ++++,COLORWHEEL_4000_SEMIQUANT.zip,1,1,0,,174.0,0.056888,0.75805,174.0,0.056649,0.759724,174.357605,0.05789,0.748684,173.862396,0.056963,0.760954,176.114395,0.057255,0.738707,171.528793,0.055316,0.714237,179.789597,0.051892,0.728263,179.531204,0.056342,0.720615,176.447998,0.0561,0.738797,176.362396,0.056099,0.733231
COLORWHEEL_4000_IMG_0616_0025,COLORWHEEL_4000,train,4000,Leukocytes:Large 500,Leukocytes:Large 500,,,Leukocytes,Large 500,COLORWHEEL_4000_SEMIQUANT.zip,1,1,0,,184.107193,0.104541,0.821864,183.867203,0.10461,0.823587,182.325607,0.103864,0.811923,177.638397,0.103507,0.824913,184.108795,0.103512,0.799887,181.495193,0.102282,0.777547,180.3992,0.10259,0.789752,184.399994,0.102638,0.778773,183.544006,0.104573,0.801172,184.304794,0.103213,0.791878
COLORWHEEL_4000_IMG_0616_0025,COLORWHEEL_4000,train,4000,Nitrite:Neg,Nitrite:Neg,,,Nitrite,Neg,COLORWHEEL_4000_SEMIQUANT.zip,1,1,0,,184.107193,0.104541,0.821864,183.867203,0.10461,0.823587,182.325607,0.103864,0.811923,177.638397,0.103507,0.824913,184.108795,0.103512,0.799887,181.495193,0.102282,0.777547,180.3992,0.10259,0.789752,184.399994,0.102638,0.778773,183.544006,0.104573,0.801172,184.304794,0.103213,0.791878
COLORWHEEL_4000_IMG_0616_0025,COLORWHEEL_4000,train,4000,Urobilinogen:128,Urobilinogen:128,,,Urobilinogen,128,COLORWHEEL_4000_SEMIQUANT.zip,1,1,0,,184.107193,0.104541,0.821864,183.867203,0.10461,0.823587,182.325607,0.103864,0.811923,177.638397,0.103507,0.824913,184.108795,0.103512,0.799887,181.495193,0.102282,0.777547,180.3992,0.10259,0.789752,184.399994,0.102638,0.778773,183.544006,0.104573,0.801172,184.304794,0.103213,0.791878
COLORWHEEL_4000_IMG_0616_0025,COLORWHEEL_4000,train,4000,Protein:Neg,Protein:Neg,,,Protein,Neg,COLORWHEEL_4000_SEMIQUANT.zip,1,1,0,,184.107193,0.104541,0.821864,183.867203,0.10461,0.823587,182.325607,0.103864,0.811923,177.638397,0.103507,0.824913,184.108795,0.103512,0.799887,181.495193,0.102282,0.777547,180.3992,0.10259,0.789752,184.399994,0.102638,0.778773,183.544006,0.104573,0.801172,184.304794,0.103213,0.791878
COLORWHEEL_4000_IMG_0616_0025,COLORWHEEL_4000,train,4000,pH:7.0,pH:7.0,,,pH,7.0,COLORWHEEL_4000_SEMIQUANT.zip,1,1,0,,184.107193,0.104541,0.821864,183.867203,0.10461,0.823587,182.325607,0.103864,0.811923,177.638397,0.103507,0.824913,184.108795,0.103512,0.799887,181.495193,0.102282,0.777547,180.3992,0.10259,0.789752,184.399994,0.102638,0.778773,183.544006,0.104573,0.801172,184.304794,0.103213,0.791878
COLORWHEEL_4000_IMG_0616_0025,COLORWHEEL_4000,train,4000,Blood:Neg,Blood:Neg,,,Blood,Neg,COLORWHEEL_4000_SEMIQUANT.zip,1,1,0,,184.107193,0.104541,0.821864,183.867203,0.10461,0.823587,182.325607,0.103864,0.811923,177.638397,0.103507,0.824913,184.108795,0.103512,0.799887,181.495193,0.102282,0.777547,180.3992,0.10259,0.789752,184.399994,0.102638,0.778773,183.544006,0.104573,0.801172,184.304794,0.103213,0.791878
COLORWHEEL_4000_IMG_0616_0025,COLORWHEEL_4000,train,4000,Specific Gravity:1.015,Specific Gravity:1.015,,,Specific Gravity,1.015,COLORWHEEL_4000_SEMIQUANT.zip,1,1,0,,184.107193,0.104541,0.821864,183.867203,0.10461,0.823587,182.325607,0.103864,0.811923,177.638397,0.103507,0.824913,184.108795,0.103512,0.799887,181.495193,0.102282,0.777547,180.3992,0.10259,0.789752,184.399994,0.102638,0.778773,183.544006,0.104573,0.801172,184.304794,0.103213,0.791878
COLORWHEEL_4000_IMG_0616_0025,COLORWHEEL_4000,train,4000,Ketone:Neg,Ketone:Neg,,,Ketone,Neg,COLORWHEEL_4000_SEMIQUANT.zip,1,1,0,,184.107193,0.104541,0.821864,183.867203,0.10461,0.823587,182.325607,0.103864,0.811923,177.638397,0.103507,0.824913,184.108795,0.103512,0.799887,181.495193,0.102282,0.777547,180.3992,0.10259,0.789752,184.399994,0.102638,0.778773,183.544006,0.104573,0.801172,184.304794,0.103213,0.791878
COLORWHEEL_4000_IMG_0616_0025,COLORWHEEL_4000,train,4000,Bilirubin:Neg,Bilirubin:Neg,,,Bilirubin,Neg,COLORWHEEL_4000_SEMIQUANT.zip,1,1,0,,184.107193,0.104541,0.821864,183.867203,0.10461,0.823587,182.325607,0.103864,0.811923,177.638397,0.103507,0.824913,184.108795,0.103512,0.799887,181.495193,0.102282,0.777547,180.3992,0.10259,0.789752,184.399994,0.102638,0.778773,183.544006,0.104573,0.801172,184.304794,0.103213,0.791878
COLORWHEEL_4000_IMG_0616_0025,COLORWHEEL_4000,train,4000,Glucose:Neg,Glucose:Neg,,,Glucose,Neg,COLORWHEEL_4000_SEMIQUANT.zip,1,1,0,,184.107193,0.104541,0.821864,183.867203,0.10461,0.823587,182.325607,0.103864,0.811923,177.638397,0.103507,0.824913,184.108795,0.103512,0.799887,181.495193,0.102282,0.777547,180.3992,0.10259,0.789752,184.399994,0.102638,0.778773,183.544006,0.104573,0.801172,184.304794,0.103213,0.791878
COLORWHEEL_4000_IMG_0619_0026,COLORWHEEL_4000,train,4000,Leukocytes:Neg,Leukocytes:Neg,,,Leukocytes,Neg,COLORWHEEL_4000_SEMIQUANT.zip,1,1,0,,183.570404,0.164107,0.861409,183.761597,0.163431,0.86341,184.000793,0.163412,0.849638,183.992798,0.163347,0.866215,183.972,0.163087,0.838147,184.375198,0.160665,0.811964,183.923203,0.162558,0.825382,184.499207,0.160936,0.817762,185.664001,0.165004,0.838292,185.287201,0.16397,0.833187
COLORWHEEL_4000_IMG_0619_0026,COLORWHEEL_4000,train,4000,Nitrite:Positive,Nitrite:Positive,,,Nitrite,Positive,COLORWHEEL_4000_SEMIQUANT.zip,1,1,0,,183.570404,0.164107,0.861409,183.761597,0.163431,0.86341,184.000793,0.163412,0.849638,183.992798,0.163347,0.866215,183.972,0.163087,0.838147,184.375198,0.160665,0.811964,183.923203,0.162558,0.825382,184.499207,0.160936,0.817762,185.664001,0.165004,0.838292,185.287201,0.16397,0.833187
COLORWHEEL_4000_IMG_0619_0026,COLORWHEEL_4000,train,4000,Urobilinogen:3.2,Urobilinogen:3.2,,,Urobilinogen,3.2,COLORWHEEL_4000_SEMIQUANT.zip,1,1,0,,183.570404,0.164107,0.861409,183.761597,0.163431,0.86341,184.000793,0.163412,0.849638,183.992798,0.163347,0.866215,183.972,0.163087,0.838147,184.375198,0.160665,0.811964,183.923203,0.162558,0.825382,184.499207,0.160936,0.817762,185.664001,0.165004,0.838292,185.287201,0.16397,0.833187
COLORWHEEL_4000_IMG_0619_0026,COLORWHEEL_4000,train,4000,Protein:Trace,Protein:Trace,,,Protein,Trace,COLORWHEEL_4000_SEMIQUANT.zip,1,1,0,,183.570404,0.164107,0.861409,183.761597,0.163431,0.86341,184.000793,0.163412,0.849638,183.992798,0.163347,0.866215,183.972,0.163087,0.838147,184.375198,0.160665,0.811964,183.923203,0.162558,0.825382,184.499207,0.160936,0.817762,185.664001,0.165004,0.838292,185.287201,0.16397,0.833187
COLORWHEEL_4000_IMG_0619_0026,COLORWHEEL_4000,train,4000,pH:7.5,pH:7.5,,,pH,7.5,COLORWHEEL_4000_SEMIQUANT.zip,1,1,0,,183.570404,0.164107,0.861409,183.761597,0.163431,0.86341,184.000793,0.163412,0.849638,183.992798,0.163347,0.866215,183.972,0.163087,0.838147,184.375198,0.160665,0.811964,183.923203,0.162558,0.825382,184.499207,0.160936,0.817762,185.664001,0.165004,0.838292,185.287201,0.16397,0.833187
COLORWHEEL_4000_IMG_0619_0026,COLORWHEEL_4000,train,4000,Blood:Non-hemolyzed 10,Blood:Non-hemolyzed 10,,,Blood,Non-hemolyzed 10,COLORWHEEL_4000_SEMIQUANT.zip,1,1,0,,183.570404,0.164107,0.861409,183.761597,0.163431,0.86341,184.000793,0.163412,0.849638,183.992798,0.163347,0.866215,183.972,0.163087,0.838147,184.375198,0.160665,0.811964,183.923203,0.162558,0.825382,184.499207,0.160936,0.817762,185.664001,0.165004,0.838292,185.287201,0.16397,0.833187
COLORWHEEL_4000_IMG_0619_0026,COLORWHEEL_4000,train,4000,Specific Gravity:1.020,Specific Gravity:1.020,,,Specific Gravity,1.020,COLORWHEEL_4000_SEMIQUANT.zip,1,1,0,,183.570404,0.164107,0.861409,183.761597,0.163431,0.86341,184.000793,0.163412,0.849638,183.992798,0.163347,0.866215,183.972,0.163087,0.838147,184.375198,0.160665,0.811964,183.923203,0.162558,0.825382,184.499207,0.160936,0.817762,185.664001,0.165004,0.838292,185.287201,0.16397,0.833187
COLORWHEEL_4000_IMG_0619_0026,COLORWHEEL_4000,train,4000,Ketone:Trace 0.5,Ketone:Trace 0.5,,,Ketone,Trace 0.5,COLORWHEEL_4000_SEMIQUANT.zip,1,1,0,,183.570404,0.164107,0.861409,183.761597,0.163431,0.86341,184.000793,0.163412,0.849638,183.992798,0.163347,0.866215,183.972,0.163087,0.838147,184.375198,0.160665,0.811964,183.923203,0.162558,0.825382,184.499207,0.160936,0.817762,185.664001,0.165004,0.838292,185.287201,0.16397,0.833187
COLORWHEEL_4000_IMG_0619_0026,COLORWHEEL_4000,train,4000,Bilirubin:Small 17,Bilirubin:Small 17,,,Bilirubin,Small 17,COLORWHEEL_4000_SEMIQUANT.zip,1,1,0,,183.570404,0.164107,0.861409,183.761597,0.163431,0.86341,184.000793,0.163412,0.849638,183.992798,0.163347,0.866215,183.972,0.163087,0.838147,184.375198,0.160665,0.811964,183.923203,0.162558,0.825382,184.499207,0.160936,0.817762,185.664001,0.165004,0.838292,185.287201,0.16397,0.833187
COLORWHEEL_4000_IMG_0619_0026,COLORWHEEL_4000,train,4000,Glucose:Trace 5,Glucose:Trace 5,,,Glucose,Trace 5,COLORWHEEL_4000_SEMIQUANT.zip,1,1,0,,183.570404,0.164107,0.861409,183.761597,0.163431,0.86341,184.000793,0.163412,0.849638,183.992798,0.163347,0.866215,183.972,0.163087,0.838147,184.375198,0.160665,0.811964,183.923203,0.162558,0.825382,184.499207,0.160936,0.817762,185.664001,0.165004,0.838292,185.287201,0.16397,0.833187
COLORWHEEL_4000_IMG_0622_0027,COLORWHEEL_4000,train,4000,Leukocytes:Trace 15,Leukocytes:Trace 15,,,Leukocytes,Trace 15,COLORWHEEL_4000_SEMIQUANT.zip,1,1,0,,129.463196,0.155304,0.873335,129.699203,0.155482,0.875965,129.152802,0.155195,0.864946,129.649597,0.155404,0.877454,129.259201,0.154871,0.849981,128.856003,0.153699,0.830136,128.0112,0.14936,0.836318,129.144806,0.153879,0.833769,129.249603,0.154602,0.847501,129.334396,0.154765,0.84774
COLORWHEEL_4000_IMG_0622_0027,COLORWHEEL_4000,train,4000,Nitrite:Neg,Nitrite:Neg,,,Nitrite,Neg,COLORWHEEL_4000_SEMIQUANT.zip,1,1,0,,129.463196,0.155304,0.873335,129.699203,0.155482,0.875965,129.152802,0.155195,0.864946,129.649597,0.155404,0.877454,129.259201,0.154871,0.849981,128.856003,0.153699,0.830136,128.0112,0.14936,0.836318,129.144806,0.153879,0.833769,129.249603,0.154602,0.847501,129.334396,0.154765,0.84774
COLORWHEEL_4000_IMG_0622_0027,COLORWHEEL_4000,train,4000,Urobilinogen:16,Urobilinogen:16,,,Urobilinogen,16,COLORWHEEL_4000_SEMIQUANT.zip,1,1,0,,129.463196,0.155304,0.873335,129.699203,0.155482,0.875965,129.152802,0.155195,0.864946,129.649597,0.155404,0.877454,129.259201,0.154871,0.849981,128.856003,0.153699,0.830136,128.0112,0.14936,0.836318,129.144806,0.153879,0.833769,129.249603,0.154602,0.847501,129.334396,0.154765,0.84774
COLORWHEEL_4000_IMG_0622_0027,COLORWHEEL_4000,train,4000,Protein:0.3,Protein:0.3,,,Protein,0.3,COLORWHEEL_4000_SEMIQUANT.zip,1,1,0,,129.463196,0.155304,0.873335,129.699203,0.155482,0.875965,129.152802,0.155195,0.864946,129.649597,0.155404,0.877454,129.259201,0.154871,0.849981,128.856003,0.153699,0.830136,128.0112,0.14936,0.836318,129.144806,0.153879,0.833769,129.249603,0.154602,0.847501,129.334396,0.154765,0.84774
COLORWHEEL_4000_IMG_0622_0027,COLORWHEEL_4000,train,4000,pH:8.0,pH:8.0,,,pH,8.0,COLORWHEEL_4000_SEMIQUANT.zip,1,1,0,,129.463196,0.155304,0.873335,129.699203,0.155482,0.875965,129.152802,0.155195,0.864946,129.649597,0.155404,0.877454,129.259201,0.154871,0.849981,128.856003,0.153699,0.830136,128.0112,0.14936,0.836318,129.144806,0.153879,0.833769,129.249603,0.154602,0.847501,129.334396,0.154765,0.84774
COLORWHEEL_4000_IMG_0622_0027,COLORWHEEL_4000,train,4000,Blood:Hemolyzed 10,Blood:Hemolyzed 10,,,Blood,Hemolyzed 10,COLORWHEEL_4000_SEMIQUANT.zip,1,1,0,,129.463196,0.155304,0.873335,129.699203,0.155482,0.875965,129.152802,0.155195,0.864946,129.649597,0.155404,0.877454,129.259201,0.154871,0.849981,128.856003,0.153699,0.830136,128.0112,0.14936,0.836318,129.144806,0.153879,0.833769,129.249603,0.154602,0.847501,129.334396,0.154765,0.84774
COLORWHEEL_4000_IMG_0622_0027,COLORWHEEL_4000,train,4000,Specific Gravity:1.025,Specific Gravity:1.025,,,Specific Gravity,1.025,COLORWHEEL_4000_SEMIQUANT.zip,1,1,0,,129.463196,0.155304,0.873335,129.699203,0.155482,0.875965,129.152802,0.155195,0.864946,129.649597,0.155404,0.877454,129.259201,0.154871,0.849981,128.856003,0.153699,0.830136,128.0112,0.14936,0.836318,129.144806,0.153879,0.833769,129.249603,0.154602,0.847501,129.334396,0.154765,0.84774
COLORWHEEL_4000_IMG_0622_0027,COLORWHEEL_4000,train,4000,Ketone:Small 1.5,Ketone:Small 1.5,,,Ketone,Small 1.5,COLORWHEEL_4000_SEMIQUANT.zip,1,1,0,,129.463196,0.155304,0.873335,129.699203,0.155482,0.875965,129.152802,0.155195,0.864946,129.649597,0.155404,0.877454,129.259201,0.154871,0.849981,128.856003,0.153699,0.830136,128.0112,0.14936,0.836318,129.144806,0.153879,0.833769,129.249603,0.154602,0.847501,129.334396,0.154765,0.84774
COLORWHEEL_4000_IMG_0622_0027,COLORWHEEL_4000,train,4000,Bilirubin:Moderate 50,Bilirubin:Moderate 50,,,Bilirubin,Moderate 50,COLORWHEEL_4000_SEMIQUANT.zip,1,1,0,,129.463196,0.155304,0.873335,129.699203,0.155482,0.875965,129.152802,0.155195,0.864946,129.649597,0.155404,0.877454,129.259201,0.154871,0.849981,128.856003,0.153699,0.830136,128.0112,0.14936,0.836318,129.144806,0.153879,0.833769,129.249603,0.154602,0.847501,129.334396,0.154765,0.84774
COLORWHEEL_4000_IMG_0622_0027,COLORWHEEL_4000,train,4000,Glucose:15 +,Glucose:15 +,,,Glucose,15 +,COLORWHEEL_4000_SEMIQUANT.zip,1,1,0,,129.463196,0.155304,0.873335,129.699203,0.155482,0.875965,129.152802,0.155195,0.864946,129.649597,0.155404,0.877454,129.259201,0.154871,0.849981,128.856003,0.153699,0.830136,128.0112,0.14936,0.836318,129.144806,0.153879,0.833769,129.249603,0.154602,0.847501,129.334396,0.154765,0.84774
COLORWHEEL_5500_IMG_0542_0001,COLORWHEEL_5500,train,5500,Leukocytes:Neg,Leukocytes:Neg,,,Leukocytes,Neg,COLORWHEEL_5500_SEMIQUANT.zip,1,1,0,,36.506401,0.259089,1.0,35.424801,0.263206,1.0,37.484001,0.255889,1.0,38.203201,0.250359,1.0,39.032799,0.247567,1.0,65.599998,0.356845,0.83861,42.322399,0.228976,1.0,42.2248,0.228718,1.0,58.3256,0.272638,0.905082,61.498402,0.281518,0.910689
COLORWHEEL_5500_IMG_0542_0001,COLORWHEEL_5500,train,5500,Nitrite:Neg,Nitrite:Neg,,,Nitrite,Neg,COLORWHEEL_5500_SEMIQUANT.zip,1,1,0,,36.506401,0.259089,1.0,35.424801,0.263206,1.0,37.484001,0.255889,1.0,38.203201,0.250359,1.0,39.032799,0.247567,1.0,65.599998,0.356845,0.83861,42.322399,0.228976,1.0,42.2248,0.228718,1.0,58.3256,0.272638,0.905082,61.498402,0.281518,0.910689
COLORWHEEL_5500_IMG_0542_0001,COLORWHEEL_5500,train,5500,Urobilinogen:3.2,Urobilinogen:3.2,,,Urobilinogen,3.2,COLORWHEEL_5500_SEMIQUANT.zip,1,1,0,,36.506401,0.259089,1.0,35.424801,0.263206,1.0,37.484001,0.255889,1.0,38.203201,0.250359,1.0,39.032799,0.247567,1.0,65.599998,0.356845,0.83861,42.322399,0.228976,1.0,42.2248,0.228718,1.0,58.3256,0.272638,0.905082,61.498402,0.281518,0.910689
COLORWHEEL_5500_IMG_0542_0001,COLORWHEEL_5500,train,5500,Protein:Neg,Protein:Neg,,,Protein,Neg,COLORWHEEL_5500_SEMIQUANT.zip,1,1,0,,36.506401,0.259089,1.0,35.424801,0.263206,1.0,37.484001,0.255889,1.0,38.203201,0.250359,1.0,39.032799,0.247567,1.0,65.599998,0.356845,0.83861,42.322399,0.228976,1.0,42.2248,0.228718,1.0,58.3256,0.272638,0.905082,61.498402,0.281518,0.910689
COLORWHEEL_5500_IMG_0542_0001,COLORWHEEL_5500,train,5500,pH:5.0,pH:5.0,,,pH,5.0,COLORWHEEL_5500_SEMIQUANT.zip,1,1,0,,36.506401,0.259089,1.0,35.424801,0.263206,1.0,37.484001,0.255889,1.0,38.203201,0.250359,1.0,39.032799,0.247567,1.0,65.599998,0.356845,0.83861,42.322399,0.228976,1.0,42.2248,0.228718,1.0,58.3256,0.272638,0.905082,61.498402,0.281518,0.910689
COLORWHEEL_5500_IMG_0542_0001,COLORWHEEL_5500,train,5500,Blood:Neg,Blood:Neg,,,Blood,Neg,COLORWHEEL_5500_SEMIQUANT.zip,1,1,0,,36.506401,0.259089,1.0,35.424801,0.263206,1.0,37.484001,0.255889,1.0,38.203201,0.250359,1.0,39.032799,0.247567,1.0,65.599998,0.356845,0.83861,42.322399,0.228976,1.0,42.2248,0.228718,1.0,58.3256,0.272638,0.905082,61.498402,0.281518,0.910689
COLORWHEEL_5500_IMG_0542_0001,COLORWHEEL_5500,train,5500,Specific Gravity:1.000,Specific Gravity:1.000,,,Specific Gravity,1.000,COLORWHEEL_5500_SEMIQUANT.zip,1,1,0,,36.506401,0.259089,1.0,35.424801,0.263206,1.0,37.484001,0.255889,1.0,38.203201,0.250359,1.0,39.032799,0.247567,1.0,65.599998,0.356845,0.83861,42.322399,0.228976,1.0,42.2248,0.228718,1.0,58.3256,0.272638,0.905082,61.498402,0.281518,0.910689
COLORWHEEL_5500_IMG_0542_0001,COLORWHEEL_5500,train,5500,Ketone:Neg,Ketone:Neg,,,Ketone,Neg,COLORWHEEL_5500_SEMIQUANT.zip,1,1,0,,36.506401,0.259089,1.0,35.424801,0.263206,1.0,37.484001,0.255889,1.0,38.203201,0.250359,1.0,39.032799,0.247567,1.0,65.599998,0.356845,0.83861,42.322399,0.228976,1.0,42.2248,0.228718,1.0,58.3256,0.272638,0.905082,61.498402,0.281518,0.910689
COLORWHEEL_5500_IMG_0542_0001,COLORWHEEL_5500,train,5500,Bilirubin:Neg,Bilirubin:Neg,,,Bilirubin,Neg,COLORWHEEL_5500_SEMIQUANT.zip,1,1,0,,36.506401,0.259089,1.0,35.424801,0.263206,1.0,37.484001,0.255889,1.0,38.203201,0.250359,1.0,39.032799,0.247567,1.0,65.599998,0.356845,0.83861,42.322399,0.228976,1.0,42.2248,0.228718,1.0,58.3256,0.272638,0.905082,61.498402,0.281518,0.910689
COLORWHEEL_5500_IMG_0542_0001,COLORWHEEL_5500,train,5500,Glucose:Neg,Glucose:Neg,,,Glucose,Neg,COLORWHEEL_5500_SEMIQUANT.zip,1,1,0,,36.506401,0.259089,1.0,35.424801,0.263206,1.0,37.484001,0.255889,1.0,38.203201,0.250359,1.0,39.032799,0.247567,1.0,65.599998,0.356845,0.83861,42.322399,0.228976,1.0,42.2248,0.228718,1.0,58.3256,0.272638,0.905082,61.498402,0.281518,0.910689
COLORWHEEL_5500_IMG_0545_0002,COLORWHEEL_5500,train,5500,Leukocytes:Trace 15,Leukocytes:Trace 15,,,Leukocytes,Trace 15,COLORWHEEL_5500_SEMIQUANT.zip,1,1,0,,56.736801,0.251802,1.0,56.619999,0.25218,1.0,57.448799,0.248439,1.0,59.079201,0.238212,1.0,59.8624,0.233755,1.0,58.1712,0.245357,1.0,59.746399,0.228284,1.0,60.0,0.21816,1.0,58.861599,0.232784,1.0,72.363998,0.296842,0.936524
COLORWHEEL_5500_IMG_0545_0002,COLORWHEEL_5500,train,5500,Nitrite:Positive,Nitrite:Positive,,,Nitrite,Positive,COLORWHEEL_5500_SEMIQUANT.zip,1,1,0,,56.736801,0.251802,1.0,56.619999,0.25218,1.0,57.448799,0.248439,1.0,59.079201,0.238212,1.0,59.8624,0.233755,1.0,58.1712,0.245357,1.0,59.746399,0.228284,1.0,60.0,0.21816,1.0,58.861599,0.232784,1.0,72.363998,0.296842,0.936524
COLORWHEEL_5500_IMG_0545_0002,COLORWHEEL_5500,train,5500,Urobilinogen:16,Urobilinogen:16,,,Urobilinogen,16,COLORWHEEL_5500_SEMIQUANT.zip,1,1,0,,56.736801,0.251802,1.0,56.619999,0.25218,1.0,57.448799,0.248439,1.0,59.079201,0.238212,1.0,59.8624,0.233755,1.0,58.1712,0.245357,1.0,59.746399,0.228284,1.0,60.0,0.21816,1.0,58.861599,0.232784,1.0,72.363998,0.296842,0.936524
COLORWHEEL_5500_IMG_0545_0002,COLORWHEEL_5500,train,5500,Protein:Trace,Protein:Trace,,,Protein,Trace,COLORWHEEL_5500_SEMIQUANT.zip,1,1,0,,56.736801,0.251802,1.0,56.619999,0.25218,1.0,57.448799,0.248439,1.0,59.079201,0.238212,1.0,59.8624,0.233755,1.0,58.1712,0.245357,1.0,59.746399,0.228284,1.0,60.0,0.21816,1.0,58.861599,0.232784,1.0,72.363998,0.296842,0.936524
COLORWHEEL_5500_IMG_0545_0002,COLORWHEEL_5500,train,5500,pH:6.0,pH:6.0,,,pH,6.0,COLORWHEEL_5500_SEMIQUANT.zip,1,1,0,,56.736801,0.251802,1.0,56.619999,0.25218,1.0,57.448799,0.248439,1.0,59.079201,0.238212,1.0,59.8624,0.233755,1.0,58.1712,0.245357,1.0,59.746399,0.228284,1.0,60.0,0.21816,1.0,58.861599,0.232784,1.0,72.363998,0.296842,0.936524
COLORWHEEL_5500_IMG_0545_0002,COLORWHEEL_5500,train,5500,Blood:Non-hemolyzed 10,Blood:Non-hemolyzed 10,,,Blood,Non-hemolyzed 10,COLORWHEEL_5500_SEMIQUANT.zip,1,1,0,,56.736801,0.251802,1.0,56.619999,0.25218,1.0,57.448799,0.248439,1.0,59.079201,0.238212,1.0,59.8624,0.233755,1.0,58.1712,0.245357,1.0,59.746399,0.228284,1.0,60.0,0.21816,1.0,58.861599,0.232784,1.0,72.363998,0.296842,0.936524
COLORWHEEL_5500_IMG_0545_0002,COLORWHEEL_5500,train,5500,Specific Gravity:1.005,Specific Gravity:1.005,,,Specific Gravity,1.005,COLORWHEEL_5500_SEMIQUANT.zip,1,1,0,,56.736801,0.251802,1.0,56.619999,0.25218,1.0,57.448799,0.248439,1.0,59.079201,0.238212,1.0,59.8624,0.233755,1.0,58.1712,0.245357,1.0,59.746399,0.228284,1.0,60.0,0.21816,1.0,58.861599,0.232784,1.0,72.363998,0.296842,0.936524
COLORWHEEL_5500_IMG_0545_0002,COLORWHEEL_5500,train,5500,Ketone:Trace 0.5,Ketone:Trace 0.5,,,Ketone,Trace 0.5,COLORWHEEL_5500_SEMIQUANT.zip,1,1,0,,56.736801,0.251802,1.0,56.619999,0.25218,1.0,57.448799,0.248439,1.0,59.079201,0.238212,1.0,59.8624,0.233755,1.0,58.1712,0.245357,1.0,59.746399,0.228284,1.0,60.0,0.21816,1.0,58.861599,0.232784,1.0,72.363998,0.296842,0.936524
COLORWHEEL_5500_IMG_0545_0002,COLORWHEEL_5500,train,5500,Bilirubin:Small 17,Bilirubin:Small 17,,,Bilirubin,Small 17,COLORWHEEL_5500_SEMIQUANT.zip,1,1,0,,56.736801,0.251802,1.0,56.619999,0.25218,1.0,57.448799,0.248439,1.0,59.079201,0.238212,1.0,59.8624,0.233755,1.0,58.1712,0.245357,1.0,59.746399,0.228284,1.0,60.0,0.21816,1.0,58.861599,0.232784,1.0,72.363998,0.296842,0.936524
COLORWHEEL_5500_IMG_0545_0002,COLORWHEEL_5500,train,5500,Glucose:Trace 5,Glucose:Trace 5,,,Glucose,Trace 5,COLORWHEEL_5500_SEMIQUANT.zip,1,1,0,,56.736801,0.251802,1.0,56.619999,0.25218,1.0,57.448799,0.248439,1.0,59.079201,0.238212,1.0,59.8624,0.233755,1.0,58.1712,0.245357,1.0,59.746399,0.228284,1.0,60.0,0.21816,1.0,58.861599,0.232784,1.0,72.363998,0.296842,0.936524
COLORWHEEL_5500_IMG_0548_0003,COLORWHEEL_5500,train,5500,Leukocytes:Small 70,Leukocytes:Small 70,,,Leukocytes,Small 70,COLORWHEEL_5500_SEMIQUANT.zip,1,1,0,,60.0,0.258287,1.0,60.0,0.257318,1.0,60.0,0.254751,1.0,60.0,0.243369,1.0,60.0,0.242055,1.0,71.374397,0.352767,0.877297,60.0,0.226841,1.0,60.0,0.225989,1.0,67.115997,0.29349,0.932891,64.601601,0.297777,0.960337
COLORWHEEL_5500_IMG_0548_0003,COLORWHEEL_5500,train,5500,Nitrite:Neg,Nitrite:Neg,,,Nitrite,Neg,COLORWHEEL_5500_SEMIQUANT.zip,1,1,0,,60.0,0.258287,1.0,60.0,0.257318,1.0,60.0,0.254751,1.0,60.0,0.243369,1.0,60.0,0.242055,1.0,71.374397,0.352767,0.877297,60.0,0.226841,1.0,60.0,0.225989,1.0,67.115997,0.29349,0.932891,64.601601,0.297777,0.960337
COLORWHEEL_5500_IMG_0548_0003,COLORWHEEL_5500,train,5500,Urobilinogen:32,Urobilinogen:32,,,Urobilinogen,32,COLORWHEEL_5500_SEMIQUANT.zip,1,1,0,,60.0,0.258287,1.0,60.0,0.257318,1.0,60.0,0.254751,1.0,60.0,0.243369,1.0,60.0,0.242055,1.0,71.374397,0.352767,0.877297,60.0,0.226841,1.0,60.0,0.225989,1.0,67.115997,0.29349,0.932891,64.601601,0.297777,0.960337
COLORWHEEL_5500_IMG_0548_0003,COLORWHEEL_5500,train,5500,Protein:0.3,Protein:0.3,,,Protein,0.3,COLORWHEEL_5500_SEMIQUANT.zip,1,1,0,,60.0,0.258287,1.0,60.0,0.257318,1.0,60.0,0.254751,1.0,60.0,0.243369,1.0,60.0,0.242055,1.0,71.374397,0.352767,0.877297,60.0,0.226841,1.0,60.0,0.225989,1.0,67.115997,0.29349,0.932891,64.601601,0.297777,0.960337
COLORWHEEL_5500_IMG_0548_0003,COLORWHEEL_5500,train,5500,pH:6.5,pH:6.5,,,pH,6.5,COLORWHEEL_5500_SEMIQUANT.zip,1,1,0,,60.0,0.258287,1.0,60.0,0.257318,1.0,60.0,0.254751,1.0,60.0,0.243369,1.0,60.0,0.242055,1.0,71.374397,0.352767,0.877297,60.0,0.226841,1.0,60.0,0.225989,1.0,67.115997,0.29349,0.932891,64.601601,0.297777,0.960337
COLORWHEEL_5500_IMG_0548_0003,COLORWHEEL_5500,train,5500,Blood:Hemolyzed 10,Blood:Hemolyzed 10,,,Blood,Hemolyzed 10,COLORWHEEL_5500_SEMIQUANT.zip,1,1,0,,60.0,0.258287,1.0,60.0,0.257318,1.0,60.0,0.254751,1.0,60.0,0.243369,1.0,60.0,0.242055,1.0,71.374397,0.352767,0.877297,60.0,0.226841,1.0,60.0,0.225989,1.0,67.115997,0.29349,0.932891,64.601601,0.297777,0.960337
COLORWHEEL_5500_IMG_0548_0003,COLORWHEEL_5500,train,5500,Specific Gravity:1.010,Specific Gravity:1.010,,,Specific Gravity,1.010,COLORWHEEL_5500_SEMIQUANT.zip,1,1,0,,60.0,0.258287,1.0,60.0,0.257318,1.0,60.0,0.254751,1.0,60.0,0.243369,1.0,60.0,0.242055,1.0,71.374397,0.352767,0.877297,60.0,0.226841,1.0,60.0,0.225989,1.0,67.115997,0.29349,0.932891,64.601601,0.297777,0.960337
COLORWHEEL_5500_IMG_0548_0003,COLORWHEEL_5500,train,5500,Ketone:Small 1.5,Ketone:Small 1.5,,,Ketone,Small 1.5,COLORWHEEL_5500_SEMIQUANT.zip,1,1,0,,60.0,0.258287,1.0,60.0,0.257318,1.0,60.0,0.254751,1.0,60.0,0.243369,1.0,60.0,0.242055,1.0,71.374397,0.352767,0.877297,60.0,0.226841,1.0,60.0,0.225989,1.0,67.115997,0.29349,0.932891,64.601601,0.297777,0.960337
COLORWHEEL_5500_IMG_0548_0003,COLORWHEEL_5500,train,5500,Bilirubin:Moderate 50,Bilirubin:Moderate 50,,,Bilirubin,Moderate 50,COLORWHEEL_5500_SEMIQUANT.zip,1,1,0,,60.0,0.258287,1.0,60.0,0.257318,1.0,60.0,0.254751,1.0,60.0,0.243369,1.0,60.0,0.242055,1.0,71.374397,0.352767,0.877297,60.0,0.226841,1.0,60.0,0.225989,1.0,67.115997,0.29349,0.932891,64.601601,0.297777,0.960337
COLORWHEEL_5500_IMG_0548_0003,COLORWHEEL_5500,train,5500,Glucose:15 +,Glucose:15 +,,,Glucose,15 +,COLORWHEEL_5500_SEMIQUANT.zip,1,1,0,,60.0,0.258287,1.0,60.0,0.257318,1.0,60.0,0.254751,1.0,60.0,0.243369,1.0,60.0,0.242055,1.0,71.374397,0.352767,0.877297,60.0,0.226841,1.0,60.0,0.225989,1.0,67.115997,0.29349,0.932891,64.601601,0.297777,0.960337
COLORWHEEL_5500_IMG_0551_0004,COLORWHEEL_5500,train,5500,Leukocytes:Moderate 125,Leukocytes:Moderate 125,,,Leukocytes,Moderate 125,COLORWHEEL_5500_SEMIQUANT.zip,1,1,0,,41.4184,0.201533,1.0,44.144798,0.194593,1.0,47.6656,0.188066,1.0,49.590401,0.183933,1.0,50.203999,0.182293,1.0,75.863998,0.327319,0.837925,52.9328,0.171933,1.0,53.822399,0.17096,1.0,52.380798,0.174662,1.0,52.321602,0.175213,1.0
COLORWHEEL_5500_IMG_0551_0004,COLORWHEEL_5500,train,5500,Nitrite:Positive,Nitrite:Positive,,,Nitrite,Positive,COLORWHEEL_5500_SEMIQUANT.zip,1,1,0,,41.4184,0.201533,1.0,44.144798,0.194593,1.0,47.6656,0.188066,1.0,49.590401,0.183933,1.0,50.203999,0.182293,1.0,75.863998,0.327319,0.837925,52.9328,0.171933,1.0,53.822399,0.17096,1.0,52.380798,0.174662,1.0,52.321602,0.175213,1.0
COLORWHEEL_5500_IMG_0551_0004,COLORWHEEL_5500,train,5500,Urobilinogen:64,Urobilinogen:64,,,Urobilinogen,64,COLORWHEEL_5500_SEMIQUANT.zip,1,1,0,,41.4184,0.201533,1.0,44.144798,0.194593,1.0,47.6656,0.188066,1.0,49.590401,0.183933,1.0,50.203999,0.182293,1.0,75.863998,0.327319,0.837925,52.9328,0.171933,1.0,53.822399,0.17096,1.0,52.380798,0.174662,1.0,52.321602,0.175213,1.0
COLORWHEEL_5500_IMG_0551_0004,COLORWHEEL_5500,train,5500,Protein:1.0,Protein:1.0,,,Protein,1.0,COLORWHEEL_5500_SEMIQUANT.zip,1,1,0,,41.4184,0.201533,1.0,44.144798,0.194593,1.0,47.6656,0.188066,1.0,49.590401,0.183933,1.0,50.203999,0.182293,1.0,75.863998,0.327319,0.837925,52.9328,0.171933,1.0,53.822399,0.17096,1.0,52.380798,0.174662,1.0,52.321602,0.175213,1.0
COLORWHEEL_5500_IMG_0551_0004,COLORWHEEL_5500,train,5500,pH:7.0,pH:7.0,,,pH,7.0,COLORWHEEL_5500_SEMIQUANT.zip,1,1,0,,41.4184,0.201533,1.0,44.144798,0.194593,1.0,47.6656,0.188066,1.0,49.590401,0.183933,1.0,50.203999,0.182293,1.0,75.863998,0.327319,0.837925,52.9328,0.171933,1.0,53.822399,0.17096,1.0,52.380798,0.174662,1.0,52.321602,0.175213,1.0
COLORWHEEL_5500_IMG_0551_0004,COLORWHEEL_5500,train,5500,Blood:Small 25,Blood:Small 25,,,Blood,Small 25,COLORWHEEL_5500_SEMIQUANT.zip,1,1,0,,41.4184,0.201533,1.0,44.144798,0.194593,1.0,47.6656,0.188066,1.0,49.590401,0.183933,1.0,50.203999,0.182293,1.0,75.863998,0.327319,0.837925,52.9328,0.171933,1.0,53.822399,0.17096,1.0,52.380798,0.174662,1.0,52.321602,0.175213,1.0
COLORWHEEL_5500_IMG_0551_0004,COLORWHEEL_5500,train,5500,Specific Gravity:1.015,Specific Gravity:1.015,,,Specific Gravity,1.015,COLORWHEEL_5500_SEMIQUANT.zip,1,1,0,,41.4184,0.201533,1.0,44.144798,0.194593,1.0,47.6656,0.188066,1.0,49.590401,0.183933,1.0,50.203999,0.182293,1.0,75.863998,0.327319,0.837925,52.9328,0.171933,1.0,53.822399,0.17096,1.0,52.380798,0.174662,1.0,52.321602,0.175213,1.0
COLORWHEEL_5500_IMG_0551_0004,COLORWHEEL_5500,train,5500,Ketone:Moderate 4.0,Ketone:Moderate 4.0,,,Ketone,Moderate 4.0,COLORWHEEL_5500_SEMIQUANT.zip,1,1,0,,41.4184,0.201533,1.0,44.144798,0.194593,1.0,47.6656,0.188066,1.0,49.590401,0.183933,1.0,50.203999,0.182293,1.0,75.863998,0.327319,0.837925,52.9328,0.171933,1.0,53.822399,0.17096,1.0,52.380798,0.174662,1.0,52.321602,0.175213,1.0
COLORWHEEL_5500_IMG_0551_0004,COLORWHEEL_5500,train,5500,Bilirubin:Large 100,Bilirubin:Large 100,,,Bilirubin,Large 100,COLORWHEEL_5500_SEMIQUANT.zip,1,1,0,,41.4184,0.201533,1.0,44.144798,0.194593,1.0,47.6656,0.188066,1.0,49.590401,0.183933,1.0,50.203999,0.182293,1.0,75.863998,0.327319,0.837925,52.9328,0.171933,1.0,53.822399,0.17096,1.0,52.380798,0.174662,1.0,52.321602,0.175213,1.0
COLORWHEEL_5500_IMG_0551_0004,COLORWHEEL_5500,train,5500,Glucose:30 ++,Glucose:30 ++,,,Glucose,30 ++,COLORWHEEL_5500_SEMIQUANT.zip,1,1,0,,41.4184,0.201533,1.0,44.144798,0.194593,1.0,47.6656,0.188066,1.0,49.590401,0.183933,1.0,50.203999,0.182293,1.0,75.863998,0.327319,0.837925,52.9328,0.171933,1.0,53.822399,0.17096,1.0,52.380798,0.174662,1.0,52.321602,0.175213,1.0
COLORWHEEL_5500_IMG_0554_0005,COLORWHEEL_5500,train,5500,Leukocytes:Large 500,Leukocytes:Large 500,,,Leukocytes,Large 500,COLORWHEEL_5500_SEMIQUANT.zip,1,1,0,,60.0,0.246372,1.0,60.0,0.248896,1.0,60.0,0.242888,1.0,60.0,0.234212,1.0,60.0,0.231322,1.0,69.309601,0.342577,0.908359,60.0,0.222373,1.0,60.0,0.217471,1.0,75.695198,0.315454,0.897633,68.697601,0.297256,0.941639
COLORWHEEL_5500_IMG_0554_0005,COLORWHEEL_5500,train,5500,Nitrite:Neg,Nitrite:Neg,,,Nitrite,Neg,COLORWHEEL_5500_SEMIQUANT.zip,1,1,0,,60.0,0.246372,1.0,60.0,0.248896,1.0,60.0,0.242888,1.0,60.0,0.234212,1.0,60.0,0.231322,1.0,69.309601,0.342577,0.908359,60.0,0.222373,1.0,60.0,0.217471,1.0,75.695198,0.315454,0.897633,68.697601,0.297256,0.941639
COLORWHEEL_5500_IMG_0554_0005,COLORWHEEL_5500,train,5500,Urobilinogen:128,Urobilinogen:128,,,Urobilinogen,128,COLORWHEEL_5500_SEMIQUANT.zip,1,1,0,,60.0,0.246372,1.0,60.0,0.248896,1.0,60.0,0.242888,1.0,60.0,0.234212,1.0,60.0,0.231322,1.0,69.309601,0.342577,0.908359,60.0,0.222373,1.0,60.0,0.217471,1.0,75.695198,0.315454,0.897633,68.697601,0.297256,0.941639
COLORWHEEL_5500_IMG_0554_0005,COLORWHEEL_5500,train,5500,Protein:3.0,Protein:3.0,,,Protein,3.0,COLORWHEEL_5500_SEMIQUANT.zip,1,1,0,,60.0,0.246372,1.0,60.0,0.248896,1.0,60.0,0.242888,1.0,60.0,0.234212,1.0,60.0,0.231322,1.0,69.309601,0.342577,0.908359,60.0,0.222373,1.0,60.0,0.217471,1.0,75.695198,0.315454,0.897633,68.697601,0.297256,0.941639
COLORWHEEL_5500_IMG_0554_0005,COLORWHEEL_5500,train,5500,pH:7.5,pH:7.5,,,pH,7.5,COLORWHEEL_5500_SEMIQUANT.zip,1,1,0,,60.0,0.246372,1.0,60.0,0.248896,1.0,60.0,0.242888,1.0,60.0,0.234212,1.0,60.0,0.231322,1.0,69.309601,0.342577,0.908359,60.0,0.222373,1.0,60.0,0.217471,1.0,75.695198,0.315454,0.897633,68.697601,0.297256,0.941639
COLORWHEEL_5500_IMG_0554_0005,COLORWHEEL_5500,train,5500,Blood:Moderate 80,Blood:Moderate 80,,,Blood,Moderate 80,COLORWHEEL_5500_SEMIQUANT.zip,1,1,0,,60.0,0.246372,1.0,60.0,0.248896,1.0,60.0,0.242888,1.0,60.0,0.234212,1.0,60.0,0.231322,1.0,69.309601,0.342577,0.908359,60.0,0.222373,1.0,60.0,0.217471,1.0,75.695198,0.315454,0.897633,68.697601,0.297256,0.941639
COLORWHEEL_5500_IMG_0554_0005,COLORWHEEL_5500,train,5500,Specific Gravity:1.020,Specific Gravity:1.020,,,Specific Gravity,1.020,COLORWHEEL_5500_SEMIQUANT.zip,1,1,0,,60.0,0.246372,1.0,60.0,0.248896,1.0,60.0,0.242888,1.0,60.0,0.234212,1.0,60.0,0.231322,1.0,69.309601,0.342577,0.908359,60.0,0.222373,1.0,60.0,0.217471,1.0,75.695198,0.315454,0.897633,68.697601,0.297256,0.941639
COLORWHEEL_5500_IMG_0554_0005,COLORWHEEL_5500,train,5500,Ketone:8.0,Ketone:8.0,,,Ketone,8.0,COLORWHEEL_5500_SEMIQUANT.zip,1,1,0,,60.0,0.246372,1.0,60.0,0.248896,1.0,60.0,0.242888,1.0,60.0,0.234212,1.0,60.0,0.231322,1.0,69.309601,0.342577,0.908359,60.0,0.222373,1.0,60.0,0.217471,1.0,75.695198,0.315454,0.897633,68.697601,0.297256,0.941639
COLORWHEEL_5500_IMG_0554_0005,COLORWHEEL_5500,train,5500,Bilirubin:Neg,Bilirubin:Neg,,,Bilirubin,Neg,COLORWHEEL_5500_SEMIQUANT.zip,1,1,0,,60.0,0.246372,1.0,60.0,0.248896,1.0,60.0,0.242888,1.0,60.0,0.234212,1.0,60.0,0.231322,1.0,69.309601,0.342577,0.908359,60.0,0.222373,1.0,60.0,0.217471,1.0,75.695198,0.315454,0.897633,68.697601,0.297256,0.941639
COLORWHEEL_5500_IMG_0554_0005,COLORWHEEL_5500,train,5500,Glucose:60 +++,Glucose:60 +++,,,Glucose,60 +++,COLORWHEEL_5500_SEMIQUANT.zip,1,1,0,,60.0,0.246372,1.0,60.0,0.248896,1.0,60.0,0.242888,1.0,60.0,0.234212,1.0,60.0,0.231322,1.0,69.309601,0.342577,0.908359,60.0,0.222373,1.0,60.0,0.217471,1.0,75.695198,0.315454,0.897633,68.697601,0.297256,0.941639
COLORWHEEL_5500_IMG_0557_0006,COLORWHEEL_5500,train,5500,Leukocytes:Neg,Leukocytes:Neg,,,Leukocytes,Neg,COLORWHEEL_5500_SEMIQUANT.zip,1,1,0,,39.274399,0.199294,0.998995,40.132801,0.196278,0.999992,44.284,0.186111,1.0,45.491199,0.178709,1.0,46.363998,0.17552,1.0,76.826401,0.332789,0.831966,50.5312,0.167476,0.999998,49.454399,0.168747,1.0,47.237598,0.173424,1.0,46.6488,0.174425,1.0
COLORWHEEL_5500_IMG_0557_0006,COLORWHEEL_5500,train,5500,Nitrite:Positive,Nitrite:Positive,,,Nitrite,Positive,COLORWHEEL_5500_SEMIQUANT.zip,1,1,0,,39.274399,0.199294,0.998995,40.132801,0.196278,0.999992,44.284,0.186111,1.0,45.491199,0.178709,1.0,46.363998,0.17552,1.0,76.826401,0.332789,0.831966,50.5312,0.167476,0.999998,49.454399,0.168747,1.0,47.237598,0.173424,1.0,46.6488,0.174425,1.0
COLORWHEEL_5500_IMG_0557_0006,COLORWHEEL_5500,train,5500,Urobilinogen:3.2,Urobilinogen:3.2,,,Urobilinogen,3.2,COLORWHEEL_5500_SEMIQUANT.zip,1,1,0,,39.274399,0.199294,0.998995,40.132801,0.196278,0.999992,44.284,0.186111,1.0,45.491199,0.178709,1.0,46.363998,0.17552,1.0,76.826401,0.332789,0.831966,50.5312,0.167476,0.999998,49.454399,0.168747,1.0,47.237598,0.173424,1.0,46.6488,0.174425,1.0
COLORWHEEL_5500_IMG_0557_0006,COLORWHEEL_5500,train,5500,Protein:>=20.0,Protein:>=20.0,,,Protein,>=20.0,COLORWHEEL_5500_SEMIQUANT.zip,1,1,0,,39.274399,0.199294,0.998995,40.132801,0.196278,0.999992,44.284,0.186111,1.0,45.491199,0.178709,1.0,46.363998,0.17552,1.0,76.826401,0.332789,0.831966,50.5312,0.167476,0.999998,49.454399,0.168747,1.0,47.237598,0.173424,1.0,46.6488,0.174425,1.0
COLORWHEEL_5500_IMG_0557_0006,COLORWHEEL_5500,train,5500,pH:8.0,pH:8.0,,,pH,8.0,COLORWHEEL_5500_SEMIQUANT.zip,1,1,0,,39.274399,0.199294,0.998995,40.132801,0.196278,0.999992,44.284,0.186111,1.0,45.491199,0.178709,1.0,46.363998,0.17552,1.0,76.826401,0.332789,0.831966,50.5312,0.167476,0.999998,49.454399,0.168747,1.0,47.237598,0.173424,1.0,46.6488,0.174425,1.0
COLORWHEEL_5500_IMG_0557_0006,COLORWHEEL_5500,train,5500,Blood:Large 200,Blood:Large 200,,,Blood,Large 200,COLORWHEEL_5500_SEMIQUANT.zip,1,1,0,,39.274399,0.199294,0.998995,40.132801,0.196278,0.999992,44.284,0.186111,1.0,45.491199,0.178709,1.0,46.363998,0.17552,1.0,76.826401,0.332789,0.831966,50.5312,0.167476,0.999998,49.454399,0.168747,1.0,47.237598,0.173424,1.0,46.6488,0.174425,1.0
COLORWHEEL_5500_IMG_0557_0006,COLORWHEEL_5500,train,5500,Specific Gravity:1.025,Specific Gravity:1.025,,,Specific Gravity,1.025,COLORWHEEL_5500_SEMIQUANT.zip,1,1,0,,39.274399,0.199294,0.998995,40.132801,0.196278,0.999992,44.284,0.186111,1.0,45.491199,0.178709,1.0,46.363998,0.17552,1.0,76.826401,0.332789,0.831966,50.5312,0.167476,0.999998,49.454399,0.168747,1.0,47.237598,0.173424,1.0,46.6488,0.174425,1.0
COLORWHEEL_5500_IMG_0557_0006,COLORWHEEL_5500,train,5500,Ketone:Large 16,Ketone:Large 16,,,Ketone,Large 16,COLORWHEEL_5500_SEMIQUANT.zip,1,1,0,,39.274399,0.199294,0.998995,40.132801,0.196278,0.999992,44.284,0.186111,1.0,45.491199,0.178709,1.0,46.363998,0.17552,1.0,76.826401,0.332789,0.831966,50.5312,0.167476,0.999998,49.454399,0.168747,1.0,47.237598,0.173424,1.0,46.6488,0.174425,1.0
COLORWHEEL_5500_IMG_0557_0006,COLORWHEEL_5500,train,5500,Bilirubin:Small 17,Bilirubin:Small 17,,,Bilirubin,Small 17,COLORWHEEL_5500_SEMIQUANT.zip,1,1,0,,39.274399,0.199294,0.998995,40.132801,0.196278,0.999992,44.284,0.186111,1.0,45.491199,0.178709,1.0,46.363998,0.17552,1.0,76.826401,0.332789,0.831966,50.5312,0.167476,0.999998,49.454399,0.168747,1.0,47.237598,0.173424,1.0,46.6488,0.174425,1.0
COLORWHEEL_5500_IMG_0557_0006,COLORWHEEL_5500,train,5500,Glucose:110 ++++,Glucose:110 ++++,,,Glucose,110 ++++,COLORWHEEL_5500_SEMIQUANT.zip,1,1,0,,39.274399,0.199294,0.998995,40.132801,0.196278,0.999992,44.284,0.186111,1.0,45.491199,0.178709,1.0,46.363998,0.17552,1.0,76.826401,0.332789,0.831966,50.5312,0.167476,0.999998,49.454399,0.168747,1.0,47.237598,0.173424,1.0,46.6488,0.174425,1.0
COLORWHEEL_5500_IMG_0560_0007,COLORWHEEL_5500,train,5500,Leukocytes:Trace 15,Leukocytes:Trace 15,,,Leukocytes,Trace 15,COLORWHEEL_5500_SEMIQUANT.zip,1,1,0,,29.944,0.214311,0.996254,31.8624,0.209707,0.998765,32.380798,0.205487,0.999835,32.170399,0.197799,1.0,33.491199,0.19398,1.0,69.9664,0.328063,0.826242,38.084,0.186168,1.0,37.976799,0.188064,1.0,37.552799,0.187724,1.0,37.287201,0.187795,1.0
COLORWHEEL_5500_IMG_0560_0007,COLORWHEEL_5500,train,5500,Nitrite:Neg,Nitrite:Neg,,,Nitrite,Neg,COLORWHEEL_5500_SEMIQUANT.zip,1,1,0,,29.944,0.214311,0.996254,31.8624,0.209707,0.998765,32.380798,0.205487,0.999835,32.170399,0.197799,1.0,33.491199,0.19398,1.0,69.9664,0.328063,0.826242,38.084,0.186168,1.0,37.976799,0.188064,1.0,37.552799,0.187724,1.0,37.287201,0.187795,1.0
COLORWHEEL_5500_IMG_0560_0007,COLORWHEEL_5500,train,5500,Urobilinogen:16,Urobilinogen:16,,,Urobilinogen,16,COLORWHEEL_5500_SEMIQUANT.zip,1,1,0,,29.944,0.214311,0.996254,31.8624,0.209707,0.998765,32.380798,0.205487,0.999835,32.170399,0.197799,1.0,33.491199,0.19398,1.0,69.9664,0.328063,0.826242,38.084,0.186168,1.0,37.976799,0.188064,1.0,37.552799,0.187724,1.0,37.287201,0.187795,1.0
COLORWHEEL_5500_IMG_0560_0007,COLORWHEEL_5500,train,5500,Protein:Neg,Protein:Neg,,,Protein,Neg,COLORWHEEL_5500_SEMIQUANT.zip,1,1,0,,29.944,0.214311,0.996254,31.8624,0.209707,0.998765,32.380798,0.205487,0.999835,32.170399,0.197799,1.0,33.491199,0.19398,1.0,69.9664,0.328063,0.826242,38.084,0.186168,1.0,37.976799,0.188064,1.0,37.552799,0.187724,1.0,37.287201,0.187795,1.0
COLORWHEEL_5500_IMG_0560_0007,COLORWHEEL_5500,train,5500,pH:8.5,pH:8.5,,,pH,8.5,COLORWHEEL_5500_SEMIQUANT.zip,1,1,0,,29.944,0.214311,0.996254,31.8624,0.209707,0.998765,32.380798,0.205487,0.999835,32.170399,0.197799,1.0,33.491199,0.19398,1.0,69.9664,0.328063,0.826242,38.084,0.186168,1.0,37.976799,0.188064,1.0,37.552799,0.187724,1.0,37.287201,0.187795,1.0
COLORWHEEL_5500_IMG_0560_0007,COLORWHEEL_5500,train,5500,Blood:Neg,Blood:Neg,,,Blood,Neg,COLORWHEEL_5500_SEMIQUANT.zip,1,1,0,,29.944,0.214311,0.996254,31.8624,0.209707,0.998765,32.380798,0.205487,0.999835,32.170399,0.197799,1.0,33.491199,0.19398,1.0,69.9664,0.328063,0.826242,38.084,0.186168,1.0,37.976799,0.188064,1.0,37.552799,0.187724,1.0,37.287201,0.187795,1.0
COLORWHEEL_5500_IMG_0560_0007,COLORWHEEL_5500,train,5500,Specific Gravity:1.030,Specific Gravity:1.030,,,Specific Gravity,1.030,COLORWHEEL_5500_SEMIQUANT.zip,1,1,0,,29.944,0.214311,0.996254,31.8624,0.209707,0.998765,32.380798,0.205487,0.999835,32.170399,0.197799,1.0,33.491199,0.19398,1.0,69.9664,0.328063,0.826242,38.084,0.186168,1.0,37.976799,0.188064,1.0,37.552799,0.187724,1.0,37.287201,0.187795,1.0
COLORWHEEL_5500_IMG_0560_0007,COLORWHEEL_5500,train,5500,Ketone:Neg,Ketone:Neg,,,Ketone,Neg,COLORWHEEL_5500_SEMIQUANT.zip,1,1,0,,29.944,0.214311,0.996254,31.8624,0.209707,0.998765,32.380798,0.205487,0.999835,32.170399,0.197799,1.0,33.491199,0.19398,1.0,69.9664,0.328063,0.826242,38.084,0.186168,1.0,37.976799,0.188064,1.0,37.552799,0.187724,1.0,37.287201,0.187795,1.0
COLORWHEEL_5500_IMG_0560_0007,COLORWHEEL_5500,train,5500,Bilirubin:Moderate 50,Bilirubin:Moderate 50,,,Bilirubin,Moderate 50,COLORWHEEL_5500_SEMIQUANT.zip,1,1,0,,29.944,0.214311,0.996254,31.8624,0.209707,0.998765,32.380798,0.205487,0.999835,32.170399,0.197799,1.0,33.491199,0.19398,1.0,69.9664,0.328063,0.826242,38.084,0.186168,1.0,37.976799,0.188064,1.0,37.552799,0.187724,1.0,37.287201,0.187795,1.0
COLORWHEEL_5500_IMG_0560_0007,COLORWHEEL_5500,train,5500,Glucose:Neg,Glucose:Neg,,,Glucose,Neg,COLORWHEEL_5500_SEMIQUANT.zip,1,1,0,,29.944,0.214311,0.996254,31.8624,0.209707,0.998765,32.380798,0.205487,0.999835,32.170399,0.197799,1.0,33.491199,0.19398,1.0,69.9664,0.328063,0.826242,38.084,0.186168,1.0,37.976799,0.188064,1.0,37.552799,0.187724,1.0,37.287201,0.187795,1.0
COLORWHEEL_5500_IMG_0563_0008,COLORWHEEL_5500,train,5500,Leukocytes:Small 70,Leukocytes:Small 70,,,Leukocytes,Small 70,COLORWHEEL_5500_SEMIQUANT.zip,1,1,0,,59.112,0.199026,1.0,59.7528,0.194616,1.0,59.9744,0.187528,1.0,59.9856,0.179016,1.0,60.0,0.176075,1.0,86.401604,0.342169,0.8388,60.0,0.170955,1.0,60.0,0.1703,1.0,60.0,0.172709,1.0,60.0,0.170858,1.0
COLORWHEEL_5500_IMG_0563_0008,COLORWHEEL_5500,train,5500,Nitrite:Positive,Nitrite:Positive,,,Nitrite,Positive,COLORWHEEL_5500_SEMIQUANT.zip,1,1,0,,59.112,0.199026,1.0,59.7528,0.194616,1.0,59.9744,0.187528,1.0,59.9856,0.179016,1.0,60.0,0.176075,1.0,86.401604,0.342169,0.8388,60.0,0.170955,1.0,60.0,0.1703,1.0,60.0,0.172709,1.0,60.0,0.170858,1.0
COLORWHEEL_5500_IMG_0563_0008,COLORWHEEL_5500,train,5500,Urobilinogen:32,Urobilinogen:32,,,Urobilinogen,32,COLORWHEEL_5500_SEMIQUANT.zip,1,1,0,,59.112,0.199026,1.0,59.7528,0.194616,1.0,59.9744,0.187528,1.0,59.9856,0.179016,1.0,60.0,0.176075,1.0,86.401604,0.342169,0.8388,60.0,0.170955,1.0,60.0,0.1703,1.0,60.0,0.172709,1.0,60.0,0.170858,1.0
COLORWHEEL_5500_IMG_0563_0008,COLORWHEEL_5500,train,5500,Protein:Trace,Protein:Trace,,,Protein,Trace,COLORWHEEL_5500_SEMIQUANT.zip,1,1,0,,59.112,0.199026,1.0,59.7528,0.194616,1.0,59.9744,0.187528,1.0,59.9856,0.179016,1.0,60.0,0.176075,1.0,86.401604,0.342169,0.8388,60.0,0.170955,1.0,60.0,0.1703,1.0,60.0,0.172709,1.0,60.0,0.170858,1.0
COLORWHEEL_5500_IMG_0563_0008,COLORWHEEL_5500,train,5500,pH:5.0,pH:5.0,,,pH,5.0,COLORWHEEL_5500_SEMIQUANT.zip,1,1,0,,59.112,0.199026,1.0,59.7528,0.194616,1.0,59.9744,0.187528,1.0,59.9856,0.179016,1.0,60.0,0.176075,1.0,86.401604,0.342169,0.8388,60.0,0.170955,1.0,60.0,0.1703,1.0,60.0,0.172709,1.0,60.0,0.170858,1.0
COLORWHEEL_5500_IMG_0563_0008,COLORWHEEL_5500,train,5500,Blood:Non-hemolyzed 10,Blood:Non-hemolyzed 10,,,Blood,Non-hemolyzed 10,COLORWHEEL_5500_SEMIQUANT.zip,1,1,0,,59.112,0.199026,1.0,59.7528,0.194616,1.0,59.9744,0.187528,1.0,59.9856,0.179016,1.0,60.0,0.176075,1.0,86.401604,0.342169,0.8388,60.0,0.170955,1.0,60.0,0.1703,1.0,60.0,0.172709,1.0,60.0,0.170858,1.0
COLORWHEEL_5500_IMG_0563_0008,COLORWHEEL_5500,train,5500,Specific Gravity:1.000,Specific Gravity:1.000,,,Specific Gravity,1.000,COLORWHEEL_5500_SEMIQUANT.zip,1,1,0,,59.112,0.199026,1.0,59.7528,0.194616,1.0,59.9744,0.187528,1.0,59.9856,0.179016,1.0,60.0,0.176075,1.0,86.401604,0.342169,0.8388,60.0,0.170955,1.0,60.0,0.1703,1.0,60.0,0.172709,1.0,60.0,0.170858,1.0
COLORWHEEL_5500_IMG_0563_0008,COLORWHEEL_5500,train,5500,Ketone:Trace 0.5,Ketone:Trace 0.5,,,Ketone,Trace 0.5,COLORWHEEL_5500_SEMIQUANT.zip,1,1,0,,59.112,0.199026,1.0,59.7528,0.194616,1.0,59.9744,0.187528,1.0,59.9856,0.179016,1.0,60.0,0.176075,1.0,86.401604,0.342169,0.8388,60.0,0.170955,1.0,60.0,0.1703,1.0,60.0,0.172709,1.0,60.0,0.170858,1.0
COLORWHEEL_5500_IMG_0563_0008,COLORWHEEL_5500,train,5500,Bilirubin:Large 100,Bilirubin:Large 100,,,Bilirubin,Large 100,COLORWHEEL_5500_SEMIQUANT.zip,1,1,0,,59.112,0.199026,1.0,59.7528,0.194616,1.0,59.9744,0.187528,1.0,59.9856,0.179016,1.0,60.0,0.176075,1.0,86.401604,0.342169,0.8388,60.0,0.170955,1.0,60.0,0.1703,1.0,60.0,0.172709,1.0,60.0,0.170858,1.0
COLORWHEEL_5500_IMG_0563_0008,COLORWHEEL_5500,train,5500,Glucose:Trace 5,Glucose:Trace 5,,,Glucose,Trace 5,COLORWHEEL_5500_SEMIQUANT.zip,1,1,0,,59.112,0.199026,1.0,59.7528,0.194616,1.0,59.9744,0.187528,1.0,59.9856,0.179016,1.0,60.0,0.176075,1.0,86.401604,0.342169,0.8388,60.0,0.170955,1.0,60.0,0.1703,1.0,60.0,0.172709,1.0,60.0,0.170858,1.0
COLORWHEEL_5500_IMG_0566_0009,COLORWHEEL_5500,train,5500,Leukocytes:Moderate 125,Leukocytes:Moderate 125,,,Leukocytes,Moderate 125,COLORWHEEL_5500_SEMIQUANT.zip,1,1,0,,25.283199,0.223862,0.998968,25.371201,0.217631,0.998433,26.7432,0.213366,0.999875,28.788,0.2068,0.999994,29.076799,0.205587,0.999989,65.935997,0.33275,0.836176,29.8552,0.200924,0.999991,30.7232,0.19941,1.0,29.155199,0.202471,0.99998,29.6768,0.201496,1.0
COLORWHEEL_5500_IMG_0566_0009,COLORWHEEL_5500,train,5500,Nitrite:Neg,Nitrite:Neg,,,Nitrite,Neg,COLORWHEEL_5500_SEMIQUANT.zip,1,1,0,,25.283199,0.223862,0.998968,25.371201,0.217631,0.998433,26.7432,0.213366,0.999875,28.788,0.2068,0.999994,29.076799,0.205587,0.999989,65.935997,0.33275,0.836176,29.8552,0.200924,0.999991,30.7232,0.19941,1.0,29.155199,0.202471,0.99998,29.6768,0.201496,1.0
COLORWHEEL_5500_IMG_0566_0009,COLORWHEEL_5500,train,5500,Urobilinogen:64,Urobilinogen:64,,,Urobilinogen,64,COLORWHEEL_5500_SEMIQUANT.zip,1,1,0,,25.283199,0.223862,0.998968,25.371201,0.217631,0.998433,26.7432,0.213366,0.999875,28.788,0.2068,0.999994,29.076799,0.205587,0.999989,65.935997,0.33275,0.836176,29.8552,0.200924,0.999991,30.7232,0.19941,1.0,29.155199,0.202471,0.99998,29.6768,0.201496,1.0
COLORWHEEL_5500_IMG_0566_0009,COLORWHEEL_5500,train,5500,Protein:0.3,Protein:0.3,,,Protein,0.3,COLORWHEEL_5500_SEMIQUANT.zip,1,1,0,,25.283199,0.223862,0.998968,25.371201,0.217631,0.998433,26.7432,0.213366,0.999875,28.788,0.2068,0.999994,29.076799,0.205587,0.999989,65.935997,0.33275,0.836176,29.8552,0.200924,0.999991,30.7232,0.19941,1.0,29.155199,0.202471,0.99998,29.6768,0.201496,1.0
COLORWHEEL_5500_IMG_0566_0009,COLORWHEEL_5500,train,5500,pH:6.0,pH:6.0,,,pH,6.0,COLORWHEEL_5500_SEMIQUANT.zip,1,1,0,,25.283199,0.223862,0.998968,25.371201,0.217631,0.998433,26.7432,0.213366,0.999875,28.788,0.2068,0.999994,29.076799,0.205587,0.999989,65.935997,0.33275,0.836176,29.8552,0.200924,0.999991,30.7232,0.19941,1.0,29.155199,0.202471,0.99998,29.6768,0.201496,1.0
COLORWHEEL_5500_IMG_0566_0009,COLORWHEEL_5500,train,5500,Blood:Hemolyzed 10,Blood:Hemolyzed 10,,,Blood,Hemolyzed 10,COLORWHEEL_5500_SEMIQUANT.zip,1,1,0,,25.283199,0.223862,0.998968,25.371201,0.217631,0.998433,26.7432,0.213366,0.999875,28.788,0.2068,0.999994,29.076799,0.205587,0.999989,65.935997,0.33275,0.836176,29.8552,0.200924,0.999991,30.7232,0.19941,1.0,29.155199,0.202471,0.99998,29.6768,0.201496,1.0
COLORWHEEL_5500_IMG_0566_0009,COLORWHEEL_5500,train,5500,Specific Gravity:1.005,Specific Gravity:1.005,,,Specific Gravity,1.005,COLORWHEEL_5500_SEMIQUANT.zip,1,1,0,,25.283199,0.223862,0.998968,25.371201,0.217631,0.998433,26.7432,0.213366,0.999875,28.788,0.2068,0.999994,29.076799,0.205587,0.999989,65.935997,0.33275,0.836176,29.8552,0.200924,0.999991,30.7232,0.19941,1.0,29.155199,0.202471,0.99998,29.6768,0.201496,1.0
COLORWHEEL_5500_IMG_0566_0009,COLORWHEEL_5500,train,5500,Ketone:Small 1.5,Ketone:Small 1.5,,,Ketone,Small 1.5,COLORWHEEL_5500_SEMIQUANT.zip,1,1,0,,25.283199,0.223862,0.998968,25.371201,0.217631,0.998433,26.7432,0.213366,0.999875,28.788,0.2068,0.999994,29.076799,0.205587,0.999989,65.935997,0.33275,0.836176,29.8552,0.200924,0.999991,30.7232,0.19941,1.0,29.155199,0.202471,0.99998,29.6768,0.201496,1.0
COLORWHEEL_5500_IMG_0566_0009,COLORWHEEL_5500,train,5500,Bilirubin:Neg,Bilirubin:Neg,,,Bilirubin,Neg,COLORWHEEL_5500_SEMIQUANT.zip,1,1,0,,25.283199,0.223862,0.998968,25.371201,0.217631,0.998433,26.7432,0.213366,0.999875,28.788,0.2068,0.999994,29.076799,0.205587,0.999989,65.935997,0.33275,0.836176,29.8552,0.200924,0.999991,30.7232,0.19941,1.0,29.155199,0.202471,0.99998,29.6768,0.201496,1.0
COLORWHEEL_5500_IMG_0566_0009,COLORWHEEL_5500,train,5500,Glucose:15 +,Glucose:15 +,,,Glucose,15 +,COLORWHEEL_5500_SEMIQUANT.zip,1,1,0,,25.283199,0.223862,0.998968,25.371201,0.217631,0.998433,26.7432,0.213366,0.999875,28.788,0.2068,0.999994,29.076799,0.205587,0.999989,65.935997,0.33275,0.836176,29.8552,0.200924,0.999991,30.7232,0.19941,1.0,29.155199,0.202471,0.99998,29.6768,0.201496,1.0
COLORWHEEL_5500_IMG_0569_0010,COLORWHEEL_5500,train,5500,Leukocytes:Large 500,Leukocytes:Large 500,,,Leukocytes,Large 500,COLORWHEEL_5500_SEMIQUANT.zip,1,1,0,,60.0,0.240515,1.0,60.0,0.241187,1.0,60.0,0.234855,1.0,60.0,0.225594,1.0,60.0,0.227438,1.0,80.153603,0.34314,0.875735,60.0,0.217427,1.0,60.0,0.215169,1.0,78.9048,0.298221,0.896951,65.961601,0.289893,0.952422
COLORWHEEL_5500_IMG_0569_0010,COLORWHEEL_5500,train,5500,Nitrite:Positive,Nitrite:Positive,,,Nitrite,Positive,COLORWHEEL_5500_SEMIQUANT.zip,1,1,0,,60.0,0.240515,1.0,60.0,0.241187,1.0,60.0,0.234855,1.0,60.0,0.225594,1.0,60.0,0.227438,1.0,80.153603,0.34314,0.875735,60.0,0.217427,1.0,60.0,0.215169,1.0,78.9048,0.298221,0.896951,65.961601,0.289893,0.952422
COLORWHEEL_5500_IMG_0569_0010,COLORWHEEL_5500,train,5500,Urobilinogen:128,Urobilinogen:128,,,Urobilinogen,128,COLORWHEEL_5500_SEMIQUANT.zip,1,1,0,,60.0,0.240515,1.0,60.0,0.241187,1.0,60.0,0.234855,1.0,60.0,0.225594,1.0,60.0,0.227438,1.0,80.153603,0.34314,0.875735,60.0,0.217427,1.0,60.0,0.215169,1.0,78.9048,0.298221,0.896951,65.961601,0.289893,0.952422
COLORWHEEL_5500_IMG_0569_0010,COLORWHEEL_5500,train,5500,Protein:1.0,Protein:1.0,,,Protein,1.0,COLORWHEEL_5500_SEMIQUANT.zip,1,1,0,,60.0,0.240515,1.0,60.0,0.241187,1.0,60.0,0.234855,1.0,60.0,0.225594,1.0,60.0,0.227438,1.0,80.153603,0.34314,0.875735,60.0,0.217427,1.0,60.0,0.215169,1.0,78.9048,0.298221,0.896951,65.961601,0.289893,0.952422
COLORWHEEL_5500_IMG_0569_0010,COLORWHEEL_5500,train,5500,pH:6.5,pH:6.5,,,pH,6.5,COLORWHEEL_5500_SEMIQUANT.zip,1,1,0,,60.0,0.240515,1.0,60.0,0.241187,1.0,60.0,0.234855,1.0,60.0,0.225594,1.0,60.0,0.227438,1.0,80.153603,0.34314,0.875735,60.0,0.217427,1.0,60.0,0.215169,1.0,78.9048,0.298221,0.896951,65.961601,0.289893,0.952422
COLORWHEEL_5500_IMG_0569_0010,COLORWHEEL_5500,train,5500,Blood:Small 25,Blood:Small 25,,,Blood,Small 25,COLORWHEEL_5500_SEMIQUANT.zip,1,1,0,,60.0,0.240515,1.0,60.0,0.241187,1.0,60.0,0.234855,1.0,60.0,0.225594,1.0,60.0,0.227438,1.0,80.153603,0.34314,0.875735,60.0,0.217427,1.0,60.0,0.215169,1.0,78.9048,0.298221,0.896951,65.961601,0.289893,0.952422
COLORWHEEL_5500_IMG_0569_0010,COLORWHEEL_5500,train,5500,Specific Gravity:1.010,Specific Gravity:1.010,,,Specific Gravity,1.010,COLORWHEEL_5500_SEMIQUANT.zip,1,1,0,,60.0,0.240515,1.0,60.0,0.241187,1.0,60.0,0.234855,1.0,60.0,0.225594,1.0,60.0,0.227438,1.0,80.153603,0.34314,0.875735,60.0,0.217427,1.0,60.0,0.215169,1.0,78.9048,0.298221,0.896951,65.961601,0.289893,0.952422
COLORWHEEL_5500_IMG_0569_0010,COLORWHEEL_5500,train,5500,Ketone:Moderate 4.0,Ketone:Moderate 4.0,,,Ketone,Moderate 4.0,COLORWHEEL_5500_SEMIQUANT.zip,1,1,0,,60.0,0.240515,1.0,60.0,0.241187,1.0,60.0,0.234855,1.0,60.0,0.225594,1.0,60.0,0.227438,1.0,80.153603,0.34314,0.875735,60.0,0.217427,1.0,60.0,0.215169,1.0,78.9048,0.298221,0.896951,65.961601,0.289893,0.952422
COLORWHEEL_5500_IMG_0569_0010,COLORWHEEL_5500,train,5500,Bilirubin:Small 17,Bilirubin:Small 17,,,Bilirubin,Small 17,COLORWHEEL_5500_SEMIQUANT.zip,1,1,0,,60.0,0.240515,1.0,60.0,0.241187,1.0,60.0,0.234855,1.0,60.0,0.225594,1.0,60.0,0.227438,1.0,80.153603,0.34314,0.875735,60.0,0.217427,1.0,60.0,0.215169,1.0,78.9048,0.298221,0.896951,65.961601,0.289893,0.952422
COLORWHEEL_5500_IMG_0569_0010,COLORWHEEL_5500,train,5500,Glucose:30 ++,Glucose:30 ++,,,Glucose,30 ++,COLORWHEEL_5500_SEMIQUANT.zip,1,1,0,,60.0,0.240515,1.0,60.0,0.241187,1.0,60.0,0.234855,1.0,60.0,0.225594,1.0,60.0,0.227438,1.0,80.153603,0.34314,0.875735,60.0,0.217427,1.0,60.0,0.215169,1.0,78.9048,0.298221,0.896951,65.961601,0.289893,0.952422
COLORWHEEL_5500_IMG_0574_0011,COLORWHEEL_5500,train,5500,Leukocytes:Neg,Leukocytes:Neg,,,Leukocytes,Neg,COLORWHEEL_5500_SEMIQUANT.zip,1,1,0,,246.045593,0.477969,0.841965,245.661606,0.478408,0.832871,231.760803,0.494361,0.994624,235.212799,0.491206,0.958365,251.294403,0.508551,0.75501,251.003998,0.510599,0.754563,239.4048,0.506124,0.901619,230.442398,0.494882,1.0,251.557602,0.544044,0.736794,250.415207,0.542613,0.742709
COLORWHEEL_5500_IMG_0574_0011,COLORWHEEL_5500,train,5500,Nitrite:Neg,Nitrite:Neg,,,Nitrite,Neg,COLORWHEEL_5500_SEMIQUANT.zip,1,1,0,,246.045593,0.477969,0.841965,245.661606,0.478408,0.832871,231.760803,0.494361,0.994624,235.212799,0.491206,0.958365,251.294403,0.508551,0.75501,251.003998,0.510599,0.754563,239.4048,0.506124,0.901619,230.442398,0.494882,1.0,251.557602,0.544044,0.736794,250.415207,0.542613,0.742709
COLORWHEEL_5500_IMG_0574_0011,COLORWHEEL_5500,train,5500,Urobilinogen:3.2,Urobilinogen:3.2,,,Urobilinogen,3.2,COLORWHEEL_5500_SEMIQUANT.zip,1,1,0,,246.045593,0.477969,0.841965,245.661606,0.478408,0.832871,231.760803,0.494361,0.994624,235.212799,0.491206,0.958365,251.294403,0.508551,0.75501,251.003998,0.510599,0.754563,239.4048,0.506124,0.901619,230.442398,0.494882,1.0,251.557602,0.544044,0.736794,250.415207,0.542613,0.742709
COLORWHEEL_5500_IMG_0574_0011,COLORWHEEL_5500,train,5500,Protein:3.0,Protein:3.0,,,Protein,3.0,COLORWHEEL_5500_SEMIQUANT.zip,1,1,0,,246.045593,0.477969,0.841965,245.661606,0.478408,0.832871,231.760803,0.494361,0.994624,235.212799,0.491206,0.958365,251.294403,0.508551,0.75501,251.003998,0.510599,0.754563,239.4048,0.506124,0.901619,230.442398,0.494882,1.0,251.557602,0.544044,0.736794,250.415207,0.542613,0.742709
COLORWHEEL_5500_IMG_0574_0011,COLORWHEEL_5500,train,5500,pH:7.0,pH:7.0,,,pH,7.0,COLORWHEEL_5500_SEMIQUANT.zip,1,1,0,,246.045593,0.477969,0.841965,245.661606,0.478408,0.832871,231.760803,0.494361,0.994624,235.212799,0.491206,0.958365,251.294403,0.508551,0.75501,251.003998,0.510599,0.754563,239.4048,0.506124,0.901619,230.442398,0.494882,1.0,251.557602,0.544044,0.736794,250.415207,0.542613,0.742709
COLORWHEEL_5500_IMG_0574_0011,COLORWHEEL_5500,train,5500,Blood:Moderate 80,Blood:Moderate 80,,,Blood,Moderate 80,COLORWHEEL_5500_SEMIQUANT.zip,1,1,0,,246.045593,0.477969,0.841965,245.661606,0.478408,0.832871,231.760803,0.494361,0.994624,235.212799,0.491206,0.958365,251.294403,0.508551,0.75501,251.003998,0.510599,0.754563,239.4048,0.506124,0.901619,230.442398,0.494882,1.0,251.557602,0.544044,0.736794,250.415207,0.542613,0.742709
COLORWHEEL_5500_IMG_0574_0011,COLORWHEEL_5500,train,5500,Specific Gravity:1.015,Specific Gravity:1.015,,,Specific Gravity,1.015,COLORWHEEL_5500_SEMIQUANT.zip,1,1,0,,246.045593,0.477969,0.841965,245.661606,0.478408,0.832871,231.760803,0.494361,0.994624,235.212799,0.491206,0.958365,251.294403,0.508551,0.75501,251.003998,0.510599,0.754563,239.4048,0.506124,0.901619,230.442398,0.494882,1.0,251.557602,0.544044,0.736794,250.415207,0.542613,0.742709
COLORWHEEL_5500_IMG_0574_0011,COLORWHEEL_5500,train,5500,Ketone:8.0,Ketone:8.0,,,Ketone,8.0,COLORWHEEL_5500_SEMIQUANT.zip,1,1,0,,246.045593,0.477969,0.841965,245.661606,0.478408,0.832871,231.760803,0.494361,0.994624,235.212799,0.491206,0.958365,251.294403,0.508551,0.75501,251.003998,0.510599,0.754563,239.4048,0.506124,0.901619,230.442398,0.494882,1.0,251.557602,0.544044,0.736794,250.415207,0.542613,0.742709
COLORWHEEL_5500_IMG_0574_0011,COLORWHEEL_5500,train,5500,Bilirubin:Moderate 50,Bilirubin:Moderate 50,,,Bilirubin,Moderate 50,COLORWHEEL_5500_SEMIQUANT.zip,1,1,0,,246.045593,0.477969,0.841965,245.661606,0.478408,0.832871,231.760803,0.494361,0.994624,235.212799,0.491206,0.958365,251.294403,0.508551,0.75501,251.003998,0.510599,0.754563,239.4048,0.506124,0.901619,230.442398,0.494882,1.0,251.557602,0.544044,0.736794,250.415207,0.542613,0.742709
COLORWHEEL_5500_IMG_0574_0011,COLORWHEEL_5500,train,5500,Glucose:60 +++,Glucose:60 +++,,,Glucose,60 +++,COLORWHEEL_5500_SEMIQUANT.zip,1,1,0,,246.045593,0.477969,0.841965,245.661606,0.478408,0.832871,231.760803,0.494361,0.994624,235.212799,0.491206,0.958365,251.294403,0.508551,0.75501,251.003998,0.510599,0.754563,239.4048,0.506124,0.901619,230.442398,0.494882,1.0,251.557602,0.544044,0.736794,250.415207,0.542613,0.742709
COLORWHEEL_5500_IMG_0577_0012,COLORWHEEL_5500,train,5500,Leukocytes:Trace 15,Leukocytes:Trace 15,,,Leukocytes,Trace 15,COLORWHEEL_5500_SEMIQUANT.zip,1,1,0,,54.7752,0.165005,1.0,54.596001,0.165134,1.0,50.304001,0.17394,1.0,54.2896,0.165371,1.0,47.043999,0.1852,1.0,40.7896,0.21013,1.0,41.2976,0.201669,1.0,41.537601,0.203206,0.999973,44.997601,0.188406,0.999986,44.316002,0.189341,1.0
COLORWHEEL_5500_IMG_0577_0012,COLORWHEEL_5500,train,5500,Nitrite:Positive,Nitrite:Positive,,,Nitrite,Positive,COLORWHEEL_5500_SEMIQUANT.zip,1,1,0,,54.7752,0.165005,1.0,54.596001,0.165134,1.0,50.304001,0.17394,1.0,54.2896,0.165371,1.0,47.043999,0.1852,1.0,40.7896,0.21013,1.0,41.2976,0.201669,1.0,41.537601,0.203206,0.999973,44.997601,0.188406,0.999986,44.316002,0.189341,1.0
COLORWHEEL_5500_IMG_0577_0012,COLORWHEEL_5500,train,5500,Urobilinogen:16,Urobilinogen:16,,,Urobilinogen,16,COLORWHEEL_5500_SEMIQUANT.zip,1,1,0,,54.7752,0.165005,1.0,54.596001,0.165134,1.0,50.304001,0.17394,1.0,54.2896,0.165371,1.0,47.043999,0.1852,1.0,40.7896,0.21013,1.0,41.2976,0.201669,1.0,41.537601,0.203206,0.999973,44.997601,0.188406,0.999986,44.316002,0.189341,1.0
COLORWHEEL_5500_IMG_0577_0012,COLORWHEEL_5500,train,5500,Protein:>=20.0,Protein:>=20.0,,,Protein,>=20.0,COLORWHEEL_5500_SEMIQUANT.zip,1,1,0,,54.7752,0.165005,1.0,54.596001,0.165134,1.0,50.304001,0.17394,1.0,54.2896,0.165371,1.0,47.043999,0.1852,1.0,40.7896,0.21013,1.0,41.2976,0.201669,1.0,41.537601,0.203206,0.999973,44.997601,0.188406,0.999986,44.316002,0.189341,1.0
COLORWHEEL_5500_IMG_0577_0012,COLORWHEEL_5500,train,5500,pH:7.5,pH:7.5,,,pH,7.5,COLORWHEEL_5500_SEMIQUANT.zip,1,1,0,,54.7752,0.165005,1.0,54.596001,0.165134,1.0,50.304001,0.17394,1.0,54.2896,0.165371,1.0,47.043999,0.1852,1.0,40.7896,0.21013,1.0,41.2976,0.201669,1.0,41.537601,0.203206,0.999973,44.997601,0.188406,0.999986,44.316002,0.189341,1.0
COLORWHEEL_5500_IMG_0577_0012,COLORWHEEL_5500,train,5500,Blood:Large 200,Blood:Large 200,,,Blood,Large 200,COLORWHEEL_5500_SEMIQUANT.zip,1,1,0,,54.7752,0.165005,1.0,54.596001,0.165134,1.0,50.304001,0.17394,1.0,54.2896,0.165371,1.0,47.043999,0.1852,1.0,40.7896,0.21013,1.0,41.2976,0.201669,1.0,41.537601,0.203206,0.999973,44.997601,0.188406,0.999986,44.316002,0.189341,1.0
COLORWHEEL_5500_IMG_0577_0012,COLORWHEEL_5500,train,5500,Specific Gravity:1.020,Specific Gravity:1.020,,,Specific Gravity,1.020,COLORWHEEL_5500_SEMIQUANT.zip,1,1,0,,54.7752,0.165005,1.0,54.596001,0.165134,1.0,50.304001,0.17394,1.0,54.2896,0.165371,1.0,47.043999,0.1852,1.0,40.7896,0.21013,1.0,41.2976,0.201669,1.0,41.537601,0.203206,0.999973,44.997601,0.188406,0.999986,44.316002,0.189341,1.0
COLORWHEEL_5500_IMG_0577_0012,COLORWHEEL_5500,train,5500,Ketone:Large 16,Ketone:Large 16,,,Ketone,Large 16,COLORWHEEL_5500_SEMIQUANT.zip,1,1,0,,54.7752,0.165005,1.0,54.596001,0.165134,1.0,50.304001,0.17394,1.0,54.2896,0.165371,1.0,47.043999,0.1852,1.0,40.7896,0.21013,1.0,41.2976,0.201669,1.0,41.537601,0.203206,0.999973,44.997601,0.188406,0.999986,44.316002,0.189341,1.0
COLORWHEEL_5500_IMG_0577_0012,COLORWHEEL_5500,train,5500,Bilirubin:Large 100,Bilirubin:Large 100,,,Bilirubin,Large 100,COLORWHEEL_5500_SEMIQUANT.zip,1,1,0,,54.7752,0.165005,1.0,54.596001,0.165134,1.0,50.304001,0.17394,1.0,54.2896,0.165371,1.0,47.043999,0.1852,1.0,40.7896,0.21013,1.0,41.2976,0.201669,1.0,41.537601,0.203206,0.999973,44.997601,0.188406,0.999986,44.316002,0.189341,1.0
COLORWHEEL_5500_IMG_0577_0012,COLORWHEEL_5500,train,5500,Glucose:110 ++++,Glucose:110 ++++,,,Glucose,110 ++++,COLORWHEEL_5500_SEMIQUANT.zip,1,1,0,,54.7752,0.165005,1.0,54.596001,0.165134,1.0,50.304001,0.17394,1.0,54.2896,0.165371,1.0,47.043999,0.1852,1.0,40.7896,0.21013,1.0,41.2976,0.201669,1.0,41.537601,0.203206,0.999973,44.997601,0.188406,0.999986,44.316002,0.189341,1.0
COLORWHEEL_5500_IMG_0580_0013,COLORWHEEL_5500,train,5500,Leukocytes:Small 70,Leukocytes:Small 70,,,Leukocytes,Small 70,COLORWHEEL_5500_SEMIQUANT.zip,1,1,0,,47.250401,0.16237,0.683346,51.952,0.162486,0.663859,46.597599,0.171813,0.727384,44.9608,0.172303,0.75955,47.722401,0.177829,0.784949,61.229599,0.163773,0.67798,59.273602,0.156609,0.713627,58.472,0.163682,0.722852,63.489601,0.171282,0.714996,66.770401,0.144737,0.687062
COLORWHEEL_5500_IMG_0580_0013,COLORWHEEL_5500,train,5500,Nitrite:Neg,Nitrite:Neg,,,Nitrite,Neg,COLORWHEEL_5500_SEMIQUANT.zip,1,1,0,,47.250401,0.16237,0.683346,51.952,0.162486,0.663859,46.597599,0.171813,0.727384,44.9608,0.172303,0.75955,47.722401,0.177829,0.784949,61.229599,0.163773,0.67798,59.273602,0.156609,0.713627,58.472,0.163682,0.722852,63.489601,0.171282,0.714996,66.770401,0.144737,0.687062
COLORWHEEL_5500_IMG_0580_0013,COLORWHEEL_5500,train,5500,Urobilinogen:32,Urobilinogen:32,,,Urobilinogen,32,COLORWHEEL_5500_SEMIQUANT.zip,1,1,0,,47.250401,0.16237,0.683346,51.952,0.162486,0.663859,46.597599,0.171813,0.727384,44.9608,0.172303,0.75955,47.722401,0.177829,0.784949,61.229599,0.163773,0.67798,59.273602,0.156609,0.713627,58.472,0.163682,0.722852,63.489601,0.171282,0.714996,66.770401,0.144737,0.687062
COLORWHEEL_5500_IMG_0580_0013,COLORWHEEL_5500,train,5500,Protein:Neg,Protein:Neg,,,Protein,Neg,COLORWHEEL_5500_SEMIQUANT.zip,1,1,0,,47.250401,0.16237,0.683346,51.952,0.162486,0.663859,46.597599,0.171813,0.727384,44.9608,0.172303,0.75955,47.722401,0.177829,0.784949,61.229599,0.163773,0.67798,59.273602,0.156609,0.713627,58.472,0.163682,0.722852,63.489601,0.171282,0.714996,66.770401,0.144737,0.687062
COLORWHEEL_5500_IMG_0580_0013,COLORWHEEL_5500,train,5500,pH:8.0,pH:8.0,,,pH,8.0,COLORWHEEL_5500_SEMIQUANT.zip,1,1,0,,47.250401,0.16237,0.683346,51.952,0.162486,0.663859,46.597599,0.171813,0.727384,44.9608,0.172303,0.75955,47.722401,0.177829,0.784949,61.229599,0.163773,0.67798,59.273602,0.156609,0.713627,58.472,0.163682,0.722852,63.489601,0.171282,0.714996,66.770401,0.144737,0.687062
COLORWHEEL_5500_IMG_0580_0013,COLORWHEEL_5500,train,5500,Blood:Neg,Blood:Neg,,,Blood,Neg,COLORWHEEL_5500_SEMIQUANT.zip,1,1,0,,47.250401,0.16237,0.683346,51.952,0.162486,0.663859,46.597599,0.171813,0.727384,44.9608,0.172303,0.75955,47.722401,0.177829,0.784949,61.229599,0.163773,0.67798,59.273602,0.156609,0.713627,58.472,0.163682,0.722852,63.489601,0.171282,0.714996,66.770401,0.144737,0.687062
COLORWHEEL_5500_IMG_0580_0013,COLORWHEEL_5500,train,5500,Specific Gravity:1.025,Specific Gravity:1.025,,,Specific Gravity,1.025,COLORWHEEL_5500_SEMIQUANT.zip,1,1,0,,47.250401,0.16237,0.683346,51.952,0.162486,0.663859,46.597599,0.171813,0.727384,44.9608,0.172303,0.75955,47.722401,0.177829,0.784949,61.229599,0.163773,0.67798,59.273602,0.156609,0.713627,58.472,0.163682,0.722852,63.489601,0.171282,0.714996,66.770401,0.144737,0.687062
COLORWHEEL_5500_IMG_0580_0013,COLORWHEEL_5500,train,5500,Ketone:Neg,Ketone:Neg,,,Ketone,Neg,COLORWHEEL_5500_SEMIQUANT.zip,1,1,0,,47.250401,0.16237,0.683346,51.952,0.162486,0.663859,46.597599,0.171813,0.727384,44.9608,0.172303,0.75955,47.722401,0.177829,0.784949,61.229599,0.163773,0.67798,59.273602,0.156609,0.713627,58.472,0.163682,0.722852,63.489601,0.171282,0.714996,66.770401,0.144737,0.687062
COLORWHEEL_5500_IMG_0580_0013,COLORWHEEL_5500,train,5500,Bilirubin:Neg,Bilirubin:Neg,,,Bilirubin,Neg,COLORWHEEL_5500_SEMIQUANT.zip,1,1,0,,47.250401,0.16237,0.683346,51.952,0.162486,0.663859,46.597599,0.171813,0.727384,44.9608,0.172303,0.75955,47.722401,0.177829,0.784949,61.229599,0.163773,0.67798,59.273602,0.156609,0.713627,58.472,0.163682,0.722852,63.489601,0.171282,0.714996,66.770401,0.144737,0.687062
COLORWHEEL_5500_IMG_0580_0013,COLORWHEEL_5500,train,5500,Glucose:Neg,Glucose:Neg,,,Glucose,Neg,COLORWHEEL_5500_SEMIQUANT.zip,1,1,0,,47.250401,0.16237,0.683346,51.952,0.162486,0.663859,46.597599,0.171813,0.727384,44.9608,0.172303,0.75955,47.722401,0.177829,0.784949,61.229599,0.163773,0.67798,59.273602,0.156609,0.713627,58.472,0.163682,0.722852,63.489601,0.171282,0.714996,66.770401,0.144737,0.687062
COLORWHEEL_5500_IMG_0583_0014,COLORWHEEL_5500,train,5500,Leukocytes:Moderate 125,Leukocytes:Moderate 125,,,Leukocytes,Moderate 125,COLORWHEEL_5500_SEMIQUANT.zip,1,1,0,,59.883999,0.131209,1.0,59.897598,0.12795,1.0,58.981602,0.139625,1.0,58.372799,0.131685,1.0,53.4776,0.151161,1.0,46.4128,0.174257,0.999981,46.277599,0.167594,1.0,46.365601,0.165896,1.0,48.937599,0.156274,0.998908,46.866402,0.165622,0.999983
COLORWHEEL_5500_IMG_0583_0014,COLORWHEEL_5500,train,5500,Nitrite:Positive,Nitrite:Positive,,,Nitrite,Positive,COLORWHEEL_5500_SEMIQUANT.zip,1,1,0,,59.883999,0.131209,1.0,59.897598,0.12795,1.0,58.981602,0.139625,1.0,58.372799,0.131685,1.0,53.4776,0.151161,1.0,46.4128,0.174257,0.999981,46.277599,0.167594,1.0,46.365601,0.165896,1.0,48.937599,0.156274,0.998908,46.866402,0.165622,0.999983
COLORWHEEL_5500_IMG_0583_0014,COLORWHEEL_5500,train,5500,Urobilinogen:64,Urobilinogen:64,,,Urobilinogen,64,COLORWHEEL_5500_SEMIQUANT.zip,1,1,0,,59.883999,0.131209,1.0,59.897598,0.12795,1.0,58.981602,0.139625,1.0,58.372799,0.131685,1.0,53.4776,0.151161,1.0,46.4128,0.174257,0.999981,46.277599,0.167594,1.0,46.365601,0.165896,1.0,48.937599,0.156274,0.998908,46.866402,0.165622,0.999983
COLORWHEEL_5500_IMG_0583_0014,COLORWHEEL_5500,train,5500,Protein:Trace,Protein:Trace,,,Protein,Trace,COLORWHEEL_5500_SEMIQUANT.zip,1,1,0,,59.883999,0.131209,1.0,59.897598,0.12795,1.0,58.981602,0.139625,1.0,58.372799,0.131685,1.0,53.4776,0.151161,1.0,46.4128,0.174257,0.999981,46.277599,0.167594,1.0,46.365601,0.165896,1.0,48.937599,0.156274,0.998908,46.866402,0.165622,0.999983
COLORWHEEL_5500_IMG_0583_0014,COLORWHEEL_5500,train,5500,pH:8.5,pH:8.5,,,pH,8.5,COLORWHEEL_5500_SEMIQUANT.zip,1,1,0,,59.883999,0.131209,1.0,59.897598,0.12795,1.0,58.981602,0.139625,1.0,58.372799,0.131685,1.0,53.4776,0.151161,1.0,46.4128,0.174257,0.999981,46.277599,0.167594,1.0,46.365601,0.165896,1.0,48.937599,0.156274,0.998908,46.866402,0.165622,0.999983
COLORWHEEL_5500_IMG_0583_0014,COLORWHEEL_5500,train,5500,Blood:Non-hemolyzed 10,Blood:Non-hemolyzed 10,,,Blood,Non-hemolyzed 10,COLORWHEEL_5500_SEMIQUANT.zip,1,1,0,,59.883999,0.131209,1.0,59.897598,0.12795,1.0,58.981602,0.139625,1.0,58.372799,0.131685,1.0,53.4776,0.151161,1.0,46.4128,0.174257,0.999981,46.277599,0.167594,1.0,46.365601,0.165896,1.0,48.937599,0.156274,0.998908,46.866402,0.165622,0.999983
COLORWHEEL_5500_IMG_0583_0014,COLORWHEEL_5500,train,5500,Specific Gravity:1.030,Specific Gravity:1.030,,,Specific Gravity,1.030,COLORWHEEL_5500_SEMIQUANT.zip,1,1,0,,59.883999,0.131209,1.0,59.897598,0.12795,1.0,58.981602,0.139625,1.0,58.372799,0.131685,1.0,53.4776,0.151161,1.0,46.4128,0.174257,0.999981,46.277599,0.167594,1.0,46.365601,0.165896,1.0,48.937599,0.156274,0.998908,46.866402,0.165622,0.999983
COLORWHEEL_5500_IMG_0583_0014,COLORWHEEL_5500,train,5500,Ketone:Trace 0.5,Ketone:Trace 0.5,,,Ketone,Trace 0.5,COLORWHEEL_5500_SEMIQUANT.zip,1,1,0,,59.883999,0.131209,1.0,59.897598,0.12795,1.0,58.981602,0.139625,1.0,58.372799,0.131685,1.0,53.4776,0.151161,1.0,46.4128,0.174257,0.999981,46.277599,0.167594,1.0,46.365601,0.165896,1.0,48.937599,0.156274,0.998908,46.866402,0.165622,0.999983
COLORWHEEL_5500_IMG_0583_0014,COLORWHEEL_5500,train,5500,Bilirubin:Small 17,Bilirubin:Small 17,,,Bilirubin,Small 17,COLORWHEEL_5500_SEMIQUANT.zip,1,1,0,,59.883999,0.131209,1.0,59.897598,0.12795,1.0,58.981602,0.139625,1.0,58.372799,0.131685,1.0,53.4776,0.151161,1.0,46.4128,0.174257,0.999981,46.277599,0.167594,1.0,46.365601,0.165896,1.0,48.937599,0.156274,0.998908,46.866402,0.165622,0.999983
COLORWHEEL_5500_IMG_0583_0014,COLORWHEEL_5500,train,5500,Glucose:Trace 5,Glucose:Trace 5,,,Glucose,Trace 5,COLORWHEEL_5500_SEMIQUANT.zip,1,1,0,,59.883999,0.131209,1.0,59.897598,0.12795,1.0,58.981602,0.139625,1.0,58.372799,0.131685,1.0,53.4776,0.151161,1.0,46.4128,0.174257,0.999981,46.277599,0.167594,1.0,46.365601,0.165896,1.0,48.937599,0.156274,0.998908,46.866402,0.165622,0.999983
COLORWHEEL_5500_IMG_0586_0015,COLORWHEEL_5500,train,5500,Leukocytes:Large 500,Leukocytes:Large 500,,,Leukocytes,Large 500,COLORWHEEL_5500_SEMIQUANT.zip,1,1,0,,57.156799,0.187111,0.773431,55.686401,0.191369,0.755304,60.868,0.189431,0.819109,56.933601,0.188952,0.842378,59.880001,0.19109,0.848466,68.9496,0.18797,0.729976,73.473602,0.18816,0.754089,69.790398,0.182116,0.750645,72.648003,0.174188,0.722017,76.0056,0.160369,0.681537
COLORWHEEL_5500_IMG_0586_0015,COLORWHEEL_5500,train,5500,Nitrite:Neg,Nitrite:Neg,,,Nitrite,Neg,COLORWHEEL_5500_SEMIQUANT.zip,1,1,0,,57.156799,0.187111,0.773431,55.686401,0.191369,0.755304,60.868,0.189431,0.819109,56.933601,0.188952,0.842378,59.880001,0.19109,0.848466,68.9496,0.18797,0.729976,73.473602,0.18816,0.754089,69.790398,0.182116,0.750645,72.648003,0.174188,0.722017,76.0056,0.160369,0.681537
COLORWHEEL_5500_IMG_0586_0015,COLORWHEEL_5500,train,5500,Urobilinogen:128,Urobilinogen:128,,,Urobilinogen,128,COLORWHEEL_5500_SEMIQUANT.zip,1,1,0,,57.156799,0.187111,0.773431,55.686401,0.191369,0.755304,60.868,0.189431,0.819109,56.933601,0.188952,0.842378,59.880001,0.19109,0.848466,68.9496,0.18797,0.729976,73.473602,0.18816,0.754089,69.790398,0.182116,0.750645,72.648003,0.174188,0.722017,76.0056,0.160369,0.681537
COLORWHEEL_5500_IMG_0586_0015,COLORWHEEL_5500,train,5500,Protein:0.3,Protein:0.3,,,Protein,0.3,COLORWHEEL_5500_SEMIQUANT.zip,1,1,0,,57.156799,0.187111,0.773431,55.686401,0.191369,0.755304,60.868,0.189431,0.819109,56.933601,0.188952,0.842378,59.880001,0.19109,0.848466,68.9496,0.18797,0.729976,73.473602,0.18816,0.754089,69.790398,0.182116,0.750645,72.648003,0.174188,0.722017,76.0056,0.160369,0.681537
COLORWHEEL_5500_IMG_0586_0015,COLORWHEEL_5500,train,5500,pH:5.0,pH:5.0,,,pH,5.0,COLORWHEEL_5500_SEMIQUANT.zip,1,1,0,,57.156799,0.187111,0.773431,55.686401,0.191369,0.755304,60.868,0.189431,0.819109,56.933601,0.188952,0.842378,59.880001,0.19109,0.848466,68.9496,0.18797,0.729976,73.473602,0.18816,0.754089,69.790398,0.182116,0.750645,72.648003,0.174188,0.722017,76.0056,0.160369,0.681537
COLORWHEEL_5500_IMG_0586_0015,COLORWHEEL_5500,train,5500,Blood:Hemolyzed 10,Blood:Hemolyzed 10,,,Blood,Hemolyzed 10,COLORWHEEL_5500_SEMIQUANT.zip,1,1,0,,57.156799,0.187111,0.773431,55.686401,0.191369,0.755304,60.868,0.189431,0.819109,56.933601,0.188952,0.842378,59.880001,0.19109,0.848466,68.9496,0.18797,0.729976,73.473602,0.18816,0.754089,69.790398,0.182116,0.750645,72.648003,0.174188,0.722017,76.0056,0.160369,0.681537
COLORWHEEL_5500_IMG_0586_0015,COLORWHEEL_5500,train,5500,Specific Gravity:1.000,Specific Gravity:1.000,,,Specific Gravity,1.000,COLORWHEEL_5500_SEMIQUANT.zip,1,1,0,,57.156799,0.187111,0.773431,55.686401,0.191369,0.755304,60.868,0.189431,0.819109,56.933601,0.188952,0.842378,59.880001,0.19109,0.848466,68.9496,0.18797,0.729976,73.473602,0.18816,0.754089,69.790398,0.182116,0.750645,72.648003,0.174188,0.722017,76.0056,0.160369,0.681537
COLORWHEEL_5500_IMG_0586_0015,COLORWHEEL_5500,train,5500,Ketone:Small 1.5,Ketone:Small 1.5,,,Ketone,Small 1.5,COLORWHEEL_5500_SEMIQUANT.zip,1,1,0,,57.156799,0.187111,0.773431,55.686401,0.191369,0.755304,60.868,0.189431,0.819109,56.933601,0.188952,0.842378,59.880001,0.19109,0.848466,68.9496,0.18797,0.729976,73.473602,0.18816,0.754089,69.790398,0.182116,0.750645,72.648003,0.174188,0.722017,76.0056,0.160369,0.681537
COLORWHEEL_5500_IMG_0586_0015,COLORWHEEL_5500,train,5500,Bilirubin:Moderate 50,Bilirubin:Moderate 50,,,Bilirubin,Moderate 50,COLORWHEEL_5500_SEMIQUANT.zip,1,1,0,,57.156799,0.187111,0.773431,55.686401,0.191369,0.755304,60.868,0.189431,0.819109,56.933601,0.188952,0.842378,59.880001,0.19109,0.848466,68.9496,0.18797,0.729976,73.473602,0.18816,0.754089,69.790398,0.182116,0.750645,72.648003,0.174188,0.722017,76.0056,0.160369,0.681537
COLORWHEEL_5500_IMG_0586_0015,COLORWHEEL_5500,train,5500,Glucose:15 +,Glucose:15 +,,,Glucose,15 +,COLORWHEEL_5500_SEMIQUANT.zip,1,1,0,,57.156799,0.187111,0.773431,55.686401,0.191369,0.755304,60.868,0.189431,0.819109,56.933601,0.188952,0.842378,59.880001,0.19109,0.848466,68.9496,0.18797,0.729976,73.473602,0.18816,0.754089,69.790398,0.182116,0.750645,72.648003,0.174188,0.722017,76.0056,0.160369,0.681537
COLORWHEEL_5500_IMG_0589_0016,COLORWHEEL_5500,train,5500,Leukocytes:Neg,Leukocytes:Neg,,,Leukocytes,Neg,COLORWHEEL_5500_SEMIQUANT.zip,1,1,0,,49.136002,0.141624,0.662803,51.510399,0.148714,0.646772,57.074402,0.136155,0.702494,53.208,0.139404,0.726883,52.641602,0.144267,0.736344,74.4608,0.127511,0.616265,65.7248,0.123733,0.637697,73.894402,0.123409,0.630248,78.811996,0.119768,0.608922,83.805603,0.121642,0.569647
COLORWHEEL_5500_IMG_0589_0016,COLORWHEEL_5500,train,5500,Nitrite:Positive,Nitrite:Positive,,,Nitrite,Positive,COLORWHEEL_5500_SEMIQUANT.zip,1,1,0,,49.136002,0.141624,0.662803,51.510399,0.148714,0.646772,57.074402,0.136155,0.702494,53.208,0.139404,0.726883,52.641602,0.144267,0.736344,74.4608,0.127511,0.616265,65.7248,0.123733,0.637697,73.894402,0.123409,0.630248,78.811996,0.119768,0.608922,83.805603,0.121642,0.569647
COLORWHEEL_5500_IMG_0589_0016,COLORWHEEL_5500,train,5500,Urobilinogen:3.2,Urobilinogen:3.2,,,Urobilinogen,3.2,COLORWHEEL_5500_SEMIQUANT.zip,1,1,0,,49.136002,0.141624,0.662803,51.510399,0.148714,0.646772,57.074402,0.136155,0.702494,53.208,0.139404,0.726883,52.641602,0.144267,0.736344,74.4608,0.127511,0.616265,65.7248,0.123733,0.637697,73.894402,0.123409,0.630248,78.811996,0.119768,0.608922,83.805603,0.121642,0.569647
COLORWHEEL_5500_IMG_0589_0016,COLORWHEEL_5500,train,5500,Protein:1.0,Protein:1.0,,,Protein,1.0,COLORWHEEL_5500_SEMIQUANT.zip,1,1,0,,49.136002,0.141624,0.662803,51.510399,0.148714,0.646772,57.074402,0.136155,0.702494,53.208,0.139404,0.726883,52.641602,0.144267,0.736344,74.4608,0.127511,0.616265,65.7248,0.123733,0.637697,73.894402,0.123409,0.630248,78.811996,0.119768,0.608922,83.805603,0.121642,0.569647
COLORWHEEL_5500_IMG_0589_0016,COLORWHEEL_5500,train,5500,pH:6.0,pH:6.0,,,pH,6.0,COLORWHEEL_5500_SEMIQUANT.zip,1,1,0,,49.136002,0.141624,0.662803,51.510399,0.148714,0.646772,57.074402,0.136155,0.702494,53.208,0.139404,0.726883,52.641602,0.144267,0.736344,74.4608,0.127511,0.616265,65.7248,0.123733,0.637697,73.894402,0.123409,0.630248,78.811996,0.119768,0.608922,83.805603,0.121642,0.569647
COLORWHEEL_5500_IMG_0589_0016,COLORWHEEL_5500,train,5500,Blood:Small 25,Blood:Small 25,,,Blood,Small 25,COLORWHEEL_5500_SEMIQUANT.zip,1,1,0,,49.136002,0.141624,0.662803,51.510399,0.148714,0.646772,57.074402,0.136155,0.702494,53.208,0.139404,0.726883,52.641602,0.144267,0.736344,74.4608,0.127511,0.616265,65.7248,0.123733,0.637697,73.894402,0.123409,0.630248,78.811996,0.119768,0.608922,83.805603,0.121642,0.569647
COLORWHEEL_5500_IMG_0589_0016,COLORWHEEL_5500,train,5500,Specific Gravity:1.005,Specific Gravity:1.005,,,Specific Gravity,1.005,COLORWHEEL_5500_SEMIQUANT.zip,1,1,0,,49.136002,0.141624,0.662803,51.510399,0.148714,0.646772,57.074402,0.136155,0.702494,53.208,0.139404,0.726883,52.641602,0.144267,0.736344,74.4608,0.127511,0.616265,65.7248,0.123733,0.637697,73.894402,0.123409,0.630248,78.811996,0.119768,0.608922,83.805603,0.121642,0.569647
COLORWHEEL_5500_IMG_0589_0016,COLORWHEEL_5500,train,5500,Ketone:Moderate 4.0,Ketone:Moderate 4.0,,,Ketone,Moderate 4.0,COLORWHEEL_5500_SEMIQUANT.zip,1,1,0,,49.136002,0.141624,0.662803,51.510399,0.148714,0.646772,57.074402,0.136155,0.702494,53.208,0.139404,0.726883,52.641602,0.144267,0.736344,74.4608,0.127511,0.616265,65.7248,0.123733,0.637697,73.894402,0.123409,0.630248,78.811996,0.119768,0.608922,83.805603,0.121642,0.569647
COLORWHEEL_5500_IMG_0589_0016,COLORWHEEL_5500,train,5500,Bilirubin:Large 100,Bilirubin:Large 100,,,Bilirubin,Large 100,COLORWHEEL_5500_SEMIQUANT.zip,1,1,0,,49.136002,0.141624,0.662803,51.510399,0.148714,0.646772,57.074402,0.136155,0.702494,53.208,0.139404,0.726883,52.641602,0.144267,0.736344,74.4608,0.127511,0.616265,65.7248,0.123733,0.637697,73.894402,0.123409,0.630248,78.811996,0.119768,0.608922,83.805603,0.121642,0.569647
COLORWHEEL_5500_IMG_0589_0016,COLORWHEEL_5500,train,5500,Glucose:30 ++,Glucose:30 ++,,,Glucose,30 ++,COLORWHEEL_5500_SEMIQUANT.zip,1,1,0,,49.136002,0.141624,0.662803,51.510399,0.148714,0.646772,57.074402,0.136155,0.702494,53.208,0.139404,0.726883,52.641602,0.144267,0.736344,74.4608,0.127511,0.616265,65.7248,0.123733,0.637697,73.894402,0.123409,0.630248,78.811996,0.119768,0.608922,83.805603,0.121642,0.569647
COLORWHEEL_5500_IMG_0592_0017,COLORWHEEL_5500,train,5500,Leukocytes:Trace 15,Leukocytes:Trace 15,,,Leukocytes,Trace 15,COLORWHEEL_5500_SEMIQUANT.zip,1,1,0,,28.703199,0.143057,1.0,29.6448,0.140919,1.0,26.5368,0.148794,1.0,32.051998,0.138775,0.999495,24.242399,0.157489,0.995103,22.928801,0.173531,0.984336,23.5448,0.170678,0.990838,22.688,0.171738,0.986594,30.18,0.157655,0.985462,20.2024,0.163964,0.992082
COLORWHEEL_5500_IMG_0592_0017,COLORWHEEL_5500,train,5500,Nitrite:Neg,Nitrite:Neg,,,Nitrite,Neg,COLORWHEEL_5500_SEMIQUANT.zip,1,1,0,,28.703199,0.143057,1.0,29.6448,0.140919,1.0,26.5368,0.148794,1.0,32.051998,0.138775,0.999495,24.242399,0.157489,0.995103,22.928801,0.173531,0.984336,23.5448,0.170678,0.990838,22.688,0.171738,0.986594,30.18,0.157655,0.985462,20.2024,0.163964,0.992082
COLORWHEEL_5500_IMG_0592_0017,COLORWHEEL_5500,train,5500,Urobilinogen:16,Urobilinogen:16,,,Urobilinogen,16,COLORWHEEL_5500_SEMIQUANT.zip,1,1,0,,28.703199,0.143057,1.0,29.6448,0.140919,1.0,26.5368,0.148794,1.0,32.051998,0.138775,0.999495,24.242399,0.157489,0.995103,22.928801,0.173531,0.984336,23.5448,0.170678,0.990838,22.688,0.171738,0.986594,30.18,0.157655,0.985462,20.2024,0.163964,0.992082
COLORWHEEL_5500_IMG_0592_0017,COLORWHEEL_5500,train,5500,Protein:3.0,Protein:3.0,,,Protein,3.0,COLORWHEEL_5500_SEMIQUANT.zip,1,1,0,,28.703199,0.143057,1.0,29.6448,0.140919,1.0,26.5368,0.148794,1.0,32.051998,0.138775,0.999495,24.242399,0.157489,0.995103,22.928801,0.173531,0.984336,23.5448,0.170678,0.990838,22.688,0.171738,0.986594,30.18,0.157655,0.985462,20.2024,0.163964,0.992082
COLORWHEEL_5500_IMG_0592_0017,COLORWHEEL_5500,train,5500,pH:6.5,pH:6.5,,,pH,6.5,COLORWHEEL_5500_SEMIQUANT.zip,1,1,0,,28.703199,0.143057,1.0,29.6448,0.140919,1.0,26.5368,0.148794,1.0,32.051998,0.138775,0.999495,24.242399,0.157489,0.995103,22.928801,0.173531,0.984336,23.5448,0.170678,0.990838,22.688,0.171738,0.986594,30.18,0.157655,0.985462,20.2024,0.163964,0.992082
COLORWHEEL_5500_IMG_0592_0017,COLORWHEEL_5500,train,5500,Blood:Moderate 80,Blood:Moderate 80,,,Blood,Moderate 80,COLORWHEEL_5500_SEMIQUANT.zip,1,1,0,,28.703199,0.143057,1.0,29.6448,0.140919,1.0,26.5368,0.148794,1.0,32.051998,0.138775,0.999495,24.242399,0.157489,0.995103,22.928801,0.173531,0.984336,23.5448,0.170678,0.990838,22.688,0.171738,0.986594,30.18,0.157655,0.985462,20.2024,0.163964,0.992082
COLORWHEEL_5500_IMG_0592_0017,COLORWHEEL_5500,train,5500,Specific Gravity:1.010,Specific Gravity:1.010,,,Specific Gravity,1.010,COLORWHEEL_5500_SEMIQUANT.zip,1,1,0,,28.703199,0.143057,1.0,29.6448,0.140919,1.0,26.5368,0.148794,1.0,32.051998,0.138775,0.999495,24.242399,0.157489,0.995103,22.928801,0.173531,0.984336,23.5448,0.170678,0.990838,22.688,0.171738,0.986594,30.18,0.157655,0.985462,20.2024,0.163964,0.992082
COLORWHEEL_5500_IMG_0592_0017,COLORWHEEL_5500,train,5500,Ketone:8.0,Ketone:8.0,,,Ketone,8.0,COLORWHEEL_5500_SEMIQUANT.zip,1,1,0,,28.703199,0.143057,1.0,29.6448,0.140919,1.0,26.5368,0.148794,1.0,32.051998,0.138775,0.999495,24.242399,0.157489,0.995103,22.928801,0.173531,0.984336,23.5448,0.170678,0.990838,22.688,0.171738,0.986594,30.18,0.157655,0.985462,20.2024,0.163964,0.992082
COLORWHEEL_5500_IMG_0592_0017,COLORWHEEL_5500,train,5500,Bilirubin:Neg,Bilirubin:Neg,,,Bilirubin,Neg,COLORWHEEL_5500_SEMIQUANT.zip,1,1,0,,28.703199,0.143057,1.0,29.6448,0.140919,1.0,26.5368,0.148794,1.0,32.051998,0.138775,0.999495,24.242399,0.157489,0.995103,22.928801,0.173531,0.984336,23.5448,0.170678,0.990838,22.688,0.171738,0.986594,30.18,0.157655,0.985462,20.2024,0.163964,0.992082
COLORWHEEL_5500_IMG_0592_0017,COLORWHEEL_5500,train,5500,Glucose:60 +++,Glucose:60 +++,,,Glucose,60 +++,COLORWHEEL_5500_SEMIQUANT.zip,1,1,0,,28.703199,0.143057,1.0,29.6448,0.140919,1.0,26.5368,0.148794,1.0,32.051998,0.138775,0.999495,24.242399,0.157489,0.995103,22.928801,0.173531,0.984336,23.5448,0.170678,0.990838,22.688,0.171738,0.986594,30.18,0.157655,0.985462,20.2024,0.163964,0.992082
COLORWHEEL_5500_IMG_0601_0018,COLORWHEEL_5500,train,5500,Leukocytes:Small 70,Leukocytes:Small 70,,,Leukocytes,Small 70,COLORWHEEL_5500_SEMIQUANT.zip,1,1,0,,53.329601,0.139507,0.745959,59.045601,0.134809,0.719151,57.585602,0.140254,0.782893,50.112801,0.140466,0.801551,50.417599,0.135953,0.802259,71.180801,0.140342,0.674773,69.588799,0.129473,0.691511,71.1912,0.135162,0.678526,79.632004,0.128549,0.652356,82.364799,0.13286,0.607572
COLORWHEEL_5500_IMG_0601_0018,COLORWHEEL_5500,train,5500,Nitrite:Positive,Nitrite:Positive,,,Nitrite,Positive,COLORWHEEL_5500_SEMIQUANT.zip,1,1,0,,53.329601,0.139507,0.745959,59.045601,0.134809,0.719151,57.585602,0.140254,0.782893,50.112801,0.140466,0.801551,50.417599,0.135953,0.802259,71.180801,0.140342,0.674773,69.588799,0.129473,0.691511,71.1912,0.135162,0.678526,79.632004,0.128549,0.652356,82.364799,0.13286,0.607572
COLORWHEEL_5500_IMG_0601_0018,COLORWHEEL_5500,train,5500,Urobilinogen:32,Urobilinogen:32,,,Urobilinogen,32,COLORWHEEL_5500_SEMIQUANT.zip,1,1,0,,53.329601,0.139507,0.745959,59.045601,0.134809,0.719151,57.585602,0.140254,0.782893,50.112801,0.140466,0.801551,50.417599,0.135953,0.802259,71.180801,0.140342,0.674773,69.588799,0.129473,0.691511,71.1912,0.135162,0.678526,79.632004,0.128549,0.652356,82.364799,0.13286,0.607572
COLORWHEEL_5500_IMG_0601_0018,COLORWHEEL_5500,train,5500,Protein:>=20.0,Protein:>=20.0,,,Protein,>=20.0,COLORWHEEL_5500_SEMIQUANT.zip,1,1,0,,53.329601,0.139507,0.745959,59.045601,0.134809,0.719151,57.585602,0.140254,0.782893,50.112801,0.140466,0.801551,50.417599,0.135953,0.802259,71.180801,0.140342,0.674773,69.588799,0.129473,0.691511,71.1912,0.135162,0.678526,79.632004,0.128549,0.652356,82.364799,0.13286,0.607572
COLORWHEEL_5500_IMG_0601_0018,COLORWHEEL_5500,train,5500,pH:7.0,pH:7.0,,,pH,7.0,COLORWHEEL_5500_SEMIQUANT.zip,1,1,0,,53.329601,0.139507,0.745959,59.045601,0.134809,0.719151,57.585602,0.140254,0.782893,50.112801,0.140466,0.801551,50.417599,0.135953,0.802259,71.180801,0.140342,0.674773,69.588799,0.129473,0.691511,71.1912,0.135162,0.678526,79.632004,0.128549,0.652356,82.364799,0.13286,0.607572
COLORWHEEL_5500_IMG_0601_0018,COLORWHEEL_5500,train,5500,Blood:Large 200,Blood:Large 200,,,Blood,Large 200,COLORWHEEL_5500_SEMIQUANT.zip,1,1,0,,53.329601,0.139507,0.745959,59.045601,0.134809,0.719151,57.585602,0.140254,0.782893,50.112801,0.140466,0.801551,50.417599,0.135953,0.802259,71.180801,0.140342,0.674773,69.588799,0.129473,0.691511,71.1912,0.135162,0.678526,79.632004,0.128549,0.652356,82.364799,0.13286,0.607572
COLORWHEEL_5500_IMG_0601_0018,COLORWHEEL_5500,train,5500,Specific Gravity:1.015,Specific Gravity:1.015,,,Specific Gravity,1.015,COLORWHEEL_5500_SEMIQUANT.zip,1,1,0,,53.329601,0.139507,0.745959,59.045601,0.134809,0.719151,57.585602,0.140254,0.782893,50.112801,0.140466,0.801551,50.417599,0.135953,0.802259,71.180801,0.140342,0.674773,69.588799,0.129473,0.691511,71.1912,0.135162,0.678526,79.632004,0.128549,0.652356,82.364799,0.13286,0.607572
COLORWHEEL_5500_IMG_0601_0018,COLORWHEEL_5500,train,5500,Ketone:Large 16,Ketone:Large 16,,,Ketone,Large 16,COLORWHEEL_5500_SEMIQUANT.zip,1,1,0,,53.329601,0.139507,0.745959,59.045601,0.134809,0.719151,57.585602,0.140254,0.782893,50.112801,0.140466,0.801551,50.417599,0.135953,0.802259,71.180801,0.140342,0.674773,69.588799,0.129473,0.691511,71.1912,0.135162,0.678526,79.632004,0.128549,0.652356,82.364799,0.13286,0.607572
COLORWHEEL_5500_IMG_0601_0018,COLORWHEEL_5500,train,5500,Bilirubin:Small 17,Bilirubin:Small 17,,,Bilirubin,Small 17,COLORWHEEL_5500_SEMIQUANT.zip,1,1,0,,53.329601,0.139507,0.745959,59.045601,0.134809,0.719151,57.585602,0.140254,0.782893,50.112801,0.140466,0.801551,50.417599,0.135953,0.802259,71.180801,0.140342,0.674773,69.588799,0.129473,0.691511,71.1912,0.135162,0.678526,79.632004,0.128549,0.652356,82.364799,0.13286,0.607572
COLORWHEEL_5500_IMG_0601_0018,COLORWHEEL_5500,train,5500,Glucose:110 ++++,Glucose:110 ++++,,,Glucose,110 ++++,COLORWHEEL_5500_SEMIQUANT.zip,1,1,0,,53.329601,0.139507,0.745959,59.045601,0.134809,0.719151,57.585602,0.140254,0.782893,50.112801,0.140466,0.801551,50.417599,0.135953,0.802259,71.180801,0.140342,0.674773,69.588799,0.129473,0.691511,71.1912,0.135162,0.678526,79.632004,0.128549,0.652356,82.364799,0.13286,0.607572
COLORWHEEL_5500_IMG_0604_0019,COLORWHEEL_5500,train,5500,Leukocytes:Moderate 125,Leukocytes:Moderate 125,,,Leukocytes,Moderate 125,COLORWHEEL_5500_SEMIQUANT.zip,1,1,0,,46.160801,0.163324,0.711617,46.132,0.165649,0.686373,42.768002,0.167136,0.739881,40.964802,0.172014,0.763736,56.389599,0.167085,0.768052,69.1576,0.159459,0.639903,69.528801,0.151515,0.65786,70.718399,0.141724,0.646475,71.273598,0.14213,0.613773,82.1688,0.133161,0.571529
COLORWHEEL_5500_IMG_0604_0019,COLORWHEEL_5500,train,5500,Nitrite:Neg,Nitrite:Neg,,,Nitrite,Neg,COLORWHEEL_5500_SEMIQUANT.zip,1,1,0,,46.160801,0.163324,0.711617,46.132,0.165649,0.686373,42.768002,0.167136,0.739881,40.964802,0.172014,0.763736,56.389599,0.167085,0.768052,69.1576,0.159459,0.639903,69.528801,0.151515,0.65786,70.718399,0.141724,0.646475,71.273598,0.14213,0.613773,82.1688,0.133161,0.571529
COLORWHEEL_5500_IMG_0604_0019,COLORWHEEL_5500,train,5500,Urobilinogen:64,Urobilinogen:64,,,Urobilinogen,64,COLORWHEEL_5500_SEMIQUANT.zip,1,1,0,,46.160801,0.163324,0.711617,46.132,0.165649,0.686373,42.768002,0.167136,0.739881,40.964802,0.172014,0.763736,56.389599,0.167085,0.768052,69.1576,0.159459,0.639903,69.528801,0.151515,0.65786,70.718399,0.141724,0.646475,71.273598,0.14213,0.613773,82.1688,0.133161,0.571529
COLORWHEEL_5500_IMG_0604_0019,COLORWHEEL_5500,train,5500,Protein:Neg,Protein:Neg,,,Protein,Neg,COLORWHEEL_5500_SEMIQUANT.zip,1,1,0,,46.160801,0.163324,0.711617,46.132,0.165649,0.686373,42.768002,0.167136,0.739881,40.964802,0.172014,0.763736,56.389599,0.167085,0.768052,69.1576,0.159459,0.639903,69.528801,0.151515,0.65786,70.718399,0.141724,0.646475,71.273598,0.14213,0.613773,82.1688,0.133161,0.571529
COLORWHEEL_5500_IMG_0604_0019,COLORWHEEL_5500,train,5500,pH:7.5,pH:7.5,,,pH,7.5,COLORWHEEL_5500_SEMIQUANT.zip,1,1,0,,46.160801,0.163324,0.711617,46.132,0.165649,0.686373,42.768002,0.167136,0.739881,40.964802,0.172014,0.763736,56.389599,0.167085,0.768052,69.1576,0.159459,0.639903,69.528801,0.151515,0.65786,70.718399,0.141724,0.646475,71.273598,0.14213,0.613773,82.1688,0.133161,0.571529
COLORWHEEL_5500_IMG_0604_0019,COLORWHEEL_5500,train,5500,Blood:Neg,Blood:Neg,,,Blood,Neg,COLORWHEEL_5500_SEMIQUANT.zip,1,1,0,,46.160801,0.163324,0.711617,46.132,0.165649,0.686373,42.768002,0.167136,0.739881,40.964802,0.172014,0.763736,56.389599,0.167085,0.768052,69.1576,0.159459,0.639903,69.528801,0.151515,0.65786,70.718399,0.141724,0.646475,71.273598,0.14213,0.613773,82.1688,0.133161,0.571529
COLORWHEEL_5500_IMG_0604_0019,COLORWHEEL_5500,train,5500,Specific Gravity:1.020,Specific Gravity:1.020,,,Specific Gravity,1.020,COLORWHEEL_5500_SEMIQUANT.zip,1,1,0,,46.160801,0.163324,0.711617,46.132,0.165649,0.686373,42.768002,0.167136,0.739881,40.964802,0.172014,0.763736,56.389599,0.167085,0.768052,69.1576,0.159459,0.639903,69.528801,0.151515,0.65786,70.718399,0.141724,0.646475,71.273598,0.14213,0.613773,82.1688,0.133161,0.571529
COLORWHEEL_5500_IMG_0604_0019,COLORWHEEL_5500,train,5500,Ketone:Neg,Ketone:Neg,,,Ketone,Neg,COLORWHEEL_5500_SEMIQUANT.zip,1,1,0,,46.160801,0.163324,0.711617,46.132,0.165649,0.686373,42.768002,0.167136,0.739881,40.964802,0.172014,0.763736,56.389599,0.167085,0.768052,69.1576,0.159459,0.639903,69.528801,0.151515,0.65786,70.718399,0.141724,0.646475,71.273598,0.14213,0.613773,82.1688,0.133161,0.571529
COLORWHEEL_5500_IMG_0604_0019,COLORWHEEL_5500,train,5500,Bilirubin:Moderate 50,Bilirubin:Moderate 50,,,Bilirubin,Moderate 50,COLORWHEEL_5500_SEMIQUANT.zip,1,1,0,,46.160801,0.163324,0.711617,46.132,0.165649,0.686373,42.768002,0.167136,0.739881,40.964802,0.172014,0.763736,56.389599,0.167085,0.768052,69.1576,0.159459,0.639903,69.528801,0.151515,0.65786,70.718399,0.141724,0.646475,71.273598,0.14213,0.613773,82.1688,0.133161,0.571529
COLORWHEEL_5500_IMG_0604_0019,COLORWHEEL_5500,train,5500,Glucose:Neg,Glucose:Neg,,,Glucose,Neg,COLORWHEEL_5500_SEMIQUANT.zip,1,1,0,,46.160801,0.163324,0.711617,46.132,0.165649,0.686373,42.768002,0.167136,0.739881,40.964802,0.172014,0.763736,56.389599,0.167085,0.768052,69.1576,0.159459,0.639903,69.528801,0.151515,0.65786,70.718399,0.141724,0.646475,71.273598,0.14213,0.613773,82.1688,0.133161,0.571529
COLORWHEEL_5500_IMG_0607_0020,COLORWHEEL_5500,train,5500,Leukocytes:Large 500,Leukocytes:Large 500,,,Leukocytes,Large 500,COLORWHEEL_5500_SEMIQUANT.zip,1,1,0,,52.2864,0.164108,0.696685,55.110401,0.170387,0.674176,49.348,0.166855,0.738924,52.2728,0.16213,0.745242,58.580002,0.169602,0.75411,70.625603,0.157922,0.632659,70.228798,0.150094,0.64981,74.406403,0.147948,0.625401,77.023201,0.152598,0.604351,85.227997,0.136576,0.558053
COLORWHEEL_5500_IMG_0607_0020,COLORWHEEL_5500,train,5500,Nitrite:Positive,Nitrite:Positive,,,Nitrite,Positive,COLORWHEEL_5500_SEMIQUANT.zip,1,1,0,,52.2864,0.164108,0.696685,55.110401,0.170387,0.674176,49.348,0.166855,0.738924,52.2728,0.16213,0.745242,58.580002,0.169602,0.75411,70.625603,0.157922,0.632659,70.228798,0.150094,0.64981,74.406403,0.147948,0.625401,77.023201,0.152598,0.604351,85.227997,0.136576,0.558053
COLORWHEEL_5500_IMG_0607_0020,COLORWHEEL_5500,train,5500,Urobilinogen:128,Urobilinogen:128,,,Urobilinogen,128,COLORWHEEL_5500_SEMIQUANT.zip,1,1,0,,52.2864,0.164108,0.696685,55.110401,0.170387,0.674176,49.348,0.166855,0.738924,52.2728,0.16213,0.745242,58.580002,0.169602,0.75411,70.625603,0.157922,0.632659,70.228798,0.150094,0.64981,74.406403,0.147948,0.625401,77.023201,0.152598,0.604351,85.227997,0.136576,0.558053
COLORWHEEL_5500_IMG_0607_0020,COLORWHEEL_5500,train,5500,Protein:Trace,Protein:Trace,,,Protein,Trace,COLORWHEEL_5500_SEMIQUANT.zip,1,1,0,,52.2864,0.164108,0.696685,55.110401,0.170387,0.674176,49.348,0.166855,0.738924,52.2728,0.16213,0.745242,58.580002,0.169602,0.75411,70.625603,0.157922,0.632659,70.228798,0.150094,0.64981,74.406403,0.147948,0.625401,77.023201,0.152598,0.604351,85.227997,0.136576,0.558053
COLORWHEEL_5500_IMG_0607_0020,COLORWHEEL_5500,train,5500,pH:8.0,pH:8.0,,,pH,8.0,COLORWHEEL_5500_SEMIQUANT.zip,1,1,0,,52.2864,0.164108,0.696685,55.110401,0.170387,0.674176,49.348,0.166855,0.738924,52.2728,0.16213,0.745242,58.580002,0.169602,0.75411,70.625603,0.157922,0.632659,70.228798,0.150094,0.64981,74.406403,0.147948,0.625401,77.023201,0.152598,0.604351,85.227997,0.136576,0.558053
COLORWHEEL_5500_IMG_0607_0020,COLORWHEEL_5500,train,5500,Blood:Non-hemolyzed 10,Blood:Non-hemolyzed 10,,,Blood,Non-hemolyzed 10,COLORWHEEL_5500_SEMIQUANT.zip,1,1,0,,52.2864,0.164108,0.696685,55.110401,0.170387,0.674176,49.348,0.166855,0.738924,52.2728,0.16213,0.745242,58.580002,0.169602,0.75411,70.625603,0.157922,0.632659,70.228798,0.150094,0.64981,74.406403,0.147948,0.625401,77.023201,0.152598,0.604351,85.227997,0.136576,0.558053
COLORWHEEL_5500_IMG_0607_0020,COLORWHEEL_5500,train,5500,Specific Gravity:1.025,Specific Gravity:1.025,,,Specific Gravity,1.025,COLORWHEEL_5500_SEMIQUANT.zip,1,1,0,,52.2864,0.164108,0.696685,55.110401,0.170387,0.674176,49.348,0.166855,0.738924,52.2728,0.16213,0.745242,58.580002,0.169602,0.75411,70.625603,0.157922,0.632659,70.228798,0.150094,0.64981,74.406403,0.147948,0.625401,77.023201,0.152598,0.604351,85.227997,0.136576,0.558053
COLORWHEEL_5500_IMG_0607_0020,COLORWHEEL_5500,train,5500,Ketone:Trace 0.5,Ketone:Trace 0.5,,,Ketone,Trace 0.5,COLORWHEEL_5500_SEMIQUANT.zip,1,1,0,,52.2864,0.164108,0.696685,55.110401,0.170387,0.674176,49.348,0.166855,0.738924,52.2728,0.16213,0.745242,58.580002,0.169602,0.75411,70.625603,0.157922,0.632659,70.228798,0.150094,0.64981,74.406403,0.147948,0.625401,77.023201,0.152598,0.604351,85.227997,0.136576,0.558053
COLORWHEEL_5500_IMG_0607_0020,COLORWHEEL_5500,train,5500,Bilirubin:Large 100,Bilirubin:Large 100,,,Bilirubin,Large 100,COLORWHEEL_5500_SEMIQUANT.zip,1,1,0,,52.2864,0.164108,0.696685,55.110401,0.170387,0.674176,49.348,0.166855,0.738924,52.2728,0.16213,0.745242,58.580002,0.169602,0.75411,70.625603,0.157922,0.632659,70.228798,0.150094,0.64981,74.406403,0.147948,0.625401,77.023201,0.152598,0.604351,85.227997,0.136576,0.558053
COLORWHEEL_5500_IMG_0607_0020,COLORWHEEL_5500,train,5500,Glucose:Trace 5,Glucose:Trace 5,,,Glucose,Trace 5,COLORWHEEL_5500_SEMIQUANT.zip,1,1,0,,52.2864,0.164108,0.696685,55.110401,0.170387,0.674176,49.348,0.166855,0.738924,52.2728,0.16213,0.745242,58.580002,0.169602,0.75411,70.625603,0.157922,0.632659,70.228798,0.150094,0.64981,74.406403,0.147948,0.625401,77.023201,0.152598,0.604351,85.227997,0.136576,0.558053
COLORWHEEL_5500_IMG_0610_0021,COLORWHEEL_5500,train,5500,Leukocytes:Neg,Leukocytes:Neg,,,Leukocytes,Neg,COLORWHEEL_5500_SEMIQUANT.zip,1,1,0,,45.936001,0.147252,1.0,48.276798,0.143015,1.0,43.6264,0.151512,1.0,47.7024,0.142668,0.999896,38.309601,0.166844,0.999139,33.116001,0.180344,0.99277,34.288799,0.177362,0.995054,31.4744,0.17531,0.994477,35.897598,0.166886,0.992654,33.98,0.168747,0.996489
COLORWHEEL_5500_IMG_0610_0021,COLORWHEEL_5500,train,5500,Nitrite:Neg,Nitrite:Neg,,,Nitrite,Neg,COLORWHEEL_5500_SEMIQUANT.zip,1,1,0,,45.936001,0.147252,1.0,48.276798,0.143015,1.0,43.6264,0.151512,1.0,47.7024,0.142668,0.999896,38.309601,0.166844,0.999139,33.116001,0.180344,0.99277,34.288799,0.177362,0.995054,31.4744,0.17531,0.994477,35.897598,0.166886,0.992654,33.98,0.168747,0.996489
COLORWHEEL_5500_IMG_0610_0021,COLORWHEEL_5500,train,5500,Urobilinogen:3.2,Urobilinogen:3.2,,,Urobilinogen,3.2,COLORWHEEL_5500_SEMIQUANT.zip,1,1,0,,45.936001,0.147252,1.0,48.276798,0.143015,1.0,43.6264,0.151512,1.0,47.7024,0.142668,0.999896,38.309601,0.166844,0.999139,33.116001,0.180344,0.99277,34.288799,0.177362,0.995054,31.4744,0.17531,0.994477,35.897598,0.166886,0.992654,33.98,0.168747,0.996489
COLORWHEEL_5500_IMG_0610_0021,COLORWHEEL_5500,train,5500,Protein:0.3,Protein:0.3,,,Protein,0.3,COLORWHEEL_5500_SEMIQUANT.zip,1,1,0,,45.936001,0.147252,1.0,48.276798,0.143015,1.0,43.6264,0.151512,1.0,47.7024,0.142668,0.999896,38.309601,0.166844,0.999139,33.116001,0.180344,0.99277,34.288799,0.177362,0.995054,31.4744,0.17531,0.994477,35.897598,0.166886,0.992654,33.98,0.168747,0.996489
COLORWHEEL_5500_IMG_0610_0021,COLORWHEEL_5500,train,5500,pH:8.5,pH:8.5,,,pH,8.5,COLORWHEEL_5500_SEMIQUANT.zip,1,1,0,,45.936001,0.147252,1.0,48.276798,0.143015,1.0,43.6264,0.151512,1.0,47.7024,0.142668,0.999896,38.309601,0.166844,0.999139,33.116001,0.180344,0.99277,34.288799,0.177362,0.995054,31.4744,0.17531,0.994477,35.897598,0.166886,0.992654,33.98,0.168747,0.996489
COLORWHEEL_5500_IMG_0610_0021,COLORWHEEL_5500,train,5500,Blood:Hemolyzed 10,Blood:Hemolyzed 10,,,Blood,Hemolyzed 10,COLORWHEEL_5500_SEMIQUANT.zip,1,1,0,,45.936001,0.147252,1.0,48.276798,0.143015,1.0,43.6264,0.151512,1.0,47.7024,0.142668,0.999896,38.309601,0.166844,0.999139,33.116001,0.180344,0.99277,34.288799,0.177362,0.995054,31.4744,0.17531,0.994477,35.897598,0.166886,0.992654,33.98,0.168747,0.996489
COLORWHEEL_5500_IMG_0610_0021,COLORWHEEL_5500,train,5500,Specific Gravity:1.030,Specific Gravity:1.030,,,Specific Gravity,1.030,COLORWHEEL_5500_SEMIQUANT.zip,1,1,0,,45.936001,0.147252,1.0,48.276798,0.143015,1.0,43.6264,0.151512,1.0,47.7024,0.142668,0.999896,38.309601,0.166844,0.999139,33.116001,0.180344,0.99277,34.288799,0.177362,0.995054,31.4744,0.17531,0.994477,35.897598,0.166886,0.992654,33.98,0.168747,0.996489
COLORWHEEL_5500_IMG_0610_0021,COLORWHEEL_5500,train,5500,Ketone:Small 1.5,Ketone:Small 1.5,,,Ketone,Small 1.5,COLORWHEEL_5500_SEMIQUANT.zip,1,1,0,,45.936001,0.147252,1.0,48.276798,0.143015,1.0,43.6264,0.151512,1.0,47.7024,0.142668,0.999896,38.309601,0.166844,0.999139,33.116001,0.180344,0.99277,34.288799,0.177362,0.995054,31.4744,0.17531,0.994477,35.897598,0.166886,0.992654,33.98,0.168747,0.996489
COLORWHEEL_5500_IMG_0610_0021,COLORWHEEL_5500,train,5500,Bilirubin:Neg,Bilirubin:Neg,,,Bilirubin,Neg,COLORWHEEL_5500_SEMIQUANT.zip,1,1,0,,45.936001,0.147252,1.0,48.276798,0.143015,1.0,43.6264,0.151512,1.0,47.7024,0.142668,0.999896,38.309601,0.166844,0.999139,33.116001,0.180344,0.99277,34.288799,0.177362,0.995054,31.4744,0.17531,0.994477,35.897598,0.166886,0.992654,33.98,0.168747,0.996489
COLORWHEEL_5500_IMG_0610_0021,COLORWHEEL_5500,train,5500,Glucose:15 +,Glucose:15 +,,,Glucose,15 +,COLORWHEEL_5500_SEMIQUANT.zip,1,1,0,,45.936001,0.147252,1.0,48.276798,0.143015,1.0,43.6264,0.151512,1.0,47.7024,0.142668,0.999896,38.309601,0.166844,0.999139,33.116001,0.180344,0.99277,34.288799,0.177362,0.995054,31.4744,0.17531,0.994477,35.897598,0.166886,0.992654,33.98,0.168747,0.996489
COLORWHEEL_5500_IMG_0612_0022,COLORWHEEL_5500,train,5500,Leukocytes:Trace 15,Leukocytes:Trace 15,,,Leukocytes,Trace 15,COLORWHEEL_5500_SEMIQUANT.zip,1,1,0,,60.1744,0.203225,0.797024,59.8936,0.212292,0.786174,59.470402,0.180166,0.825413,54.684799,0.18994,0.853591,53.408001,0.192891,0.86118,71.520798,0.202205,0.74475,66.234398,0.197059,0.771884,69.679199,0.186671,0.761087,72.366402,0.192201,0.739565,74.400002,0.196558,0.699344
COLORWHEEL_5500_IMG_0612_0022,COLORWHEEL_5500,train,5500,Nitrite:Positive,Nitrite:Positive,,,Nitrite,Positive,COLORWHEEL_5500_SEMIQUANT.zip,1,1,0,,60.1744,0.203225,0.797024,59.8936,0.212292,0.786174,59.470402,0.180166,0.825413,54.684799,0.18994,0.853591,53.408001,0.192891,0.86118,71.520798,0.202205,0.74475,66.234398,0.197059,0.771884,69.679199,0.186671,0.761087,72.366402,0.192201,0.739565,74.400002,0.196558,0.699344
COLORWHEEL_5500_IMG_0612_0022,COLORWHEEL_5500,train,5500,Urobilinogen:16,Urobilinogen:16,,,Urobilinogen,16,COLORWHEEL_5500_SEMIQUANT.zip,1,1,0,,60.1744,0.203225,0.797024,59.8936,0.212292,0.786174,59.470402,0.180166,0.825413,54.684799,0.18994,0.853591,53.408001,0.192891,0.86118,71.520798,0.202205,0.74475,66.234398,0.197059,0.771884,69.679199,0.186671,0.761087,72.366402,0.192201,0.739565,74.400002,0.196558,0.699344
COLORWHEEL_5500_IMG_0612_0022,COLORWHEEL_5500,train,5500,Protein:1.0,Protein:1.0,,,Protein,1.0,COLORWHEEL_5500_SEMIQUANT.zip,1,1,0,,60.1744,0.203225,0.797024,59.8936,0.212292,0.786174,59.470402,0.180166,0.825413,54.684799,0.18994,0.853591,53.408001,0.192891,0.86118,71.520798,0.202205,0.74475,66.234398,0.197059,0.771884,69.679199,0.186671,0.761087,72.366402,0.192201,0.739565,74.400002,0.196558,0.699344
COLORWHEEL_5500_IMG_0612_0022,COLORWHEEL_5500,train,5500,pH:5.0,pH:5.0,,,pH,5.0,COLORWHEEL_5500_SEMIQUANT.zip,1,1,0,,60.1744,0.203225,0.797024,59.8936,0.212292,0.786174,59.470402,0.180166,0.825413,54.684799,0.18994,0.853591,53.408001,0.192891,0.86118,71.520798,0.202205,0.74475,66.234398,0.197059,0.771884,69.679199,0.186671,0.761087,72.366402,0.192201,0.739565,74.400002,0.196558,0.699344
COLORWHEEL_5500_IMG_0612_0022,COLORWHEEL_5500,train,5500,Blood:Small 25,Blood:Small 25,,,Blood,Small 25,COLORWHEEL_5500_SEMIQUANT.zip,1,1,0,,60.1744,0.203225,0.797024,59.8936,0.212292,0.786174,59.470402,0.180166,0.825413,54.684799,0.18994,0.853591,53.408001,0.192891,0.86118,71.520798,0.202205,0.74475,66.234398,0.197059,0.771884,69.679199,0.186671,0.761087,72.366402,0.192201,0.739565,74.400002,0.196558,0.699344
COLORWHEEL_5500_IMG_0612_0022,COLORWHEEL_5500,train,5500,Specific Gravity:1.000,Specific Gravity:1.000,,,Specific Gravity,1.000,COLORWHEEL_5500_SEMIQUANT.zip,1,1,0,,60.1744,0.203225,0.797024,59.8936,0.212292,0.786174,59.470402,0.180166,0.825413,54.684799,0.18994,0.853591,53.408001,0.192891,0.86118,71.520798,0.202205,0.74475,66.234398,0.197059,0.771884,69.679199,0.186671,0.761087,72.366402,0.192201,0.739565,74.400002,0.196558,0.699344
COLORWHEEL_5500_IMG_0612_0022,COLORWHEEL_5500,train,5500,Ketone:Moderate 4.0,Ketone:Moderate 4.0,,,Ketone,Moderate 4.0,COLORWHEEL_5500_SEMIQUANT.zip,1,1,0,,60.1744,0.203225,0.797024,59.8936,0.212292,0.786174,59.470402,0.180166,0.825413,54.684799,0.18994,0.853591,53.408001,0.192891,0.86118,71.520798,0.202205,0.74475,66.234398,0.197059,0.771884,69.679199,0.186671,0.761087,72.366402,0.192201,0.739565,74.400002,0.196558,0.699344
COLORWHEEL_5500_IMG_0612_0022,COLORWHEEL_5500,train,5500,Bilirubin:Small 17,Bilirubin:Small 17,,,Bilirubin,Small 17,COLORWHEEL_5500_SEMIQUANT.zip,1,1,0,,60.1744,0.203225,0.797024,59.8936,0.212292,0.786174,59.470402,0.180166,0.825413,54.684799,0.18994,0.853591,53.408001,0.192891,0.86118,71.520798,0.202205,0.74475,66.234398,0.197059,0.771884,69.679199,0.186671,0.761087,72.366402,0.192201,0.739565,74.400002,0.196558,0.699344
COLORWHEEL_5500_IMG_0612_0022,COLORWHEEL_5500,train,5500,Glucose:30 ++,Glucose:30 ++,,,Glucose,30 ++,COLORWHEEL_5500_SEMIQUANT.zip,1,1,0,,60.1744,0.203225,0.797024,59.8936,0.212292,0.786174,59.470402,0.180166,0.825413,54.684799,0.18994,0.853591,53.408001,0.192891,0.86118,71.520798,0.202205,0.74475,66.234398,0.197059,0.771884,69.679199,0.186671,0.761087,72.366402,0.192201,0.739565,74.400002,0.196558,0.699344
COLORWHEEL_5500_IMG_0615_0023,COLORWHEEL_5500,train,5500,Leukocytes:Small 70,Leukocytes:Small 70,,,Leukocytes,Small 70,COLORWHEEL_5500_SEMIQUANT.zip,1,1,0,,46.400799,0.801685,1.0,47.152,0.79384,1.0,72.313599,0.298745,0.973027,60.0,0.094634,1.0,47.464001,0.797263,1.0,46.655201,0.798478,1.0,53.096001,0.521407,1.0,60.0,0.087984,1.0,60.0,0.085534,1.0,60.0,0.085696,1.0
COLORWHEEL_5500_IMG_0615_0023,COLORWHEEL_5500,train,5500,Nitrite:Neg,Nitrite:Neg,,,Nitrite,Neg,COLORWHEEL_5500_SEMIQUANT.zip,1,1,0,,46.400799,0.801685,1.0,47.152,0.79384,1.0,72.313599,0.298745,0.973027,60.0,0.094634,1.0,47.464001,0.797263,1.0,46.655201,0.798478,1.0,53.096001,0.521407,1.0,60.0,0.087984,1.0,60.0,0.085534,1.0,60.0,0.085696,1.0
COLORWHEEL_5500_IMG_0615_0023,COLORWHEEL_5500,train,5500,Urobilinogen:32,Urobilinogen:32,,,Urobilinogen,32,COLORWHEEL_5500_SEMIQUANT.zip,1,1,0,,46.400799,0.801685,1.0,47.152,0.79384,1.0,72.313599,0.298745,0.973027,60.0,0.094634,1.0,47.464001,0.797263,1.0,46.655201,0.798478,1.0,53.096001,0.521407,1.0,60.0,0.087984,1.0,60.0,0.085534,1.0,60.0,0.085696,1.0
COLORWHEEL_5500_IMG_0615_0023,COLORWHEEL_5500,train,5500,Protein:3.0,Protein:3.0,,,Protein,3.0,COLORWHEEL_5500_SEMIQUANT.zip,1,1,0,,46.400799,0.801685,1.0,47.152,0.79384,1.0,72.313599,0.298745,0.973027,60.0,0.094634,1.0,47.464001,0.797263,1.0,46.655201,0.798478,1.0,53.096001,0.521407,1.0,60.0,0.087984,1.0,60.0,0.085534,1.0,60.0,0.085696,1.0
COLORWHEEL_5500_IMG_0615_0023,COLORWHEEL_5500,train,5500,pH:6.0,pH:6.0,,,pH,6.0,COLORWHEEL_5500_SEMIQUANT.zip,1,1,0,,46.400799,0.801685,1.0,47.152,0.79384,1.0,72.313599,0.298745,0.973027,60.0,0.094634,1.0,47.464001,0.797263,1.0,46.655201,0.798478,1.0,53.096001,0.521407,1.0,60.0,0.087984,1.0,60.0,0.085534,1.0,60.0,0.085696,1.0
COLORWHEEL_5500_IMG_0615_0023,COLORWHEEL_5500,train,5500,Blood:Moderate 80,Blood:Moderate 80,,,Blood,Moderate 80,COLORWHEEL_5500_SEMIQUANT.zip,1,1,0,,46.400799,0.801685,1.0,47.152,0.79384,1.0,72.313599,0.298745,0.973027,60.0,0.094634,1.0,47.464001,0.797263,1.0,46.655201,0.798478,1.0,53.096001,0.521407,1.0,60.0,0.087984,1.0,60.0,0.085534,1.0,60.0,0.085696,1.0
COLORWHEEL_5500_IMG_0615_0023,COLORWHEEL_5500,train,5500,Specific Gravity:1.005,Specific Gravity:1.005,,,Specific Gravity,1.005,COLORWHEEL_5500_SEMIQUANT.zip,1,1,0,,46.400799,0.801685,1.0,47.152,0.79384,1.0,72.313599,0.298745,0.973027,60.0,0.094634,1.0,47.464001,0.797263,1.0,46.655201,0.798478,1.0,53.096001,0.521407,1.0,60.0,0.087984,1.0,60.0,0.085534,1.0,60.0,0.085696,1.0
COLORWHEEL_5500_IMG_0615_0023,COLORWHEEL_5500,train,5500,Ketone:8.0,Ketone:8.0,,,Ketone,8.0,COLORWHEEL_5500_SEMIQUANT.zip,1,1,0,,46.400799,0.801685,1.0,47.152,0.79384,1.0,72.313599,0.298745,0.973027,60.0,0.094634,1.0,47.464001,0.797263,1.0,46.655201,0.798478,1.0,53.096001,0.521407,1.0,60.0,0.087984,1.0,60.0,0.085534,1.0,60.0,0.085696,1.0
COLORWHEEL_5500_IMG_0615_0023,COLORWHEEL_5500,train,5500,Bilirubin:Moderate 50,Bilirubin:Moderate 50,,,Bilirubin,Moderate 50,COLORWHEEL_5500_SEMIQUANT.zip,1,1,0,,46.400799,0.801685,1.0,47.152,0.79384,1.0,72.313599,0.298745,0.973027,60.0,0.094634,1.0,47.464001,0.797263,1.0,46.655201,0.798478,1.0,53.096001,0.521407,1.0,60.0,0.087984,1.0,60.0,0.085534,1.0,60.0,0.085696,1.0
COLORWHEEL_5500_IMG_0615_0023,COLORWHEEL_5500,train,5500,Glucose:60 +++,Glucose:60 +++,,,Glucose,60 +++,COLORWHEEL_5500_SEMIQUANT.zip,1,1,0,,46.400799,0.801685,1.0,47.152,0.79384,1.0,72.313599,0.298745,0.973027,60.0,0.094634,1.0,47.464001,0.797263,1.0,46.655201,0.798478,1.0,53.096001,0.521407,1.0,60.0,0.087984,1.0,60.0,0.085534,1.0,60.0,0.085696,1.0
COLORWHEEL_5500_IMG_0618_0024,COLORWHEEL_5500,train,5500,Leukocytes:Moderate 125,Leukocytes:Moderate 125,,,Leukocytes,Moderate 125,COLORWHEEL_5500_SEMIQUANT.zip,1,1,0,,60.0,0.122803,1.0,60.0,0.121569,1.0,60.0,0.133434,1.0,60.0,0.131343,1.0,60.0,0.148875,1.0,60.0,0.163853,1.0,60.0,0.17195,1.0,60.0,0.163435,1.0,60.0,0.151473,1.0,60.0,0.156685,1.0
COLORWHEEL_5500_IMG_0618_0024,COLORWHEEL_5500,train,5500,Nitrite:Positive,Nitrite:Positive,,,Nitrite,Positive,COLORWHEEL_5500_SEMIQUANT.zip,1,1,0,,60.0,0.122803,1.0,60.0,0.121569,1.0,60.0,0.133434,1.0,60.0,0.131343,1.0,60.0,0.148875,1.0,60.0,0.163853,1.0,60.0,0.17195,1.0,60.0,0.163435,1.0,60.0,0.151473,1.0,60.0,0.156685,1.0
COLORWHEEL_5500_IMG_0618_0024,COLORWHEEL_5500,train,5500,Urobilinogen:64,Urobilinogen:64,,,Urobilinogen,64,COLORWHEEL_5500_SEMIQUANT.zip,1,1,0,,60.0,0.122803,1.0,60.0,0.121569,1.0,60.0,0.133434,1.0,60.0,0.131343,1.0,60.0,0.148875,1.0,60.0,0.163853,1.0,60.0,0.17195,1.0,60.0,0.163435,1.0,60.0,0.151473,1.0,60.0,0.156685,1.0
COLORWHEEL_5500_IMG_0618_0024,COLORWHEEL_5500,train,5500,Protein:>=20.0,Protein:>=20.0,,,Protein,>=20.0,COLORWHEEL_5500_SEMIQUANT.zip,1,1,0,,60.0,0.122803,1.0,60.0,0.121569,1.0,60.0,0.133434,1.0,60.0,0.131343,1.0,60.0,0.148875,1.0,60.0,0.163853,1.0,60.0,0.17195,1.0,60.0,0.163435,1.0,60.0,0.151473,1.0,60.0,0.156685,1.0
COLORWHEEL_5500_IMG_0618_0024,COLORWHEEL_5500,train,5500,pH:6.5,pH:6.5,,,pH,6.5,COLORWHEEL_5500_SEMIQUANT.zip,1,1,0,,60.0,0.122803,1.0,60.0,0.121569,1.0,60.0,0.133434,1.0,60.0,0.131343,1.0,60.0,0.148875,1.0,60.0,0.163853,1.0,60.0,0.17195,1.0,60.0,0.163435,1.0,60.0,0.151473,1.0,60.0,0.156685,1.0
COLORWHEEL_5500_IMG_0618_0024,COLORWHEEL_5500,train,5500,Blood:Large 200,Blood:Large 200,,,Blood,Large 200,COLORWHEEL_5500_SEMIQUANT.zip,1,1,0,,60.0,0.122803,1.0,60.0,0.121569,1.0,60.0,0.133434,1.0,60.0,0.131343,1.0,60.0,0.148875,1.0,60.0,0.163853,1.0,60.0,0.17195,1.0,60.0,0.163435,1.0,60.0,0.151473,1.0,60.0,0.156685,1.0
COLORWHEEL_5500_IMG_0618_0024,COLORWHEEL_5500,train,5500,Specific Gravity:1.010,Specific Gravity:1.010,,,Specific Gravity,1.010,COLORWHEEL_5500_SEMIQUANT.zip,1,1,0,,60.0,0.122803,1.0,60.0,0.121569,1.0,60.0,0.133434,1.0,60.0,0.131343,1.0,60.0,0.148875,1.0,60.0,0.163853,1.0,60.0,0.17195,1.0,60.0,0.163435,1.0,60.0,0.151473,1.0,60.0,0.156685,1.0
COLORWHEEL_5500_IMG_0618_0024,COLORWHEEL_5500,train,5500,Ketone:Large 16,Ketone:Large 16,,,Ketone,Large 16,COLORWHEEL_5500_SEMIQUANT.zip,1,1,0,,60.0,0.122803,1.0,60.0,0.121569,1.0,60.0,0.133434,1.0,60.0,0.131343,1.0,60.0,0.148875,1.0,60.0,0.163853,1.0,60.0,0.17195,1.0,60.0,0.163435,1.0,60.0,0.151473,1.0,60.0,0.156685,1.0
COLORWHEEL_5500_IMG_0618_0024,COLORWHEEL_5500,train,5500,Bilirubin:Large 100,Bilirubin:Large 100,,,Bilirubin,Large 100,COLORWHEEL_5500_SEMIQUANT.zip,1,1,0,,60.0,0.122803,1.0,60.0,0.121569,1.0,60.0,0.133434,1.0,60.0,0.131343,1.0,60.0,0.148875,1.0,60.0,0.163853,1.0,60.0,0.17195,1.0,60.0,0.163435,1.0,60.0,0.151473,1.0,60.0,0.156685,1.0
COLORWHEEL_5500_IMG_0618_0024,COLORWHEEL_5500,train,5500,Glucose:110 ++++,Glucose:110 ++++,,,Glucose,110 ++++,COLORWHEEL_5500_SEMIQUANT.zip,1,1,0,,60.0,0.122803,1.0,60.0,0.121569,1.0,60.0,0.133434,1.0,60.0,0.131343,1.0,60.0,0.148875,1.0,60.0,0.163853,1.0,60.0,0.17195,1.0,60.0,0.163435,1.0,60.0,0.151473,1.0,60.0,0.156685,1.0
COLORWHEEL_5500_IMG_0621_0025,COLORWHEEL_5500,train,5500,Leukocytes:Large 500,Leukocytes:Large 500,,,Leukocytes,Large 500,COLORWHEEL_5500_SEMIQUANT.zip,1,1,0,,48.936798,0.801944,1.0,49.779999,0.795821,1.0,68.811203,0.263843,0.971867,59.576801,0.128612,1.0,50.588799,0.7957,1.0,49.257599,0.796127,1.0,57.512798,0.317438,1.0,60.0,0.075092,1.0,60.0,0.075475,1.0,60.0,0.070402,1.0
COLORWHEEL_5500_IMG_0621_0025,COLORWHEEL_5500,train,5500,Nitrite:Neg,Nitrite:Neg,,,Nitrite,Neg,COLORWHEEL_5500_SEMIQUANT.zip,1,1,0,,48.936798,0.801944,1.0,49.779999,0.795821,1.0,68.811203,0.263843,0.971867,59.576801,0.128612,1.0,50.588799,0.7957,1.0,49.257599,0.796127,1.0,57.512798,0.317438,1.0,60.0,0.075092,1.0,60.0,0.075475,1.0,60.0,0.070402,1.0
COLORWHEEL_5500_IMG_0621_0025,COLORWHEEL_5500,train,5500,Urobilinogen:128,Urobilinogen:128,,,Urobilinogen,128,COLORWHEEL_5500_SEMIQUANT.zip,1,1,0,,48.936798,0.801944,1.0,49.779999,0.795821,1.0,68.811203,0.263843,0.971867,59.576801,0.128612,1.0,50.588799,0.7957,1.0,49.257599,0.796127,1.0,57.512798,0.317438,1.0,60.0,0.075092,1.0,60.0,0.075475,1.0,60.0,0.070402,1.0
COLORWHEEL_5500_IMG_0621_0025,COLORWHEEL_5500,train,5500,Protein:Neg,Protein:Neg,,,Protein,Neg,COLORWHEEL_5500_SEMIQUANT.zip,1,1,0,,48.936798,0.801944,1.0,49.779999,0.795821,1.0,68.811203,0.263843,0.971867,59.576801,0.128612,1.0,50.588799,0.7957,1.0,49.257599,0.796127,1.0,57.512798,0.317438,1.0,60.0,0.075092,1.0,60.0,0.075475,1.0,60.0,0.070402,1.0
COLORWHEEL_5500_IMG_0621_0025,COLORWHEEL_5500,train,5500,pH:7.0,pH:7.0,,,pH,7.0,COLORWHEEL_5500_SEMIQUANT.zip,1,1,0,,48.936798,0.801944,1.0,49.779999,0.795821,1.0,68.811203,0.263843,0.971867,59.576801,0.128612,1.0,50.588799,0.7957,1.0,49.257599,0.796127,1.0,57.512798,0.317438,1.0,60.0,0.075092,1.0,60.0,0.075475,1.0,60.0,0.070402,1.0
COLORWHEEL_5500_IMG_0621_0025,COLORWHEEL_5500,train,5500,Blood:Neg,Blood:Neg,,,Blood,Neg,COLORWHEEL_5500_SEMIQUANT.zip,1,1,0,,48.936798,0.801944,1.0,49.779999,0.795821,1.0,68.811203,0.263843,0.971867,59.576801,0.128612,1.0,50.588799,0.7957,1.0,49.257599,0.796127,1.0,57.512798,0.317438,1.0,60.0,0.075092,1.0,60.0,0.075475,1.0,60.0,0.070402,1.0
COLORWHEEL_5500_IMG_0621_0025,COLORWHEEL_5500,train,5500,Specific Gravity:1.015,Specific Gravity:1.015,,,Specific Gravity,1.015,COLORWHEEL_5500_SEMIQUANT.zip,1,1,0,,48.936798,0.801944,1.0,49.779999,0.795821,1.0,68.811203,0.263843,0.971867,59.576801,0.128612,1.0,50.588799,0.7957,1.0,49.257599,0.796127,1.0,57.512798,0.317438,1.0,60.0,0.075092,1.0,60.0,0.075475,1.0,60.0,0.070402,1.0
COLORWHEEL_5500_IMG_0621_0025,COLORWHEEL_5500,train,5500,Ketone:Neg,Ketone:Neg,,,Ketone,Neg,COLORWHEEL_5500_SEMIQUANT.zip,1,1,0,,48.936798,0.801944,1.0,49.779999,0.795821,1.0,68.811203,0.263843,0.971867,59.576801,0.128612,1.0,50.588799,0.7957,1.0,49.257599,0.796127,1.0,57.512798,0.317438,1.0,60.0,0.075092,1.0,60.0,0.075475,1.0,60.0,0.070402,1.0
COLORWHEEL_5500_IMG_0621_0025,COLORWHEEL_5500,train,5500,Bilirubin:Neg,Bilirubin:Neg,,,Bilirubin,Neg,COLORWHEEL_5500_SEMIQUANT.zip,1,1,0,,48.936798,0.801944,1.0,49.779999,0.795821,1.0,68.811203,0.263843,0.971867,59.576801,0.128612,1.0,50.588799,0.7957,1.0,49.257599,0.796127,1.0,57.512798,0.317438,1.0,60.0,0.075092,1.0,60.0,0.075475,1.0,60.0,0.070402,1.0
COLORWHEEL_5500_IMG_0621_0025,COLORWHEEL_5500,train,5500,Glucose:Neg,Glucose:Neg,,,Glucose,Neg,COLORWHEEL_5500_SEMIQUANT.zip,1,1,0,,48.936798,0.801944,1.0,49.779999,0.795821,1.0,68.811203,0.263843,0.971867,59.576801,0.128612,1.0,50.588799,0.7957,1.0,49.257599,0.796127,1.0,57.512798,0.317438,1.0,60.0,0.075092,1.0,60.0,0.075475,1.0,60.0,0.070402,1.0
