    event_id,batch_id,split,light_kelvin,label_raw,label_canonical,class_label,class_id,analyte,level,source_zip,frames_total,frames_used,frames_skipped,frame_errors,leukocytes_h,leukocytes_s,leukocytes_v,nitrite_h,nitrite_s,nitrite_v,urobilinogen_h,urobilinogen_s,urobilinogen_v,protein_h,protein_s,protein_v,ph_h,ph_s,ph_v,blood_h,blood_s,blood_v,specific_gravity_h,specific_gravity_s,specific_gravity_v,ketone_h,ketone_s,ketone_v,bilirubin_h,bilirubin_s,bilirubin_v,glucose_h,glucose_s,glucose_v
COLORWHEEL_2700_EDITED_IMG_0541_0001,COLORWHEEL_2700_EDITED,train,2700,Normal,Normal,Normal,1,,,COLORWHEEL_2700_SEMIQUANT_EDITED.zip,1,1,0,,164.917603,0.416648,0.706569,182.420807,0.374009,0.807493,197.236801,0.328182,0.873928,214.604004,0.298436,1.0,217.392807,0.320165,1.0,198.592804,0.377159,0.856756,143.303207,0.498143,0.487282,212.941605,0.386908,0.925305,223.465607,0.379409,1.0,224.874405,0.397145,0.999617
COLORWHEEL_2700_EDITED_IMG_0541_0001,COLORWHEEL_2700_EDITED,train,2700,Normal,Normal,Normal,1,,,COLORWHEEL_2700_SEMIQUANT_EDITED.zip,1,1,0,,164.917603,0.416648,0.706569,182.420807,0.374009,0.807493,197.236801,0.328182,0.873928,214.604004,0.298436,1.0,217.392807,0.320165,1.0,198.592804,0.377159,0.856756,143.303207,0.498143,0.487282,212.941605,0.386908,0.925305,223.465607,0.379409,1.0,224.874405,0.397145,0.999617
COLORWHEEL_2700_EDITED_IMG_0541_0001,COLORWHEEL_2700_EDITED,train,2700,Normal,Normal,Normal,1,,,COLORWHEEL_2700_SEMIQUANT_EDITED.zip,1,1,0,,164.917603,0.416648,0.706569,182.420807,0.374009,0.807493,197.236801,0.328182,0.873928,214.604004,0.298436,1.0,217.392807,0.320165,1.0,198.592804,0.377159,0.856756,143.303207,0.498143,0.487282,212.941605,0.386908,0.925305,223.465607,0.379409,1.0,224.874405,0.397145,0.999617
COLORWHEEL_2700_EDITED_IMG_0541_0001,COLORWHEEL_2700_EDITED,train,2700,Normal,Normal,Normal,1,,,COLORWHEEL_2700_SEMIQUANT_EDITED.zip,1,1,0,,164.917603,0.416648,0.706569,182.420807,0.374009,0.807493,197.236801,0.328182,0.873928,214.604004,0.298436,1.0,217.392807,0.320165,1.0,198.592804,0.377159,0.856756,143.303207,0.498143,0.487282,212.941605,0.386908,0.925305,223.465607,0.379409,1.0,224.874405,0.397145,0.999617
COLORWHEEL_2700_EDITED_IMG_0541_0001,COLORWHEEL_2700_EDITED,train,2700,Abnormal,Abnormal,Abnormal,2,,,COLORWHEEL_2700_SEMIQUANT_EDITED.zip,1,1,0,,164.917603,0.416648,0.706569,182.420807,0.374009,0.807493,197.236801,0.328182,0.873928,214.604004,0.298436,1.0,217.392807,0.320165,1.0,198.592804,0.377159,0.856756,143.303207,0.498143,0.487282,212.941605,0.386908,0.925305,223.465607,0.379409,1.0,224.874405,0.397145,0.999617
COLORWHEEL_2700_EDITED_IMG_0541_0001,COLORWHEEL_2700_EDITED,train,2700,Normal,Normal,Normal,1,,,COLORWHEEL_2700_SEMIQUANT_EDITED.zip,1,1,0,,164.917603,0.416648,0.706569,182.420807,0.374009,0.807493,197.236801,0.328182,0.873928,214.604004,0.298436,1.0,217.392807,0.320165,1.0,198.592804,0.377159,0.856756,143.303207,0.498143,0.487282,212.941605,0.386908,0.925305,223.465607,0.379409,1.0,224.874405,0.397145,0.999617
COLORWHEEL_2700_EDITED_IMG_0541_0001,COLORWHEEL_2700_EDITED,train,2700,Abnormal,Abnormal,Abnormal,2,,,COLORWHEEL_2700_SEMIQUANT_EDITED.zip,1,1,0,,164.917603,0.416648,0.706569,182.420807,0.374009,0.807493,197.236801,0.328182,0.873928,214.604004,0.298436,1.0,217.392807,0.320165,1.0,198.592804,0.377159,0.856756,143.303207,0.498143,0.487282,212.941605,0.386908,0.925305,223.465607,0.379409,1.0,224.874405,0.397145,0.999617
COLORWHEEL_2700_EDITED_IMG_0541_0001,COLORWHEEL_2700_EDITED,train,2700,Normal,Normal,Normal,1,,,COLORWHEEL_2700_SEMIQUANT_EDITED.zip,1,1,0,,164.917603,0.416648,0.706569,182.420807,0.374009,0.807493,197.236801,0.328182,0.873928,214.604004,0.298436,1.0,217.392807,0.320165,1.0,198.592804,0.377159,0.856756,143.303207,0.498143,0.487282,212.941605,0.386908,0.925305,223.465607,0.379409,1.0,224.874405,0.397145,0.999617
COLORWHEEL_2700_EDITED_IMG_0541_0001,COLORWHEEL_2700_EDITED,train,2700,Normal,Normal,Normal,1,,,COLORWHEEL_2700_SEMIQUANT_EDITED.zip,1,1,0,,164.917603,0.416648,0.706569,182.420807,0.374009,0.807493,197.236801,0.328182,0.873928,214.604004,0.298436,1.0,217.392807,0.320165,1.0,198.592804,0.377159,0.856756,143.303207,0.498143,0.487282,212.941605,0.386908,0.925305,223.465607,0.379409,1.0,224.874405,0.397145,0.999617
COLORWHEEL_2700_EDITED_IMG_0541_0001,COLORWHEEL_2700_EDITED,train,2700,Normal,Normal,Normal,1,,,COLORWHEEL_2700_SEMIQUANT_EDITED.zip,1,1,0,,164.917603,0.416648,0.706569,182.420807,0.374009,0.807493,197.236801,0.328182,0.873928,214.604004,0.298436,1.0,217.392807,0.320165,1.0,198.592804,0.377159,0.856756,143.303207,0.498143,0.487282,212.941605,0.386908,0.925305,223.465607,0.379409,1.0,224.874405,0.397145,0.999617
COLORWHEEL_2700_EDITED_IMG_0544_0002,COLORWHEEL_2700_EDITED,train,2700,Abnormal,Abnormal,Abnormal,2,,,COLORWHEEL_2700_SEMIQUANT_EDITED.zip,1,1,0,,164.452805,0.347126,0.805029,204.206406,0.305875,0.720417,232.778397,0.119879,0.735853,237.341599,0.100863,0.745851,221.325607,0.092147,0.691253,0.0,0.0,0.0,0.0,0.0,0.0,0.0,0.0,0.0,0.0,0.0,0.0,0.0,0.0,0.0
COLORWHEEL_2700_EDITED_IMG_0544_0002,COLORWHEEL_2700_EDITED,train,2700,Abnormal,Abnormal,Abnormal,2,,,COLORWHEEL_2700_SEMIQUANT_EDITED.zip,1,1,0,,164.452805,0.347126,0.805029,204.206406,0.305875,0.720417,232.778397,0.119879,0.735853,237.341599,0.100863,0.745851,221.325607,0.092147,0.691253,0.0,0.0,0.0,0.0,0.0,0.0,0.0,0.0,0.0,0.0,0.0,0.0,0.0,0.0,0.0
COLORWHEEL_2700_EDITED_IMG_0544_0002,COLORWHEEL_2700_EDITED,train,2700,Abnormal,Abnormal,Abnormal,2,,,COLORWHEEL_2700_SEMIQUANT_EDITED.zip,1,1,0,,164.452805,0.347126,0.805029,204.206406,0.305875,0.720417,232.778397,0.119879,0.735853,237.341599,0.100863,0.745851,221.325607,0.092147,0.691253,0.0,0.0,0.0,0.0,0.0,0.0,0.0,0.0,0.0,0.0,0.0,0.0,0.0,0.0,0.0
COLORWHEEL_2700_EDITED_IMG_0544_0002,COLORWHEEL_2700_EDITED,train,2700,Abnormal,Abnormal,Abnormal,2,,,COLORWHEEL_2700_SEMIQUANT_EDITED.zip,1,1,0,,164.452805,0.347126,0.805029,204.206406,0.305875,0.720417,232.778397,0.119879,0.735853,237.341599,0.100863,0.745851,221.325607,0.092147,0.691253,0.0,0.0,0.0,0.0,0.0,0.0,0.0,0.0,0.0,0.0,0.0,0.0,0.0,0.0,0.0
COLORWHEEL_2700_EDITED_IMG_0544_0002,COLORWHEEL_2700_EDITED,train,2700,Normal,Normal,Normal,1,,,COLORWHEEL_2700_SEMIQUANT_EDITED.zip,1,1,0,,164.452805,0.347126,0.805029,204.206406,0.305875,0.720417,232.778397,0.119879,0.735853,237.341599,0.100863,0.745851,221.325607,0.092147,0.691253,0.0,0.0,0.0,0.0,0.0,0.0,0.0,0.0,0.0,0.0,0.0,0.0,0.0,0.0,0.0
COLORWHEEL_2700_EDITED_IMG_0544_0002,COLORWHEEL_2700_EDITED,train,2700,Abnormal,Abnormal,Abnormal,2,,,COLORWHEEL_2700_SEMIQUANT_EDITED.zip,1,1,0,,164.452805,0.347126,0.805029,204.206406,0.305875,0.720417,232.778397,0.119879,0.735853,237.341599,0.100863,0.745851,221.325607,0.092147,0.691253,0.0,0.0,0.0,0.0,0.0,0.0,0.0,0.0,0.0,0.0,0.0,0.0,0.0,0.0,0.0
COLORWHEEL_2700_EDITED_IMG_0544_0002,COLORWHEEL_2700_EDITED,train,2700,Abnormal,Abnormal,Abnormal,2,,,COLORWHEEL_2700_SEMIQUANT_EDITED.zip,1,1,0,,164.452805,0.347126,0.805029,204.206406,0.305875,0.720417,232.778397,0.119879,0.735853,237.341599,0.100863,0.745851,221.325607,0.092147,0.691253,0.0,0.0,0.0,0.0,0.0,0.0,0.0,0.0,0.0,0.0,0.0,0.0,0.0,0.0,0.0
COLORWHEEL_2700_EDITED_IMG_0544_0002,COLORWHEEL_2700_EDITED,train,2700,Abnormal,Abnormal,Abnormal,2,,,COLORWHEEL_2700_SEMIQUANT_EDITED.zip,1,1,0,,164.452805,0.347126,0.805029,204.206406,0.305875,0.720417,232.778397,0.119879,0.735853,237.341599,0.100863,0.745851,221.325607,0.092147,0.691253,0.0,0.0,0.0,0.0,0.0,0.0,0.0,0.0,0.0,0.0,0.0,0.0,0.0,0.0,0.0
COLORWHEEL_2700_EDITED_IMG_0544_0002,COLORWHEEL_2700_EDITED,train,2700,Abnormal,Abnormal,Abnormal,2,,,COLORWHEEL_2700_SEMIQUANT_EDITED.zip,1,1,0,,164.452805,0.347126,0.805029,204.206406,0.305875,0.720417,232.778397,0.119879,0.735853,237.341599,0.100863,0.745851,221.325607,0.092147,0.691253,0.0,0.0,0.0,0.0,0.0,0.0,0.0,0.0,0.0,0.0,0.0,0.0,0.0,0.0,0.0
COLORWHEEL_2700_EDITED_IMG_0544_0002,COLORWHEEL_2700_EDITED,train,2700,Abnormal,Abnormal,Abnormal,2,,,COLORWHEEL_2700_SEMIQUANT_EDITED.zip,1,1,0,,164.452805,0.347126,0.805029,204.206406,0.305875,0.720417,232.778397,0.119879,0.735853,237.341599,0.100863,0.745851,221.325607,0.092147,0.691253,0.0,0.0,0.0,0.0,0.0,0.0,0.0,0.0,0.0,0.0,0.0,0.0,0.0,0.0,0.0
COLORWHEEL_2700_EDITED_IMG_0547_0003,COLORWHEEL_2700_EDITED,train,2700,Abnormal,Abnormal,Abnormal,2,,,COLORWHEEL_2700_SEMIQUANT_EDITED.zip,1,1,0,,237.792801,0.117804,0.847837,237.286407,0.102133,0.74787,247.6008,0.079187,0.596317,249.495193,0.080212,0.600787,242.9832,0.076632,0.635537,14.5656,0.00435,0.039118,0.0,0.0,0.0,0.0,0.0,0.0,0.0,0.0,0.0,0.0,0.0,0.0
COLORWHEEL_2700_EDITED_IMG_0547_0003,COLORWHEEL_2700_EDITED,train,2700,Normal,Normal,Normal,1,,,COLORWHEEL_2700_SEMIQUANT_EDITED.zip,1,1,0,,237.792801,0.117804,0.847837,237.286407,0.102133,0.74787,247.6008,0.079187,0.596317,249.495193,0.080212,0.600787,242.9832,0.076632,0.635537,14.5656,0.00435,0.039118,0.0,0.0,0.0,0.0,0.0,0.0,0.0,0.0,0.0,0.0,0.0,0.0
COLORWHEEL_2700_EDITED_IMG_0547_0003,COLORWHEEL_2700_EDITED,train,2700,Abnormal,Abnormal,Abnormal,2,,,COLORWHEEL_2700_SEMIQUANT_EDITED.zip,1,1,0,,237.792801,0.117804,0.847837,237.286407,0.102133,0.74787,247.6008,0.079187,0.596317,249.495193,0.080212,0.600787,242.9832,0.076632,0.635537,14.5656,0.00435,0.039118,0.0,0.0,0.0,0.0,0.0,0.0,0.0,0.0,0.0,0.0,0.0,0.0
COLORWHEEL_2700_EDITED_IMG_0547_0003,COLORWHEEL_2700_EDITED,train,2700,Abnormal,Abnormal,Abnormal,2,,,COLORWHEEL_2700_SEMIQUANT_EDITED.zip,1,1,0,,237.792801,0.117804,0.847837,237.286407,0.102133,0.74787,247.6008,0.079187,0.596317,249.495193,0.080212,0.600787,242.9832,0.076632,0.635537,14.5656,0.00435,0.039118,0.0,0.0,0.0,0.0,0.0,0.0,0.0,0.0,0.0,0.0,0.0,0.0
COLORWHEEL_2700_EDITED_IMG_0547_0003,COLORWHEEL_2700_EDITED,train,2700,Abnormal,Abnormal,Abnormal,2,,,COLORWHEEL_2700_SEMIQUANT_EDITED.zip,1,1,0,,237.792801,0.117804,0.847837,237.286407,0.102133,0.74787,247.6008,0.079187,0.596317,249.495193,0.080212,0.600787,242.9832,0.076632,0.635537,14.5656,0.00435,0.039118,0.0,0.0,0.0,0.0,0.0,0.0,0.0,0.0,0.0,0.0,0.0,0.0
COLORWHEEL_2700_EDITED_IMG_0547_0003,COLORWHEEL_2700_EDITED,train,2700,Abnormal,Abnormal,Abnormal,2,,,COLORWHEEL_2700_SEMIQUANT_EDITED.zip,1,1,0,,237.792801,0.117804,0.847837,237.286407,0.102133,0.74787,247.6008,0.079187,0.596317,249.495193,0.080212,0.600787,242.9832,0.076632,0.635537,14.5656,0.00435,0.039118,0.0,0.0,0.0,0.0,0.0,0.0,0.0,0.0,0.0,0.0,0.0,0.0
COLORWHEEL_2700_EDITED_IMG_0547_0003,COLORWHEEL_2700_EDITED,train,2700,Abnormal,Abnormal,Abnormal,2,,,COLORWHEEL_2700_SEMIQUANT_EDITED.zip,1,1,0,,237.792801,0.117804,0.847837,237.286407,0.102133,0.74787,247.6008,0.079187,0.596317,249.495193,0.080212,0.600787,242.9832,0.076632,0.635537,14.5656,0.00435,0.039118,0.0,0.0,0.0,0.0,0.0,0.0,0.0,0.0,0.0,0.0,0.0,0.0
COLORWHEEL_2700_EDITED_IMG_0547_0003,COLORWHEEL_2700_EDITED,train,2700,Abnormal,Abnormal,Abnormal,2,,,COLORWHEEL_2700_SEMIQUANT_EDITED.zip,1,1,0,,237.792801,0.117804,0.847837,237.286407,0.102133,0.74787,247.6008,0.079187,0.596317,249.495193,0.080212,0.600787,242.9832,0.076632,0.635537,14.5656,0.00435,0.039118,0.0,0.0,0.0,0.0,0.0,0.0,0.0,0.0,0.0,0.0,0.0,0.0
COLORWHEEL_2700_EDITED_IMG_0547_0003,COLORWHEEL_2700_EDITED,train,2700,Abnormal,Abnormal,Abnormal,2,,,COLORWHEEL_2700_SEMIQUANT_EDITED.zip,1,1,0,,237.792801,0.117804,0.847837,237.286407,0.102133,0.74787,247.6008,0.079187,0.596317,249.495193,0.080212,0.600787,242.9832,0.076632,0.635537,14.5656,0.00435,0.039118,0.0,0.0,0.0,0.0,0.0,0.0,0.0,0.0,0.0,0.0,0.0,0.0
COLORWHEEL_2700_EDITED_IMG_0547_0003,COLORWHEEL_2700_EDITED,train,2700,Abnormal,Abnormal,Abnormal,2,,,COLORWHEEL_2700_SEMIQUANT_EDITED.zip,1,1,0,,237.792801,0.117804,0.847837,237.286407,0.102133,0.74787,247.6008,0.079187,0.596317,249.495193,0.080212,0.600787,242.9832,0.076632,0.635537,14.5656,0.00435,0.039118,0.0,0.0,0.0,0.0,0.0,0.0,0.0,0.0,0.0,0.0,0.0,0.0
COLORWHEEL_2700_EDITED_IMG_0550_0004,COLORWHEEL_2700_EDITED,train,2700,Abnormal,Abnormal,Abnormal,2,,,COLORWHEEL_2700_SEMIQUANT_EDITED.zip,1,1,0,,224.973602,0.146899,0.89406,224.628006,0.134243,0.800751,235.737595,0.099558,0.66843,240.779999,0.084086,0.672893,235.935196,0.115413,0.722594,0.0,0.0,0.0,0.0,0.0,0.0,0.0,0.0,0.0,0.0,0.0,0.0,0.0,0.0,0.0
COLORWHEEL_2700_EDITED_IMG_0550_0004,COLORWHEEL_2700_EDITED,train,2700,Abnormal,Abnormal,Abnormal,2,,,COLORWHEEL_2700_SEMIQUANT_EDITED.zip,1,1,0,,224.973602,0.146899,0.89406,224.628006,0.134243,0.800751,235.737595,0.099558,0.66843,240.779999,0.084086,0.672893,235.935196,0.115413,0.722594,0.0,0.0,0.0,0.0,0.0,0.0,0.0,0.0,0.0,0.0,0.0,0.0,0.0,0.0,0.0
COLORWHEEL_2700_EDITED_IMG_0550_0004,COLORWHEEL_2700_EDITED,train,2700,Abnormal,Abnormal,Abnormal,2,,,COLORWHEEL_2700_SEMIQUANT_EDITED.zip,1,1,0,,224.973602,0.146899,0.89406,224.628006,0.134243,0.800751,235.737595,0.099558,0.66843,240.779999,0.084086,0.672893,235.935196,0.115413,0.722594,0.0,0.0,0.0,0.0,0.0,0.0,0.0,0.0,0.0,0.0,0.0,0.0,0.0,0.0,0.0
COLORWHEEL_2700_EDITED_IMG_0550_0004,COLORWHEEL_2700_EDITED,train,2700,Abnormal,Abnormal,Abnormal,2,,,COLORWHEEL_2700_SEMIQUANT_EDITED.zip,1,1,0,,224.973602,0.146899,0.89406,224.628006,0.134243,0.800751,235.737595,0.099558,0.66843,240.779999,0.084086,0.672893,235.935196,0.115413,0.722594,0.0,0.0,0.0,0.0,0.0,0.0,0.0,0.0,0.0,0.0,0.0,0.0,0.0,0.0,0.0
COLORWHEEL_2700_EDITED_IMG_0550_0004,COLORWHEEL_2700_EDITED,train,2700,Abnormal,Abnormal,Abnormal,2,,,COLORWHEEL_2700_SEMIQUANT_EDITED.zip,1,1,0,,224.973602,0.146899,0.89406,224.628006,0.134243,0.800751,235.737595,0.099558,0.66843,240.779999,0.084086,0.672893,235.935196,0.115413,0.722594,0.0,0.0,0.0,0.0,0.0,0.0,0.0,0.0,0.0,0.0,0.0,0.0,0.0,0.0,0.0
COLORWHEEL_2700_EDITED_IMG_0550_0004,COLORWHEEL_2700_EDITED,train,2700,Abnormal,Abnormal,Abnormal,2,,,COLORWHEEL_2700_SEMIQUANT_EDITED.zip,1,1,0,,224.973602,0.146899,0.89406,224.628006,0.134243,0.800751,235.737595,0.099558,0.66843,240.779999,0.084086,0.672893,235.935196,0.115413,0.722594,0.0,0.0,0.0,0.0,0.0,0.0,0.0,0.0,0.0,0.0,0.0,0.0,0.0,0.0,0.0
COLORWHEEL_2700_EDITED_IMG_0550_0004,COLORWHEEL_2700_EDITED,train,2700,Normal,Normal,Normal,1,,,COLORWHEEL_2700_SEMIQUANT_EDITED.zip,1,1,0,,224.973602,0.146899,0.89406,224.628006,0.134243,0.800751,235.737595,0.099558,0.66843,240.779999,0.084086,0.672893,235.935196,0.115413,0.722594,0.0,0.0,0.0,0.0,0.0,0.0,0.0,0.0,0.0,0.0,0.0,0.0,0.0,0.0,0.0
COLORWHEEL_2700_EDITED_IMG_0550_0004,COLORWHEEL_2700_EDITED,train,2700,Abnormal,Abnormal,Abnormal,2,,,COLORWHEEL_2700_SEMIQUANT_EDITED.zip,1,1,0,,224.973602,0.146899,0.89406,224.628006,0.134243,0.800751,235.737595,0.099558,0.66843,240.779999,0.084086,0.672893,235.935196,0.115413,0.722594,0.0,0.0,0.0,0.0,0.0,0.0,0.0,0.0,0.0,0.0,0.0,0.0,0.0,0.0,0.0
COLORWHEEL_2700_EDITED_IMG_0550_0004,COLORWHEEL_2700_EDITED,train,2700,Abnormal,Abnormal,Abnormal,2,,,COLORWHEEL_2700_SEMIQUANT_EDITED.zip,1,1,0,,224.973602,0.146899,0.89406,224.628006,0.134243,0.800751,235.737595,0.099558,0.66843,240.779999,0.084086,0.672893,235.935196,0.115413,0.722594,0.0,0.0,0.0,0.0,0.0,0.0,0.0,0.0,0.0,0.0,0.0,0.0,0.0,0.0,0.0
COLORWHEEL_2700_EDITED_IMG_0550_0004,COLORWHEEL_2700_EDITED,train,2700,Abnormal,Abnormal,Abnormal,2,,,COLORWHEEL_2700_SEMIQUANT_EDITED.zip,1,1,0,,224.973602,0.146899,0.89406,224.628006,0.134243,0.800751,235.737595,0.099558,0.66843,240.779999,0.084086,0.672893,235.935196,0.115413,0.722594,0.0,0.0,0.0,0.0,0.0,0.0,0.0,0.0,0.0,0.0,0.0,0.0,0.0,0.0,0.0
COLORWHEEL_2700_EDITED_IMG_0553_0005,COLORWHEEL_2700_EDITED,train,2700,Abnormal,Abnormal,Abnormal,2,,,COLORWHEEL_2700_SEMIQUANT_EDITED.zip,1,1,0,,221.256805,0.168954,0.844924,213.9664,0.235432,0.73891,223.802399,0.126893,0.664878,235.223206,0.0816,0.685046,224.095993,0.08762,0.690954,0.0,0.0,0.0,0.0,0.0,0.0,0.0,0.0,0.0,0.0,0.0,0.0,0.0,0.0,0.0
COLORWHEEL_2700_EDITED_IMG_0553_0005,COLORWHEEL_2700_EDITED,train,2700,Normal,Normal,Normal,1,,,COLORWHEEL_2700_SEMIQUANT_EDITED.zip,1,1,0,,221.256805,0.168954,0.844924,213.9664,0.235432,0.73891,223.802399,0.126893,0.664878,235.223206,0.0816,0.685046,224.095993,0.08762,0.690954,0.0,0.0,0.0,0.0,0.0,0.0,0.0,0.0,0.0,0.0,0.0,0.0,0.0,0.0,0.0
COLORWHEEL_2700_EDITED_IMG_0553_0005,COLORWHEEL_2700_EDITED,train,2700,Abnormal,Abnormal,Abnormal,2,,,COLORWHEEL_2700_SEMIQUANT_EDITED.zip,1,1,0,,221.256805,0.168954,0.844924,213.9664,0.235432,0.73891,223.802399,0.126893,0.664878,235.223206,0.0816,0.685046,224.095993,0.08762,0.690954,0.0,0.0,0.0,0.0,0.0,0.0,0.0,0.0,0.0,0.0,0.0,0.0,0.0,0.0,0.0
COLORWHEEL_2700_EDITED_IMG_0553_0005,COLORWHEEL_2700_EDITED,train,2700,Abnormal,Abnormal,Abnormal,2,,,COLORWHEEL_2700_SEMIQUANT_EDITED.zip,1,1,0,,221.256805,0.168954,0.844924,213.9664,0.235432,0.73891,223.802399,0.126893,0.664878,235.223206,0.0816,0.685046,224.095993,0.08762,0.690954,0.0,0.0,0.0,0.0,0.0,0.0,0.0,0.0,0.0,0.0,0.0,0.0,0.0,0.0,0.0
COLORWHEEL_2700_EDITED_IMG_0553_0005,COLORWHEEL_2700_EDITED,train,2700,Abnormal,Abnormal,Abnormal,2,,,COLORWHEEL_2700_SEMIQUANT_EDITED.zip,1,1,0,,221.256805,0.168954,0.844924,213.9664,0.235432,0.73891,223.802399,0.126893,0.664878,235.223206,0.0816,0.685046,224.095993,0.08762,0.690954,0.0,0.0,0.0,0.0,0.0,0.0,0.0,0.0,0.0,0.0,0.0,0.0,0.0,0.0,0.0
COLORWHEEL_2700_EDITED_IMG_0553_0005,COLORWHEEL_2700_EDITED,train,2700,Abnormal,Abnormal,Abnormal,2,,,COLORWHEEL_2700_SEMIQUANT_EDITED.zip,1,1,0,,221.256805,0.168954,0.844924,213.9664,0.235432,0.73891,223.802399,0.126893,0.664878,235.223206,0.0816,0.685046,224.095993,0.08762,0.690954,0.0,0.0,0.0,0.0,0.0,0.0,0.0,0.0,0.0,0.0,0.0,0.0,0.0,0.0,0.0
COLORWHEEL_2700_EDITED_IMG_0553_0005,COLORWHEEL_2700_EDITED,train,2700,Abnormal,Abnormal,Abnormal,2,,,COLORWHEEL_2700_SEMIQUANT_EDITED.zip,1,1,0,,221.256805,0.168954,0.844924,213.9664,0.235432,0.73891,223.802399,0.126893,0.664878,235.223206,0.0816,0.685046,224.095993,0.08762,0.690954,0.0,0.0,0.0,0.0,0.0,0.0,0.0,0.0,0.0,0.0,0.0,0.0,0.0,0.0,0.0
COLORWHEEL_2700_EDITED_IMG_0553_0005,COLORWHEEL_2700_EDITED,train,2700,Abnormal,Abnormal,Abnormal,2,,,COLORWHEEL_2700_SEMIQUANT_EDITED.zip,1,1,0,,221.256805,0.168954,0.844924,213.9664,0.235432,0.73891,223.802399,0.126893,0.664878,235.223206,0.0816,0.685046,224.095993,0.08762,0.690954,0.0,0.0,0.0,0.0,0.0,0.0,0.0,0.0,0.0,0.0,0.0,0.0,0.0,0.0,0.0
COLORWHEEL_2700_EDITED_IMG_0553_0005,COLORWHEEL_2700_EDITED,train,2700,Normal,Normal,Normal,1,,,COLORWHEEL_2700_SEMIQUANT_EDITED.zip,1,1,0,,221.256805,0.168954,0.844924,213.9664,0.235432,0.73891,223.802399,0.126893,0.664878,235.223206,0.0816,0.685046,224.095993,0.08762,0.690954,0.0,0.0,0.0,0.0,0.0,0.0,0.0,0.0,0.0,0.0,0.0,0.0,0.0,0.0,0.0
COLORWHEEL_2700_EDITED_IMG_0553_0005,COLORWHEEL_2700_EDITED,train,2700,Abnormal,Abnormal,Abnormal,2,,,COLORWHEEL_2700_SEMIQUANT_EDITED.zip,1,1,0,,221.256805,0.168954,0.844924,213.9664,0.235432,0.73891,223.802399,0.126893,0.664878,235.223206,0.0816,0.685046,224.095993,0.08762,0.690954,0.0,0.0,0.0,0.0,0.0,0.0,0.0,0.0,0.0,0.0,0.0,0.0,0.0,0.0,0.0
COLORWHEEL_2700_EDITED_IMG_0556_0006,COLORWHEEL_2700_EDITED,train,2700,Normal,Normal,Normal,1,,,COLORWHEEL_2700_SEMIQUANT_EDITED.zip,1,1,0,,231.686401,0.130342,0.866941,231.261597,0.11037,0.761686,232.991196,0.076703,0.599677,237.573593,0.074307,0.593391,221.321594,0.086904,0.6199,4.0576,0.001843,0.009165,0.0,0.0,0.0,0.0,0.0,0.0,0.0,0.0,0.0,0.0,0.0,0.0
COLORWHEEL_2700_EDITED_IMG_0556_0006,COLORWHEEL_2700_EDITED,train,2700,Abnormal,Abnormal,Abnormal,2,,,COLORWHEEL_2700_SEMIQUANT_EDITED.zip,1,1,0,,231.686401,0.130342,0.866941,231.261597,0.11037,0.761686,232.991196,0.076703,0.599677,237.573593,0.074307,0.593391,221.321594,0.086904,0.6199,4.0576,0.001843,0.009165,0.0,0.0,0.0,0.0,0.0,0.0,0.0,0.0,0.0,0.0,0.0,0.0
COLORWHEEL_2700_EDITED_IMG_0556_0006,COLORWHEEL_2700_EDITED,train,2700,Normal,Normal,Normal,1,,,COLORWHEEL_2700_SEMIQUANT_EDITED.zip,1,1,0,,231.686401,0.130342,0.866941,231.261597,0.11037,0.761686,232.991196,0.076703,0.599677,237.573593,0.074307,0.593391,221.321594,0.086904,0.6199,4.0576,0.001843,0.009165,0.0,0.0,0.0,0.0,0.0,0.0,0.0,0.0,0.0,0.0,0.0,0.0
COLORWHEEL_2700_EDITED_IMG_0556_0006,COLORWHEEL_2700_EDITED,train,2700,Abnormal,Abnormal,Abnormal,2,,,COLORWHEEL_2700_SEMIQUANT_EDITED.zip,1,1,0,,231.686401,0.130342,0.866941,231.261597,0.11037,0.761686,232.991196,0.076703,0.599677,237.573593,0.074307,0.593391,221.321594,0.086904,0.6199,4.0576,0.001843,0.009165,0.0,0.0,0.0,0.0,0.0,0.0,0.0,0.0,0.0,0.0,0.0,0.0
COLORWHEEL_2700_EDITED_IMG_0556_0006,COLORWHEEL_2700_EDITED,train,2700,Abnormal,Abnormal,Abnormal,2,,,COLORWHEEL_2700_SEMIQUANT_EDITED.zip,1,1,0,,231.686401,0.130342,0.866941,231.261597,0.11037,0.761686,232.991196,0.076703,0.599677,237.573593,0.074307,0.593391,221.321594,0.086904,0.6199,4.0576,0.001843,0.009165,0.0,0.0,0.0,0.0,0.0,0.0,0.0,0.0,0.0,0.0,0.0,0.0
COLORWHEEL_2700_EDITED_IMG_0556_0006,COLORWHEEL_2700_EDITED,train,2700,Abnormal,Abnormal,Abnormal,2,,,COLORWHEEL_2700_SEMIQUANT_EDITED.zip,1,1,0,,231.686401,0.130342,0.866941,231.261597,0.11037,0.761686,232.991196,0.076703,0.599677,237.573593,0.074307,0.593391,221.321594,0.086904,0.6199,4.0576,0.001843,0.009165,0.0,0.0,0.0,0.0,0.0,0.0,0.0,0.0,0.0,0.0,0.0,0.0
COLORWHEEL_2700_EDITED_IMG_0556_0006,COLORWHEEL_2700_EDITED,train,2700,Abnormal,Abnormal,Abnormal,2,,,COLORWHEEL_2700_SEMIQUANT_EDITED.zip,1,1,0,,231.686401,0.130342,0.866941,231.261597,0.11037,0.761686,232.991196,0.076703,0.599677,237.573593,0.074307,0.593391,221.321594,0.086904,0.6199,4.0576,0.001843,0.009165,0.0,0.0,0.0,0.0,0.0,0.0,0.0,0.0,0.0,0.0,0.0,0.0
COLORWHEEL_2700_EDITED_IMG_0556_0006,COLORWHEEL_2700_EDITED,train,2700,Abnormal,Abnormal,Abnormal,2,,,COLORWHEEL_2700_SEMIQUANT_EDITED.zip,1,1,0,,231.686401,0.130342,0.866941,231.261597,0.11037,0.761686,232.991196,0.076703,0.599677,237.573593,0.074307,0.593391,221.321594,0.086904,0.6199,4.0576,0.001843,0.009165,0.0,0.0,0.0,0.0,0.0,0.0,0.0,0.0,0.0,0.0,0.0,0.0
COLORWHEEL_2700_EDITED_IMG_0556_0006,COLORWHEEL_2700_EDITED,train,2700,Abnormal,Abnormal,Abnormal,2,,,COLORWHEEL_2700_SEMIQUANT_EDITED.zip,1,1,0,,231.686401,0.130342,0.866941,231.261597,0.11037,0.761686,232.991196,0.076703,0.599677,237.573593,0.074307,0.593391,221.321594,0.086904,0.6199,4.0576,0.001843,0.009165,0.0,0.0,0.0,0.0,0.0,0.0,0.0,0.0,0.0,0.0,0.0,0.0
COLORWHEEL_2700_EDITED_IMG_0556_0006,COLORWHEEL_2700_EDITED,train,2700,Abnormal,Abnormal,Abnormal,2,,,COLORWHEEL_2700_SEMIQUANT_EDITED.zip,1,1,0,,231.686401,0.130342,0.866941,231.261597,0.11037,0.761686,232.991196,0.076703,0.599677,237.573593,0.074307,0.593391,221.321594,0.086904,0.6199,4.0576,0.001843,0.009165,0.0,0.0,0.0,0.0,0.0,0.0,0.0,0.0,0.0,0.0,0.0,0.0
COLORWHEEL_2700_EDITED_IMG_0559_0007,COLORWHEEL_2700_EDITED,train,2700,Abnormal,Abnormal,Abnormal,2,,,COLORWHEEL_2700_SEMIQUANT_EDITED.zip,1,1,0,,159.787994,0.351506,0.81552,205.388,0.295184,0.735752,231.514404,0.120281,0.769445,235.979202,0.11389,0.774265,221.650406,0.108695,0.73062,0.0,0.0,0.0,0.0,0.0,0.0,0.0,0.0,0.0,0.0,0.0,0.0,0.0,0.0,0.0
COLORWHEEL_2700_EDITED_IMG_0559_0007,COLORWHEEL_2700_EDITED,train,2700,Normal,Normal,Normal,1,,,COLORWHEEL_2700_SEMIQUANT_EDITED.zip,1,1,0,,159.787994,0.351506,0.81552,205.388,0.295184,0.735752,231.514404,0.120281,0.769445,235.979202,0.11389,0.774265,221.650406,0.108695,0.73062,0.0,0.0,0.0,0.0,0.0,0.0,0.0,0.0,0.0,0.0,0.0,0.0,0.0,0.0,0.0
COLORWHEEL_2700_EDITED_IMG_0559_0007,COLORWHEEL_2700_EDITED,train,2700,Abnormal,Abnormal,Abnormal,2,,,COLORWHEEL_2700_SEMIQUANT_EDITED.zip,1,1,0,,159.787994,0.351506,0.81552,205.388,0.295184,0.735752,231.514404,0.120281,0.769445,235.979202,0.11389,0.774265,221.650406,0.108695,0.73062,0.0,0.0,0.0,0.0,0.0,0.0,0.0,0.0,0.0,0.0,0.0,0.0,0.0,0.0,0.0
COLORWHEEL_2700_EDITED_IMG_0559_0007,COLORWHEEL_2700_EDITED,train,2700,Normal,Normal,Normal,1,,,COLORWHEEL_2700_SEMIQUANT_EDITED.zip,1,1,0,,159.787994,0.351506,0.81552,205.388,0.295184,0.735752,231.514404,0.120281,0.769445,235.979202,0.11389,0.774265,221.650406,0.108695,0.73062,0.0,0.0,0.0,0.0,0.0,0.0,0.0,0.0,0.0,0.0,0.0,0.0,0.0,0.0,0.0
COLORWHEEL_2700_EDITED_IMG_0559_0007,COLORWHEEL_2700_EDITED,train,2700,Abnormal,Abnormal,Abnormal,2,,,COLORWHEEL_2700_SEMIQUANT_EDITED.zip,1,1,0,,159.787994,0.351506,0.81552,205.388,0.295184,0.735752,231.514404,0.120281,0.769445,235.979202,0.11389,0.774265,221.650406,0.108695,0.73062,0.0,0.0,0.0,0.0,0.0,0.0,0.0,0.0,0.0,0.0,0.0,0.0,0.0,0.0,0.0
COLORWHEEL_2700_EDITED_IMG_0559_0007,COLORWHEEL_2700_EDITED,train,2700,Normal,Normal,Normal,1,,,COLORWHEEL_2700_SEMIQUANT_EDITED.zip,1,1,0,,159.787994,0.351506,0.81552,205.388,0.295184,0.735752,231.514404,0.120281,0.769445,235.979202,0.11389,0.774265,221.650406,0.108695,0.73062,0.0,0.0,0.0,0.0,0.0,0.0,0.0,0.0,0.0,0.0,0.0,0.0,0.0,0.0,0.0
COLORWHEEL_2700_EDITED_IMG_0559_0007,COLORWHEEL_2700_EDITED,train,2700,Abnormal,Abnormal,Abnormal,2,,,COLORWHEEL_2700_SEMIQUANT_EDITED.zip,1,1,0,,159.787994,0.351506,0.81552,205.388,0.295184,0.735752,231.514404,0.120281,0.769445,235.979202,0.11389,0.774265,221.650406,0.108695,0.73062,0.0,0.0,0.0,0.0,0.0,0.0,0.0,0.0,0.0,0.0,0.0,0.0,0.0,0.0,0.0
COLORWHEEL_2700_EDITED_IMG_0559_0007,COLORWHEEL_2700_EDITED,train,2700,Normal,Normal,Normal,1,,,COLORWHEEL_2700_SEMIQUANT_EDITED.zip,1,1,0,,159.787994,0.351506,0.81552,205.388,0.295184,0.735752,231.514404,0.120281,0.769445,235.979202,0.11389,0.774265,221.650406,0.108695,0.73062,0.0,0.0,0.0,0.0,0.0,0.0,0.0,0.0,0.0,0.0,0.0,0.0,0.0,0.0,0.0
COLORWHEEL_2700_EDITED_IMG_0559_0007,COLORWHEEL_2700_EDITED,train,2700,Abnormal,Abnormal,Abnormal,2,,,COLORWHEEL_2700_SEMIQUANT_EDITED.zip,1,1,0,,159.787994,0.351506,0.81552,205.388,0.295184,0.735752,231.514404,0.120281,0.769445,235.979202,0.11389,0.774265,221.650406,0.108695,0.73062,0.0,0.0,0.0,0.0,0.0,0.0,0.0,0.0,0.0,0.0,0.0,0.0,0.0,0.0,0.0
COLORWHEEL_2700_EDITED_IMG_0559_0007,COLORWHEEL_2700_EDITED,train,2700,Normal,Normal,Normal,1,,,COLORWHEEL_2700_SEMIQUANT_EDITED.zip,1,1,0,,159.787994,0.351506,0.81552,205.388,0.295184,0.735752,231.514404,0.120281,0.769445,235.979202,0.11389,0.774265,221.650406,0.108695,0.73062,0.0,0.0,0.0,0.0,0.0,0.0,0.0,0.0,0.0,0.0,0.0,0.0,0.0,0.0,0.0
COLORWHEEL_2700_EDITED_IMG_0562_0008,COLORWHEEL_2700_EDITED,train,2700,Abnormal,Abnormal,Abnormal,2,,,COLORWHEEL_2700_SEMIQUANT_EDITED.zip,1,1,0,,164.194397,0.347551,0.820944,204.541595,0.295471,0.73619,234.876801,0.111368,0.752398,239.675995,0.106414,0.756676,224.052002,0.101029,0.707675,0.0,0.0,0.0,0.0,0.0,0.0,0.0,0.0,0.0,0.0,0.0,0.0,0.0,0.0,0.0
COLORWHEEL_2700_EDITED_IMG_0562_0008,COLORWHEEL_2700_EDITED,train,2700,Abnormal,Abnormal,Abnormal,2,,,COLORWHEEL_2700_SEMIQUANT_EDITED.zip,1,1,0,,164.194397,0.347551,0.820944,204.541595,0.295471,0.73619,234.876801,0.111368,0.752398,239.675995,0.106414,0.756676,224.052002,0.101029,0.707675,0.0,0.0,0.0,0.0,0.0,0.0,0.0,0.0,0.0,0.0,0.0,0.0,0.0,0.0,0.0
COLORWHEEL_2700_EDITED_IMG_0562_0008,COLORWHEEL_2700_EDITED,train,2700,Abnormal,Abnormal,Abnormal,2,,,COLORWHEEL_2700_SEMIQUANT_EDITED.zip,1,1,0,,164.194397,0.347551,0.820944,204.541595,0.295471,0.73619,234.876801,0.111368,0.752398,239.675995,0.106414,0.756676,224.052002,0.101029,0.707675,0.0,0.0,0.0,0.0,0.0,0.0,0.0,0.0,0.0,0.0,0.0,0.0,0.0,0.0,0.0
COLORWHEEL_2700_EDITED_IMG_0562_0008,COLORWHEEL_2700_EDITED,train,2700,Abnormal,Abnormal,Abnormal,2,,,COLORWHEEL_2700_SEMIQUANT_EDITED.zip,1,1,0,,164.194397,0.347551,0.820944,204.541595,0.295471,0.73619,234.876801,0.111368,0.752398,239.675995,0.106414,0.756676,224.052002,0.101029,0.707675,0.0,0.0,0.0,0.0,0.0,0.0,0.0,0.0,0.0,0.0,0.0,0.0,0.0,0.0,0.0
COLORWHEEL_2700_EDITED_IMG_0562_0008,COLORWHEEL_2700_EDITED,train,2700,Abnormal,Abnormal,Abnormal,2,,,COLORWHEEL_2700_SEMIQUANT_EDITED.zip,1,1,0,,164.194397,0.347551,0.820944,204.541595,0.295471,0.73619,234.876801,0.111368,0.752398,239.675995,0.106414,0.756676,224.052002,0.101029,0.707675,0.0,0.0,0.0,0.0,0.0,0.0,0.0,0.0,0.0,0.0,0.0,0.0,0.0,0.0,0.0
COLORWHEEL_2700_EDITED_IMG_0562_0008,COLORWHEEL_2700_EDITED,train,2700,Abnormal,Abnormal,Abnormal,2,,,COLORWHEEL_2700_SEMIQUANT_EDITED.zip,1,1,0,,164.194397,0.347551,0.820944,204.541595,0.295471,0.73619,234.876801,0.111368,0.752398,239.675995,0.106414,0.756676,224.052002,0.101029,0.707675,0.0,0.0,0.0,0.0,0.0,0.0,0.0,0.0,0.0,0.0,0.0,0.0,0.0,0.0,0.0
COLORWHEEL_2700_EDITED_IMG_0562_0008,COLORWHEEL_2700_EDITED,train,2700,Abnormal,Abnormal,Abnormal,2,,,COLORWHEEL_2700_SEMIQUANT_EDITED.zip,1,1,0,,164.194397,0.347551,0.820944,204.541595,0.295471,0.73619,234.876801,0.111368,0.752398,239.675995,0.106414,0.756676,224.052002,0.101029,0.707675,0.0,0.0,0.0,0.0,0.0,0.0,0.0,0.0,0.0,0.0,0.0,0.0,0.0,0.0,0.0
COLORWHEEL_2700_EDITED_IMG_0562_0008,COLORWHEEL_2700_EDITED,train,2700,Abnormal,Abnormal,Abnormal,2,,,COLORWHEEL_2700_SEMIQUANT_EDITED.zip,1,1,0,,164.194397,0.347551,0.820944,204.541595,0.295471,0.73619,234.876801,0.111368,0.752398,239.675995,0.106414,0.756676,224.052002,0.101029,0.707675,0.0,0.0,0.0,0.0,0.0,0.0,0.0,0.0,0.0,0.0,0.0,0.0,0.0,0.0,0.0
COLORWHEEL_2700_EDITED_IMG_0562_0008,COLORWHEEL_2700_EDITED,train,2700,Abnormal,Abnormal,Abnormal,2,,,COLORWHEEL_2700_SEMIQUANT_EDITED.zip,1,1,0,,164.194397,0.347551,0.820944,204.541595,0.295471,0.73619,234.876801,0.111368,0.752398,239.675995,0.106414,0.756676,224.052002,0.101029,0.707675,0.0,0.0,0.0,0.0,0.0,0.0,0.0,0.0,0.0,0.0,0.0,0.0,0.0,0.0,0.0
COLORWHEEL_2700_EDITED_IMG_0562_0008,COLORWHEEL_2700_EDITED,train,2700,Abnormal,Abnormal,Abnormal,2,,,COLORWHEEL_2700_SEMIQUANT_EDITED.zip,1,1,0,,164.194397,0.347551,0.820944,204.541595,0.295471,0.73619,234.876801,0.111368,0.752398,239.675995,0.106414,0.756676,224.052002,0.101029,0.707675,0.0,0.0,0.0,0.0,0.0,0.0,0.0,0.0,0.0,0.0,0.0,0.0,0.0,0.0,0.0
COLORWHEEL_2700_EDITED_IMG_0564_0009,COLORWHEEL_2700_EDITED,train,2700,Abnormal,Abnormal,Abnormal,2,,,COLORWHEEL_2700_SEMIQUANT_EDITED.zip,1,1,0,,217.347198,0.188279,0.844309,211.807999,0.259034,0.741162,217.748795,0.154789,0.704345,234.908005,0.09923,0.73971,223.894394,0.100723,0.73891,0.0,0.0,0.0,0.0,0.0,0.0,0.0,0.0,0.0,0.0,0.0,0.0,0.0,0.0,0.0
COLORWHEEL_2700_EDITED_IMG_0564_0009,COLORWHEEL_2700_EDITED,train,2700,Normal,Normal,Normal,1,,,COLORWHEEL_2700_SEMIQUANT_EDITED.zip,1,1,0,,217.347198,0.188279,0.844309,211.807999,0.259034,0.741162,217.748795,0.154789,0.704345,234.908005,0.09923,0.73971,223.894394,0.100723,0.73891,0.0,0.0,0.0,0.0,0.0,0.0,0.0,0.0,0.0,0.0,0.0,0.0,0.0,0.0,0.0
COLORWHEEL_2700_EDITED_IMG_0564_0009,COLORWHEEL_2700_EDITED,train,2700,Abnormal,Abnormal,Abnormal,2,,,COLORWHEEL_2700_SEMIQUANT_EDITED.zip,1,1,0,,217.347198,0.188279,0.844309,211.807999,0.259034,0.741162,217.748795,0.154789,0.704345,234.908005,0.09923,0.73971,223.894394,0.100723,0.73891,0.0,0.0,0.0,0.0,0.0,0.0,0.0,0.0,0.0,0.0,0.0,0.0,0.0,0.0,0.0
COLORWHEEL_2700_EDITED_IMG_0564_0009,COLORWHEEL_2700_EDITED,train,2700,Abnormal,Abnormal,Abnormal,2,,,COLORWHEEL_2700_SEMIQUANT_EDITED.zip,1,1,0,,217.347198,0.188279,0.844309,211.807999,0.259034,0.741162,217.748795,0.154789,0.704345,234.908005,0.09923,0.73971,223.894394,0.100723,0.73891,0.0,0.0,0.0,0.0,0.0,0.0,0.0,0.0,0.0,0.0,0.0,0.0,0.0,0.0,0.0
COLORWHEEL_2700_EDITED_IMG_0564_0009,COLORWHEEL_2700_EDITED,train,2700,Normal,Normal,Normal,1,,,COLORWHEEL_2700_SEMIQUANT_EDITED.zip,1,1,0,,217.347198,0.188279,0.844309,211.807999,0.259034,0.741162,217.748795,0.154789,0.704345,234.908005,0.09923,0.73971,223.894394,0.100723,0.73891,0.0,0.0,0.0,0.0,0.0,0.0,0.0,0.0,0.0,0.0,0.0,0.0,0.0,0.0,0.0
COLORWHEEL_2700_EDITED_IMG_0564_0009,COLORWHEEL_2700_EDITED,train,2700,Abnormal,Abnormal,Abnormal,2,,,COLORWHEEL_2700_SEMIQUANT_EDITED.zip,1,1,0,,217.347198,0.188279,0.844309,211.807999,0.259034,0.741162,217.748795,0.154789,0.704345,234.908005,0.09923,0.73971,223.894394,0.100723,0.73891,0.0,0.0,0.0,0.0,0.0,0.0,0.0,0.0,0.0,0.0,0.0,0.0,0.0,0.0,0.0
COLORWHEEL_2700_EDITED_IMG_0564_0009,COLORWHEEL_2700_EDITED,train,2700,Abnormal,Abnormal,Abnormal,2,,,COLORWHEEL_2700_SEMIQUANT_EDITED.zip,1,1,0,,217.347198,0.188279,0.844309,211.807999,0.259034,0.741162,217.748795,0.154789,0.704345,234.908005,0.09923,0.73971,223.894394,0.100723,0.73891,0.0,0.0,0.0,0.0,0.0,0.0,0.0,0.0,0.0,0.0,0.0,0.0,0.0,0.0,0.0
COLORWHEEL_2700_EDITED_IMG_0564_0009,COLORWHEEL_2700_EDITED,train,2700,Abnormal,Abnormal,Abnormal,2,,,COLORWHEEL_2700_SEMIQUANT_EDITED.zip,1,1,0,,217.347198,0.188279,0.844309,211.807999,0.259034,0.741162,217.748795,0.154789,0.704345,234.908005,0.09923,0.73971,223.894394,0.100723,0.73891,0.0,0.0,0.0,0.0,0.0,0.0,0.0,0.0,0.0,0.0,0.0,0.0,0.0,0.0,0.0
COLORWHEEL_2700_EDITED_IMG_0564_0009,COLORWHEEL_2700_EDITED,train,2700,Normal,Normal,Normal,1,,,COLORWHEEL_2700_SEMIQUANT_EDITED.zip,1,1,0,,217.347198,0.188279,0.844309,211.807999,0.259034,0.741162,217.748795,0.154789,0.704345,234.908005,0.09923,0.73971,223.894394,0.100723,0.73891,0.0,0.0,0.0,0.0,0.0,0.0,0.0,0.0,0.0,0.0,0.0,0.0,0.0,0.0,0.0
COLORWHEEL_2700_EDITED_IMG_0564_0009,COLORWHEEL_2700_EDITED,train,2700,Abnormal,Abnormal,Abnormal,2,,,COLORWHEEL_2700_SEMIQUANT_EDITED.zip,1,1,0,,217.347198,0.188279,0.844309,211.807999,0.259034,0.741162,217.748795,0.154789,0.704345,234.908005,0.09923,0.73971,223.894394,0.100723,0.73891,0.0,0.0,0.0,0.0,0.0,0.0,0.0,0.0,0.0,0.0,0.0,0.0,0.0,0.0,0.0
COLORWHEEL_2700_EDITED_IMG_0565_0010,COLORWHEEL_2700_EDITED,train,2700,Abnormal,Abnormal,Abnormal,2,,,COLORWHEEL_2700_SEMIQUANT_EDITED.zip,1,1,0,,224.840805,0.163225,0.908253,219.623199,0.193793,0.80606,235.630402,0.104557,0.698474,240.684799,0.087939,0.708474,221.309601,0.103663,0.718838,0.0,0.0,0.0,0.0,0.0,0.0,0.0,0.0,0.0,0.0,0.0,0.0,0.0,0.0,0.0
COLORWHEEL_2700_EDITED_IMG_0565_0010,COLORWHEEL_2700_EDITED,train,2700,Abnormal,Abnormal,Abnormal,2,,,COLORWHEEL_2700_SEMIQUANT_EDITED.zip,1,1,0,,224.840805,0.163225,0.908253,219.623199,0.193793,0.80606,235.630402,0.104557,0.698474,240.684799,0.087939,0.708474,221.309601,0.103663,0.718838,0.0,0.0,0.0,0.0,0.0,0.0,0.0,0.0,0.0,0.0,0.0,0.0,0.0,0.0,0.0
COLORWHEEL_2700_EDITED_IMG_0565_0010,COLORWHEEL_2700_EDITED,train,2700,Abnormal,Abnormal,Abnormal,2,,,COLORWHEEL_2700_SEMIQUANT_EDITED.zip,1,1,0,,224.840805,0.163225,0.908253,219.623199,0.193793,0.80606,235.630402,0.104557,0.698474,240.684799,0.087939,0.708474,221.309601,0.103663,0.718838,0.0,0.0,0.0,0.0,0.0,0.0,0.0,0.0,0.0,0.0,0.0,0.0,0.0,0.0,0.0
COLORWHEEL_2700_EDITED_IMG_0565_0010,COLORWHEEL_2700_EDITED,train,2700,Abnormal,Abnormal,Abnormal,2,,,COLORWHEEL_2700_SEMIQUANT_EDITED.zip,1,1,0,,224.840805,0.163225,0.908253,219.623199,0.193793,0.80606,235.630402,0.104557,0.698474,240.684799,0.087939,0.708474,221.309601,0.103663,0.718838,0.0,0.0,0.0,0.0,0.0,0.0,0.0,0.0,0.0,0.0,0.0,0.0,0.0,0.0,0.0
COLORWHEEL_2700_EDITED_IMG_0565_0010,COLORWHEEL_2700_EDITED,train,2700,Abnormal,Abnormal,Abnormal,2,,,COLORWHEEL_2700_SEMIQUANT_EDITED.zip,1,1,0,,224.840805,0.163225,0.908253,219.623199,0.193793,0.80606,235.630402,0.104557,0.698474,240.684799,0.087939,0.708474,221.309601,0.103663,0.718838,0.0,0.0,0.0,0.0,0.0,0.0,0.0,0.0,0.0,0.0,0.0,0.0,0.0,0.0,0.0
COLORWHEEL_2700_EDITED_IMG_0565_0010,COLORWHEEL_2700_EDITED,train,2700,Abnormal,Abnormal,Abnormal,2,,,COLORWHEEL_2700_SEMIQUANT_EDITED.zip,1,1,0,,224.840805,0.163225,0.908253,219.623199,0.193793,0.80606,235.630402,0.104557,0.698474,240.684799,0.087939,0.708474,221.309601,0.103663,0.718838,0.0,0.0,0.0,0.0,0.0,0.0,0.0,0.0,0.0,0.0,0.0,0.0,0.0,0.0,0.0
COLORWHEEL_2700_EDITED_IMG_0565_0010,COLORWHEEL_2700_EDITED,train,2700,Abnormal,Abnormal,Abnormal,2,,,COLORWHEEL_2700_SEMIQUANT_EDITED.zip,1,1,0,,224.840805,0.163225,0.908253,219.623199,0.193793,0.80606,235.630402,0.104557,0.698474,240.684799,0.087939,0.708474,221.309601,0.103663,0.718838,0.0,0.0,0.0,0.0,0.0,0.0,0.0,0.0,0.0,0.0,0.0,0.0,0.0,0.0,0.0
COLORWHEEL_2700_EDITED_IMG_0565_0010,COLORWHEEL_2700_EDITED,train,2700,Abnormal,Abnormal,Abnormal,2,,,COLORWHEEL_2700_SEMIQUANT_EDITED.zip,1,1,0,,224.840805,0.163225,0.908253,219.623199,0.193793,0.80606,235.630402,0.104557,0.698474,240.684799,0.087939,0.708474,221.309601,0.103663,0.718838,0.0,0.0,0.0,0.0,0.0,0.0,0.0,0.0,0.0,0.0,0.0,0.0,0.0,0.0,0.0
COLORWHEEL_2700_EDITED_IMG_0565_0010,COLORWHEEL_2700_EDITED,train,2700,Abnormal,Abnormal,Abnormal,2,,,COLORWHEEL_2700_SEMIQUANT_EDITED.zip,1,1,0,,224.840805,0.163225,0.908253,219.623199,0.193793,0.80606,235.630402,0.104557,0.698474,240.684799,0.087939,0.708474,221.309601,0.103663,0.718838,0.0,0.0,0.0,0.0,0.0,0.0,0.0,0.0,0.0,0.0,0.0,0.0,0.0,0.0,0.0
COLORWHEEL_2700_EDITED_IMG_0565_0010,COLORWHEEL_2700_EDITED,train,2700,Abnormal,Abnormal,Abnormal,2,,,COLORWHEEL_2700_SEMIQUANT_EDITED.zip,1,1,0,,224.840805,0.163225,0.908253,219.623199,0.193793,0.80606,235.630402,0.104557,0.698474,240.684799,0.087939,0.708474,221.309601,0.103663,0.718838,0.0,0.0,0.0,0.0,0.0,0.0,0.0,0.0,0.0,0.0,0.0,0.0,0.0,0.0,0.0
COLORWHEEL_2700_EDITED_IMG_0568_0011,COLORWHEEL_2700_EDITED,train,2700,Normal,Normal,Normal,1,,,COLORWHEEL_2700_SEMIQUANT_EDITED.zip,1,1,0,,203.328003,0.235018,0.799857,204.970398,0.269815,0.729002,222.219193,0.135603,0.710169,232.443207,0.099327,0.732549,205.366394,0.098002,0.679991,0.0,0.0,0.0,0.0,0.0,0.0,0.0,0.0,0.0,0.0,0.0,0.0,0.0,0.0,0.0
COLORWHEEL_2700_EDITED_IMG_0568_0011,COLORWHEEL_2700_EDITED,train,2700,Normal,Normal,Normal,1,,,COLORWHEEL_2700_SEMIQUANT_EDITED.zip,1,1,0,,203.328003,0.235018,0.799857,204.970398,0.269815,0.729002,222.219193,0.135603,0.710169,232.443207,0.099327,0.732549,205.366394,0.098002,0.679991,0.0,0.0,0.0,0.0,0.0,0.0,0.0,0.0,0.0,0.0,0.0,0.0,0.0,0.0,0.0
COLORWHEEL_2700_EDITED_IMG_0568_0011,COLORWHEEL_2700_EDITED,train,2700,Normal,Normal,Normal,1,,,COLORWHEEL_2700_SEMIQUANT_EDITED.zip,1,1,0,,203.328003,0.235018,0.799857,204.970398,0.269815,0.729002,222.219193,0.135603,0.710169,232.443207,0.099327,0.732549,205.366394,0.098002,0.679991,0.0,0.0,0.0,0.0,0.0,0.0,0.0,0.0,0.0,0.0,0.0,0.0,0.0,0.0,0.0
COLORWHEEL_2700_EDITED_IMG_0568_0011,COLORWHEEL_2700_EDITED,train,2700,Abnormal,Abnormal,Abnormal,2,,,COLORWHEEL_2700_SEMIQUANT_EDITED.zip,1,1,0,,203.328003,0.235018,0.799857,204.970398,0.269815,0.729002,222.219193,0.135603,0.710169,232.443207,0.099327,0.732549,205.366394,0.098002,0.679991,0.0,0.0,0.0,0.0,0.0,0.0,0.0,0.0,0.0,0.0,0.0,0.0,0.0,0.0,0.0
COLORWHEEL_2700_EDITED_IMG_0568_0011,COLORWHEEL_2700_EDITED,train,2700,Abnormal,Abnormal,Abnormal,2,,,COLORWHEEL_2700_SEMIQUANT_EDITED.zip,1,1,0,,203.328003,0.235018,0.799857,204.970398,0.269815,0.729002,222.219193,0.135603,0.710169,232.443207,0.099327,0.732549,205.366394,0.098002,0.679991,0.0,0.0,0.0,0.0,0.0,0.0,0.0,0.0,0.0,0.0,0.0,0.0,0.0,0.0,0.0
COLORWHEEL_2700_EDITED_IMG_0568_0011,COLORWHEEL_2700_EDITED,train,2700,Abnormal,Abnormal,Abnormal,2,,,COLORWHEEL_2700_SEMIQUANT_EDITED.zip,1,1,0,,203.328003,0.235018,0.799857,204.970398,0.269815,0.729002,222.219193,0.135603,0.710169,232.443207,0.099327,0.732549,205.366394,0.098002,0.679991,0.0,0.0,0.0,0.0,0.0,0.0,0.0,0.0,0.0,0.0,0.0,0.0,0.0,0.0,0.0
COLORWHEEL_2700_EDITED_IMG_0568_0011,COLORWHEEL_2700_EDITED,train,2700,Normal,Normal,Normal,1,,,COLORWHEEL_2700_SEMIQUANT_EDITED.zip,1,1,0,,203.328003,0.235018,0.799857,204.970398,0.269815,0.729002,222.219193,0.135603,0.710169,232.443207,0.099327,0.732549,205.366394,0.098002,0.679991,0.0,0.0,0.0,0.0,0.0,0.0,0.0,0.0,0.0,0.0,0.0,0.0,0.0,0.0,0.0
COLORWHEEL_2700_EDITED_IMG_0568_0011,COLORWHEEL_2700_EDITED,train,2700,Abnormal,Abnormal,Abnormal,2,,,COLORWHEEL_2700_SEMIQUANT_EDITED.zip,1,1,0,,203.328003,0.235018,0.799857,204.970398,0.269815,0.729002,222.219193,0.135603,0.710169,232.443207,0.099327,0.732549,205.366394,0.098002,0.679991,0.0,0.0,0.0,0.0,0.0,0.0,0.0,0.0,0.0,0.0,0.0,0.0,0.0,0.0,0.0
COLORWHEEL_2700_EDITED_IMG_0568_0011,COLORWHEEL_2700_EDITED,train,2700,Abnormal,Abnormal,Abnormal,2,,,COLORWHEEL_2700_SEMIQUANT_EDITED.zip,1,1,0,,203.328003,0.235018,0.799857,204.970398,0.269815,0.729002,222.219193,0.135603,0.710169,232.443207,0.099327,0.732549,205.366394,0.098002,0.679991,0.0,0.0,0.0,0.0,0.0,0.0,0.0,0.0,0.0,0.0,0.0,0.0,0.0,0.0,0.0
COLORWHEEL_2700_EDITED_IMG_0568_0011,COLORWHEEL_2700_EDITED,train,2700,Abnormal,Abnormal,Abnormal,2,,,COLORWHEEL_2700_SEMIQUANT_EDITED.zip,1,1,0,,203.328003,0.235018,0.799857,204.970398,0.269815,0.729002,222.219193,0.135603,0.710169,232.443207,0.099327,0.732549,205.366394,0.098002,0.679991,0.0,0.0,0.0,0.0,0.0,0.0,0.0,0.0,0.0,0.0,0.0,0.0,0.0,0.0,0.0
COLORWHEEL_2700_EDITED_IMG_0571_0012,COLORWHEEL_2700_EDITED,train,2700,Abnormal,Abnormal,Abnormal,2,,,COLORWHEEL_2700_SEMIQUANT_EDITED.zip,1,1,0,,159.947205,0.365409,0.819705,198.529602,0.324667,0.721718,222.212006,0.153224,0.724759,238.552002,0.100874,0.755496,224.837601,0.090839,0.702693,0.0,0.0,0.0,0.0,0.0,0.0,0.0,0.0,0.0,0.0,0.0,0.0,0.0,0.0,0.0
COLORWHEEL_2700_EDITED_IMG_0571_0012,COLORWHEEL_2700_EDITED,train,2700,Abnormal,Abnormal,Abnormal,2,,,COLORWHEEL_2700_SEMIQUANT_EDITED.zip,1,1,0,,159.947205,0.365409,0.819705,198.529602,0.324667,0.721718,222.212006,0.153224,0.724759,238.552002,0.100874,0.755496,224.837601,0.090839,0.702693,0.0,0.0,0.0,0.0,0.0,0.0,0.0,0.0,0.0,0.0,0.0,0.0,0.0,0.0,0.0
COLORWHEEL_2700_EDITED_IMG_0571_0012,COLORWHEEL_2700_EDITED,train,2700,Abnormal,Abnormal,Abnormal,2,,,COLORWHEEL_2700_SEMIQUANT_EDITED.zip,1,1,0,,159.947205,0.365409,0.819705,198.529602,0.324667,0.721718,222.212006,0.153224,0.724759,238.552002,0.100874,0.755496,224.837601,0.090839,0.702693,0.0,0.0,0.0,0.0,0.0,0.0,0.0,0.0,0.0,0.0,0.0,0.0,0.0,0.0,0.0
COLORWHEEL_2700_EDITED_IMG_0571_0012,COLORWHEEL_2700_EDITED,train,2700,Abnormal,Abnormal,Abnormal,2,,,COLORWHEEL_2700_SEMIQUANT_EDITED.zip,1,1,0,,159.947205,0.365409,0.819705,198.529602,0.324667,0.721718,222.212006,0.153224,0.724759,238.552002,0.100874,0.755496,224.837601,0.090839,0.702693,0.0,0.0,0.0,0.0,0.0,0.0,0.0,0.0,0.0,0.0,0.0,0.0,0.0,0.0,0.0
COLORWHEEL_2700_EDITED_IMG_0571_0012,COLORWHEEL_2700_EDITED,train,2700,Abnormal,Abnormal,Abnormal,2,,,COLORWHEEL_2700_SEMIQUANT_EDITED.zip,1,1,0,,159.947205,0.365409,0.819705,198.529602,0.324667,0.721718,222.212006,0.153224,0.724759,238.552002,0.100874,0.755496,224.837601,0.090839,0.702693,0.0,0.0,0.0,0.0,0.0,0.0,0.0,0.0,0.0,0.0,0.0,0.0,0.0,0.0,0.0
COLORWHEEL_2700_EDITED_IMG_0571_0012,COLORWHEEL_2700_EDITED,train,2700,Abnormal,Abnormal,Abnormal,2,,,COLORWHEEL_2700_SEMIQUANT_EDITED.zip,1,1,0,,159.947205,0.365409,0.819705,198.529602,0.324667,0.721718,222.212006,0.153224,0.724759,238.552002,0.100874,0.755496,224.837601,0.090839,0.702693,0.0,0.0,0.0,0.0,0.0,0.0,0.0,0.0,0.0,0.0,0.0,0.0,0.0,0.0,0.0
COLORWHEEL_2700_EDITED_IMG_0571_0012,COLORWHEEL_2700_EDITED,train,2700,Abnormal,Abnormal,Abnormal,2,,,COLORWHEEL_2700_SEMIQUANT_EDITED.zip,1,1,0,,159.947205,0.365409,0.819705,198.529602,0.324667,0.721718,222.212006,0.153224,0.724759,238.552002,0.100874,0.755496,224.837601,0.090839,0.702693,0.0,0.0,0.0,0.0,0.0,0.0,0.0,0.0,0.0,0.0,0.0,0.0,0.0,0.0,0.0
COLORWHEEL_2700_EDITED_IMG_0571_0012,COLORWHEEL_2700_EDITED,train,2700,Abnormal,Abnormal,Abnormal,2,,,COLORWHEEL_2700_SEMIQUANT_EDITED.zip,1,1,0,,159.947205,0.365409,0.819705,198.529602,0.324667,0.721718,222.212006,0.153224,0.724759,238.552002,0.100874,0.755496,224.837601,0.090839,0.702693,0.0,0.0,0.0,0.0,0.0,0.0,0.0,0.0,0.0,0.0,0.0,0.0,0.0,0.0,0.0
COLORWHEEL_2700_EDITED_IMG_0571_0012,COLORWHEEL_2700_EDITED,train,2700,Abnormal,Abnormal,Abnormal,2,,,COLORWHEEL_2700_SEMIQUANT_EDITED.zip,1,1,0,,159.947205,0.365409,0.819705,198.529602,0.324667,0.721718,222.212006,0.153224,0.724759,238.552002,0.100874,0.755496,224.837601,0.090839,0.702693,0.0,0.0,0.0,0.0,0.0,0.0,0.0,0.0,0.0,0.0,0.0,0.0,0.0,0.0,0.0
COLORWHEEL_2700_EDITED_IMG_0571_0012,COLORWHEEL_2700_EDITED,train,2700,Abnormal,Abnormal,Abnormal,2,,,COLORWHEEL_2700_SEMIQUANT_EDITED.zip,1,1,0,,159.947205,0.365409,0.819705,198.529602,0.324667,0.721718,222.212006,0.153224,0.724759,238.552002,0.100874,0.755496,224.837601,0.090839,0.702693,0.0,0.0,0.0,0.0,0.0,0.0,0.0,0.0,0.0,0.0,0.0,0.0,0.0,0.0,0.0
COLORWHEEL_2700_EDITED_IMG_0573_0013,COLORWHEEL_2700_EDITED,train,2700,Abnormal,Abnormal,Abnormal,2,,,COLORWHEEL_2700_SEMIQUANT_EDITED.zip,1,1,0,,199.019196,0.146634,0.913256,145.082397,0.443926,0.770612,202.024796,0.306005,0.724599,236.531204,0.09875,0.778522,236.304794,0.100839,0.782786,23.638399,0.009907,0.077961,0.0,0.0,0.0,0.0,0.0,0.0,0.0,0.0,0.0,0.0,0.0,0.0
COLORWHEEL_2700_EDITED_IMG_0573_0013,COLORWHEEL_2700_EDITED,train,2700,Normal,Normal,Normal,1,,,COLORWHEEL_2700_SEMIQUANT_EDITED.zip,1,1,0,,199.019196,0.146634,0.913256,145.082397,0.443926,0.770612,202.024796,0.306005,0.724599,236.531204,0.09875,0.778522,236.304794,0.100839,0.782786,23.638399,0.009907,0.077961,0.0,0.0,0.0,0.0,0.0,0.0,0.0,0.0,0.0,0.0,0.0,0.0
COLORWHEEL_2700_EDITED_IMG_0573_0013,COLORWHEEL_2700_EDITED,train,2700,Abnormal,Abnormal,Abnormal,2,,,COLORWHEEL_2700_SEMIQUANT_EDITED.zip,1,1,0,,199.019196,0.146634,0.913256,145.082397,0.443926,0.770612,202.024796,0.306005,0.724599,236.531204,0.09875,0.778522,236.304794,0.100839,0.782786,23.638399,0.009907,0.077961,0.0,0.0,0.0,0.0,0.0,0.0,0.0,0.0,0.0,0.0,0.0,0.0
COLORWHEEL_2700_EDITED_IMG_0573_0013,COLORWHEEL_2700_EDITED,train,2700,Normal,Normal,Normal,1,,,COLORWHEEL_2700_SEMIQUANT_EDITED.zip,1,1,0,,199.019196,0.146634,0.913256,145.082397,0.443926,0.770612,202.024796,0.306005,0.724599,236.531204,0.09875,0.778522,236.304794,0.100839,0.782786,23.638399,0.009907,0.077961,0.0,0.0,0.0,0.0,0.0,0.0,0.0,0.0,0.0,0.0,0.0,0.0
COLORWHEEL_2700_EDITED_IMG_0573_0013,COLORWHEEL_2700_EDITED,train,2700,Abnormal,Abnormal,Abnormal,2,,,COLORWHEEL_2700_SEMIQUANT_EDITED.zip,1,1,0,,199.019196,0.146634,0.913256,145.082397,0.443926,0.770612,202.024796,0.306005,0.724599,236.531204,0.09875,0.778522,236.304794,0.100839,0.782786,23.638399,0.009907,0.077961,0.0,0.0,0.0,0.0,0.0,0.0,0.0,0.0,0.0,0.0,0.0,0.0
COLORWHEEL_2700_EDITED_IMG_0573_0013,COLORWHEEL_2700_EDITED,train,2700,Normal,Normal,Normal,1,,,COLORWHEEL_2700_SEMIQUANT_EDITED.zip,1,1,0,,199.019196,0.146634,0.913256,145.082397,0.443926,0.770612,202.024796,0.306005,0.724599,236.531204,0.09875,0.778522,236.304794,0.100839,0.782786,23.638399,0.009907,0.077961,0.0,0.0,0.0,0.0,0.0,0.0,0.0,0.0,0.0,0.0,0.0,0.0
COLORWHEEL_2700_EDITED_IMG_0573_0013,COLORWHEEL_2700_EDITED,train,2700,Abnormal,Abnormal,Abnormal,2,,,COLORWHEEL_2700_SEMIQUANT_EDITED.zip,1,1,0,,199.019196,0.146634,0.913256,145.082397,0.443926,0.770612,202.024796,0.306005,0.724599,236.531204,0.09875,0.778522,236.304794,0.100839,0.782786,23.638399,0.009907,0.077961,0.0,0.0,0.0,0.0,0.0,0.0,0.0,0.0,0.0,0.0,0.0,0.0
COLORWHEEL_2700_EDITED_IMG_0573_0013,COLORWHEEL_2700_EDITED,train,2700,Normal,Normal,Normal,1,,,COLORWHEEL_2700_SEMIQUANT_EDITED.zip,1,1,0,,199.019196,0.146634,0.913256,145.082397,0.443926,0.770612,202.024796,0.306005,0.724599,236.531204,0.09875,0.778522,236.304794,0.100839,0.782786,23.638399,0.009907,0.077961,0.0,0.0,0.0,0.0,0.0,0.0,0.0,0.0,0.0,0.0,0.0,0.0
COLORWHEEL_2700_EDITED_IMG_0573_0013,COLORWHEEL_2700_EDITED,train,2700,Normal,Normal,Normal,1,,,COLORWHEEL_2700_SEMIQUANT_EDITED.zip,1,1,0,,199.019196,0.146634,0.913256,145.082397,0.443926,0.770612,202.024796,0.306005,0.724599,236.531204,0.09875,0.778522,236.304794,0.100839,0.782786,23.638399,0.009907,0.077961,0.0,0.0,0.0,0.0,0.0,0.0,0.0,0.0,0.0,0.0,0.0,0.0
COLORWHEEL_2700_EDITED_IMG_0573_0013,COLORWHEEL_2700_EDITED,train,2700,Normal,Normal,Normal,1,,,COLORWHEEL_2700_SEMIQUANT_EDITED.zip,1,1,0,,199.019196,0.146634,0.913256,145.082397,0.443926,0.770612,202.024796,0.306005,0.724599,236.531204,0.09875,0.778522,236.304794,0.100839,0.782786,23.638399,0.009907,0.077961,0.0,0.0,0.0,0.0,0.0,0.0,0.0,0.0,0.0,0.0,0.0,0.0
COLORWHEEL_2700_EDITED_IMG_0579_0014,COLORWHEEL_2700_EDITED,train,2700,Abnormal,Abnormal,Abnormal,2,,,COLORWHEEL_2700_SEMIQUANT_EDITED.zip,1,1,0,,218.917603,0.292918,0.918842,218.681595,0.197059,0.785294,199.8992,0.09634,0.651565,101.905602,0.081235,0.552176,52.344002,0.116223,0.559697,3.4384,0.010936,0.054196,0.0,0.0,0.0,0.0,0.0,0.0,0.0,0.0,0.0,0.0,0.0,0.0
COLORWHEEL_2700_EDITED_IMG_0579_0014,COLORWHEEL_2700_EDITED,train,2700,Abnormal,Abnormal,Abnormal,2,,,COLORWHEEL_2700_SEMIQUANT_EDITED.zip,1,1,0,,218.917603,0.292918,0.918842,218.681595,0.197059,0.785294,199.8992,0.09634,0.651565,101.905602,0.081235,0.552176,52.344002,0.116223,0.559697,3.4384,0.010936,0.054196,0.0,0.0,0.0,0.0,0.0,0.0,0.0,0.0,0.0,0.0,0.0,0.0
COLORWHEEL_2700_EDITED_IMG_0579_0014,COLORWHEEL_2700_EDITED,train,2700,Abnormal,Abnormal,Abnormal,2,,,COLORWHEEL_2700_SEMIQUANT_EDITED.zip,1,1,0,,218.917603,0.292918,0.918842,218.681595,0.197059,0.785294,199.8992,0.09634,0.651565,101.905602,0.081235,0.552176,52.344002,0.116223,0.559697,3.4384,0.010936,0.054196,0.0,0.0,0.0,0.0,0.0,0.0,0.0,0.0,0.0,0.0,0.0,0.0
COLORWHEEL_2700_EDITED_IMG_0579_0014,COLORWHEEL_2700_EDITED,train,2700,Abnormal,Abnormal,Abnormal,2,,,COLORWHEEL_2700_SEMIQUANT_EDITED.zip,1,1,0,,218.917603,0.292918,0.918842,218.681595,0.197059,0.785294,199.8992,0.09634,0.651565,101.905602,0.081235,0.552176,52.344002,0.116223,0.559697,3.4384,0.010936,0.054196,0.0,0.0,0.0,0.0,0.0,0.0,0.0,0.0,0.0,0.0,0.0,0.0
COLORWHEEL_2700_EDITED_IMG_0579_0014,COLORWHEEL_2700_EDITED,train,2700,Abnormal,Abnormal,Abnormal,2,,,COLORWHEEL_2700_SEMIQUANT_EDITED.zip,1,1,0,,218.917603,0.292918,0.918842,218.681595,0.197059,0.785294,199.8992,0.09634,0.651565,101.905602,0.081235,0.552176,52.344002,0.116223,0.559697,3.4384,0.010936,0.054196,0.0,0.0,0.0,0.0,0.0,0.0,0.0,0.0,0.0,0.0,0.0,0.0
COLORWHEEL_2700_EDITED_IMG_0579_0014,COLORWHEEL_2700_EDITED,train,2700,Abnormal,Abnormal,Abnormal,2,,,COLORWHEEL_2700_SEMIQUANT_EDITED.zip,1,1,0,,218.917603,0.292918,0.918842,218.681595,0.197059,0.785294,199.8992,0.09634,0.651565,101.905602,0.081235,0.552176,52.344002,0.116223,0.559697,3.4384,0.010936,0.054196,0.0,0.0,0.0,0.0,0.0,0.0,0.0,0.0,0.0,0.0,0.0,0.0
COLORWHEEL_2700_EDITED_IMG_0579_0014,COLORWHEEL_2700_EDITED,train,2700,Abnormal,Abnormal,Abnormal,2,,,COLORWHEEL_2700_SEMIQUANT_EDITED.zip,1,1,0,,218.917603,0.292918,0.918842,218.681595,0.197059,0.785294,199.8992,0.09634,0.651565,101.905602,0.081235,0.552176,52.344002,0.116223,0.559697,3.4384,0.010936,0.054196,0.0,0.0,0.0,0.0,0.0,0.0,0.0,0.0,0.0,0.0,0.0,0.0
COLORWHEEL_2700_EDITED_IMG_0579_0014,COLORWHEEL_2700_EDITED,train,2700,Abnormal,Abnormal,Abnormal,2,,,COLORWHEEL_2700_SEMIQUANT_EDITED.zip,1,1,0,,218.917603,0.292918,0.918842,218.681595,0.197059,0.785294,199.8992,0.09634,0.651565,101.905602,0.081235,0.552176,52.344002,0.116223,0.559697,3.4384,0.010936,0.054196,0.0,0.0,0.0,0.0,0.0,0.0,0.0,0.0,0.0,0.0,0.0,0.0
COLORWHEEL_2700_EDITED_IMG_0579_0014,COLORWHEEL_2700_EDITED,train,2700,Abnormal,Abnormal,Abnormal,2,,,COLORWHEEL_2700_SEMIQUANT_EDITED.zip,1,1,0,,218.917603,0.292918,0.918842,218.681595,0.197059,0.785294,199.8992,0.09634,0.651565,101.905602,0.081235,0.552176,52.344002,0.116223,0.559697,3.4384,0.010936,0.054196,0.0,0.0,0.0,0.0,0.0,0.0,0.0,0.0,0.0,0.0,0.0,0.0
COLORWHEEL_2700_EDITED_IMG_0579_0014,COLORWHEEL_2700_EDITED,train,2700,Abnormal,Abnormal,Abnormal,2,,,COLORWHEEL_2700_SEMIQUANT_EDITED.zip,1,1,0,,218.917603,0.292918,0.918842,218.681595,0.197059,0.785294,199.8992,0.09634,0.651565,101.905602,0.081235,0.552176,52.344002,0.116223,0.559697,3.4384,0.010936,0.054196,0.0,0.0,0.0,0.0,0.0,0.0,0.0,0.0,0.0,0.0,0.0,0.0
COLORWHEEL_2700_EDITED_IMG_0582_0015,COLORWHEEL_2700_EDITED,train,2700,Abnormal,Abnormal,Abnormal,2,,,COLORWHEEL_2700_SEMIQUANT_EDITED.zip,1,1,0,,194.607193,0.151329,0.911558,146.054398,0.442547,0.777784,201.536804,0.313321,0.736143,234.380005,0.10627,0.791358,234.679199,0.104817,0.788369,24.16,0.010839,0.080756,0.0,0.0,0.0,0.0,0.0,0.0,0.0,0.0,0.0,0.0,0.0,0.0
COLORWHEEL_2700_EDITED_IMG_0582_0015,COLORWHEEL_2700_EDITED,train,2700,Normal,Normal,Normal,1,,,COLORWHEEL_2700_SEMIQUANT_EDITED.zip,1,1,0,,194.607193,0.151329,0.911558,146.054398,0.442547,0.777784,201.536804,0.313321,0.736143,234.380005,0.10627,0.791358,234.679199,0.104817,0.788369,24.16,0.010839,0.080756,0.0,0.0,0.0,0.0,0.0,0.0,0.0,0.0,0.0,0.0,0.0,0.0
COLORWHEEL_2700_EDITED_IMG_0582_0015,COLORWHEEL_2700_EDITED,train,2700,Abnormal,Abnormal,Abnormal,2,,,COLORWHEEL_2700_SEMIQUANT_EDITED.zip,1,1,0,,194.607193,0.151329,0.911558,146.054398,0.442547,0.777784,201.536804,0.313321,0.736143,234.380005,0.10627,0.791358,234.679199,0.104817,0.788369,24.16,0.010839,0.080756,0.0,0.0,0.0,0.0,0.0,0.0,0.0,0.0,0.0,0.0,0.0,0.0
COLORWHEEL_2700_EDITED_IMG_0582_0015,COLORWHEEL_2700_EDITED,train,2700,Abnormal,Abnormal,Abnormal,2,,,COLORWHEEL_2700_SEMIQUANT_EDITED.zip,1,1,0,,194.607193,0.151329,0.911558,146.054398,0.442547,0.777784,201.536804,0.313321,0.736143,234.380005,0.10627,0.791358,234.679199,0.104817,0.788369,24.16,0.010839,0.080756,0.0,0.0,0.0,0.0,0.0,0.0,0.0,0.0,0.0,0.0,0.0,0.0
COLORWHEEL_2700_EDITED_IMG_0582_0015,COLORWHEEL_2700_EDITED,train,2700,Abnormal,Abnormal,Abnormal,2,,,COLORWHEEL_2700_SEMIQUANT_EDITED.zip,1,1,0,,194.607193,0.151329,0.911558,146.054398,0.442547,0.777784,201.536804,0.313321,0.736143,234.380005,0.10627,0.791358,234.679199,0.104817,0.788369,24.16,0.010839,0.080756,0.0,0.0,0.0,0.0,0.0,0.0,0.0,0.0,0.0,0.0,0.0,0.0
COLORWHEEL_2700_EDITED_IMG_0582_0015,COLORWHEEL_2700_EDITED,train,2700,Abnormal,Abnormal,Abnormal,2,,,COLORWHEEL_2700_SEMIQUANT_EDITED.zip,1,1,0,,194.607193,0.151329,0.911558,146.054398,0.442547,0.777784,201.536804,0.313321,0.736143,234.380005,0.10627,0.791358,234.679199,0.104817,0.788369,24.16,0.010839,0.080756,0.0,0.0,0.0,0.0,0.0,0.0,0.0,0.0,0.0,0.0,0.0,0.0
COLORWHEEL_2700_EDITED_IMG_0582_0015,COLORWHEEL_2700_EDITED,train,2700,Abnormal,Abnormal,Abnormal,2,,,COLORWHEEL_2700_SEMIQUANT_EDITED.zip,1,1,0,,194.607193,0.151329,0.911558,146.054398,0.442547,0.777784,201.536804,0.313321,0.736143,234.380005,0.10627,0.791358,234.679199,0.104817,0.788369,24.16,0.010839,0.080756,0.0,0.0,0.0,0.0,0.0,0.0,0.0,0.0,0.0,0.0,0.0,0.0
COLORWHEEL_2700_EDITED_IMG_0582_0015,COLORWHEEL_2700_EDITED,train,2700,Abnormal,Abnormal,Abnormal,2,,,COLORWHEEL_2700_SEMIQUANT_EDITED.zip,1,1,0,,194.607193,0.151329,0.911558,146.054398,0.442547,0.777784,201.536804,0.313321,0.736143,234.380005,0.10627,0.791358,234.679199,0.104817,0.788369,24.16,0.010839,0.080756,0.0,0.0,0.0,0.0,0.0,0.0,0.0,0.0,0.0,0.0,0.0,0.0
COLORWHEEL_2700_EDITED_IMG_0582_0015,COLORWHEEL_2700_EDITED,train,2700,Abnormal,Abnormal,Abnormal,2,,,COLORWHEEL_2700_SEMIQUANT_EDITED.zip,1,1,0,,194.607193,0.151329,0.911558,146.054398,0.442547,0.777784,201.536804,0.313321,0.736143,234.380005,0.10627,0.791358,234.679199,0.104817,0.788369,24.16,0.010839,0.080756,0.0,0.0,0.0,0.0,0.0,0.0,0.0,0.0,0.0,0.0,0.0,0.0
COLORWHEEL_2700_EDITED_IMG_0582_0015,COLORWHEEL_2700_EDITED,train,2700,Abnormal,Abnormal,Abnormal,2,,,COLORWHEEL_2700_SEMIQUANT_EDITED.zip,1,1,0,,194.607193,0.151329,0.911558,146.054398,0.442547,0.777784,201.536804,0.313321,0.736143,234.380005,0.10627,0.791358,234.679199,0.104817,0.788369,24.16,0.010839,0.080756,0.0,0.0,0.0,0.0,0.0,0.0,0.0,0.0,0.0,0.0,0.0,0.0
COLORWHEEL_2700_EDITED_IMG_0585_0016,COLORWHEEL_2700_EDITED,train,2700,Normal,Normal,Normal,1,,,COLORWHEEL_2700_SEMIQUANT_EDITED.zip,1,1,0,,200.392807,0.167729,0.899478,145.437607,0.428624,0.767768,200.320007,0.308598,0.726173,234.8992,0.110966,0.792378,235.384796,0.107236,0.784808,18.794399,0.008863,0.06381,0.0,0.0,0.0,0.0,0.0,0.0,0.0,0.0,0.0,0.0,0.0,0.0
COLORWHEEL_2700_EDITED_IMG_0585_0016,COLORWHEEL_2700_EDITED,train,2700,Abnormal,Abnormal,Abnormal,2,,,COLORWHEEL_2700_SEMIQUANT_EDITED.zip,1,1,0,,200.392807,0.167729,0.899478,145.437607,0.428624,0.767768,200.320007,0.308598,0.726173,234.8992,0.110966,0.792378,235.384796,0.107236,0.784808,18.794399,0.008863,0.06381,0.0,0.0,0.0,0.0,0.0,0.0,0.0,0.0,0.0,0.0,0.0,0.0
COLORWHEEL_2700_EDITED_IMG_0585_0016,COLORWHEEL_2700_EDITED,train,2700,Normal,Normal,Normal,1,,,COLORWHEEL_2700_SEMIQUANT_EDITED.zip,1,1,0,,200.392807,0.167729,0.899478,145.437607,0.428624,0.767768,200.320007,0.308598,0.726173,234.8992,0.110966,0.792378,235.384796,0.107236,0.784808,18.794399,0.008863,0.06381,0.0,0.0,0.0,0.0,0.0,0.0,0.0,0.0,0.0,0.0,0.0,0.0
COLORWHEEL_2700_EDITED_IMG_0585_0016,COLORWHEEL_2700_EDITED,train,2700,Abnormal,Abnormal,Abnormal,2,,,COLORWHEEL_2700_SEMIQUANT_EDITED.zip,1,1,0,,200.392807,0.167729,0.899478,145.437607,0.428624,0.767768,200.320007,0.308598,0.726173,234.8992,0.110966,0.792378,235.384796,0.107236,0.784808,18.794399,0.008863,0.06381,0.0,0.0,0.0,0.0,0.0,0.0,0.0,0.0,0.0,0.0,0.0,0.0
COLORWHEEL_2700_EDITED_IMG_0585_0016,COLORWHEEL_2700_EDITED,train,2700,Normal,Normal,Normal,1,,,COLORWHEEL_2700_SEMIQUANT_EDITED.zip,1,1,0,,200.392807,0.167729,0.899478,145.437607,0.428624,0.767768,200.320007,0.308598,0.726173,234.8992,0.110966,0.792378,235.384796,0.107236,0.784808,18.794399,0.008863,0.06381,0.0,0.0,0.0,0.0,0.0,0.0,0.0,0.0,0.0,0.0,0.0,0.0
COLORWHEEL_2700_EDITED_IMG_0585_0016,COLORWHEEL_2700_EDITED,train,2700,Abnormal,Abnormal,Abnormal,2,,,COLORWHEEL_2700_SEMIQUANT_EDITED.zip,1,1,0,,200.392807,0.167729,0.899478,145.437607,0.428624,0.767768,200.320007,0.308598,0.726173,234.8992,0.110966,0.792378,235.384796,0.107236,0.784808,18.794399,0.008863,0.06381,0.0,0.0,0.0,0.0,0.0,0.0,0.0,0.0,0.0,0.0,0.0,0.0
COLORWHEEL_2700_EDITED_IMG_0585_0016,COLORWHEEL_2700_EDITED,train,2700,Abnormal,Abnormal,Abnormal,2,,,COLORWHEEL_2700_SEMIQUANT_EDITED.zip,1,1,0,,200.392807,0.167729,0.899478,145.437607,0.428624,0.767768,200.320007,0.308598,0.726173,234.8992,0.110966,0.792378,235.384796,0.107236,0.784808,18.794399,0.008863,0.06381,0.0,0.0,0.0,0.0,0.0,0.0,0.0,0.0,0.0,0.0,0.0,0.0
COLORWHEEL_2700_EDITED_IMG_0585_0016,COLORWHEEL_2700_EDITED,train,2700,Abnormal,Abnormal,Abnormal,2,,,COLORWHEEL_2700_SEMIQUANT_EDITED.zip,1,1,0,,200.392807,0.167729,0.899478,145.437607,0.428624,0.767768,200.320007,0.308598,0.726173,234.8992,0.110966,0.792378,235.384796,0.107236,0.784808,18.794399,0.008863,0.06381,0.0,0.0,0.0,0.0,0.0,0.0,0.0,0.0,0.0,0.0,0.0,0.0
COLORWHEEL_2700_EDITED_IMG_0585_0016,COLORWHEEL_2700_EDITED,train,2700,Abnormal,Abnormal,Abnormal,2,,,COLORWHEEL_2700_SEMIQUANT_EDITED.zip,1,1,0,,200.392807,0.167729,0.899478,145.437607,0.428624,0.767768,200.320007,0.308598,0.726173,234.8992,0.110966,0.792378,235.384796,0.107236,0.784808,18.794399,0.008863,0.06381,0.0,0.0,0.0,0.0,0.0,0.0,0.0,0.0,0.0,0.0,0.0,0.0
COLORWHEEL_2700_EDITED_IMG_0585_0016,COLORWHEEL_2700_EDITED,train,2700,Abnormal,Abnormal,Abnormal,2,,,COLORWHEEL_2700_SEMIQUANT_EDITED.zip,1,1,0,,200.392807,0.167729,0.899478,145.437607,0.428624,0.767768,200.320007,0.308598,0.726173,234.8992,0.110966,0.792378,235.384796,0.107236,0.784808,18.794399,0.008863,0.06381,0.0,0.0,0.0,0.0,0.0,0.0,0.0,0.0,0.0,0.0,0.0,0.0
COLORWHEEL_2700_EDITED_IMG_0588_0017,COLORWHEEL_2700_EDITED,train,2700,Abnormal,Abnormal,Abnormal,2,,,COLORWHEEL_2700_SEMIQUANT_EDITED.zip,1,1,0,,214.974396,0.183321,0.91282,187.507996,0.297769,0.804461,193.846405,0.243115,0.750809,242.997604,0.10843,0.766767,242.228806,0.112102,0.773754,0.0,0.0,0.0,0.0,0.0,0.0,0.0,0.0,0.0,0.0,0.0,0.0,0.0,0.0,0.0
COLORWHEEL_2700_EDITED_IMG_0588_0017,COLORWHEEL_2700_EDITED,train,2700,Normal,Normal,Normal,1,,,COLORWHEEL_2700_SEMIQUANT_EDITED.zip,1,1,0,,214.974396,0.183321,0.91282,187.507996,0.297769,0.804461,193.846405,0.243115,0.750809,242.997604,0.10843,0.766767,242.228806,0.112102,0.773754,0.0,0.0,0.0,0.0,0.0,0.0,0.0,0.0,0.0,0.0,0.0,0.0,0.0,0.0,0.0
COLORWHEEL_2700_EDITED_IMG_0588_0017,COLORWHEEL_2700_EDITED,train,2700,Abnormal,Abnormal,Abnormal,2,,,COLORWHEEL_2700_SEMIQUANT_EDITED.zip,1,1,0,,214.974396,0.183321,0.91282,187.507996,0.297769,0.804461,193.846405,0.243115,0.750809,242.997604,0.10843,0.766767,242.228806,0.112102,0.773754,0.0,0.0,0.0,0.0,0.0,0.0,0.0,0.0,0.0,0.0,0.0,0.0,0.0,0.0,0.0
COLORWHEEL_2700_EDITED_IMG_0588_0017,COLORWHEEL_2700_EDITED,train,2700,Abnormal,Abnormal,Abnormal,2,,,COLORWHEEL_2700_SEMIQUANT_EDITED.zip,1,1,0,,214.974396,0.183321,0.91282,187.507996,0.297769,0.804461,193.846405,0.243115,0.750809,242.997604,0.10843,0.766767,242.228806,0.112102,0.773754,0.0,0.0,0.0,0.0,0.0,0.0,0.0,0.0,0.0,0.0,0.0,0.0,0.0,0.0,0.0
COLORWHEEL_2700_EDITED_IMG_0588_0017,COLORWHEEL_2700_EDITED,train,2700,Abnormal,Abnormal,Abnormal,2,,,COLORWHEEL_2700_SEMIQUANT_EDITED.zip,1,1,0,,214.974396,0.183321,0.91282,187.507996,0.297769,0.804461,193.846405,0.243115,0.750809,242.997604,0.10843,0.766767,242.228806,0.112102,0.773754,0.0,0.0,0.0,0.0,0.0,0.0,0.0,0.0,0.0,0.0,0.0,0.0,0.0,0.0,0.0
COLORWHEEL_2700_EDITED_IMG_0588_0017,COLORWHEEL_2700_EDITED,train,2700,Abnormal,Abnormal,Abnormal,2,,,COLORWHEEL_2700_SEMIQUANT_EDITED.zip,1,1,0,,214.974396,0.183321,0.91282,187.507996,0.297769,0.804461,193.846405,0.243115,0.750809,242.997604,0.10843,0.766767,242.228806,0.112102,0.773754,0.0,0.0,0.0,0.0,0.0,0.0,0.0,0.0,0.0,0.0,0.0,0.0,0.0,0.0,0.0
COLORWHEEL_2700_EDITED_IMG_0588_0017,COLORWHEEL_2700_EDITED,train,2700,Abnormal,Abnormal,Abnormal,2,,,COLORWHEEL_2700_SEMIQUANT_EDITED.zip,1,1,0,,214.974396,0.183321,0.91282,187.507996,0.297769,0.804461,193.846405,0.243115,0.750809,242.997604,0.10843,0.766767,242.228806,0.112102,0.773754,0.0,0.0,0.0,0.0,0.0,0.0,0.0,0.0,0.0,0.0,0.0,0.0,0.0,0.0,0.0
COLORWHEEL_2700_EDITED_IMG_0588_0017,COLORWHEEL_2700_EDITED,train,2700,Abnormal,Abnormal,Abnormal,2,,,COLORWHEEL_2700_SEMIQUANT_EDITED.zip,1,1,0,,214.974396,0.183321,0.91282,187.507996,0.297769,0.804461,193.846405,0.243115,0.750809,242.997604,0.10843,0.766767,242.228806,0.112102,0.773754,0.0,0.0,0.0,0.0,0.0,0.0,0.0,0.0,0.0,0.0,0.0,0.0,0.0,0.0,0.0
COLORWHEEL_2700_EDITED_IMG_0588_0017,COLORWHEEL_2700_EDITED,train,2700,Normal,Normal,Normal,1,,,COLORWHEEL_2700_SEMIQUANT_EDITED.zip,1,1,0,,214.974396,0.183321,0.91282,187.507996,0.297769,0.804461,193.846405,0.243115,0.750809,242.997604,0.10843,0.766767,242.228806,0.112102,0.773754,0.0,0.0,0.0,0.0,0.0,0.0,0.0,0.0,0.0,0.0,0.0,0.0,0.0,0.0,0.0
COLORWHEEL_2700_EDITED_IMG_0588_0017,COLORWHEEL_2700_EDITED,train,2700,Abnormal,Abnormal,Abnormal,2,,,COLORWHEEL_2700_SEMIQUANT_EDITED.zip,1,1,0,,214.974396,0.183321,0.91282,187.507996,0.297769,0.804461,193.846405,0.243115,0.750809,242.997604,0.10843,0.766767,242.228806,0.112102,0.773754,0.0,0.0,0.0,0.0,0.0,0.0,0.0,0.0,0.0,0.0,0.0,0.0,0.0,0.0,0.0
COLORWHEEL_2700_EDITED_IMG_0591_0018,COLORWHEEL_2700_EDITED,train,2700,Abnormal,Abnormal,Abnormal,2,,,COLORWHEEL_2700_SEMIQUANT_EDITED.zip,1,1,0,,210.829605,0.182593,0.880497,209.688797,0.238745,0.779015,214.395996,0.16618,0.730188,243.281601,0.07856,0.7267,216.9664,0.077476,0.66211,0.0,0.0,0.0,0.0,0.0,0.0,0.0,0.0,0.0,0.0,0.0,0.0,0.0,0.0,0.0
COLORWHEEL_2700_EDITED_IMG_0591_0018,COLORWHEEL_2700_EDITED,train,2700,Abnormal,Abnormal,Abnormal,2,,,COLORWHEEL_2700_SEMIQUANT_EDITED.zip,1,1,0,,210.829605,0.182593,0.880497,209.688797,0.238745,0.779015,214.395996,0.16618,0.730188,243.281601,0.07856,0.7267,216.9664,0.077476,0.66211,0.0,0.0,0.0,0.0,0.0,0.0,0.0,0.0,0.0,0.0,0.0,0.0,0.0,0.0,0.0
COLORWHEEL_2700_EDITED_IMG_0591_0018,COLORWHEEL_2700_EDITED,train,2700,Abnormal,Abnormal,Abnormal,2,,,COLORWHEEL_2700_SEMIQUANT_EDITED.zip,1,1,0,,210.829605,0.182593,0.880497,209.688797,0.238745,0.779015,214.395996,0.16618,0.730188,243.281601,0.07856,0.7267,216.9664,0.077476,0.66211,0.0,0.0,0.0,0.0,0.0,0.0,0.0,0.0,0.0,0.0,0.0,0.0,0.0,0.0,0.0
COLORWHEEL_2700_EDITED_IMG_0591_0018,COLORWHEEL_2700_EDITED,train,2700,Abnormal,Abnormal,Abnormal,2,,,COLORWHEEL_2700_SEMIQUANT_EDITED.zip,1,1,0,,210.829605,0.182593,0.880497,209.688797,0.238745,0.779015,214.395996,0.16618,0.730188,243.281601,0.07856,0.7267,216.9664,0.077476,0.66211,0.0,0.0,0.0,0.0,0.0,0.0,0.0,0.0,0.0,0.0,0.0,0.0,0.0,0.0,0.0
COLORWHEEL_2700_EDITED_IMG_0591_0018,COLORWHEEL_2700_EDITED,train,2700,Abnormal,Abnormal,Abnormal,2,,,COLORWHEEL_2700_SEMIQUANT_EDITED.zip,1,1,0,,210.829605,0.182593,0.880497,209.688797,0.238745,0.779015,214.395996,0.16618,0.730188,243.281601,0.07856,0.7267,216.9664,0.077476,0.66211,0.0,0.0,0.0,0.0,0.0,0.0,0.0,0.0,0.0,0.0,0.0,0.0,0.0,0.0,0.0
COLORWHEEL_2700_EDITED_IMG_0591_0018,COLORWHEEL_2700_EDITED,train,2700,Abnormal,Abnormal,Abnormal,2,,,COLORWHEEL_2700_SEMIQUANT_EDITED.zip,1,1,0,,210.829605,0.182593,0.880497,209.688797,0.238745,0.779015,214.395996,0.16618,0.730188,243.281601,0.07856,0.7267,216.9664,0.077476,0.66211,0.0,0.0,0.0,0.0,0.0,0.0,0.0,0.0,0.0,0.0,0.0,0.0,0.0,0.0,0.0
COLORWHEEL_2700_EDITED_IMG_0591_0018,COLORWHEEL_2700_EDITED,train,2700,Normal,Normal,Normal,1,,,COLORWHEEL_2700_SEMIQUANT_EDITED.zip,1,1,0,,210.829605,0.182593,0.880497,209.688797,0.238745,0.779015,214.395996,0.16618,0.730188,243.281601,0.07856,0.7267,216.9664,0.077476,0.66211,0.0,0.0,0.0,0.0,0.0,0.0,0.0,0.0,0.0,0.0,0.0,0.0,0.0,0.0,0.0
COLORWHEEL_2700_EDITED_IMG_0591_0018,COLORWHEEL_2700_EDITED,train,2700,Abnormal,Abnormal,Abnormal,2,,,COLORWHEEL_2700_SEMIQUANT_EDITED.zip,1,1,0,,210.829605,0.182593,0.880497,209.688797,0.238745,0.779015,214.395996,0.16618,0.730188,243.281601,0.07856,0.7267,216.9664,0.077476,0.66211,0.0,0.0,0.0,0.0,0.0,0.0,0.0,0.0,0.0,0.0,0.0,0.0,0.0,0.0,0.0
COLORWHEEL_2700_EDITED_IMG_0591_0018,COLORWHEEL_2700_EDITED,train,2700,Abnormal,Abnormal,Abnormal,2,,,COLORWHEEL_2700_SEMIQUANT_EDITED.zip,1,1,0,,210.829605,0.182593,0.880497,209.688797,0.238745,0.779015,214.395996,0.16618,0.730188,243.281601,0.07856,0.7267,216.9664,0.077476,0.66211,0.0,0.0,0.0,0.0,0.0,0.0,0.0,0.0,0.0,0.0,0.0,0.0,0.0,0.0,0.0
COLORWHEEL_2700_EDITED_IMG_0591_0018,COLORWHEEL_2700_EDITED,train,2700,Abnormal,Abnormal,Abnormal,2,,,COLORWHEEL_2700_SEMIQUANT_EDITED.zip,1,1,0,,210.829605,0.182593,0.880497,209.688797,0.238745,0.779015,214.395996,0.16618,0.730188,243.281601,0.07856,0.7267,216.9664,0.077476,0.66211,0.0,0.0,0.0,0.0,0.0,0.0,0.0,0.0,0.0,0.0,0.0,0.0,0.0,0.0,0.0
COLORWHEEL_2700_EDITED_IMG_0594_0019,COLORWHEEL_2700_EDITED,train,2700,Abnormal,Abnormal,Abnormal,2,,,COLORWHEEL_2700_SEMIQUANT_EDITED.zip,1,1,0,,208.207199,0.193555,0.877399,202.786407,0.290998,0.763823,209.453598,0.198692,0.731348,244.970398,0.086455,0.731382,228.940796,0.085564,0.690455,0.0,0.0,0.0,0.0,0.0,0.0,0.0,0.0,0.0,0.0,0.0,0.0,0.0,0.0,0.0
COLORWHEEL_2700_EDITED_IMG_0594_0019,COLORWHEEL_2700_EDITED,train,2700,Normal,Normal,Normal,1,,,COLORWHEEL_2700_SEMIQUANT_EDITED.zip,1,1,0,,208.207199,0.193555,0.877399,202.786407,0.290998,0.763823,209.453598,0.198692,0.731348,244.970398,0.086455,0.731382,228.940796,0.085564,0.690455,0.0,0.0,0.0,0.0,0.0,0.0,0.0,0.0,0.0,0.0,0.0,0.0,0.0,0.0,0.0
COLORWHEEL_2700_EDITED_IMG_0594_0019,COLORWHEEL_2700_EDITED,train,2700,Abnormal,Abnormal,Abnormal,2,,,COLORWHEEL_2700_SEMIQUANT_EDITED.zip,1,1,0,,208.207199,0.193555,0.877399,202.786407,0.290998,0.763823,209.453598,0.198692,0.731348,244.970398,0.086455,0.731382,228.940796,0.085564,0.690455,0.0,0.0,0.0,0.0,0.0,0.0,0.0,0.0,0.0,0.0,0.0,0.0,0.0,0.0,0.0
COLORWHEEL_2700_EDITED_IMG_0594_0019,COLORWHEEL_2700_EDITED,train,2700,Normal,Normal,Normal,1,,,COLORWHEEL_2700_SEMIQUANT_EDITED.zip,1,1,0,,208.207199,0.193555,0.877399,202.786407,0.290998,0.763823,209.453598,0.198692,0.731348,244.970398,0.086455,0.731382,228.940796,0.085564,0.690455,0.0,0.0,0.0,0.0,0.0,0.0,0.0,0.0,0.0,0.0,0.0,0.0,0.0,0.0,0.0
COLORWHEEL_2700_EDITED_IMG_0594_0019,COLORWHEEL_2700_EDITED,train,2700,Abnormal,Abnormal,Abnormal,2,,,COLORWHEEL_2700_SEMIQUANT_EDITED.zip,1,1,0,,208.207199,0.193555,0.877399,202.786407,0.290998,0.763823,209.453598,0.198692,0.731348,244.970398,0.086455,0.731382,228.940796,0.085564,0.690455,0.0,0.0,0.0,0.0,0.0,0.0,0.0,0.0,0.0,0.0,0.0,0.0,0.0,0.0,0.0
COLORWHEEL_2700_EDITED_IMG_0594_0019,COLORWHEEL_2700_EDITED,train,2700,Normal,Normal,Normal,1,,,COLORWHEEL_2700_SEMIQUANT_EDITED.zip,1,1,0,,208.207199,0.193555,0.877399,202.786407,0.290998,0.763823,209.453598,0.198692,0.731348,244.970398,0.086455,0.731382,228.940796,0.085564,0.690455,0.0,0.0,0.0,0.0,0.0,0.0,0.0,0.0,0.0,0.0,0.0,0.0,0.0,0.0,0.0
COLORWHEEL_2700_EDITED_IMG_0594_0019,COLORWHEEL_2700_EDITED,train,2700,Abnormal,Abnormal,Abnormal,2,,,COLORWHEEL_2700_SEMIQUANT_EDITED.zip,1,1,0,,208.207199,0.193555,0.877399,202.786407,0.290998,0.763823,209.453598,0.198692,0.731348,244.970398,0.086455,0.731382,228.940796,0.085564,0.690455,0.0,0.0,0.0,0.0,0.0,0.0,0.0,0.0,0.0,0.0,0.0,0.0,0.0,0.0,0.0
COLORWHEEL_2700_EDITED_IMG_0594_0019,COLORWHEEL_2700_EDITED,train,2700,Normal,Normal,Normal,1,,,COLORWHEEL_2700_SEMIQUANT_EDITED.zip,1,1,0,,208.207199,0.193555,0.877399,202.786407,0.290998,0.763823,209.453598,0.198692,0.731348,244.970398,0.086455,0.731382,228.940796,0.085564,0.690455,0.0,0.0,0.0,0.0,0.0,0.0,0.0,0.0,0.0,0.0,0.0,0.0,0.0,0.0,0.0
COLORWHEEL_2700_EDITED_IMG_0594_0019,COLORWHEEL_2700_EDITED,train,2700,Abnormal,Abnormal,Abnormal,2,,,COLORWHEEL_2700_SEMIQUANT_EDITED.zip,1,1,0,,208.207199,0.193555,0.877399,202.786407,0.290998,0.763823,209.453598,0.198692,0.731348,244.970398,0.086455,0.731382,228.940796,0.085564,0.690455,0.0,0.0,0.0,0.0,0.0,0.0,0.0,0.0,0.0,0.0,0.0,0.0,0.0,0.0,0.0
COLORWHEEL_2700_EDITED_IMG_0594_0019,COLORWHEEL_2700_EDITED,train,2700,Normal,Normal,Normal,1,,,COLORWHEEL_2700_SEMIQUANT_EDITED.zip,1,1,0,,208.207199,0.193555,0.877399,202.786407,0.290998,0.763823,209.453598,0.198692,0.731348,244.970398,0.086455,0.731382,228.940796,0.085564,0.690455,0.0,0.0,0.0,0.0,0.0,0.0,0.0,0.0,0.0,0.0,0.0,0.0,0.0,0.0,0.0
COLORWHEEL_2700_EDITED_IMG_0595_0020,COLORWHEEL_2700_EDITED,train,2700,Abnormal,Abnormal,Abnormal,2,,,COLORWHEEL_2700_SEMIQUANT_EDITED.zip,1,1,0,,196.395203,0.224893,0.844325,191.475204,0.337239,0.670391,200.806396,0.201368,0.673402,236.857605,0.104096,0.725813,207.009598,0.090883,0.633639,0.0,0.0,0.0,0.0,0.0,0.0,0.0,0.0,0.0,0.0,0.0,0.0,0.0,0.0,0.0
COLORWHEEL_2700_EDITED_IMG_0595_0020,COLORWHEEL_2700_EDITED,train,2700,Abnormal,Abnormal,Abnormal,2,,,COLORWHEEL_2700_SEMIQUANT_EDITED.zip,1,1,0,,196.395203,0.224893,0.844325,191.475204,0.337239,0.670391,200.806396,0.201368,0.673402,236.857605,0.104096,0.725813,207.009598,0.090883,0.633639,0.0,0.0,0.0,0.0,0.0,0.0,0.0,0.0,0.0,0.0,0.0,0.0,0.0,0.0,0.0
COLORWHEEL_2700_EDITED_IMG_0595_0020,COLORWHEEL_2700_EDITED,train,2700,Abnormal,Abnormal,Abnormal,2,,,COLORWHEEL_2700_SEMIQUANT_EDITED.zip,1,1,0,,196.395203,0.224893,0.844325,191.475204,0.337239,0.670391,200.806396,0.201368,0.673402,236.857605,0.104096,0.725813,207.009598,0.090883,0.633639,0.0,0.0,0.0,0.0,0.0,0.0,0.0,0.0,0.0,0.0,0.0,0.0,0.0,0.0,0.0
COLORWHEEL_2700_EDITED_IMG_0595_0020,COLORWHEEL_2700_EDITED,train,2700,Abnormal,Abnormal,Abnormal,2,,,COLORWHEEL_2700_SEMIQUANT_EDITED.zip,1,1,0,,196.395203,0.224893,0.844325,191.475204,0.337239,0.670391,200.806396,0.201368,0.673402,236.857605,0.104096,0.725813,207.009598,0.090883,0.633639,0.0,0.0,0.0,0.0,0.0,0.0,0.0,0.0,0.0,0.0,0.0,0.0,0.0,0.0,0.0
COLORWHEEL_2700_EDITED_IMG_0595_0020,COLORWHEEL_2700_EDITED,train,2700,Abnormal,Abnormal,Abnormal,2,,,COLORWHEEL_2700_SEMIQUANT_EDITED.zip,1,1,0,,196.395203,0.224893,0.844325,191.475204,0.337239,0.670391,200.806396,0.201368,0.673402,236.857605,0.104096,0.725813,207.009598,0.090883,0.633639,0.0,0.0,0.0,0.0,0.0,0.0,0.0,0.0,0.0,0.0,0.0,0.0,0.0,0.0,0.0
COLORWHEEL_2700_EDITED_IMG_0595_0020,COLORWHEEL_2700_EDITED,train,2700,Abnormal,Abnormal,Abnormal,2,,,COLORWHEEL_2700_SEMIQUANT_EDITED.zip,1,1,0,,196.395203,0.224893,0.844325,191.475204,0.337239,0.670391,200.806396,0.201368,0.673402,236.857605,0.104096,0.725813,207.009598,0.090883,0.633639,0.0,0.0,0.0,0.0,0.0,0.0,0.0,0.0,0.0,0.0,0.0,0.0,0.0,0.0,0.0
COLORWHEEL_2700_EDITED_IMG_0595_0020,COLORWHEEL_2700_EDITED,train,2700,Abnormal,Abnormal,Abnormal,2,,,COLORWHEEL_2700_SEMIQUANT_EDITED.zip,1,1,0,,196.395203,0.224893,0.844325,191.475204,0.337239,0.670391,200.806396,0.201368,0.673402,236.857605,0.104096,0.725813,207.009598,0.090883,0.633639,0.0,0.0,0.0,0.0,0.0,0.0,0.0,0.0,0.0,0.0,0.0,0.0,0.0,0.0,0.0
COLORWHEEL_2700_EDITED_IMG_0595_0020,COLORWHEEL_2700_EDITED,train,2700,Abnormal,Abnormal,Abnormal,2,,,COLORWHEEL_2700_SEMIQUANT_EDITED.zip,1,1,0,,196.395203,0.224893,0.844325,191.475204,0.337239,0.670391,200.806396,0.201368,0.673402,236.857605,0.104096,0.725813,207.009598,0.090883,0.633639,0.0,0.0,0.0,0.0,0.0,0.0,0.0,0.0,0.0,0.0,0.0,0.0,0.0,0.0,0.0
COLORWHEEL_2700_EDITED_IMG_0595_0020,COLORWHEEL_2700_EDITED,train,2700,Abnormal,Abnormal,Abnormal,2,,,COLORWHEEL_2700_SEMIQUANT_EDITED.zip,1,1,0,,196.395203,0.224893,0.844325,191.475204,0.337239,0.670391,200.806396,0.201368,0.673402,236.857605,0.104096,0.725813,207.009598,0.090883,0.633639,0.0,0.0,0.0,0.0,0.0,0.0,0.0,0.0,0.0,0.0,0.0,0.0,0.0,0.0,0.0
COLORWHEEL_2700_EDITED_IMG_0595_0020,COLORWHEEL_2700_EDITED,train,2700,Abnormal,Abnormal,Abnormal,2,,,COLORWHEEL_2700_SEMIQUANT_EDITED.zip,1,1,0,,196.395203,0.224893,0.844325,191.475204,0.337239,0.670391,200.806396,0.201368,0.673402,236.857605,0.104096,0.725813,207.009598,0.090883,0.633639,0.0,0.0,0.0,0.0,0.0,0.0,0.0,0.0,0.0,0.0,0.0,0.0,0.0,0.0,0.0
COLORWHEEL_2700_EDITED_IMG_0599_0021,COLORWHEEL_2700_EDITED,train,2700,Normal,Normal,Normal,1,,,COLORWHEEL_2700_SEMIQUANT_EDITED.zip,1,1,0,,213.464798,0.14117,0.755253,226.401596,0.12051,0.865907,227.018402,0.114516,0.76467,245.019196,0.074391,0.689611,243.4944,0.078827,0.7257,12.784,0.004422,0.038756,0.0,0.0,0.0,0.0,0.0,0.0,0.0,0.0,0.0,0.0,0.0,0.0
COLORWHEEL_2700_EDITED_IMG_0599_0021,COLORWHEEL_2700_EDITED,train,2700,Normal,Normal,Normal,1,,,COLORWHEEL_2700_SEMIQUANT_EDITED.zip,1,1,0,,213.464798,0.14117,0.755253,226.401596,0.12051,0.865907,227.018402,0.114516,0.76467,245.019196,0.074391,0.689611,243.4944,0.078827,0.7257,12.784,0.004422,0.038756,0.0,0.0,0.0,0.0,0.0,0.0,0.0,0.0,0.0,0.0,0.0,0.0
COLORWHEEL_2700_EDITED_IMG_0599_0021,COLORWHEEL_2700_EDITED,train,2700,Normal,Normal,Normal,1,,,COLORWHEEL_2700_SEMIQUANT_EDITED.zip,1,1,0,,213.464798,0.14117,0.755253,226.401596,0.12051,0.865907,227.018402,0.114516,0.76467,245.019196,0.074391,0.689611,243.4944,0.078827,0.7257,12.784,0.004422,0.038756,0.0,0.0,0.0,0.0,0.0,0.0,0.0,0.0,0.0,0.0,0.0,0.0
COLORWHEEL_2700_EDITED_IMG_0599_0021,COLORWHEEL_2700_EDITED,train,2700,Abnormal,Abnormal,Abnormal,2,,,COLORWHEEL_2700_SEMIQUANT_EDITED.zip,1,1,0,,213.464798,0.14117,0.755253,226.401596,0.12051,0.865907,227.018402,0.114516,0.76467,245.019196,0.074391,0.689611,243.4944,0.078827,0.7257,12.784,0.004422,0.038756,0.0,0.0,0.0,0.0,0.0,0.0,0.0,0.0,0.0,0.0,0.0,0.0
COLORWHEEL_2700_EDITED_IMG_0599_0021,COLORWHEEL_2700_EDITED,train,2700,Abnormal,Abnormal,Abnormal,2,,,COLORWHEEL_2700_SEMIQUANT_EDITED.zip,1,1,0,,213.464798,0.14117,0.755253,226.401596,0.12051,0.865907,227.018402,0.114516,0.76467,245.019196,0.074391,0.689611,243.4944,0.078827,0.7257,12.784,0.004422,0.038756,0.0,0.0,0.0,0.0,0.0,0.0,0.0,0.0,0.0,0.0,0.0,0.0
COLORWHEEL_2700_EDITED_IMG_0599_0021,COLORWHEEL_2700_EDITED,train,2700,Abnormal,Abnormal,Abnormal,2,,,COLORWHEEL_2700_SEMIQUANT_EDITED.zip,1,1,0,,213.464798,0.14117,0.755253,226.401596,0.12051,0.865907,227.018402,0.114516,0.76467,245.019196,0.074391,0.689611,243.4944,0.078827,0.7257,12.784,0.004422,0.038756,0.0,0.0,0.0,0.0,0.0,0.0,0.0,0.0,0.0,0.0,0.0,0.0
COLORWHEEL_2700_EDITED_IMG_0599_0021,COLORWHEEL_2700_EDITED,train,2700,Abnormal,Abnormal,Abnormal,2,,,COLORWHEEL_2700_SEMIQUANT_EDITED.zip,1,1,0,,213.464798,0.14117,0.755253,226.401596,0.12051,0.865907,227.018402,0.114516,0.76467,245.019196,0.074391,0.689611,243.4944,0.078827,0.7257,12.784,0.004422,0.038756,0.0,0.0,0.0,0.0,0.0,0.0,0.0,0.0,0.0,0.0,0.0,0.0
COLORWHEEL_2700_EDITED_IMG_0599_0021,COLORWHEEL_2700_EDITED,train,2700,Abnormal,Abnormal,Abnormal,2,,,COLORWHEEL_2700_SEMIQUANT_EDITED.zip,1,1,0,,213.464798,0.14117,0.755253,226.401596,0.12051,0.865907,227.018402,0.114516,0.76467,245.019196,0.074391,0.689611,243.4944,0.078827,0.7257,12.784,0.004422,0.038756,0.0,0.0,0.0,0.0,0.0,0.0,0.0,0.0,0.0,0.0,0.0,0.0
COLORWHEEL_2700_EDITED_IMG_0599_0021,COLORWHEEL_2700_EDITED,train,2700,Normal,Normal,Normal,1,,,COLORWHEEL_2700_SEMIQUANT_EDITED.zip,1,1,0,,213.464798,0.14117,0.755253,226.401596,0.12051,0.865907,227.018402,0.114516,0.76467,245.019196,0.074391,0.689611,243.4944,0.078827,0.7257,12.784,0.004422,0.038756,0.0,0.0,0.0,0.0,0.0,0.0,0.0,0.0,0.0,0.0,0.0,0.0
COLORWHEEL_2700_EDITED_IMG_0599_0021,COLORWHEEL_2700_EDITED,train,2700,Abnormal,Abnormal,Abnormal,2,,,COLORWHEEL_2700_SEMIQUANT_EDITED.zip,1,1,0,,213.464798,0.14117,0.755253,226.401596,0.12051,0.865907,227.018402,0.114516,0.76467,245.019196,0.074391,0.689611,243.4944,0.078827,0.7257,12.784,0.004422,0.038756,0.0,0.0,0.0,0.0,0.0,0.0,0.0,0.0,0.0,0.0,0.0,0.0
COLORWHEEL_2700_EDITED_IMG_0600_0022,COLORWHEEL_2700_EDITED,train,2700,Abnormal,Abnormal,Abnormal,2,,,COLORWHEEL_2700_SEMIQUANT_EDITED.zip,1,1,0,,205.9048,0.139639,0.918761,146.798401,0.406606,0.771842,201.161606,0.299222,0.732737,245.315994,0.11291,0.717051,241.585602,0.113763,0.715884,14.4144,0.006284,0.041956,0.0,0.0,0.0,0.0,0.0,0.0,0.0,0.0,0.0,0.0,0.0,0.0
COLORWHEEL_2700_EDITED_IMG_0600_0022,COLORWHEEL_2700_EDITED,train,2700,Abnormal,Abnormal,Abnormal,2,,,COLORWHEEL_2700_SEMIQUANT_EDITED.zip,1,1,0,,205.9048,0.139639,0.918761,146.798401,0.406606,0.771842,201.161606,0.299222,0.732737,245.315994,0.11291,0.717051,241.585602,0.113763,0.715884,14.4144,0.006284,0.041956,0.0,0.0,0.0,0.0,0.0,0.0,0.0,0.0,0.0,0.0,0.0,0.0
COLORWHEEL_2700_EDITED_IMG_0600_0022,COLORWHEEL_2700_EDITED,train,2700,Abnormal,Abnormal,Abnormal,2,,,COLORWHEEL_2700_SEMIQUANT_EDITED.zip,1,1,0,,205.9048,0.139639,0.918761,146.798401,0.406606,0.771842,201.161606,0.299222,0.732737,245.315994,0.11291,0.717051,241.585602,0.113763,0.715884,14.4144,0.006284,0.041956,0.0,0.0,0.0,0.0,0.0,0.0,0.0,0.0,0.0,0.0,0.0,0.0
COLORWHEEL_2700_EDITED_IMG_0600_0022,COLORWHEEL_2700_EDITED,train,2700,Abnormal,Abnormal,Abnormal,2,,,COLORWHEEL_2700_SEMIQUANT_EDITED.zip,1,1,0,,205.9048,0.139639,0.918761,146.798401,0.406606,0.771842,201.161606,0.299222,0.732737,245.315994,0.11291,0.717051,241.585602,0.113763,0.715884,14.4144,0.006284,0.041956,0.0,0.0,0.0,0.0,0.0,0.0,0.0,0.0,0.0,0.0,0.0,0.0
COLORWHEEL_2700_EDITED_IMG_0600_0022,COLORWHEEL_2700_EDITED,train,2700,Abnormal,Abnormal,Abnormal,2,,,COLORWHEEL_2700_SEMIQUANT_EDITED.zip,1,1,0,,205.9048,0.139639,0.918761,146.798401,0.406606,0.771842,201.161606,0.299222,0.732737,245.315994,0.11291,0.717051,241.585602,0.113763,0.715884,14.4144,0.006284,0.041956,0.0,0.0,0.0,0.0,0.0,0.0,0.0,0.0,0.0,0.0,0.0,0.0
COLORWHEEL_2700_EDITED_IMG_0600_0022,COLORWHEEL_2700_EDITED,train,2700,Abnormal,Abnormal,Abnormal,2,,,COLORWHEEL_2700_SEMIQUANT_EDITED.zip,1,1,0,,205.9048,0.139639,0.918761,146.798401,0.406606,0.771842,201.161606,0.299222,0.732737,245.315994,0.11291,0.717051,241.585602,0.113763,0.715884,14.4144,0.006284,0.041956,0.0,0.0,0.0,0.0,0.0,0.0,0.0,0.0,0.0,0.0,0.0,0.0
COLORWHEEL_2700_EDITED_IMG_0600_0022,COLORWHEEL_2700_EDITED,train,2700,Abnormal,Abnormal,Abnormal,2,,,COLORWHEEL_2700_SEMIQUANT_EDITED.zip,1,1,0,,205.9048,0.139639,0.918761,146.798401,0.406606,0.771842,201.161606,0.299222,0.732737,245.315994,0.11291,0.717051,241.585602,0.113763,0.715884,14.4144,0.006284,0.041956,0.0,0.0,0.0,0.0,0.0,0.0,0.0,0.0,0.0,0.0,0.0,0.0
COLORWHEEL_2700_EDITED_IMG_0600_0022,COLORWHEEL_2700_EDITED,train,2700,Abnormal,Abnormal,Abnormal,2,,,COLORWHEEL_2700_SEMIQUANT_EDITED.zip,1,1,0,,205.9048,0.139639,0.918761,146.798401,0.406606,0.771842,201.161606,0.299222,0.732737,245.315994,0.11291,0.717051,241.585602,0.113763,0.715884,14.4144,0.006284,0.041956,0.0,0.0,0.0,0.0,0.0,0.0,0.0,0.0,0.0,0.0,0.0,0.0
COLORWHEEL_2700_EDITED_IMG_0600_0022,COLORWHEEL_2700_EDITED,train,2700,Abnormal,Abnormal,Abnormal,2,,,COLORWHEEL_2700_SEMIQUANT_EDITED.zip,1,1,0,,205.9048,0.139639,0.918761,146.798401,0.406606,0.771842,201.161606,0.299222,0.732737,245.315994,0.11291,0.717051,241.585602,0.113763,0.715884,14.4144,0.006284,0.041956,0.0,0.0,0.0,0.0,0.0,0.0,0.0,0.0,0.0,0.0,0.0,0.0
COLORWHEEL_2700_EDITED_IMG_0600_0022,COLORWHEEL_2700_EDITED,train,2700,Abnormal,Abnormal,Abnormal,2,,,COLORWHEEL_2700_SEMIQUANT_EDITED.zip,1,1,0,,205.9048,0.139639,0.918761,146.798401,0.406606,0.771842,201.161606,0.299222,0.732737,245.315994,0.11291,0.717051,241.585602,0.113763,0.715884,14.4144,0.006284,0.041956,0.0,0.0,0.0,0.0,0.0,0.0,0.0,0.0,0.0,0.0,0.0,0.0
COLORWHEEL_2700_EDITED_IMG_0602_0023,COLORWHEEL_2700_EDITED,train,2700,Abnormal,Abnormal,Abnormal,2,,,COLORWHEEL_2700_SEMIQUANT_EDITED.zip,1,1,0,,211.103195,0.145917,0.754792,227.414398,0.120094,0.868733,225.761597,0.108402,0.764598,241.292801,0.07592,0.697939,240.196793,0.08477,0.735369,14.7592,0.005752,0.046044,0.0,0.0,0.0,0.0,0.0,0.0,0.0,0.0,0.0,0.0,0.0,0.0
COLORWHEEL_2700_EDITED_IMG_0602_0023,COLORWHEEL_2700_EDITED,train,2700,Normal,Normal,Normal,1,,,COLORWHEEL_2700_SEMIQUANT_EDITED.zip,1,1,0,,211.103195,0.145917,0.754792,227.414398,0.120094,0.868733,225.761597,0.108402,0.764598,241.292801,0.07592,0.697939,240.196793,0.08477,0.735369,14.7592,0.005752,0.046044,0.0,0.0,0.0,0.0,0.0,0.0,0.0,0.0,0.0,0.0,0.0,0.0
COLORWHEEL_2700_EDITED_IMG_0602_0023,COLORWHEEL_2700_EDITED,train,2700,Abnormal,Abnormal,Abnormal,2,,,COLORWHEEL_2700_SEMIQUANT_EDITED.zip,1,1,0,,211.103195,0.145917,0.754792,227.414398,0.120094,0.868733,225.761597,0.108402,0.764598,241.292801,0.07592,0.697939,240.196793,0.08477,0.735369,14.7592,0.005752,0.046044,0.0,0.0,0.0,0.0,0.0,0.0,0.0,0.0,0.0,0.0,0.0,0.0
COLORWHEEL_2700_EDITED_IMG_0602_0023,COLORWHEEL_2700_EDITED,train,2700,Abnormal,Abnormal,Abnormal,2,,,COLORWHEEL_2700_SEMIQUANT_EDITED.zip,1,1,0,,211.103195,0.145917,0.754792,227.414398,0.120094,0.868733,225.761597,0.108402,0.764598,241.292801,0.07592,0.697939,240.196793,0.08477,0.735369,14.7592,0.005752,0.046044,0.0,0.0,0.0,0.0,0.0,0.0,0.0,0.0,0.0,0.0,0.0,0.0
COLORWHEEL_2700_EDITED_IMG_0602_0023,COLORWHEEL_2700_EDITED,train,2700,Normal,Normal,Normal,1,,,COLORWHEEL_2700_SEMIQUANT_EDITED.zip,1,1,0,,211.103195,0.145917,0.754792,227.414398,0.120094,0.868733,225.761597,0.108402,0.764598,241.292801,0.07592,0.697939,240.196793,0.08477,0.735369,14.7592,0.005752,0.046044,0.0,0.0,0.0,0.0,0.0,0.0,0.0,0.0,0.0,0.0,0.0,0.0
COLORWHEEL_2700_EDITED_IMG_0602_0023,COLORWHEEL_2700_EDITED,train,2700,Abnormal,Abnormal,Abnormal,2,,,COLORWHEEL_2700_SEMIQUANT_EDITED.zip,1,1,0,,211.103195,0.145917,0.754792,227.414398,0.120094,0.868733,225.761597,0.108402,0.764598,241.292801,0.07592,0.697939,240.196793,0.08477,0.735369,14.7592,0.005752,0.046044,0.0,0.0,0.0,0.0,0.0,0.0,0.0,0.0,0.0,0.0,0.0,0.0
COLORWHEEL_2700_EDITED_IMG_0602_0023,COLORWHEEL_2700_EDITED,train,2700,Abnormal,Abnormal,Abnormal,2,,,COLORWHEEL_2700_SEMIQUANT_EDITED.zip,1,1,0,,211.103195,0.145917,0.754792,227.414398,0.120094,0.868733,225.761597,0.108402,0.764598,241.292801,0.07592,0.697939,240.196793,0.08477,0.735369,14.7592,0.005752,0.046044,0.0,0.0,0.0,0.0,0.0,0.0,0.0,0.0,0.0,0.0,0.0,0.0
COLORWHEEL_2700_EDITED_IMG_0602_0023,COLORWHEEL_2700_EDITED,train,2700,Abnormal,Abnormal,Abnormal,2,,,COLORWHEEL_2700_SEMIQUANT_EDITED.zip,1,1,0,,211.103195,0.145917,0.754792,227.414398,0.120094,0.868733,225.761597,0.108402,0.764598,241.292801,0.07592,0.697939,240.196793,0.08477,0.735369,14.7592,0.005752,0.046044,0.0,0.0,0.0,0.0,0.0,0.0,0.0,0.0,0.0,0.0,0.0,0.0
COLORWHEEL_2700_EDITED_IMG_0602_0023,COLORWHEEL_2700_EDITED,train,2700,Abnormal,Abnormal,Abnormal,2,,,COLORWHEEL_2700_SEMIQUANT_EDITED.zip,1,1,0,,211.103195,0.145917,0.754792,227.414398,0.120094,0.868733,225.761597,0.108402,0.764598,241.292801,0.07592,0.697939,240.196793,0.08477,0.735369,14.7592,0.005752,0.046044,0.0,0.0,0.0,0.0,0.0,0.0,0.0,0.0,0.0,0.0,0.0,0.0
COLORWHEEL_2700_EDITED_IMG_0602_0023,COLORWHEEL_2700_EDITED,train,2700,Abnormal,Abnormal,Abnormal,2,,,COLORWHEEL_2700_SEMIQUANT_EDITED.zip,1,1,0,,211.103195,0.145917,0.754792,227.414398,0.120094,0.868733,225.761597,0.108402,0.764598,241.292801,0.07592,0.697939,240.196793,0.08477,0.735369,14.7592,0.005752,0.046044,0.0,0.0,0.0,0.0,0.0,0.0,0.0,0.0,0.0,0.0,0.0,0.0
COLORWHEEL_2700_EDITED_IMG_0603_0024,COLORWHEEL_2700_EDITED,train,2700,Abnormal,Abnormal,Abnormal,2,,,COLORWHEEL_2700_SEMIQUANT_EDITED.zip,1,1,0,,201.224792,0.162003,0.893807,146.065598,0.395354,0.749572,204.751999,0.288386,0.710555,233.303207,0.107511,0.776725,233.210403,0.107368,0.775875,17.975201,0.008121,0.05907,0.0,0.0,0.0,0.0,0.0,0.0,0.0,0.0,0.0,0.0,0.0,0.0
COLORWHEEL_2700_EDITED_IMG_0603_0024,COLORWHEEL_2700_EDITED,train,2700,Abnormal,Abnormal,Abnormal,2,,,COLORWHEEL_2700_SEMIQUANT_EDITED.zip,1,1,0,,201.224792,0.162003,0.893807,146.065598,0.395354,0.749572,204.751999,0.288386,0.710555,233.303207,0.107511,0.776725,233.210403,0.107368,0.775875,17.975201,0.008121,0.05907,0.0,0.0,0.0,0.0,0.0,0.0,0.0,0.0,0.0,0.0,0.0,0.0
COLORWHEEL_2700_EDITED_IMG_0603_0024,COLORWHEEL_2700_EDITED,train,2700,Abnormal,Abnormal,Abnormal,2,,,COLORWHEEL_2700_SEMIQUANT_EDITED.zip,1,1,0,,201.224792,0.162003,0.893807,146.065598,0.395354,0.749572,204.751999,0.288386,0.710555,233.303207,0.107511,0.776725,233.210403,0.107368,0.775875,17.975201,0.008121,0.05907,0.0,0.0,0.0,0.0,0.0,0.0,0.0,0.0,0.0,0.0,0.0,0.0
COLORWHEEL_2700_EDITED_IMG_0603_0024,COLORWHEEL_2700_EDITED,train,2700,Abnormal,Abnormal,Abnormal,2,,,COLORWHEEL_2700_SEMIQUANT_EDITED.zip,1,1,0,,201.224792,0.162003,0.893807,146.065598,0.395354,0.749572,204.751999,0.288386,0.710555,233.303207,0.107511,0.776725,233.210403,0.107368,0.775875,17.975201,0.008121,0.05907,0.0,0.0,0.0,0.0,0.0,0.0,0.0,0.0,0.0,0.0,0.0,0.0
COLORWHEEL_2700_EDITED_IMG_0603_0024,COLORWHEEL_2700_EDITED,train,2700,Abnormal,Abnormal,Abnormal,2,,,COLORWHEEL_2700_SEMIQUANT_EDITED.zip,1,1,0,,201.224792,0.162003,0.893807,146.065598,0.395354,0.749572,204.751999,0.288386,0.710555,233.303207,0.107511,0.776725,233.210403,0.107368,0.775875,17.975201,0.008121,0.05907,0.0,0.0,0.0,0.0,0.0,0.0,0.0,0.0,0.0,0.0,0.0,0.0
COLORWHEEL_2700_EDITED_IMG_0603_0024,COLORWHEEL_2700_EDITED,train,2700,Abnormal,Abnormal,Abnormal,2,,,COLORWHEEL_2700_SEMIQUANT_EDITED.zip,1,1,0,,201.224792,0.162003,0.893807,146.065598,0.395354,0.749572,204.751999,0.288386,0.710555,233.303207,0.107511,0.776725,233.210403,0.107368,0.775875,17.975201,0.008121,0.05907,0.0,0.0,0.0,0.0,0.0,0.0,0.0,0.0,0.0,0.0,0.0,0.0
COLORWHEEL_2700_EDITED_IMG_0603_0024,COLORWHEEL_2700_EDITED,train,2700,Abnormal,Abnormal,Abnormal,2,,,COLORWHEEL_2700_SEMIQUANT_EDITED.zip,1,1,0,,201.224792,0.162003,0.893807,146.065598,0.395354,0.749572,204.751999,0.288386,0.710555,233.303207,0.107511,0.776725,233.210403,0.107368,0.775875,17.975201,0.008121,0.05907,0.0,0.0,0.0,0.0,0.0,0.0,0.0,0.0,0.0,0.0,0.0,0.0
COLORWHEEL_2700_EDITED_IMG_0603_0024,COLORWHEEL_2700_EDITED,train,2700,Abnormal,Abnormal,Abnormal,2,,,COLORWHEEL_2700_SEMIQUANT_EDITED.zip,1,1,0,,201.224792,0.162003,0.893807,146.065598,0.395354,0.749572,204.751999,0.288386,0.710555,233.303207,0.107511,0.776725,233.210403,0.107368,0.775875,17.975201,0.008121,0.05907,0.0,0.0,0.0,0.0,0.0,0.0,0.0,0.0,0.0,0.0,0.0,0.0
COLORWHEEL_2700_EDITED_IMG_0603_0024,COLORWHEEL_2700_EDITED,train,2700,Abnormal,Abnormal,Abnormal,2,,,COLORWHEEL_2700_SEMIQUANT_EDITED.zip,1,1,0,,201.224792,0.162003,0.893807,146.065598,0.395354,0.749572,204.751999,0.288386,0.710555,233.303207,0.107511,0.776725,233.210403,0.107368,0.775875,17.975201,0.008121,0.05907,0.0,0.0,0.0,0.0,0.0,0.0,0.0,0.0,0.0,0.0,0.0,0.0
COLORWHEEL_2700_EDITED_IMG_0603_0024,COLORWHEEL_2700_EDITED,train,2700,Abnormal,Abnormal,Abnormal,2,,,COLORWHEEL_2700_SEMIQUANT_EDITED.zip,1,1,0,,201.224792,0.162003,0.893807,146.065598,0.395354,0.749572,204.751999,0.288386,0.710555,233.303207,0.107511,0.776725,233.210403,0.107368,0.775875,17.975201,0.008121,0.05907,0.0,0.0,0.0,0.0,0.0,0.0,0.0,0.0,0.0,0.0,0.0,0.0
COLORWHEEL_2700_EDITED_IMG_0606_0025,COLORWHEEL_2700_EDITED,train,2700,Abnormal,Abnormal,Abnormal,2,,,COLORWHEEL_2700_SEMIQUANT_EDITED.zip,1,1,0,,217.121597,0.181293,0.908003,197.9048,0.237565,0.807496,204.576797,0.192221,0.735598,237.113602,0.089016,0.731056,215.007202,0.093079,0.693752,0.0,0.0,0.0,0.0,0.0,0.0,0.0,0.0,0.0,0.0,0.0,0.0,0.0,0.0,0.0
COLORWHEEL_2700_EDITED_IMG_0606_0025,COLORWHEEL_2700_EDITED,train,2700,Normal,Normal,Normal,1,,,COLORWHEEL_2700_SEMIQUANT_EDITED.zip,1,1,0,,217.121597,0.181293,0.908003,197.9048,0.237565,0.807496,204.576797,0.192221,0.735598,237.113602,0.089016,0.731056,215.007202,0.093079,0.693752,0.0,0.0,0.0,0.0,0.0,0.0,0.0,0.0,0.0,0.0,0.0,0.0,0.0,0.0,0.0
COLORWHEEL_2700_EDITED_IMG_0606_0025,COLORWHEEL_2700_EDITED,train,2700,Abnormal,Abnormal,Abnormal,2,,,COLORWHEEL_2700_SEMIQUANT_EDITED.zip,1,1,0,,217.121597,0.181293,0.908003,197.9048,0.237565,0.807496,204.576797,0.192221,0.735598,237.113602,0.089016,0.731056,215.007202,0.093079,0.693752,0.0,0.0,0.0,0.0,0.0,0.0,0.0,0.0,0.0,0.0,0.0,0.0,0.0,0.0,0.0
COLORWHEEL_2700_EDITED_IMG_0606_0025,COLORWHEEL_2700_EDITED,train,2700,Normal,Normal,Normal,1,,,COLORWHEEL_2700_SEMIQUANT_EDITED.zip,1,1,0,,217.121597,0.181293,0.908003,197.9048,0.237565,0.807496,204.576797,0.192221,0.735598,237.113602,0.089016,0.731056,215.007202,0.093079,0.693752,0.0,0.0,0.0,0.0,0.0,0.0,0.0,0.0,0.0,0.0,0.0,0.0,0.0,0.0,0.0
COLORWHEEL_2700_EDITED_IMG_0606_0025,COLORWHEEL_2700_EDITED,train,2700,Abnormal,Abnormal,Abnormal,2,,,COLORWHEEL_2700_SEMIQUANT_EDITED.zip,1,1,0,,217.121597,0.181293,0.908003,197.9048,0.237565,0.807496,204.576797,0.192221,0.735598,237.113602,0.089016,0.731056,215.007202,0.093079,0.693752,0.0,0.0,0.0,0.0,0.0,0.0,0.0,0.0,0.0,0.0,0.0,0.0,0.0,0.0,0.0
COLORWHEEL_2700_EDITED_IMG_0606_0025,COLORWHEEL_2700_EDITED,train,2700,Normal,Normal,Normal,1,,,COLORWHEEL_2700_SEMIQUANT_EDITED.zip,1,1,0,,217.121597,0.181293,0.908003,197.9048,0.237565,0.807496,204.576797,0.192221,0.735598,237.113602,0.089016,0.731056,215.007202,0.093079,0.693752,0.0,0.0,0.0,0.0,0.0,0.0,0.0,0.0,0.0,0.0,0.0,0.0,0.0,0.0,0.0
COLORWHEEL_2700_EDITED_IMG_0606_0025,COLORWHEEL_2700_EDITED,train,2700,Normal,Normal,Normal,1,,,COLORWHEEL_2700_SEMIQUANT_EDITED.zip,1,1,0,,217.121597,0.181293,0.908003,197.9048,0.237565,0.807496,204.576797,0.192221,0.735598,237.113602,0.089016,0.731056,215.007202,0.093079,0.693752,0.0,0.0,0.0,0.0,0.0,0.0,0.0,0.0,0.0,0.0,0.0,0.0,0.0,0.0,0.0
COLORWHEEL_2700_EDITED_IMG_0606_0025,COLORWHEEL_2700_EDITED,train,2700,Normal,Normal,Normal,1,,,COLORWHEEL_2700_SEMIQUANT_EDITED.zip,1,1,0,,217.121597,0.181293,0.908003,197.9048,0.237565,0.807496,204.576797,0.192221,0.735598,237.113602,0.089016,0.731056,215.007202,0.093079,0.693752,0.0,0.0,0.0,0.0,0.0,0.0,0.0,0.0,0.0,0.0,0.0,0.0,0.0,0.0,0.0
COLORWHEEL_2700_EDITED_IMG_0606_0025,COLORWHEEL_2700_EDITED,train,2700,Normal,Normal,Normal,1,,,COLORWHEEL_2700_SEMIQUANT_EDITED.zip,1,1,0,,217.121597,0.181293,0.908003,197.9048,0.237565,0.807496,204.576797,0.192221,0.735598,237.113602,0.089016,0.731056,215.007202,0.093079,0.693752,0.0,0.0,0.0,0.0,0.0,0.0,0.0,0.0,0.0,0.0,0.0,0.0,0.0,0.0,0.0
COLORWHEEL_2700_EDITED_IMG_0606_0025,COLORWHEEL_2700_EDITED,train,2700,Normal,Normal,Normal,1,,,COLORWHEEL_2700_SEMIQUANT_EDITED.zip,1,1,0,,217.121597,0.181293,0.908003,197.9048,0.237565,0.807496,204.576797,0.192221,0.735598,237.113602,0.089016,0.731056,215.007202,0.093079,0.693752,0.0,0.0,0.0,0.0,0.0,0.0,0.0,0.0,0.0,0.0,0.0,0.0,0.0,0.0,0.0
COLORWHEEL_2700_EDITED_IMG_0609_0026,COLORWHEEL_2700_EDITED,train,2700,Normal,Normal,Normal,1,,,COLORWHEEL_2700_SEMIQUANT_EDITED.zip,1,1,0,,204.389603,0.153672,0.914282,147.460007,0.421023,0.766403,198.821594,0.310781,0.726224,240.958405,0.133492,0.726033,240.638397,0.132787,0.732907,18.1656,0.009769,0.055652,0.0,0.0,0.0,0.0,0.0,0.0,0.0,0.0,0.0,0.0,0.0,0.0
COLORWHEEL_2700_EDITED_IMG_0609_0026,COLORWHEEL_2700_EDITED,train,2700,Abnormal,Abnormal,Abnormal,2,,,COLORWHEEL_2700_SEMIQUANT_EDITED.zip,1,1,0,,204.389603,0.153672,0.914282,147.460007,0.421023,0.766403,198.821594,0.310781,0.726224,240.958405,0.133492,0.726033,240.638397,0.132787,0.732907,18.1656,0.009769,0.055652,0.0,0.0,0.0,0.0,0.0,0.0,0.0,0.0,0.0,0.0,0.0,0.0
COLORWHEEL_2700_EDITED_IMG_0609_0026,COLORWHEEL_2700_EDITED,train,2700,Normal,Normal,Normal,1,,,COLORWHEEL_2700_SEMIQUANT_EDITED.zip,1,1,0,,204.389603,0.153672,0.914282,147.460007,0.421023,0.766403,198.821594,0.310781,0.726224,240.958405,0.133492,0.726033,240.638397,0.132787,0.732907,18.1656,0.009769,0.055652,0.0,0.0,0.0,0.0,0.0,0.0,0.0,0.0,0.0,0.0,0.0,0.0
COLORWHEEL_2700_EDITED_IMG_0609_0026,COLORWHEEL_2700_EDITED,train,2700,Abnormal,Abnormal,Abnormal,2,,,COLORWHEEL_2700_SEMIQUANT_EDITED.zip,1,1,0,,204.389603,0.153672,0.914282,147.460007,0.421023,0.766403,198.821594,0.310781,0.726224,240.958405,0.133492,0.726033,240.638397,0.132787,0.732907,18.1656,0.009769,0.055652,0.0,0.0,0.0,0.0,0.0,0.0,0.0,0.0,0.0,0.0,0.0,0.0
COLORWHEEL_2700_EDITED_IMG_0609_0026,COLORWHEEL_2700_EDITED,train,2700,Abnormal,Abnormal,Abnormal,2,,,COLORWHEEL_2700_SEMIQUANT_EDITED.zip,1,1,0,,204.389603,0.153672,0.914282,147.460007,0.421023,0.766403,198.821594,0.310781,0.726224,240.958405,0.133492,0.726033,240.638397,0.132787,0.732907,18.1656,0.009769,0.055652,0.0,0.0,0.0,0.0,0.0,0.0,0.0,0.0,0.0,0.0,0.0,0.0
COLORWHEEL_2700_EDITED_IMG_0609_0026,COLORWHEEL_2700_EDITED,train,2700,Abnormal,Abnormal,Abnormal,2,,,COLORWHEEL_2700_SEMIQUANT_EDITED.zip,1,1,0,,204.389603,0.153672,0.914282,147.460007,0.421023,0.766403,198.821594,0.310781,0.726224,240.958405,0.133492,0.726033,240.638397,0.132787,0.732907,18.1656,0.009769,0.055652,0.0,0.0,0.0,0.0,0.0,0.0,0.0,0.0,0.0,0.0,0.0,0.0
COLORWHEEL_2700_EDITED_IMG_0609_0026,COLORWHEEL_2700_EDITED,train,2700,Abnormal,Abnormal,Abnormal,2,,,COLORWHEEL_2700_SEMIQUANT_EDITED.zip,1,1,0,,204.389603,0.153672,0.914282,147.460007,0.421023,0.766403,198.821594,0.310781,0.726224,240.958405,0.133492,0.726033,240.638397,0.132787,0.732907,18.1656,0.009769,0.055652,0.0,0.0,0.0,0.0,0.0,0.0,0.0,0.0,0.0,0.0,0.0,0.0
COLORWHEEL_2700_EDITED_IMG_0609_0026,COLORWHEEL_2700_EDITED,train,2700,Abnormal,Abnormal,Abnormal,2,,,COLORWHEEL_2700_SEMIQUANT_EDITED.zip,1,1,0,,204.389603,0.153672,0.914282,147.460007,0.421023,0.766403,198.821594,0.310781,0.726224,240.958405,0.133492,0.726033,240.638397,0.132787,0.732907,18.1656,0.009769,0.055652,0.0,0.0,0.0,0.0,0.0,0.0,0.0,0.0,0.0,0.0,0.0,0.0
COLORWHEEL_2700_EDITED_IMG_0609_0026,COLORWHEEL_2700_EDITED,train,2700,Abnormal,Abnormal,Abnormal,2,,,COLORWHEEL_2700_SEMIQUANT_EDITED.zip,1,1,0,,204.389603,0.153672,0.914282,147.460007,0.421023,0.766403,198.821594,0.310781,0.726224,240.958405,0.133492,0.726033,240.638397,0.132787,0.732907,18.1656,0.009769,0.055652,0.0,0.0,0.0,0.0,0.0,0.0,0.0,0.0,0.0,0.0,0.0,0.0
COLORWHEEL_2700_EDITED_IMG_0609_0026,COLORWHEEL_2700_EDITED,train,2700,Abnormal,Abnormal,Abnormal,2,,,COLORWHEEL_2700_SEMIQUANT_EDITED.zip,1,1,0,,204.389603,0.153672,0.914282,147.460007,0.421023,0.766403,198.821594,0.310781,0.726224,240.958405,0.133492,0.726033,240.638397,0.132787,0.732907,18.1656,0.009769,0.055652,0.0,0.0,0.0,0.0,0.0,0.0,0.0,0.0,0.0,0.0,0.0,0.0
COLORWHEEL_2700_EDITED_IMG_0614_0027,COLORWHEEL_2700_EDITED,train,2700,Abnormal,Abnormal,Abnormal,2,,,COLORWHEEL_2700_SEMIQUANT_EDITED.zip,1,1,0,,203.447205,0.173315,0.896467,197.558395,0.224913,0.785453,211.384003,0.212072,0.743286,268.32959,0.097344,0.555393,254.406403,0.096579,0.549503,6.3512,0.002562,0.014091,0.0,0.0,0.0,0.0,0.0,0.0,0.0,0.0,0.0,0.0,0.0,0.0
COLORWHEEL_2700_EDITED_IMG_0614_0027,COLORWHEEL_2700_EDITED,train,2700,Normal,Normal,Normal,1,,,COLORWHEEL_2700_SEMIQUANT_EDITED.zip,1,1,0,,203.447205,0.173315,0.896467,197.558395,0.224913,0.785453,211.384003,0.212072,0.743286,268.32959,0.097344,0.555393,254.406403,0.096579,0.549503,6.3512,0.002562,0.014091,0.0,0.0,0.0,0.0,0.0,0.0,0.0,0.0,0.0,0.0,0.0,0.0
COLORWHEEL_2700_EDITED_IMG_0614_0027,COLORWHEEL_2700_EDITED,train,2700,Abnormal,Abnormal,Abnormal,2,,,COLORWHEEL_2700_SEMIQUANT_EDITED.zip,1,1,0,,203.447205,0.173315,0.896467,197.558395,0.224913,0.785453,211.384003,0.212072,0.743286,268.32959,0.097344,0.555393,254.406403,0.096579,0.549503,6.3512,0.002562,0.014091,0.0,0.0,0.0,0.0,0.0,0.0,0.0,0.0,0.0,0.0,0.0,0.0
COLORWHEEL_2700_EDITED_IMG_0614_0027,COLORWHEEL_2700_EDITED,train,2700,Abnormal,Abnormal,Abnormal,2,,,COLORWHEEL_2700_SEMIQUANT_EDITED.zip,1,1,0,,203.447205,0.173315,0.896467,197.558395,0.224913,0.785453,211.384003,0.212072,0.743286,268.32959,0.097344,0.555393,254.406403,0.096579,0.549503,6.3512,0.002562,0.014091,0.0,0.0,0.0,0.0,0.0,0.0,0.0,0.0,0.0,0.0,0.0,0.0
COLORWHEEL_2700_EDITED_IMG_0614_0027,COLORWHEEL_2700_EDITED,train,2700,Abnormal,Abnormal,Abnormal,2,,,COLORWHEEL_2700_SEMIQUANT_EDITED.zip,1,1,0,,203.447205,0.173315,0.896467,197.558395,0.224913,0.785453,211.384003,0.212072,0.743286,268.32959,0.097344,0.555393,254.406403,0.096579,0.549503,6.3512,0.002562,0.014091,0.0,0.0,0.0,0.0,0.0,0.0,0.0,0.0,0.0,0.0,0.0,0.0
COLORWHEEL_2700_EDITED_IMG_0614_0027,COLORWHEEL_2700_EDITED,train,2700,Abnormal,Abnormal,Abnormal,2,,,COLORWHEEL_2700_SEMIQUANT_EDITED.zip,1,1,0,,203.447205,0.173315,0.896467,197.558395,0.224913,0.785453,211.384003,0.212072,0.743286,268.32959,0.097344,0.555393,254.406403,0.096579,0.549503,6.3512,0.002562,0.014091,0.0,0.0,0.0,0.0,0.0,0.0,0.0,0.0,0.0,0.0,0.0,0.0
COLORWHEEL_2700_EDITED_IMG_0614_0027,COLORWHEEL_2700_EDITED,train,2700,Abnormal,Abnormal,Abnormal,2,,,COLORWHEEL_2700_SEMIQUANT_EDITED.zip,1,1,0,,203.447205,0.173315,0.896467,197.558395,0.224913,0.785453,211.384003,0.212072,0.743286,268.32959,0.097344,0.555393,254.406403,0.096579,0.549503,6.3512,0.002562,0.014091,0.0,0.0,0.0,0.0,0.0,0.0,0.0,0.0,0.0,0.0,0.0,0.0
COLORWHEEL_2700_EDITED_IMG_0614_0027,COLORWHEEL_2700_EDITED,train,2700,Abnormal,Abnormal,Abnormal,2,,,COLORWHEEL_2700_SEMIQUANT_EDITED.zip,1,1,0,,203.447205,0.173315,0.896467,197.558395,0.224913,0.785453,211.384003,0.212072,0.743286,268.32959,0.097344,0.555393,254.406403,0.096579,0.549503,6.3512,0.002562,0.014091,0.0,0.0,0.0,0.0,0.0,0.0,0.0,0.0,0.0,0.0,0.0,0.0
COLORWHEEL_2700_EDITED_IMG_0614_0027,COLORWHEEL_2700_EDITED,train,2700,Abnormal,Abnormal,Abnormal,2,,,COLORWHEEL_2700_SEMIQUANT_EDITED.zip,1,1,0,,203.447205,0.173315,0.896467,197.558395,0.224913,0.785453,211.384003,0.212072,0.743286,268.32959,0.097344,0.555393,254.406403,0.096579,0.549503,6.3512,0.002562,0.014091,0.0,0.0,0.0,0.0,0.0,0.0,0.0,0.0,0.0,0.0,0.0,0.0
COLORWHEEL_2700_EDITED_IMG_0614_0027,COLORWHEEL_2700_EDITED,train,2700,Abnormal,Abnormal,Abnormal,2,,,COLORWHEEL_2700_SEMIQUANT_EDITED.zip,1,1,0,,203.447205,0.173315,0.896467,197.558395,0.224913,0.785453,211.384003,0.212072,0.743286,268.32959,0.097344,0.555393,254.406403,0.096579,0.549503,6.3512,0.002562,0.014091,0.0,0.0,0.0,0.0,0.0,0.0,0.0,0.0,0.0,0.0,0.0,0.0
COLORWHEEL_2700_EDITED_IMG_0617_0028,COLORWHEEL_2700_EDITED,train,2700,Abnormal,Abnormal,Abnormal,2,,,COLORWHEEL_2700_SEMIQUANT_EDITED.zip,1,1,0,,193.452805,0.135405,0.917757,145.757599,0.442375,0.769864,198.576004,0.300718,0.721369,237.695206,0.101879,0.789997,237.752808,0.101479,0.78883,0.0,0.0,0.0,0.0,0.0,0.0,0.0,0.0,0.0,0.0,0.0,0.0,0.0,0.0,0.0
COLORWHEEL_2700_EDITED_IMG_0617_0028,COLORWHEEL_2700_EDITED,train,2700,Abnormal,Abnormal,Abnormal,2,,,COLORWHEEL_2700_SEMIQUANT_EDITED.zip,1,1,0,,193.452805,0.135405,0.917757,145.757599,0.442375,0.769864,198.576004,0.300718,0.721369,237.695206,0.101879,0.789997,237.752808,0.101479,0.78883,0.0,0.0,0.0,0.0,0.0,0.0,0.0,0.0,0.0,0.0,0.0,0.0,0.0,0.0,0.0
COLORWHEEL_2700_EDITED_IMG_0617_0028,COLORWHEEL_2700_EDITED,train,2700,Abnormal,Abnormal,Abnormal,2,,,COLORWHEEL_2700_SEMIQUANT_EDITED.zip,1,1,0,,193.452805,0.135405,0.917757,145.757599,0.442375,0.769864,198.576004,0.300718,0.721369,237.695206,0.101879,0.789997,237.752808,0.101479,0.78883,0.0,0.0,0.0,0.0,0.0,0.0,0.0,0.0,0.0,0.0,0.0,0.0,0.0,0.0,0.0
COLORWHEEL_2700_EDITED_IMG_0617_0028,COLORWHEEL_2700_EDITED,train,2700,Abnormal,Abnormal,Abnormal,2,,,COLORWHEEL_2700_SEMIQUANT_EDITED.zip,1,1,0,,193.452805,0.135405,0.917757,145.757599,0.442375,0.769864,198.576004,0.300718,0.721369,237.695206,0.101879,0.789997,237.752808,0.101479,0.78883,0.0,0.0,0.0,0.0,0.0,0.0,0.0,0.0,0.0,0.0,0.0,0.0,0.0,0.0,0.0
COLORWHEEL_2700_EDITED_IMG_0617_0028,COLORWHEEL_2700_EDITED,train,2700,Abnormal,Abnormal,Abnormal,2,,,COLORWHEEL_2700_SEMIQUANT_EDITED.zip,1,1,0,,193.452805,0.135405,0.917757,145.757599,0.442375,0.769864,198.576004,0.300718,0.721369,237.695206,0.101879,0.789997,237.752808,0.101479,0.78883,0.0,0.0,0.0,0.0,0.0,0.0,0.0,0.0,0.0,0.0,0.0,0.0,0.0,0.0,0.0
COLORWHEEL_2700_EDITED_IMG_0617_0028,COLORWHEEL_2700_EDITED,train,2700,Abnormal,Abnormal,Abnormal,2,,,COLORWHEEL_2700_SEMIQUANT_EDITED.zip,1,1,0,,193.452805,0.135405,0.917757,145.757599,0.442375,0.769864,198.576004,0.300718,0.721369,237.695206,0.101879,0.789997,237.752808,0.101479,0.78883,0.0,0.0,0.0,0.0,0.0,0.0,0.0,0.0,0.0,0.0,0.0,0.0,0.0,0.0,0.0
COLORWHEEL_2700_EDITED_IMG_0617_0028,COLORWHEEL_2700_EDITED,train,2700,Abnormal,Abnormal,Abnormal,2,,,COLORWHEEL_2700_SEMIQUANT_EDITED.zip,1,1,0,,193.452805,0.135405,0.917757,145.757599,0.442375,0.769864,198.576004,0.300718,0.721369,237.695206,0.101879,0.789997,237.752808,0.101479,0.78883,0.0,0.0,0.0,0.0,0.0,0.0,0.0,0.0,0.0,0.0,0.0,0.0,0.0,0.0,0.0
COLORWHEEL_2700_EDITED_IMG_0617_0028,COLORWHEEL_2700_EDITED,train,2700,Abnormal,Abnormal,Abnormal,2,,,COLORWHEEL_2700_SEMIQUANT_EDITED.zip,1,1,0,,193.452805,0.135405,0.917757,145.757599,0.442375,0.769864,198.576004,0.300718,0.721369,237.695206,0.101879,0.789997,237.752808,0.101479,0.78883,0.0,0.0,0.0,0.0,0.0,0.0,0.0,0.0,0.0,0.0,0.0,0.0,0.0,0.0,0.0
COLORWHEEL_2700_EDITED_IMG_0617_0028,COLORWHEEL_2700_EDITED,train,2700,Abnormal,Abnormal,Abnormal,2,,,COLORWHEEL_2700_SEMIQUANT_EDITED.zip,1,1,0,,193.452805,0.135405,0.917757,145.757599,0.442375,0.769864,198.576004,0.300718,0.721369,237.695206,0.101879,0.789997,237.752808,0.101479,0.78883,0.0,0.0,0.0,0.0,0.0,0.0,0.0,0.0,0.0,0.0,0.0,0.0,0.0,0.0,0.0
COLORWHEEL_2700_EDITED_IMG_0617_0028,COLORWHEEL_2700_EDITED,train,2700,Abnormal,Abnormal,Abnormal,2,,,COLORWHEEL_2700_SEMIQUANT_EDITED.zip,1,1,0,,193.452805,0.135405,0.917757,145.757599,0.442375,0.769864,198.576004,0.300718,0.721369,237.695206,0.101879,0.789997,237.752808,0.101479,0.78883,0.0,0.0,0.0,0.0,0.0,0.0,0.0,0.0,0.0,0.0,0.0,0.0,0.0,0.0,0.0
COLORWHEEL_2700_EDITED_IMG_0620_0029,COLORWHEEL_2700_EDITED,train,2700,Abnormal,Abnormal,Abnormal,2,,,COLORWHEEL_2700_SEMIQUANT_EDITED.zip,1,1,0,,204.659195,0.130264,0.933244,148.068802,0.436469,0.772602,199.124802,0.320761,0.738643,235.9048,0.132863,0.79634,236.207993,0.133187,0.795846,3.4104,0.001922,0.011217,0.0,0.0,0.0,0.0,0.0,0.0,0.0,0.0,0.0,0.0,0.0,0.0
COLORWHEEL_2700_EDITED_IMG_0620_0029,COLORWHEEL_2700_EDITED,train,2700,Normal,Normal,Normal,1,,,COLORWHEEL_2700_SEMIQUANT_EDITED.zip,1,1,0,,204.659195,0.130264,0.933244,148.068802,0.436469,0.772602,199.124802,0.320761,0.738643,235.9048,0.132863,0.79634,236.207993,0.133187,0.795846,3.4104,0.001922,0.011217,0.0,0.0,0.0,0.0,0.0,0.0,0.0,0.0,0.0,0.0,0.0,0.0
COLORWHEEL_2700_EDITED_IMG_0620_0029,COLORWHEEL_2700_EDITED,train,2700,Abnormal,Abnormal,Abnormal,2,,,COLORWHEEL_2700_SEMIQUANT_EDITED.zip,1,1,0,,204.659195,0.130264,0.933244,148.068802,0.436469,0.772602,199.124802,0.320761,0.738643,235.9048,0.132863,0.79634,236.207993,0.133187,0.795846,3.4104,0.001922,0.011217,0.0,0.0,0.0,0.0,0.0,0.0,0.0,0.0,0.0,0.0,0.0,0.0
COLORWHEEL_2700_EDITED_IMG_0620_0029,COLORWHEEL_2700_EDITED,train,2700,Abnormal,Abnormal,Abnormal,2,,,COLORWHEEL_2700_SEMIQUANT_EDITED.zip,1,1,0,,204.659195,0.130264,0.933244,148.068802,0.436469,0.772602,199.124802,0.320761,0.738643,235.9048,0.132863,0.79634,236.207993,0.133187,0.795846,3.4104,0.001922,0.011217,0.0,0.0,0.0,0.0,0.0,0.0,0.0,0.0,0.0,0.0,0.0,0.0
COLORWHEEL_2700_EDITED_IMG_0620_0029,COLORWHEEL_2700_EDITED,train,2700,Abnormal,Abnormal,Abnormal,2,,,COLORWHEEL_2700_SEMIQUANT_EDITED.zip,1,1,0,,204.659195,0.130264,0.933244,148.068802,0.436469,0.772602,199.124802,0.320761,0.738643,235.9048,0.132863,0.79634,236.207993,0.133187,0.795846,3.4104,0.001922,0.011217,0.0,0.0,0.0,0.0,0.0,0.0,0.0,0.0,0.0,0.0,0.0,0.0
COLORWHEEL_2700_EDITED_IMG_0620_0029,COLORWHEEL_2700_EDITED,train,2700,Abnormal,Abnormal,Abnormal,2,,,COLORWHEEL_2700_SEMIQUANT_EDITED.zip,1,1,0,,204.659195,0.130264,0.933244,148.068802,0.436469,0.772602,199.124802,0.320761,0.738643,235.9048,0.132863,0.79634,236.207993,0.133187,0.795846,3.4104,0.001922,0.011217,0.0,0.0,0.0,0.0,0.0,0.0,0.0,0.0,0.0,0.0,0.0,0.0
COLORWHEEL_2700_EDITED_IMG_0620_0029,COLORWHEEL_2700_EDITED,train,2700,Abnormal,Abnormal,Abnormal,2,,,COLORWHEEL_2700_SEMIQUANT_EDITED.zip,1,1,0,,204.659195,0.130264,0.933244,148.068802,0.436469,0.772602,199.124802,0.320761,0.738643,235.9048,0.132863,0.79634,236.207993,0.133187,0.795846,3.4104,0.001922,0.011217,0.0,0.0,0.0,0.0,0.0,0.0,0.0,0.0,0.0,0.0,0.0,0.0
COLORWHEEL_2700_EDITED_IMG_0620_0029,COLORWHEEL_2700_EDITED,train,2700,Abnormal,Abnormal,Abnormal,2,,,COLORWHEEL_2700_SEMIQUANT_EDITED.zip,1,1,0,,204.659195,0.130264,0.933244,148.068802,0.436469,0.772602,199.124802,0.320761,0.738643,235.9048,0.132863,0.79634,236.207993,0.133187,0.795846,3.4104,0.001922,0.011217,0.0,0.0,0.0,0.0,0.0,0.0,0.0,0.0,0.0,0.0,0.0,0.0
COLORWHEEL_2700_EDITED_IMG_0620_0029,COLORWHEEL_2700_EDITED,train,2700,Normal,Normal,Normal,1,,,COLORWHEEL_2700_SEMIQUANT_EDITED.zip,1,1,0,,204.659195,0.130264,0.933244,148.068802,0.436469,0.772602,199.124802,0.320761,0.738643,235.9048,0.132863,0.79634,236.207993,0.133187,0.795846,3.4104,0.001922,0.011217,0.0,0.0,0.0,0.0,0.0,0.0,0.0,0.0,0.0,0.0,0.0,0.0
COLORWHEEL_2700_EDITED_IMG_0620_0029,COLORWHEEL_2700_EDITED,train,2700,Abnormal,Abnormal,Abnormal,2,,,COLORWHEEL_2700_SEMIQUANT_EDITED.zip,1,1,0,,204.659195,0.130264,0.933244,148.068802,0.436469,0.772602,199.124802,0.320761,0.738643,235.9048,0.132863,0.79634,236.207993,0.133187,0.795846,3.4104,0.001922,0.011217,0.0,0.0,0.0,0.0,0.0,0.0,0.0,0.0,0.0,0.0,0.0,0.0
COLORWHEEL_2700_EDITED_IMG_0623_0030,COLORWHEEL_2700_EDITED,train,2700,Abnormal,Abnormal,Abnormal,2,,,COLORWHEEL_2700_SEMIQUANT_EDITED.zip,1,1,0,,210.159195,0.180841,0.874458,213.012802,0.246006,0.783085,219.860794,0.158345,0.737509,243.724792,0.080855,0.730044,226.883194,0.080907,0.679751,0.0,0.0,0.0,0.0,0.0,0.0,0.0,0.0,0.0,0.0,0.0,0.0,0.0,0.0,0.0
COLORWHEEL_2700_EDITED_IMG_0623_0030,COLORWHEEL_2700_EDITED,train,2700,Abnormal,Abnormal,Abnormal,2,,,COLORWHEEL_2700_SEMIQUANT_EDITED.zip,1,1,0,,210.159195,0.180841,0.874458,213.012802,0.246006,0.783085,219.860794,0.158345,0.737509,243.724792,0.080855,0.730044,226.883194,0.080907,0.679751,0.0,0.0,0.0,0.0,0.0,0.0,0.0,0.0,0.0,0.0,0.0,0.0,0.0,0.0,0.0
COLORWHEEL_2700_EDITED_IMG_0623_0030,COLORWHEEL_2700_EDITED,train,2700,Abnormal,Abnormal,Abnormal,2,,,COLORWHEEL_2700_SEMIQUANT_EDITED.zip,1,1,0,,210.159195,0.180841,0.874458,213.012802,0.246006,0.783085,219.860794,0.158345,0.737509,243.724792,0.080855,0.730044,226.883194,0.080907,0.679751,0.0,0.0,0.0,0.0,0.0,0.0,0.0,0.0,0.0,0.0,0.0,0.0,0.0,0.0,0.0
COLORWHEEL_2700_EDITED_IMG_0623_0030,COLORWHEEL_2700_EDITED,train,2700,Abnormal,Abnormal,Abnormal,2,,,COLORWHEEL_2700_SEMIQUANT_EDITED.zip,1,1,0,,210.159195,0.180841,0.874458,213.012802,0.246006,0.783085,219.860794,0.158345,0.737509,243.724792,0.080855,0.730044,226.883194,0.080907,0.679751,0.0,0.0,0.0,0.0,0.0,0.0,0.0,0.0,0.0,0.0,0.0,0.0,0.0,0.0,0.0
COLORWHEEL_2700_EDITED_IMG_0623_0030,COLORWHEEL_2700_EDITED,train,2700,Normal,Normal,Normal,1,,,COLORWHEEL_2700_SEMIQUANT_EDITED.zip,1,1,0,,210.159195,0.180841,0.874458,213.012802,0.246006,0.783085,219.860794,0.158345,0.737509,243.724792,0.080855,0.730044,226.883194,0.080907,0.679751,0.0,0.0,0.0,0.0,0.0,0.0,0.0,0.0,0.0,0.0,0.0,0.0,0.0,0.0,0.0
COLORWHEEL_2700_EDITED_IMG_0623_0030,COLORWHEEL_2700_EDITED,train,2700,Abnormal,Abnormal,Abnormal,2,,,COLORWHEEL_2700_SEMIQUANT_EDITED.zip,1,1,0,,210.159195,0.180841,0.874458,213.012802,0.246006,0.783085,219.860794,0.158345,0.737509,243.724792,0.080855,0.730044,226.883194,0.080907,0.679751,0.0,0.0,0.0,0.0,0.0,0.0,0.0,0.0,0.0,0.0,0.0,0.0,0.0,0.0,0.0
COLORWHEEL_2700_EDITED_IMG_0623_0030,COLORWHEEL_2700_EDITED,train,2700,Abnormal,Abnormal,Abnormal,2,,,COLORWHEEL_2700_SEMIQUANT_EDITED.zip,1,1,0,,210.159195,0.180841,0.874458,213.012802,0.246006,0.783085,219.860794,0.158345,0.737509,243.724792,0.080855,0.730044,226.883194,0.080907,0.679751,0.0,0.0,0.0,0.0,0.0,0.0,0.0,0.0,0.0,0.0,0.0,0.0,0.0,0.0,0.0
COLORWHEEL_2700_EDITED_IMG_0623_0030,COLORWHEEL_2700_EDITED,train,2700,Abnormal,Abnormal,Abnormal,2,,,COLORWHEEL_2700_SEMIQUANT_EDITED.zip,1,1,0,,210.159195,0.180841,0.874458,213.012802,0.246006,0.783085,219.860794,0.158345,0.737509,243.724792,0.080855,0.730044,226.883194,0.080907,0.679751,0.0,0.0,0.0,0.0,0.0,0.0,0.0,0.0,0.0,0.0,0.0,0.0,0.0,0.0,0.0
COLORWHEEL_2700_EDITED_IMG_0623_0030,COLORWHEEL_2700_EDITED,train,2700,Abnormal,Abnormal,Abnormal,2,,,COLORWHEEL_2700_SEMIQUANT_EDITED.zip,1,1,0,,210.159195,0.180841,0.874458,213.012802,0.246006,0.783085,219.860794,0.158345,0.737509,243.724792,0.080855,0.730044,226.883194,0.080907,0.679751,0.0,0.0,0.0,0.0,0.0,0.0,0.0,0.0,0.0,0.0,0.0,0.0,0.0,0.0,0.0
COLORWHEEL_2700_EDITED_IMG_0623_0030,COLORWHEEL_2700_EDITED,train,2700,Abnormal,Abnormal,Abnormal,2,,,COLORWHEEL_2700_SEMIQUANT_EDITED.zip,1,1,0,,210.159195,0.180841,0.874458,213.012802,0.246006,0.783085,219.860794,0.158345,0.737509,243.724792,0.080855,0.730044,226.883194,0.080907,0.679751,0.0,0.0,0.0,0.0,0.0,0.0,0.0,0.0,0.0,0.0,0.0,0.0,0.0,0.0,0.0
COLORWHEEL_4000_EDITED_IMG_0543_0001,COLORWHEEL_4000_EDITED,train,4000,Normal,Normal,Normal,1,,,COLORWHEEL_4000_SEMIQUANT_EDITED.zip,1,1,0,,222.006393,0.132707,0.769909,223.119995,0.124924,0.743471,228.251999,0.131884,0.669758,233.455994,0.092502,0.622391,222.729599,0.08784,0.593558,0.0,0.0,0.0,0.0,0.0,0.0,0.0,0.0,0.0,0.0,0.0,0.0,0.0,0.0,0.0
COLORWHEEL_4000_EDITED_IMG_0543_0001,COLORWHEEL_4000_EDITED,train,4000,Normal,Normal,Normal,1,,,COLORWHEEL_4000_SEMIQUANT_EDITED.zip,1,1,0,,222.006393,0.132707,0.769909,223.119995,0.124924,0.743471,228.251999,0.131884,0.669758,233.455994,0.092502,0.622391,222.729599,0.08784,0.593558,0.0,0.0,0.0,0.0,0.0,0.0,0.0,0.0,0.0,0.0,0.0,0.0,0.0,0.0,0.0
COLORWHEEL_4000_EDITED_IMG_0543_0001,COLORWHEEL_4000_EDITED,train,4000,Normal,Normal,Normal,1,,,COLORWHEEL_4000_SEMIQUANT_EDITED.zip,1,1,0,,222.006393,0.132707,0.769909,223.119995,0.124924,0.743471,228.251999,0.131884,0.669758,233.455994,0.092502,0.622391,222.729599,0.08784,0.593558,0.0,0.0,0.0,0.0,0.0,0.0,0.0,0.0,0.0,0.0,0.0,0.0,0.0,0.0,0.0
COLORWHEEL_4000_EDITED_IMG_0543_0001,COLORWHEEL_4000_EDITED,train,4000,Normal,Normal,Normal,1,,,COLORWHEEL_4000_SEMIQUANT_EDITED.zip,1,1,0,,222.006393,0.132707,0.769909,223.119995,0.124924,0.743471,228.251999,0.131884,0.669758,233.455994,0.092502,0.622391,222.729599,0.08784,0.593558,0.0,0.0,0.0,0.0,0.0,0.0,0.0,0.0,0.0,0.0,0.0,0.0,0.0,0.0,0.0
COLORWHEEL_4000_EDITED_IMG_0543_0001,COLORWHEEL_4000_EDITED,train,4000,Abnormal,Abnormal,Abnormal,2,,,COLORWHEEL_4000_SEMIQUANT_EDITED.zip,1,1,0,,222.006393,0.132707,0.769909,223.119995,0.124924,0.743471,228.251999,0.131884,0.669758,233.455994,0.092502,0.622391,222.729599,0.08784,0.593558,0.0,0.0,0.0,0.0,0.0,0.0,0.0,0.0,0.0,0.0,0.0,0.0,0.0,0.0,0.0
COLORWHEEL_4000_EDITED_IMG_0543_0001,COLORWHEEL_4000_EDITED,train,4000,Normal,Normal,Normal,1,,,COLORWHEEL_4000_SEMIQUANT_EDITED.zip,1,1,0,,222.006393,0.132707,0.769909,223.119995,0.124924,0.743471,228.251999,0.131884,0.669758,233.455994,0.092502,0.622391,222.729599,0.08784,0.593558,0.0,0.0,0.0,0.0,0.0,0.0,0.0,0.0,0.0,0.0,0.0,0.0,0.0,0.0,0.0
COLORWHEEL_4000_EDITED_IMG_0543_0001,COLORWHEEL_4000_EDITED,train,4000,Abnormal,Abnormal,Abnormal,2,,,COLORWHEEL_4000_SEMIQUANT_EDITED.zip,1,1,0,,222.006393,0.132707,0.769909,223.119995,0.124924,0.743471,228.251999,0.131884,0.669758,233.455994,0.092502,0.622391,222.729599,0.08784,0.593558,0.0,0.0,0.0,0.0,0.0,0.0,0.0,0.0,0.0,0.0,0.0,0.0,0.0,0.0,0.0
COLORWHEEL_4000_EDITED_IMG_0543_0001,COLORWHEEL_4000_EDITED,train,4000,Normal,Normal,Normal,1,,,COLORWHEEL_4000_SEMIQUANT_EDITED.zip,1,1,0,,222.006393,0.132707,0.769909,223.119995,0.124924,0.743471,228.251999,0.131884,0.669758,233.455994,0.092502,0.622391,222.729599,0.08784,0.593558,0.0,0.0,0.0,0.0,0.0,0.0,0.0,0.0,0.0,0.0,0.0,0.0,0.0,0.0,0.0
COLORWHEEL_4000_EDITED_IMG_0543_0001,COLORWHEEL_4000_EDITED,train,4000,Normal,Normal,Normal,1,,,COLORWHEEL_4000_SEMIQUANT_EDITED.zip,1,1,0,,222.006393,0.132707,0.769909,223.119995,0.124924,0.743471,228.251999,0.131884,0.669758,233.455994,0.092502,0.622391,222.729599,0.08784,0.593558,0.0,0.0,0.0,0.0,0.0,0.0,0.0,0.0,0.0,0.0,0.0,0.0,0.0,0.0,0.0
COLORWHEEL_4000_EDITED_IMG_0543_0001,COLORWHEEL_4000_EDITED,train,4000,Normal,Normal,Normal,1,,,COLORWHEEL_4000_SEMIQUANT_EDITED.zip,1,1,0,,222.006393,0.132707,0.769909,223.119995,0.124924,0.743471,228.251999,0.131884,0.669758,233.455994,0.092502,0.622391,222.729599,0.08784,0.593558,0.0,0.0,0.0,0.0,0.0,0.0,0.0,0.0,0.0,0.0,0.0,0.0,0.0,0.0,0.0
COLORWHEEL_4000_EDITED_IMG_0546_0002,COLORWHEEL_4000_EDITED,train,4000,Abnormal,Abnormal,Abnormal,2,,,COLORWHEEL_4000_SEMIQUANT_EDITED.zip,1,1,0,,222.867996,0.138188,0.767879,203.904007,0.161431,0.679569,219.167999,0.167307,0.632419,227.812805,0.101374,0.615437,200.429596,0.08901,0.540689,0.0,0.0,0.0,0.0,0.0,0.0,0.0,0.0,0.0,0.0,0.0,0.0,0.0,0.0,0.0
COLORWHEEL_4000_EDITED_IMG_0546_0002,COLORWHEEL_4000_EDITED,train,4000,Abnormal,Abnormal,Abnormal,2,,,COLORWHEEL_4000_SEMIQUANT_EDITED.zip,1,1,0,,222.867996,0.138188,0.767879,203.904007,0.161431,0.679569,219.167999,0.167307,0.632419,227.812805,0.101374,0.615437,200.429596,0.08901,0.540689,0.0,0.0,0.0,0.0,0.0,0.0,0.0,0.0,0.0,0.0,0.0,0.0,0.0,0.0,0.0
COLORWHEEL_4000_EDITED_IMG_0546_0002,COLORWHEEL_4000_EDITED,train,4000,Abnormal,Abnormal,Abnormal,2,,,COLORWHEEL_4000_SEMIQUANT_EDITED.zip,1,1,0,,222.867996,0.138188,0.767879,203.904007,0.161431,0.679569,219.167999,0.167307,0.632419,227.812805,0.101374,0.615437,200.429596,0.08901,0.540689,0.0,0.0,0.0,0.0,0.0,0.0,0.0,0.0,0.0,0.0,0.0,0.0,0.0,0.0,0.0
COLORWHEEL_4000_EDITED_IMG_0546_0002,COLORWHEEL_4000_EDITED,train,4000,Abnormal,Abnormal,Abnormal,2,,,COLORWHEEL_4000_SEMIQUANT_EDITED.zip,1,1,0,,222.867996,0.138188,0.767879,203.904007,0.161431,0.679569,219.167999,0.167307,0.632419,227.812805,0.101374,0.615437,200.429596,0.08901,0.540689,0.0,0.0,0.0,0.0,0.0,0.0,0.0,0.0,0.0,0.0,0.0,0.0,0.0,0.0,0.0
COLORWHEEL_4000_EDITED_IMG_0546_0002,COLORWHEEL_4000_EDITED,train,4000,Normal,Normal,Normal,1,,,COLORWHEEL_4000_SEMIQUANT_EDITED.zip,1,1,0,,222.867996,0.138188,0.767879,203.904007,0.161431,0.679569,219.167999,0.167307,0.632419,227.812805,0.101374,0.615437,200.429596,0.08901,0.540689,0.0,0.0,0.0,0.0,0.0,0.0,0.0,0.0,0.0,0.0,0.0,0.0,0.0,0.0,0.0
COLORWHEEL_4000_EDITED_IMG_0546_0002,COLORWHEEL_4000_EDITED,train,4000,Abnormal,Abnormal,Abnormal,2,,,COLORWHEEL_4000_SEMIQUANT_EDITED.zip,1,1,0,,222.867996,0.138188,0.767879,203.904007,0.161431,0.679569,219.167999,0.167307,0.632419,227.812805,0.101374,0.615437,200.429596,0.08901,0.540689,0.0,0.0,0.0,0.0,0.0,0.0,0.0,0.0,0.0,0.0,0.0,0.0,0.0,0.0,0.0
COLORWHEEL_4000_EDITED_IMG_0546_0002,COLORWHEEL_4000_EDITED,train,4000,Abnormal,Abnormal,Abnormal,2,,,COLORWHEEL_4000_SEMIQUANT_EDITED.zip,1,1,0,,222.867996,0.138188,0.767879,203.904007,0.161431,0.679569,219.167999,0.167307,0.632419,227.812805,0.101374,0.615437,200.429596,0.08901,0.540689,0.0,0.0,0.0,0.0,0.0,0.0,0.0,0.0,0.0,0.0,0.0,0.0,0.0,0.0,0.0
COLORWHEEL_4000_EDITED_IMG_0546_0002,COLORWHEEL_4000_EDITED,train,4000,Abnormal,Abnormal,Abnormal,2,,,COLORWHEEL_4000_SEMIQUANT_EDITED.zip,1,1,0,,222.867996,0.138188,0.767879,203.904007,0.161431,0.679569,219.167999,0.167307,0.632419,227.812805,0.101374,0.615437,200.429596,0.08901,0.540689,0.0,0.0,0.0,0.0,0.0,0.0,0.0,0.0,0.0,0.0,0.0,0.0,0.0,0.0,0.0
COLORWHEEL_4000_EDITED_IMG_0546_0002,COLORWHEEL_4000_EDITED,train,4000,Abnormal,Abnormal,Abnormal,2,,,COLORWHEEL_4000_SEMIQUANT_EDITED.zip,1,1,0,,222.867996,0.138188,0.767879,203.904007,0.161431,0.679569,219.167999,0.167307,0.632419,227.812805,0.101374,0.615437,200.429596,0.08901,0.540689,0.0,0.0,0.0,0.0,0.0,0.0,0.0,0.0,0.0,0.0,0.0,0.0,0.0,0.0,0.0
COLORWHEEL_4000_EDITED_IMG_0546_0002,COLORWHEEL_4000_EDITED,train,4000,Abnormal,Abnormal,Abnormal,2,,,COLORWHEEL_4000_SEMIQUANT_EDITED.zip,1,1,0,,222.867996,0.138188,0.767879,203.904007,0.161431,0.679569,219.167999,0.167307,0.632419,227.812805,0.101374,0.615437,200.429596,0.08901,0.540689,0.0,0.0,0.0,0.0,0.0,0.0,0.0,0.0,0.0,0.0,0.0,0.0,0.0,0.0,0.0
COLORWHEEL_4000_EDITED_IMG_0552_0003,COLORWHEEL_4000_EDITED,train,4000,Abnormal,Abnormal,Abnormal,2,,,COLORWHEEL_4000_SEMIQUANT_EDITED.zip,1,1,0,,219.989594,0.12986,0.777948,221.174393,0.129247,0.743633,226.485596,0.131664,0.668474,230.866394,0.096626,0.626969,190.362396,0.080403,0.522775,0.0,0.0,0.0,0.0,0.0,0.0,0.0,0.0,0.0,0.0,0.0,0.0,0.0,0.0,0.0
COLORWHEEL_4000_EDITED_IMG_0552_0003,COLORWHEEL_4000_EDITED,train,4000,Normal,Normal,Normal,1,,,COLORWHEEL_4000_SEMIQUANT_EDITED.zip,1,1,0,,219.989594,0.12986,0.777948,221.174393,0.129247,0.743633,226.485596,0.131664,0.668474,230.866394,0.096626,0.626969,190.362396,0.080403,0.522775,0.0,0.0,0.0,0.0,0.0,0.0,0.0,0.0,0.0,0.0,0.0,0.0,0.0,0.0,0.0
COLORWHEEL_4000_EDITED_IMG_0552_0003,COLORWHEEL_4000_EDITED,train,4000,Abnormal,Abnormal,Abnormal,2,,,COLORWHEEL_4000_SEMIQUANT_EDITED.zip,1,1,0,,219.989594,0.12986,0.777948,221.174393,0.129247,0.743633,226.485596,0.131664,0.668474,230.866394,0.096626,0.626969,190.362396,0.080403,0.522775,0.0,0.0,0.0,0.0,0.0,0.0,0.0,0.0,0.0,0.0,0.0,0.0,0.0,0.0,0.0
COLORWHEEL_4000_EDITED_IMG_0552_0003,COLORWHEEL_4000_EDITED,train,4000,Abnormal,Abnormal,Abnormal,2,,,COLORWHEEL_4000_SEMIQUANT_EDITED.zip,1,1,0,,219.989594,0.12986,0.777948,221.174393,0.129247,0.743633,226.485596,0.131664,0.668474,230.866394,0.096626,0.626969,190.362396,0.080403,0.522775,0.0,0.0,0.0,0.0,0.0,0.0,0.0,0.0,0.0,0.0,0.0,0.0,0.0,0.0,0.0
COLORWHEEL_4000_EDITED_IMG_0552_0003,COLORWHEEL_4000_EDITED,train,4000,Abnormal,Abnormal,Abnormal,2,,,COLORWHEEL_4000_SEMIQUANT_EDITED.zip,1,1,0,,219.989594,0.12986,0.777948,221.174393,0.129247,0.743633,226.485596,0.131664,0.668474,230.866394,0.096626,0.626969,190.362396,0.080403,0.522775,0.0,0.0,0.0,0.0,0.0,0.0,0.0,0.0,0.0,0.0,0.0,0.0,0.0,0.0,0.0
COLORWHEEL_4000_EDITED_IMG_0552_0003,COLORWHEEL_4000_EDITED,train,4000,Abnormal,Abnormal,Abnormal,2,,,COLORWHEEL_4000_SEMIQUANT_EDITED.zip,1,1,0,,219.989594,0.12986,0.777948,221.174393,0.129247,0.743633,226.485596,0.131664,0.668474,230.866394,0.096626,0.626969,190.362396,0.080403,0.522775,0.0,0.0,0.0,0.0,0.0,0.0,0.0,0.0,0.0,0.0,0.0,0.0,0.0,0.0,0.0
COLORWHEEL_4000_EDITED_IMG_0552_0003,COLORWHEEL_4000_EDITED,train,4000,Abnormal,Abnormal,Abnormal,2,,,COLORWHEEL_4000_SEMIQUANT_EDITED.zip,1,1,0,,219.989594,0.12986,0.777948,221.174393,0.129247,0.743633,226.485596,0.131664,0.668474,230.866394,0.096626,0.626969,190.362396,0.080403,0.522775,0.0,0.0,0.0,0.0,0.0,0.0,0.0,0.0,0.0,0.0,0.0,0.0,0.0,0.0,0.0
COLORWHEEL_4000_EDITED_IMG_0552_0003,COLORWHEEL_4000_EDITED,train,4000,Abnormal,Abnormal,Abnormal,2,,,COLORWHEEL_4000_SEMIQUANT_EDITED.zip,1,1,0,,219.989594,0.12986,0.777948,221.174393,0.129247,0.743633,226.485596,0.131664,0.668474,230.866394,0.096626,0.626969,190.362396,0.080403,0.522775,0.0,0.0,0.0,0.0,0.0,0.0,0.0,0.0,0.0,0.0,0.0,0.0,0.0,0.0,0.0
COLORWHEEL_4000_EDITED_IMG_0552_0003,COLORWHEEL_4000_EDITED,train,4000,Abnormal,Abnormal,Abnormal,2,,,COLORWHEEL_4000_SEMIQUANT_EDITED.zip,1,1,0,,219.989594,0.12986,0.777948,221.174393,0.129247,0.743633,226.485596,0.131664,0.668474,230.866394,0.096626,0.626969,190.362396,0.080403,0.522775,0.0,0.0,0.0,0.0,0.0,0.0,0.0,0.0,0.0,0.0,0.0,0.0,0.0,0.0,0.0
COLORWHEEL_4000_EDITED_IMG_0552_0003,COLORWHEEL_4000_EDITED,train,4000,Abnormal,Abnormal,Abnormal,2,,,COLORWHEEL_4000_SEMIQUANT_EDITED.zip,1,1,0,,219.989594,0.12986,0.777948,221.174393,0.129247,0.743633,226.485596,0.131664,0.668474,230.866394,0.096626,0.626969,190.362396,0.080403,0.522775,0.0,0.0,0.0,0.0,0.0,0.0,0.0,0.0,0.0,0.0,0.0,0.0,0.0,0.0,0.0
COLORWHEEL_4000_EDITED_IMG_0555_0004,COLORWHEEL_4000_EDITED,train,4000,Abnormal,Abnormal,Abnormal,2,,,COLORWHEEL_4000_SEMIQUANT_EDITED.zip,1,1,0,,212.787201,0.194957,0.704579,202.865601,0.234516,0.643114,239.773605,0.116767,0.561616,254.863998,0.086005,0.542011,233.214401,0.096836,0.49472,0.0,0.0,0.0,0.0,0.0,0.0,0.0,0.0,0.0,0.0,0.0,0.0,0.0,0.0,0.0
COLORWHEEL_4000_EDITED_IMG_0555_0004,COLORWHEEL_4000_EDITED,train,4000,Abnormal,Abnormal,Abnormal,2,,,COLORWHEEL_4000_SEMIQUANT_EDITED.zip,1,1,0,,212.787201,0.194957,0.704579,202.865601,0.234516,0.643114,239.773605,0.116767,0.561616,254.863998,0.086005,0.542011,233.214401,0.096836,0.49472,0.0,0.0,0.0,0.0,0.0,0.0,0.0,0.0,0.0,0.0,0.0,0.0,0.0,0.0,0.0
COLORWHEEL_4000_EDITED_IMG_0555_0004,COLORWHEEL_4000_EDITED,train,4000,Abnormal,Abnormal,Abnormal,2,,,COLORWHEEL_4000_SEMIQUANT_EDITED.zip,1,1,0,,212.787201,0.194957,0.704579,202.865601,0.234516,0.643114,239.773605,0.116767,0.561616,254.863998,0.086005,0.542011,233.214401,0.096836,0.49472,0.0,0.0,0.0,0.0,0.0,0.0,0.0,0.0,0.0,0.0,0.0,0.0,0.0,0.0,0.0
COLORWHEEL_4000_EDITED_IMG_0555_0004,COLORWHEEL_4000_EDITED,train,4000,Abnormal,Abnormal,Abnormal,2,,,COLORWHEEL_4000_SEMIQUANT_EDITED.zip,1,1,0,,212.787201,0.194957,0.704579,202.865601,0.234516,0.643114,239.773605,0.116767,0.561616,254.863998,0.086005,0.542011,233.214401,0.096836,0.49472,0.0,0.0,0.0,0.0,0.0,0.0,0.0,0.0,0.0,0.0,0.0,0.0,0.0,0.0,0.0
COLORWHEEL_4000_EDITED_IMG_0555_0004,COLORWHEEL_4000_EDITED,train,4000,Abnormal,Abnormal,Abnormal,2,,,COLORWHEEL_4000_SEMIQUANT_EDITED.zip,1,1,0,,212.787201,0.194957,0.704579,202.865601,0.234516,0.643114,239.773605,0.116767,0.561616,254.863998,0.086005,0.542011,233.214401,0.096836,0.49472,0.0,0.0,0.0,0.0,0.0,0.0,0.0,0.0,0.0,0.0,0.0,0.0,0.0,0.0,0.0
COLORWHEEL_4000_EDITED_IMG_0555_0004,COLORWHEEL_4000_EDITED,train,4000,Abnormal,Abnormal,Abnormal,2,,,COLORWHEEL_4000_SEMIQUANT_EDITED.zip,1,1,0,,212.787201,0.194957,0.704579,202.865601,0.234516,0.643114,239.773605,0.116767,0.561616,254.863998,0.086005,0.542011,233.214401,0.096836,0.49472,0.0,0.0,0.0,0.0,0.0,0.0,0.0,0.0,0.0,0.0,0.0,0.0,0.0,0.0,0.0
COLORWHEEL_4000_EDITED_IMG_0555_0004,COLORWHEEL_4000_EDITED,train,4000,Normal,Normal,Normal,1,,,COLORWHEEL_4000_SEMIQUANT_EDITED.zip,1,1,0,,212.787201,0.194957,0.704579,202.865601,0.234516,0.643114,239.773605,0.116767,0.561616,254.863998,0.086005,0.542011,233.214401,0.096836,0.49472,0.0,0.0,0.0,0.0,0.0,0.0,0.0,0.0,0.0,0.0,0.0,0.0,0.0,0.0,0.0
COLORWHEEL_4000_EDITED_IMG_0555_0004,COLORWHEEL_4000_EDITED,train,4000,Abnormal,Abnormal,Abnormal,2,,,COLORWHEEL_4000_SEMIQUANT_EDITED.zip,1,1,0,,212.787201,0.194957,0.704579,202.865601,0.234516,0.643114,239.773605,0.116767,0.561616,254.863998,0.086005,0.542011,233.214401,0.096836,0.49472,0.0,0.0,0.0,0.0,0.0,0.0,0.0,0.0,0.0,0.0,0.0,0.0,0.0,0.0,0.0
COLORWHEEL_4000_EDITED_IMG_0555_0004,COLORWHEEL_4000_EDITED,train,4000,Abnormal,Abnormal,Abnormal,2,,,COLORWHEEL_4000_SEMIQUANT_EDITED.zip,1,1,0,,212.787201,0.194957,0.704579,202.865601,0.234516,0.643114,239.773605,0.116767,0.561616,254.863998,0.086005,0.542011,233.214401,0.096836,0.49472,0.0,0.0,0.0,0.0,0.0,0.0,0.0,0.0,0.0,0.0,0.0,0.0,0.0,0.0,0.0
COLORWHEEL_4000_EDITED_IMG_0555_0004,COLORWHEEL_4000_EDITED,train,4000,Abnormal,Abnormal,Abnormal,2,,,COLORWHEEL_4000_SEMIQUANT_EDITED.zip,1,1,0,,212.787201,0.194957,0.704579,202.865601,0.234516,0.643114,239.773605,0.116767,0.561616,254.863998,0.086005,0.542011,233.214401,0.096836,0.49472,0.0,0.0,0.0,0.0,0.0,0.0,0.0,0.0,0.0,0.0,0.0,0.0,0.0,0.0,0.0
COLORWHEEL_4000_EDITED_IMG_0558_0005,COLORWHEEL_4000_EDITED,train,4000,Abnormal,Abnormal,Abnormal,2,,,COLORWHEEL_4000_SEMIQUANT_EDITED.zip,1,1,0,,224.587997,0.152016,0.773427,219.047195,0.197217,0.683219,221.154404,0.148893,0.604627,233.763199,0.104196,0.627161,0.0,0.0,0.0,0.0,0.0,0.0,0.0,0.0,0.0,0.0,0.0,0.0,0.0,0.0,0.0,0.0,0.0,0.0
COLORWHEEL_4000_EDITED_IMG_0558_0005,COLORWHEEL_4000_EDITED,train,4000,Normal,Normal,Normal,1,,,COLORWHEEL_4000_SEMIQUANT_EDITED.zip,1,1,0,,224.587997,0.152016,0.773427,219.047195,0.197217,0.683219,221.154404,0.148893,0.604627,233.763199,0.104196,0.627161,0.0,0.0,0.0,0.0,0.0,0.0,0.0,0.0,0.0,0.0,0.0,0.0,0.0,0.0,0.0,0.0,0.0,0.0
COLORWHEEL_4000_EDITED_IMG_0558_0005,COLORWHEEL_4000_EDITED,train,4000,Abnormal,Abnormal,Abnormal,2,,,COLORWHEEL_4000_SEMIQUANT_EDITED.zip,1,1,0,,224.587997,0.152016,0.773427,219.047195,0.197217,0.683219,221.154404,0.148893,0.604627,233.763199,0.104196,0.627161,0.0,0.0,0.0,0.0,0.0,0.0,0.0,0.0,0.0,0.0,0.0,0.0,0.0,0.0,0.0,0.0,0.0,0.0
COLORWHEEL_4000_EDITED_IMG_0558_0005,COLORWHEEL_4000_EDITED,train,4000,Abnormal,Abnormal,Abnormal,2,,,COLORWHEEL_4000_SEMIQUANT_EDITED.zip,1,1,0,,224.587997,0.152016,0.773427,219.047195,0.197217,0.683219,221.154404,0.148893,0.604627,233.763199,0.104196,0.627161,0.0,0.0,0.0,0.0,0.0,0.0,0.0,0.0,0.0,0.0,0.0,0.0,0.0,0.0,0.0,0.0,0.0,0.0
COLORWHEEL_4000_EDITED_IMG_0558_0005,COLORWHEEL_4000_EDITED,train,4000,Abnormal,Abnormal,Abnormal,2,,,COLORWHEEL_4000_SEMIQUANT_EDITED.zip,1,1,0,,224.587997,0.152016,0.773427,219.047195,0.197217,0.683219,221.154404,0.148893,0.604627,233.763199,0.104196,0.627161,0.0,0.0,0.0,0.0,0.0,0.0,0.0,0.0,0.0,0.0,0.0,0.0,0.0,0.0,0.0,0.0,0.0,0.0
COLORWHEEL_4000_EDITED_IMG_0558_0005,COLORWHEEL_4000_EDITED,train,4000,Abnormal,Abnormal,Abnormal,2,,,COLORWHEEL_4000_SEMIQUANT_EDITED.zip,1,1,0,,224.587997,0.152016,0.773427,219.047195,0.197217,0.683219,221.154404,0.148893,0.604627,233.763199,0.104196,0.627161,0.0,0.0,0.0,0.0,0.0,0.0,0.0,0.0,0.0,0.0,0.0,0.0,0.0,0.0,0.0,0.0,0.0,0.0
COLORWHEEL_4000_EDITED_IMG_0558_0005,COLORWHEEL_4000_EDITED,train,4000,Abnormal,Abnormal,Abnormal,2,,,COLORWHEEL_4000_SEMIQUANT_EDITED.zip,1,1,0,,224.587997,0.152016,0.773427,219.047195,0.197217,0.683219,221.154404,0.148893,0.604627,233.763199,0.104196,0.627161,0.0,0.0,0.0,0.0,0.0,0.0,0.0,0.0,0.0,0.0,0.0,0.0,0.0,0.0,0.0,0.0,0.0,0.0
COLORWHEEL_4000_EDITED_IMG_0558_0005,COLORWHEEL_4000_EDITED,train,4000,Abnormal,Abnormal,Abnormal,2,,,COLORWHEEL_4000_SEMIQUANT_EDITED.zip,1,1,0,,224.587997,0.152016,0.773427,219.047195,0.197217,0.683219,221.154404,0.148893,0.604627,233.763199,0.104196,0.627161,0.0,0.0,0.0,0.0,0.0,0.0,0.0,0.0,0.0,0.0,0.0,0.0,0.0,0.0,0.0,0.0,0.0,0.0
COLORWHEEL_4000_EDITED_IMG_0558_0005,COLORWHEEL_4000_EDITED,train,4000,Normal,Normal,Normal,1,,,COLORWHEEL_4000_SEMIQUANT_EDITED.zip,1,1,0,,224.587997,0.152016,0.773427,219.047195,0.197217,0.683219,221.154404,0.148893,0.604627,233.763199,0.104196,0.627161,0.0,0.0,0.0,0.0,0.0,0.0,0.0,0.0,0.0,0.0,0.0,0.0,0.0,0.0,0.0,0.0,0.0,0.0
COLORWHEEL_4000_EDITED_IMG_0558_0005,COLORWHEEL_4000_EDITED,train,4000,Abnormal,Abnormal,Abnormal,2,,,COLORWHEEL_4000_SEMIQUANT_EDITED.zip,1,1,0,,224.587997,0.152016,0.773427,219.047195,0.197217,0.683219,221.154404,0.148893,0.604627,233.763199,0.104196,0.627161,0.0,0.0,0.0,0.0,0.0,0.0,0.0,0.0,0.0,0.0,0.0,0.0,0.0,0.0,0.0,0.0,0.0,0.0
COLORWHEEL_4000_EDITED_IMG_0561_0006,COLORWHEEL_4000_EDITED,train,4000,Normal,Normal,Normal,1,,,COLORWHEEL_4000_SEMIQUANT_EDITED.zip,1,1,0,,221.863998,0.158609,0.759939,212.244003,0.228365,0.660861,209.768005,0.160053,0.603445,227.712006,0.092287,0.640734,227.417603,0.095211,0.658987,0.0,0.0,0.0,0.0,0.0,0.0,0.0,0.0,0.0,0.0,0.0,0.0,0.0,0.0,0.0
COLORWHEEL_4000_EDITED_IMG_0561_0006,COLORWHEEL_4000_EDITED,train,4000,Abnormal,Abnormal,Abnormal,2,,,COLORWHEEL_4000_SEMIQUANT_EDITED.zip,1,1,0,,221.863998,0.158609,0.759939,212.244003,0.228365,0.660861,209.768005,0.160053,0.603445,227.712006,0.092287,0.640734,227.417603,0.095211,0.658987,0.0,0.0,0.0,0.0,0.0,0.0,0.0,0.0,0.0,0.0,0.0,0.0,0.0,0.0,0.0
COLORWHEEL_4000_EDITED_IMG_0561_0006,COLORWHEEL_4000_EDITED,train,4000,Normal,Normal,Normal,1,,,COLORWHEEL_4000_SEMIQUANT_EDITED.zip,1,1,0,,221.863998,0.158609,0.759939,212.244003,0.228365,0.660861,209.768005,0.160053,0.603445,227.712006,0.092287,0.640734,227.417603,0.095211,0.658987,0.0,0.0,0.0,0.0,0.0,0.0,0.0,0.0,0.0,0.0,0.0,0.0,0.0,0.0,0.0
COLORWHEEL_4000_EDITED_IMG_0561_0006,COLORWHEEL_4000_EDITED,train,4000,Abnormal,Abnormal,Abnormal,2,,,COLORWHEEL_4000_SEMIQUANT_EDITED.zip,1,1,0,,221.863998,0.158609,0.759939,212.244003,0.228365,0.660861,209.768005,0.160053,0.603445,227.712006,0.092287,0.640734,227.417603,0.095211,0.658987,0.0,0.0,0.0,0.0,0.0,0.0,0.0,0.0,0.0,0.0,0.0,0.0,0.0,0.0,0.0
COLORWHEEL_4000_EDITED_IMG_0561_0006,COLORWHEEL_4000_EDITED,train,4000,Abnormal,Abnormal,Abnormal,2,,,COLORWHEEL_4000_SEMIQUANT_EDITED.zip,1,1,0,,221.863998,0.158609,0.759939,212.244003,0.228365,0.660861,209.768005,0.160053,0.603445,227.712006,0.092287,0.640734,227.417603,0.095211,0.658987,0.0,0.0,0.0,0.0,0.0,0.0,0.0,0.0,0.0,0.0,0.0,0.0,0.0,0.0,0.0
COLORWHEEL_4000_EDITED_IMG_0561_0006,COLORWHEEL_4000_EDITED,train,4000,Abnormal,Abnormal,Abnormal,2,,,COLORWHEEL_4000_SEMIQUANT_EDITED.zip,1,1,0,,221.863998,0.158609,0.759939,212.244003,0.228365,0.660861,209.768005,0.160053,0.603445,227.712006,0.092287,0.640734,227.417603,0.095211,0.658987,0.0,0.0,0.0,0.0,0.0,0.0,0.0,0.0,0.0,0.0,0.0,0.0,0.0,0.0,0.0
COLORWHEEL_4000_EDITED_IMG_0561_0006,COLORWHEEL_4000_EDITED,train,4000,Abnormal,Abnormal,Abnormal,2,,,COLORWHEEL_4000_SEMIQUANT_EDITED.zip,1,1,0,,221.863998,0.158609,0.759939,212.244003,0.228365,0.660861,209.768005,0.160053,0.603445,227.712006,0.092287,0.640734,227.417603,0.095211,0.658987,0.0,0.0,0.0,0.0,0.0,0.0,0.0,0.0,0.0,0.0,0.0,0.0,0.0,0.0,0.0
COLORWHEEL_4000_EDITED_IMG_0561_0006,COLORWHEEL_4000_EDITED,train,4000,Abnormal,Abnormal,Abnormal,2,,,COLORWHEEL_4000_SEMIQUANT_EDITED.zip,1,1,0,,221.863998,0.158609,0.759939,212.244003,0.228365,0.660861,209.768005,0.160053,0.603445,227.712006,0.092287,0.640734,227.417603,0.095211,0.658987,0.0,0.0,0.0,0.0,0.0,0.0,0.0,0.0,0.0,0.0,0.0,0.0,0.0,0.0,0.0
COLORWHEEL_4000_EDITED_IMG_0561_0006,COLORWHEEL_4000_EDITED,train,4000,Abnormal,Abnormal,Abnormal,2,,,COLORWHEEL_4000_SEMIQUANT_EDITED.zip,1,1,0,,221.863998,0.158609,0.759939,212.244003,0.228365,0.660861,209.768005,0.160053,0.603445,227.712006,0.092287,0.640734,227.417603,0.095211,0.658987,0.0,0.0,0.0,0.0,0.0,0.0,0.0,0.0,0.0,0.0,0.0,0.0,0.0,0.0,0.0
COLORWHEEL_4000_EDITED_IMG_0561_0006,COLORWHEEL_4000_EDITED,train,4000,Abnormal,Abnormal,Abnormal,2,,,COLORWHEEL_4000_SEMIQUANT_EDITED.zip,1,1,0,,221.863998,0.158609,0.759939,212.244003,0.228365,0.660861,209.768005,0.160053,0.603445,227.712006,0.092287,0.640734,227.417603,0.095211,0.658987,0.0,0.0,0.0,0.0,0.0,0.0,0.0,0.0,0.0,0.0,0.0,0.0,0.0,0.0,0.0
COLORWHEEL_4000_EDITED_IMG_0567_0007,COLORWHEEL_4000_EDITED,train,4000,Abnormal,Abnormal,Abnormal,2,,,COLORWHEEL_4000_SEMIQUANT_EDITED.zip,1,1,0,,226.411194,0.12792,0.801794,225.9384,0.14301,0.710759,224.365601,0.104533,0.628778,224.248001,0.097945,0.63502,225.348801,0.10933,0.684058,0.0,0.0,0.0,0.0,0.0,0.0,0.0,0.0,0.0,0.0,0.0,0.0,0.0,0.0,0.0
COLORWHEEL_4000_EDITED_IMG_0567_0007,COLORWHEEL_4000_EDITED,train,4000,Normal,Normal,Normal,1,,,COLORWHEEL_4000_SEMIQUANT_EDITED.zip,1,1,0,,226.411194,0.12792,0.801794,225.9384,0.14301,0.710759,224.365601,0.104533,0.628778,224.248001,0.097945,0.63502,225.348801,0.10933,0.684058,0.0,0.0,0.0,0.0,0.0,0.0,0.0,0.0,0.0,0.0,0.0,0.0,0.0,0.0,0.0
COLORWHEEL_4000_EDITED_IMG_0567_0007,COLORWHEEL_4000_EDITED,train,4000,Abnormal,Abnormal,Abnormal,2,,,COLORWHEEL_4000_SEMIQUANT_EDITED.zip,1,1,0,,226.411194,0.12792,0.801794,225.9384,0.14301,0.710759,224.365601,0.104533,0.628778,224.248001,0.097945,0.63502,225.348801,0.10933,0.684058,0.0,0.0,0.0,0.0,0.0,0.0,0.0,0.0,0.0,0.0,0.0,0.0,0.0,0.0,0.0
COLORWHEEL_4000_EDITED_IMG_0567_0007,COLORWHEEL_4000_EDITED,train,4000,Normal,Normal,Normal,1,,,COLORWHEEL_4000_SEMIQUANT_EDITED.zip,1,1,0,,226.411194,0.12792,0.801794,225.9384,0.14301,0.710759,224.365601,0.104533,0.628778,224.248001,0.097945,0.63502,225.348801,0.10933,0.684058,0.0,0.0,0.0,0.0,0.0,0.0,0.0,0.0,0.0,0.0,0.0,0.0,0.0,0.0,0.0
COLORWHEEL_4000_EDITED_IMG_0567_0007,COLORWHEEL_4000_EDITED,train,4000,Abnormal,Abnormal,Abnormal,2,,,COLORWHEEL_4000_SEMIQUANT_EDITED.zip,1,1,0,,226.411194,0.12792,0.801794,225.9384,0.14301,0.710759,224.365601,0.104533,0.628778,224.248001,0.097945,0.63502,225.348801,0.10933,0.684058,0.0,0.0,0.0,0.0,0.0,0.0,0.0,0.0,0.0,0.0,0.0,0.0,0.0,0.0,0.0
COLORWHEEL_4000_EDITED_IMG_0567_0007,COLORWHEEL_4000_EDITED,train,4000,Normal,Normal,Normal,1,,,COLORWHEEL_4000_SEMIQUANT_EDITED.zip,1,1,0,,226.411194,0.12792,0.801794,225.9384,0.14301,0.710759,224.365601,0.104533,0.628778,224.248001,0.097945,0.63502,225.348801,0.10933,0.684058,0.0,0.0,0.0,0.0,0.0,0.0,0.0,0.0,0.0,0.0,0.0,0.0,0.0,0.0,0.0
COLORWHEEL_4000_EDITED_IMG_0567_0007,COLORWHEEL_4000_EDITED,train,4000,Abnormal,Abnormal,Abnormal,2,,,COLORWHEEL_4000_SEMIQUANT_EDITED.zip,1,1,0,,226.411194,0.12792,0.801794,225.9384,0.14301,0.710759,224.365601,0.104533,0.628778,224.248001,0.097945,0.63502,225.348801,0.10933,0.684058,0.0,0.0,0.0,0.0,0.0,0.0,0.0,0.0,0.0,0.0,0.0,0.0,0.0,0.0,0.0
COLORWHEEL_4000_EDITED_IMG_0567_0007,COLORWHEEL_4000_EDITED,train,4000,Normal,Normal,Normal,1,,,COLORWHEEL_4000_SEMIQUANT_EDITED.zip,1,1,0,,226.411194,0.12792,0.801794,225.9384,0.14301,0.710759,224.365601,0.104533,0.628778,224.248001,0.097945,0.63502,225.348801,0.10933,0.684058,0.0,0.0,0.0,0.0,0.0,0.0,0.0,0.0,0.0,0.0,0.0,0.0,0.0,0.0,0.0
COLORWHEEL_4000_EDITED_IMG_0567_0007,COLORWHEEL_4000_EDITED,train,4000,Abnormal,Abnormal,Abnormal,2,,,COLORWHEEL_4000_SEMIQUANT_EDITED.zip,1,1,0,,226.411194,0.12792,0.801794,225.9384,0.14301,0.710759,224.365601,0.104533,0.628778,224.248001,0.097945,0.63502,225.348801,0.10933,0.684058,0.0,0.0,0.0,0.0,0.0,0.0,0.0,0.0,0.0,0.0,0.0,0.0,0.0,0.0,0.0
COLORWHEEL_4000_EDITED_IMG_0567_0007,COLORWHEEL_4000_EDITED,train,4000,Normal,Normal,Normal,1,,,COLORWHEEL_4000_SEMIQUANT_EDITED.zip,1,1,0,,226.411194,0.12792,0.801794,225.9384,0.14301,0.710759,224.365601,0.104533,0.628778,224.248001,0.097945,0.63502,225.348801,0.10933,0.684058,0.0,0.0,0.0,0.0,0.0,0.0,0.0,0.0,0.0,0.0,0.0,0.0,0.0,0.0,0.0
COLORWHEEL_4000_EDITED_IMG_0570_0008,COLORWHEEL_4000_EDITED,train,4000,Abnormal,Abnormal,Abnormal,2,,,COLORWHEEL_4000_SEMIQUANT_EDITED.zip,1,1,0,,220.631195,0.128035,0.76832,220.350403,0.123456,0.751183,223.743195,0.130855,0.677922,224.603195,0.093169,0.63104,177.8936,0.075366,0.507255,0.0,0.0,0.0,0.0,0.0,0.0,0.0,0.0,0.0,0.0,0.0,0.0,0.0,0.0,0.0
COLORWHEEL_4000_EDITED_IMG_0570_0008,COLORWHEEL_4000_EDITED,train,4000,Abnormal,Abnormal,Abnormal,2,,,COLORWHEEL_4000_SEMIQUANT_EDITED.zip,1,1,0,,220.631195,0.128035,0.76832,220.350403,0.123456,0.751183,223.743195,0.130855,0.677922,224.603195,0.093169,0.63104,177.8936,0.075366,0.507255,0.0,0.0,0.0,0.0,0.0,0.0,0.0,0.0,0.0,0.0,0.0,0.0,0.0,0.0,0.0
COLORWHEEL_4000_EDITED_IMG_0570_0008,COLORWHEEL_4000_EDITED,train,4000,Abnormal,Abnormal,Abnormal,2,,,COLORWHEEL_4000_SEMIQUANT_EDITED.zip,1,1,0,,220.631195,0.128035,0.76832,220.350403,0.123456,0.751183,223.743195,0.130855,0.677922,224.603195,0.093169,0.63104,177.8936,0.075366,0.507255,0.0,0.0,0.0,0.0,0.0,0.0,0.0,0.0,0.0,0.0,0.0,0.0,0.0,0.0,0.0
COLORWHEEL_4000_EDITED_IMG_0570_0008,COLORWHEEL_4000_EDITED,train,4000,Abnormal,Abnormal,Abnormal,2,,,COLORWHEEL_4000_SEMIQUANT_EDITED.zip,1,1,0,,220.631195,0.128035,0.76832,220.350403,0.123456,0.751183,223.743195,0.130855,0.677922,224.603195,0.093169,0.63104,177.8936,0.075366,0.507255,0.0,0.0,0.0,0.0,0.0,0.0,0.0,0.0,0.0,0.0,0.0,0.0,0.0,0.0,0.0
COLORWHEEL_4000_EDITED_IMG_0570_0008,COLORWHEEL_4000_EDITED,train,4000,Abnormal,Abnormal,Abnormal,2,,,COLORWHEEL_4000_SEMIQUANT_EDITED.zip,1,1,0,,220.631195,0.128035,0.76832,220.350403,0.123456,0.751183,223.743195,0.130855,0.677922,224.603195,0.093169,0.63104,177.8936,0.075366,0.507255,0.0,0.0,0.0,0.0,0.0,0.0,0.0,0.0,0.0,0.0,0.0,0.0,0.0,0.0,0.0
COLORWHEEL_4000_EDITED_IMG_0570_0008,COLORWHEEL_4000_EDITED,train,4000,Abnormal,Abnormal,Abnormal,2,,,COLORWHEEL_4000_SEMIQUANT_EDITED.zip,1,1,0,,220.631195,0.128035,0.76832,220.350403,0.123456,0.751183,223.743195,0.130855,0.677922,224.603195,0.093169,0.63104,177.8936,0.075366,0.507255,0.0,0.0,0.0,0.0,0.0,0.0,0.0,0.0,0.0,0.0,0.0,0.0,0.0,0.0,0.0
COLORWHEEL_4000_EDITED_IMG_0570_0008,COLORWHEEL_4000_EDITED,train,4000,Abnormal,Abnormal,Abnormal,2,,,COLORWHEEL_4000_SEMIQUANT_EDITED.zip,1,1,0,,220.631195,0.128035,0.76832,220.350403,0.123456,0.751183,223.743195,0.130855,0.677922,224.603195,0.093169,0.63104,177.8936,0.075366,0.507255,0.0,0.0,0.0,0.0,0.0,0.0,0.0,0.0,0.0,0.0,0.0,0.0,0.0,0.0,0.0
COLORWHEEL_4000_EDITED_IMG_0570_0008,COLORWHEEL_4000_EDITED,train,4000,Abnormal,Abnormal,Abnormal,2,,,COLORWHEEL_4000_SEMIQUANT_EDITED.zip,1,1,0,,220.631195,0.128035,0.76832,220.350403,0.123456,0.751183,223.743195,0.130855,0.677922,224.603195,0.093169,0.63104,177.8936,0.075366,0.507255,0.0,0.0,0.0,0.0,0.0,0.0,0.0,0.0,0.0,0.0,0.0,0.0,0.0,0.0,0.0
COLORWHEEL_4000_EDITED_IMG_0570_0008,COLORWHEEL_4000_EDITED,train,4000,Abnormal,Abnormal,Abnormal,2,,,COLORWHEEL_4000_SEMIQUANT_EDITED.zip,1,1,0,,220.631195,0.128035,0.76832,220.350403,0.123456,0.751183,223.743195,0.130855,0.677922,224.603195,0.093169,0.63104,177.8936,0.075366,0.507255,0.0,0.0,0.0,0.0,0.0,0.0,0.0,0.0,0.0,0.0,0.0,0.0,0.0,0.0,0.0
COLORWHEEL_4000_EDITED_IMG_0570_0008,COLORWHEEL_4000_EDITED,train,4000,Abnormal,Abnormal,Abnormal,2,,,COLORWHEEL_4000_SEMIQUANT_EDITED.zip,1,1,0,,220.631195,0.128035,0.76832,220.350403,0.123456,0.751183,223.743195,0.130855,0.677922,224.603195,0.093169,0.63104,177.8936,0.075366,0.507255,0.0,0.0,0.0,0.0,0.0,0.0,0.0,0.0,0.0,0.0,0.0,0.0,0.0,0.0,0.0
COLORWHEEL_4000_EDITED_IMG_0572_0009,COLORWHEEL_4000_EDITED,train,4000,Abnormal,Abnormal,Abnormal,2,,,COLORWHEEL_4000_SEMIQUANT_EDITED.zip,1,1,0,,225.859207,0.172656,0.755305,213.391998,0.271343,0.653605,213.094406,0.178679,0.616122,229.929596,0.102968,0.663164,0.0,0.0,0.0,0.0,0.0,0.0,0.0,0.0,0.0,0.0,0.0,0.0,0.0,0.0,0.0,0.0,0.0,0.0
COLORWHEEL_4000_EDITED_IMG_0572_0009,COLORWHEEL_4000_EDITED,train,4000,Normal,Normal,Normal,1,,,COLORWHEEL_4000_SEMIQUANT_EDITED.zip,1,1,0,,225.859207,0.172656,0.755305,213.391998,0.271343,0.653605,213.094406,0.178679,0.616122,229.929596,0.102968,0.663164,0.0,0.0,0.0,0.0,0.0,0.0,0.0,0.0,0.0,0.0,0.0,0.0,0.0,0.0,0.0,0.0,0.0,0.0
COLORWHEEL_4000_EDITED_IMG_0572_0009,COLORWHEEL_4000_EDITED,train,4000,Abnormal,Abnormal,Abnormal,2,,,COLORWHEEL_4000_SEMIQUANT_EDITED.zip,1,1,0,,225.859207,0.172656,0.755305,213.391998,0.271343,0.653605,213.094406,0.178679,0.616122,229.929596,0.102968,0.663164,0.0,0.0,0.0,0.0,0.0,0.0,0.0,0.0,0.0,0.0,0.0,0.0,0.0,0.0,0.0,0.0,0.0,0.0
COLORWHEEL_4000_EDITED_IMG_0572_0009,COLORWHEEL_4000_EDITED,train,4000,Abnormal,Abnormal,Abnormal,2,,,COLORWHEEL_4000_SEMIQUANT_EDITED.zip,1,1,0,,225.859207,0.172656,0.755305,213.391998,0.271343,0.653605,213.094406,0.178679,0.616122,229.929596,0.102968,0.663164,0.0,0.0,0.0,0.0,0.0,0.0,0.0,0.0,0.0,0.0,0.0,0.0,0.0,0.0,0.0,0.0,0.0,0.0
COLORWHEEL_4000_EDITED_IMG_0572_0009,COLORWHEEL_4000_EDITED,train,4000,Normal,Normal,Normal,1,,,COLORWHEEL_4000_SEMIQUANT_EDITED.zip,1,1,0,,225.859207,0.172656,0.755305,213.391998,0.271343,0.653605,213.094406,0.178679,0.616122,229.929596,0.102968,0.663164,0.0,0.0,0.0,0.0,0.0,0.0,0.0,0.0,0.0,0.0,0.0,0.0,0.0,0.0,0.0,0.0,0.0,0.0
COLORWHEEL_4000_EDITED_IMG_0572_0009,COLORWHEEL_4000_EDITED,train,4000,Abnormal,Abnormal,Abnormal,2,,,COLORWHEEL_4000_SEMIQUANT_EDITED.zip,1,1,0,,225.859207,0.172656,0.755305,213.391998,0.271343,0.653605,213.094406,0.178679,0.616122,229.929596,0.102968,0.663164,0.0,0.0,0.0,0.0,0.0,0.0,0.0,0.0,0.0,0.0,0.0,0.0,0.0,0.0,0.0,0.0,0.0,0.0
COLORWHEEL_4000_EDITED_IMG_0572_0009,COLORWHEEL_4000_EDITED,train,4000,Abnormal,Abnormal,Abnormal,2,,,COLORWHEEL_4000_SEMIQUANT_EDITED.zip,1,1,0,,225.859207,0.172656,0.755305,213.391998,0.271343,0.653605,213.094406,0.178679,0.616122,229.929596,0.102968,0.663164,0.0,0.0,0.0,0.0,0.0,0.0,0.0,0.0,0.0,0.0,0.0,0.0,0.0,0.0,0.0,0.0,0.0,0.0
COLORWHEEL_4000_EDITED_IMG_0572_0009,COLORWHEEL_4000_EDITED,train,4000,Abnormal,Abnormal,Abnormal,2,,,COLORWHEEL_4000_SEMIQUANT_EDITED.zip,1,1,0,,225.859207,0.172656,0.755305,213.391998,0.271343,0.653605,213.094406,0.178679,0.616122,229.929596,0.102968,0.663164,0.0,0.0,0.0,0.0,0.0,0.0,0.0,0.0,0.0,0.0,0.0,0.0,0.0,0.0,0.0,0.0,0.0,0.0
COLORWHEEL_4000_EDITED_IMG_0572_0009,COLORWHEEL_4000_EDITED,train,4000,Normal,Normal,Normal,1,,,COLORWHEEL_4000_SEMIQUANT_EDITED.zip,1,1,0,,225.859207,0.172656,0.755305,213.391998,0.271343,0.653605,213.094406,0.178679,0.616122,229.929596,0.102968,0.663164,0.0,0.0,0.0,0.0,0.0,0.0,0.0,0.0,0.0,0.0,0.0,0.0,0.0,0.0,0.0,0.0,0.0,0.0
COLORWHEEL_4000_EDITED_IMG_0572_0009,COLORWHEEL_4000_EDITED,train,4000,Abnormal,Abnormal,Abnormal,2,,,COLORWHEEL_4000_SEMIQUANT_EDITED.zip,1,1,0,,225.859207,0.172656,0.755305,213.391998,0.271343,0.653605,213.094406,0.178679,0.616122,229.929596,0.102968,0.663164,0.0,0.0,0.0,0.0,0.0,0.0,0.0,0.0,0.0,0.0,0.0,0.0,0.0,0.0,0.0,0.0,0.0,0.0
COLORWHEEL_4000_EDITED_IMG_0575_0010,COLORWHEEL_4000_EDITED,train,4000,Abnormal,Abnormal,Abnormal,2,,,COLORWHEEL_4000_SEMIQUANT_EDITED.zip,1,1,0,,220.212799,0.176918,0.743118,217.200806,0.20939,0.686406,220.871994,0.126728,0.645459,200.156799,0.083053,0.590118,0.0,0.0,0.0,0.0,0.0,0.0,0.0,0.0,0.0,0.0,0.0,0.0,0.0,0.0,0.0,0.0,0.0,0.0
COLORWHEEL_4000_EDITED_IMG_0575_0010,COLORWHEEL_4000_EDITED,train,4000,Abnormal,Abnormal,Abnormal,2,,,COLORWHEEL_4000_SEMIQUANT_EDITED.zip,1,1,0,,220.212799,0.176918,0.743118,217.200806,0.20939,0.686406,220.871994,0.126728,0.645459,200.156799,0.083053,0.590118,0.0,0.0,0.0,0.0,0.0,0.0,0.0,0.0,0.0,0.0,0.0,0.0,0.0,0.0,0.0,0.0,0.0,0.0
COLORWHEEL_4000_EDITED_IMG_0575_0010,COLORWHEEL_4000_EDITED,train,4000,Abnormal,Abnormal,Abnormal,2,,,COLORWHEEL_4000_SEMIQUANT_EDITED.zip,1,1,0,,220.212799,0.176918,0.743118,217.200806,0.20939,0.686406,220.871994,0.126728,0.645459,200.156799,0.083053,0.590118,0.0,0.0,0.0,0.0,0.0,0.0,0.0,0.0,0.0,0.0,0.0,0.0,0.0,0.0,0.0,0.0,0.0,0.0
COLORWHEEL_4000_EDITED_IMG_0575_0010,COLORWHEEL_4000_EDITED,train,4000,Abnormal,Abnormal,Abnormal,2,,,COLORWHEEL_4000_SEMIQUANT_EDITED.zip,1,1,0,,220.212799,0.176918,0.743118,217.200806,0.20939,0.686406,220.871994,0.126728,0.645459,200.156799,0.083053,0.590118,0.0,0.0,0.0,0.0,0.0,0.0,0.0,0.0,0.0,0.0,0.0,0.0,0.0,0.0,0.0,0.0,0.0,0.0
COLORWHEEL_4000_EDITED_IMG_0575_0010,COLORWHEEL_4000_EDITED,train,4000,Abnormal,Abnormal,Abnormal,2,,,COLORWHEEL_4000_SEMIQUANT_EDITED.zip,1,1,0,,220.212799,0.176918,0.743118,217.200806,0.20939,0.686406,220.871994,0.126728,0.645459,200.156799,0.083053,0.590118,0.0,0.0,0.0,0.0,0.0,0.0,0.0,0.0,0.0,0.0,0.0,0.0,0.0,0.0,0.0,0.0,0.0,0.0
COLORWHEEL_4000_EDITED_IMG_0575_0010,COLORWHEEL_4000_EDITED,train,4000,Abnormal,Abnormal,Abnormal,2,,,COLORWHEEL_4000_SEMIQUANT_EDITED.zip,1,1,0,,220.212799,0.176918,0.743118,217.200806,0.20939,0.686406,220.871994,0.126728,0.645459,200.156799,0.083053,0.590118,0.0,0.0,0.0,0.0,0.0,0.0,0.0,0.0,0.0,0.0,0.0,0.0,0.0,0.0,0.0,0.0,0.0,0.0
COLORWHEEL_4000_EDITED_IMG_0575_0010,COLORWHEEL_4000_EDITED,train,4000,Abnormal,Abnormal,Abnormal,2,,,COLORWHEEL_4000_SEMIQUANT_EDITED.zip,1,1,0,,220.212799,0.176918,0.743118,217.200806,0.20939,0.686406,220.871994,0.126728,0.645459,200.156799,0.083053,0.590118,0.0,0.0,0.0,0.0,0.0,0.0,0.0,0.0,0.0,0.0,0.0,0.0,0.0,0.0,0.0,0.0,0.0,0.0
COLORWHEEL_4000_EDITED_IMG_0575_0010,COLORWHEEL_4000_EDITED,train,4000,Abnormal,Abnormal,Abnormal,2,,,COLORWHEEL_4000_SEMIQUANT_EDITED.zip,1,1,0,,220.212799,0.176918,0.743118,217.200806,0.20939,0.686406,220.871994,0.126728,0.645459,200.156799,0.083053,0.590118,0.0,0.0,0.0,0.0,0.0,0.0,0.0,0.0,0.0,0.0,0.0,0.0,0.0,0.0,0.0,0.0,0.0,0.0
COLORWHEEL_4000_EDITED_IMG_0575_0010,COLORWHEEL_4000_EDITED,train,4000,Abnormal,Abnormal,Abnormal,2,,,COLORWHEEL_4000_SEMIQUANT_EDITED.zip,1,1,0,,220.212799,0.176918,0.743118,217.200806,0.20939,0.686406,220.871994,0.126728,0.645459,200.156799,0.083053,0.590118,0.0,0.0,0.0,0.0,0.0,0.0,0.0,0.0,0.0,0.0,0.0,0.0,0.0,0.0,0.0,0.0,0.0,0.0
COLORWHEEL_4000_EDITED_IMG_0575_0010,COLORWHEEL_4000_EDITED,train,4000,Abnormal,Abnormal,Abnormal,2,,,COLORWHEEL_4000_SEMIQUANT_EDITED.zip,1,1,0,,220.212799,0.176918,0.743118,217.200806,0.20939,0.686406,220.871994,0.126728,0.645459,200.156799,0.083053,0.590118,0.0,0.0,0.0,0.0,0.0,0.0,0.0,0.0,0.0,0.0,0.0,0.0,0.0,0.0,0.0,0.0,0.0,0.0
COLORWHEEL_4000_EDITED_IMG_0576_0011,COLORWHEEL_4000_EDITED,train,4000,Normal,Normal,Normal,1,,,COLORWHEEL_4000_SEMIQUANT_EDITED.zip,1,1,0,,140.700806,0.119214,0.633427,133.059204,0.112755,0.726097,133.425598,0.095812,0.717859,126.452003,0.088687,0.787669,124.204002,0.082982,0.764847,106.3088,0.224734,0.532444,105.463203,0.334108,0.409305,101.838402,0.196116,0.581594,97.991997,0.105578,0.738381,94.833603,0.110885,0.723198
COLORWHEEL_4000_EDITED_IMG_0576_0011,COLORWHEEL_4000_EDITED,train,4000,Normal,Normal,Normal,1,,,COLORWHEEL_4000_SEMIQUANT_EDITED.zip,1,1,0,,140.700806,0.119214,0.633427,133.059204,0.112755,0.726097,133.425598,0.095812,0.717859,126.452003,0.088687,0.787669,124.204002,0.082982,0.764847,106.3088,0.224734,0.532444,105.463203,0.334108,0.409305,101.838402,0.196116,0.581594,97.991997,0.105578,0.738381,94.833603,0.110885,0.723198
COLORWHEEL_4000_EDITED_IMG_0576_0011,COLORWHEEL_4000_EDITED,train,4000,Normal,Normal,Normal,1,,,COLORWHEEL_4000_SEMIQUANT_EDITED.zip,1,1,0,,140.700806,0.119214,0.633427,133.059204,0.112755,0.726097,133.425598,0.095812,0.717859,126.452003,0.088687,0.787669,124.204002,0.082982,0.764847,106.3088,0.224734,0.532444,105.463203,0.334108,0.409305,101.838402,0.196116,0.581594,97.991997,0.105578,0.738381,94.833603,0.110885,0.723198
COLORWHEEL_4000_EDITED_IMG_0576_0011,COLORWHEEL_4000_EDITED,train,4000,Abnormal,Abnormal,Abnormal,2,,,COLORWHEEL_4000_SEMIQUANT_EDITED.zip,1,1,0,,140.700806,0.119214,0.633427,133.059204,0.112755,0.726097,133.425598,0.095812,0.717859,126.452003,0.088687,0.787669,124.204002,0.082982,0.764847,106.3088,0.224734,0.532444,105.463203,0.334108,0.409305,101.838402,0.196116,0.581594,97.991997,0.105578,0.738381,94.833603,0.110885,0.723198
COLORWHEEL_4000_EDITED_IMG_0576_0011,COLORWHEEL_4000_EDITED,train,4000,Abnormal,Abnormal,Abnormal,2,,,COLORWHEEL_4000_SEMIQUANT_EDITED.zip,1,1,0,,140.700806,0.119214,0.633427,133.059204,0.112755,0.726097,133.425598,0.095812,0.717859,126.452003,0.088687,0.787669,124.204002,0.082982,0.764847,106.3088,0.224734,0.532444,105.463203,0.334108,0.409305,101.838402,0.196116,0.581594,97.991997,0.105578,0.738381,94.833603,0.110885,0.723198
COLORWHEEL_4000_EDITED_IMG_0576_0011,COLORWHEEL_4000_EDITED,train,4000,Abnormal,Abnormal,Abnormal,2,,,COLORWHEEL_4000_SEMIQUANT_EDITED.zip,1,1,0,,140.700806,0.119214,0.633427,133.059204,0.112755,0.726097,133.425598,0.095812,0.717859,126.452003,0.088687,0.787669,124.204002,0.082982,0.764847,106.3088,0.224734,0.532444,105.463203,0.334108,0.409305,101.838402,0.196116,0.581594,97.991997,0.105578,0.738381,94.833603,0.110885,0.723198
COLORWHEEL_4000_EDITED_IMG_0576_0011,COLORWHEEL_4000_EDITED,train,4000,Normal,Normal,Normal,1,,,COLORWHEEL_4000_SEMIQUANT_EDITED.zip,1,1,0,,140.700806,0.119214,0.633427,133.059204,0.112755,0.726097,133.425598,0.095812,0.717859,126.452003,0.088687,0.787669,124.204002,0.082982,0.764847,106.3088,0.224734,0.532444,105.463203,0.334108,0.409305,101.838402,0.196116,0.581594,97.991997,0.105578,0.738381,94.833603,0.110885,0.723198
COLORWHEEL_4000_EDITED_IMG_0576_0011,COLORWHEEL_4000_EDITED,train,4000,Abnormal,Abnormal,Abnormal,2,,,COLORWHEEL_4000_SEMIQUANT_EDITED.zip,1,1,0,,140.700806,0.119214,0.633427,133.059204,0.112755,0.726097,133.425598,0.095812,0.717859,126.452003,0.088687,0.787669,124.204002,0.082982,0.764847,106.3088,0.224734,0.532444,105.463203,0.334108,0.409305,101.838402,0.196116,0.581594,97.991997,0.105578,0.738381,94.833603,0.110885,0.723198
COLORWHEEL_4000_EDITED_IMG_0576_0011,COLORWHEEL_4000_EDITED,train,4000,Abnormal,Abnormal,Abnormal,2,,,COLORWHEEL_4000_SEMIQUANT_EDITED.zip,1,1,0,,140.700806,0.119214,0.633427,133.059204,0.112755,0.726097,133.425598,0.095812,0.717859,126.452003,0.088687,0.787669,124.204002,0.082982,0.764847,106.3088,0.224734,0.532444,105.463203,0.334108,0.409305,101.838402,0.196116,0.581594,97.991997,0.105578,0.738381,94.833603,0.110885,0.723198
COLORWHEEL_4000_EDITED_IMG_0576_0011,COLORWHEEL_4000_EDITED,train,4000,Abnormal,Abnormal,Abnormal,2,,,COLORWHEEL_4000_SEMIQUANT_EDITED.zip,1,1,0,,140.700806,0.119214,0.633427,133.059204,0.112755,0.726097,133.425598,0.095812,0.717859,126.452003,0.088687,0.787669,124.204002,0.082982,0.764847,106.3088,0.224734,0.532444,105.463203,0.334108,0.409305,101.838402,0.196116,0.581594,97.991997,0.105578,0.738381,94.833603,0.110885,0.723198
COLORWHEEL_4000_EDITED_IMG_0578_0012,COLORWHEEL_4000_EDITED,train,4000,Abnormal,Abnormal,Abnormal,2,,,COLORWHEEL_4000_SEMIQUANT_EDITED.zip,1,1,0,,236.796799,0.144469,0.689316,227.122406,0.11701,0.798312,229.287201,0.106436,0.676331,228.002396,0.089054,0.650982,227.114395,0.095522,0.687529,0.0,0.0,0.0,0.0,0.0,0.0,0.0,0.0,0.0,0.0,0.0,0.0,0.0,0.0,0.0
COLORWHEEL_4000_EDITED_IMG_0578_0012,COLORWHEEL_4000_EDITED,train,4000,Abnormal,Abnormal,Abnormal,2,,,COLORWHEEL_4000_SEMIQUANT_EDITED.zip,1,1,0,,236.796799,0.144469,0.689316,227.122406,0.11701,0.798312,229.287201,0.106436,0.676331,228.002396,0.089054,0.650982,227.114395,0.095522,0.687529,0.0,0.0,0.0,0.0,0.0,0.0,0.0,0.0,0.0,0.0,0.0,0.0,0.0,0.0,0.0
COLORWHEEL_4000_EDITED_IMG_0578_0012,COLORWHEEL_4000_EDITED,train,4000,Abnormal,Abnormal,Abnormal,2,,,COLORWHEEL_4000_SEMIQUANT_EDITED.zip,1,1,0,,236.796799,0.144469,0.689316,227.122406,0.11701,0.798312,229.287201,0.106436,0.676331,228.002396,0.089054,0.650982,227.114395,0.095522,0.687529,0.0,0.0,0.0,0.0,0.0,0.0,0.0,0.0,0.0,0.0,0.0,0.0,0.0,0.0,0.0
COLORWHEEL_4000_EDITED_IMG_0578_0012,COLORWHEEL_4000_EDITED,train,4000,Abnormal,Abnormal,Abnormal,2,,,COLORWHEEL_4000_SEMIQUANT_EDITED.zip,1,1,0,,236.796799,0.144469,0.689316,227.122406,0.11701,0.798312,229.287201,0.106436,0.676331,228.002396,0.089054,0.650982,227.114395,0.095522,0.687529,0.0,0.0,0.0,0.0,0.0,0.0,0.0,0.0,0.0,0.0,0.0,0.0,0.0,0.0,0.0
COLORWHEEL_4000_EDITED_IMG_0578_0012,COLORWHEEL_4000_EDITED,train,4000,Abnormal,Abnormal,Abnormal,2,,,COLORWHEEL_4000_SEMIQUANT_EDITED.zip,1,1,0,,236.796799,0.144469,0.689316,227.122406,0.11701,0.798312,229.287201,0.106436,0.676331,228.002396,0.089054,0.650982,227.114395,0.095522,0.687529,0.0,0.0,0.0,0.0,0.0,0.0,0.0,0.0,0.0,0.0,0.0,0.0,0.0,0.0,0.0
COLORWHEEL_4000_EDITED_IMG_0578_0012,COLORWHEEL_4000_EDITED,train,4000,Abnormal,Abnormal,Abnormal,2,,,COLORWHEEL_4000_SEMIQUANT_EDITED.zip,1,1,0,,236.796799,0.144469,0.689316,227.122406,0.11701,0.798312,229.287201,0.106436,0.676331,228.002396,0.089054,0.650982,227.114395,0.095522,0.687529,0.0,0.0,0.0,0.0,0.0,0.0,0.0,0.0,0.0,0.0,0.0,0.0,0.0,0.0,0.0
COLORWHEEL_4000_EDITED_IMG_0578_0012,COLORWHEEL_4000_EDITED,train,4000,Abnormal,Abnormal,Abnormal,2,,,COLORWHEEL_4000_SEMIQUANT_EDITED.zip,1,1,0,,236.796799,0.144469,0.689316,227.122406,0.11701,0.798312,229.287201,0.106436,0.676331,228.002396,0.089054,0.650982,227.114395,0.095522,0.687529,0.0,0.0,0.0,0.0,0.0,0.0,0.0,0.0,0.0,0.0,0.0,0.0,0.0,0.0,0.0
COLORWHEEL_4000_EDITED_IMG_0578_0012,COLORWHEEL_4000_EDITED,train,4000,Abnormal,Abnormal,Abnormal,2,,,COLORWHEEL_4000_SEMIQUANT_EDITED.zip,1,1,0,,236.796799,0.144469,0.689316,227.122406,0.11701,0.798312,229.287201,0.106436,0.676331,228.002396,0.089054,0.650982,227.114395,0.095522,0.687529,0.0,0.0,0.0,0.0,0.0,0.0,0.0,0.0,0.0,0.0,0.0,0.0,0.0,0.0,0.0
COLORWHEEL_4000_EDITED_IMG_0578_0012,COLORWHEEL_4000_EDITED,train,4000,Abnormal,Abnormal,Abnormal,2,,,COLORWHEEL_4000_SEMIQUANT_EDITED.zip,1,1,0,,236.796799,0.144469,0.689316,227.122406,0.11701,0.798312,229.287201,0.106436,0.676331,228.002396,0.089054,0.650982,227.114395,0.095522,0.687529,0.0,0.0,0.0,0.0,0.0,0.0,0.0,0.0,0.0,0.0,0.0,0.0,0.0,0.0,0.0
COLORWHEEL_4000_EDITED_IMG_0578_0012,COLORWHEEL_4000_EDITED,train,4000,Abnormal,Abnormal,Abnormal,2,,,COLORWHEEL_4000_SEMIQUANT_EDITED.zip,1,1,0,,236.796799,0.144469,0.689316,227.122406,0.11701,0.798312,229.287201,0.106436,0.676331,228.002396,0.089054,0.650982,227.114395,0.095522,0.687529,0.0,0.0,0.0,0.0,0.0,0.0,0.0,0.0,0.0,0.0,0.0,0.0,0.0,0.0,0.0
COLORWHEEL_4000_EDITED_IMG_0581_0013,COLORWHEEL_4000_EDITED,train,4000,Abnormal,Abnormal,Abnormal,2,,,COLORWHEEL_4000_SEMIQUANT_EDITED.zip,1,1,0,,218.167999,0.173068,0.780047,212.478394,0.275349,0.675129,213.575195,0.1823,0.633351,205.305603,0.09512,0.590312,0.0,0.0,0.0,0.0,0.0,0.0,0.0,0.0,0.0,0.0,0.0,0.0,0.0,0.0,0.0,0.0,0.0,0.0
COLORWHEEL_4000_EDITED_IMG_0581_0013,COLORWHEEL_4000_EDITED,train,4000,Normal,Normal,Normal,1,,,COLORWHEEL_4000_SEMIQUANT_EDITED.zip,1,1,0,,218.167999,0.173068,0.780047,212.478394,0.275349,0.675129,213.575195,0.1823,0.633351,205.305603,0.09512,0.590312,0.0,0.0,0.0,0.0,0.0,0.0,0.0,0.0,0.0,0.0,0.0,0.0,0.0,0.0,0.0,0.0,0.0,0.0
COLORWHEEL_4000_EDITED_IMG_0581_0013,COLORWHEEL_4000_EDITED,train,4000,Abnormal,Abnormal,Abnormal,2,,,COLORWHEEL_4000_SEMIQUANT_EDITED.zip,1,1,0,,218.167999,0.173068,0.780047,212.478394,0.275349,0.675129,213.575195,0.1823,0.633351,205.305603,0.09512,0.590312,0.0,0.0,0.0,0.0,0.0,0.0,0.0,0.0,0.0,0.0,0.0,0.0,0.0,0.0,0.0,0.0,0.0,0.0
COLORWHEEL_4000_EDITED_IMG_0581_0013,COLORWHEEL_4000_EDITED,train,4000,Normal,Normal,Normal,1,,,COLORWHEEL_4000_SEMIQUANT_EDITED.zip,1,1,0,,218.167999,0.173068,0.780047,212.478394,0.275349,0.675129,213.575195,0.1823,0.633351,205.305603,0.09512,0.590312,0.0,0.0,0.0,0.0,0.0,0.0,0.0,0.0,0.0,0.0,0.0,0.0,0.0,0.0,0.0,0.0,0.0,0.0
COLORWHEEL_4000_EDITED_IMG_0581_0013,COLORWHEEL_4000_EDITED,train,4000,Abnormal,Abnormal,Abnormal,2,,,COLORWHEEL_4000_SEMIQUANT_EDITED.zip,1,1,0,,218.167999,0.173068,0.780047,212.478394,0.275349,0.675129,213.575195,0.1823,0.633351,205.305603,0.09512,0.590312,0.0,0.0,0.0,0.0,0.0,0.0,0.0,0.0,0.0,0.0,0.0,0.0,0.0,0.0,0.0,0.0,0.0,0.0
COLORWHEEL_4000_EDITED_IMG_0581_0013,COLORWHEEL_4000_EDITED,train,4000,Normal,Normal,Normal,1,,,COLORWHEEL_4000_SEMIQUANT_EDITED.zip,1,1,0,,218.167999,0.173068,0.780047,212.478394,0.275349,0.675129,213.575195,0.1823,0.633351,205.305603,0.09512,0.590312,0.0,0.0,0.0,0.0,0.0,0.0,0.0,0.0,0.0,0.0,0.0,0.0,0.0,0.0,0.0,0.0,0.0,0.0
COLORWHEEL_4000_EDITED_IMG_0581_0013,COLORWHEEL_4000_EDITED,train,4000,Abnormal,Abnormal,Abnormal,2,,,COLORWHEEL_4000_SEMIQUANT_EDITED.zip,1,1,0,,218.167999,0.173068,0.780047,212.478394,0.275349,0.675129,213.575195,0.1823,0.633351,205.305603,0.09512,0.590312,0.0,0.0,0.0,0.0,0.0,0.0,0.0,0.0,0.0,0.0,0.0,0.0,0.0,0.0,0.0,0.0,0.0,0.0
COLORWHEEL_4000_EDITED_IMG_0581_0013,COLORWHEEL_4000_EDITED,train,4000,Normal,Normal,Normal,1,,,COLORWHEEL_4000_SEMIQUANT_EDITED.zip,1,1,0,,218.167999,0.173068,0.780047,212.478394,0.275349,0.675129,213.575195,0.1823,0.633351,205.305603,0.09512,0.590312,0.0,0.0,0.0,0.0,0.0,0.0,0.0,0.0,0.0,0.0,0.0,0.0,0.0,0.0,0.0,0.0,0.0,0.0
COLORWHEEL_4000_EDITED_IMG_0581_0013,COLORWHEEL_4000_EDITED,train,4000,Normal,Normal,Normal,1,,,COLORWHEEL_4000_SEMIQUANT_EDITED.zip,1,1,0,,218.167999,0.173068,0.780047,212.478394,0.275349,0.675129,213.575195,0.1823,0.633351,205.305603,0.09512,0.590312,0.0,0.0,0.0,0.0,0.0,0.0,0.0,0.0,0.0,0.0,0.0,0.0,0.0,0.0,0.0,0.0,0.0,0.0
COLORWHEEL_4000_EDITED_IMG_0581_0013,COLORWHEEL_4000_EDITED,train,4000,Normal,Normal,Normal,1,,,COLORWHEEL_4000_SEMIQUANT_EDITED.zip,1,1,0,,218.167999,0.173068,0.780047,212.478394,0.275349,0.675129,213.575195,0.1823,0.633351,205.305603,0.09512,0.590312,0.0,0.0,0.0,0.0,0.0,0.0,0.0,0.0,0.0,0.0,0.0,0.0,0.0,0.0,0.0,0.0,0.0,0.0
COLORWHEEL_4000_EDITED_IMG_0584_0014,COLORWHEEL_4000_EDITED,train,4000,Abnormal,Abnormal,Abnormal,2,,,COLORWHEEL_4000_SEMIQUANT_EDITED.zip,1,1,0,,228.889603,0.130921,0.758444,232.244797,0.111567,0.769167,230.632797,0.111445,0.696869,243.525604,0.099614,0.529504,255.020798,0.098925,0.503106,23.2808,0.011834,0.041798,0.0,0.0,0.0,0.0,0.0,0.0,0.0,0.0,0.0,0.0,0.0,0.0
COLORWHEEL_4000_EDITED_IMG_0584_0014,COLORWHEEL_4000_EDITED,train,4000,Abnormal,Abnormal,Abnormal,2,,,COLORWHEEL_4000_SEMIQUANT_EDITED.zip,1,1,0,,228.889603,0.130921,0.758444,232.244797,0.111567,0.769167,230.632797,0.111445,0.696869,243.525604,0.099614,0.529504,255.020798,0.098925,0.503106,23.2808,0.011834,0.041798,0.0,0.0,0.0,0.0,0.0,0.0,0.0,0.0,0.0,0.0,0.0,0.0
COLORWHEEL_4000_EDITED_IMG_0584_0014,COLORWHEEL_4000_EDITED,train,4000,Abnormal,Abnormal,Abnormal,2,,,COLORWHEEL_4000_SEMIQUANT_EDITED.zip,1,1,0,,228.889603,0.130921,0.758444,232.244797,0.111567,0.769167,230.632797,0.111445,0.696869,243.525604,0.099614,0.529504,255.020798,0.098925,0.503106,23.2808,0.011834,0.041798,0.0,0.0,0.0,0.0,0.0,0.0,0.0,0.0,0.0,0.0,0.0,0.0
COLORWHEEL_4000_EDITED_IMG_0584_0014,COLORWHEEL_4000_EDITED,train,4000,Abnormal,Abnormal,Abnormal,2,,,COLORWHEEL_4000_SEMIQUANT_EDITED.zip,1,1,0,,228.889603,0.130921,0.758444,232.244797,0.111567,0.769167,230.632797,0.111445,0.696869,243.525604,0.099614,0.529504,255.020798,0.098925,0.503106,23.2808,0.011834,0.041798,0.0,0.0,0.0,0.0,0.0,0.0,0.0,0.0,0.0,0.0,0.0,0.0
COLORWHEEL_4000_EDITED_IMG_0584_0014,COLORWHEEL_4000_EDITED,train,4000,Abnormal,Abnormal,Abnormal,2,,,COLORWHEEL_4000_SEMIQUANT_EDITED.zip,1,1,0,,228.889603,0.130921,0.758444,232.244797,0.111567,0.769167,230.632797,0.111445,0.696869,243.525604,0.099614,0.529504,255.020798,0.098925,0.503106,23.2808,0.011834,0.041798,0.0,0.0,0.0,0.0,0.0,0.0,0.0,0.0,0.0,0.0,0.0,0.0
COLORWHEEL_4000_EDITED_IMG_0584_0014,COLORWHEEL_4000_EDITED,train,4000,Abnormal,Abnormal,Abnormal,2,,,COLORWHEEL_4000_SEMIQUANT_EDITED.zip,1,1,0,,228.889603,0.130921,0.758444,232.244797,0.111567,0.769167,230.632797,0.111445,0.696869,243.525604,0.099614,0.529504,255.020798,0.098925,0.503106,23.2808,0.011834,0.041798,0.0,0.0,0.0,0.0,0.0,0.0,0.0,0.0,0.0,0.0,0.0,0.0
COLORWHEEL_4000_EDITED_IMG_0584_0014,COLORWHEEL_4000_EDITED,train,4000,Abnormal,Abnormal,Abnormal,2,,,COLORWHEEL_4000_SEMIQUANT_EDITED.zip,1,1,0,,228.889603,0.130921,0.758444,232.244797,0.111567,0.769167,230.632797,0.111445,0.696869,243.525604,0.099614,0.529504,255.020798,0.098925,0.503106,23.2808,0.011834,0.041798,0.0,0.0,0.0,0.0,0.0,0.0,0.0,0.0,0.0,0.0,0.0,0.0
COLORWHEEL_4000_EDITED_IMG_0584_0014,COLORWHEEL_4000_EDITED,train,4000,Abnormal,Abnormal,Abnormal,2,,,COLORWHEEL_4000_SEMIQUANT_EDITED.zip,1,1,0,,228.889603,0.130921,0.758444,232.244797,0.111567,0.769167,230.632797,0.111445,0.696869,243.525604,0.099614,0.529504,255.020798,0.098925,0.503106,23.2808,0.011834,0.041798,0.0,0.0,0.0,0.0,0.0,0.0,0.0,0.0,0.0,0.0,0.0,0.0
COLORWHEEL_4000_EDITED_IMG_0584_0014,COLORWHEEL_4000_EDITED,train,4000,Abnormal,Abnormal,Abnormal,2,,,COLORWHEEL_4000_SEMIQUANT_EDITED.zip,1,1,0,,228.889603,0.130921,0.758444,232.244797,0.111567,0.769167,230.632797,0.111445,0.696869,243.525604,0.099614,0.529504,255.020798,0.098925,0.503106,23.2808,0.011834,0.041798,0.0,0.0,0.0,0.0,0.0,0.0,0.0,0.0,0.0,0.0,0.0,0.0
COLORWHEEL_4000_EDITED_IMG_0584_0014,COLORWHEEL_4000_EDITED,train,4000,Abnormal,Abnormal,Abnormal,2,,,COLORWHEEL_4000_SEMIQUANT_EDITED.zip,1,1,0,,228.889603,0.130921,0.758444,232.244797,0.111567,0.769167,230.632797,0.111445,0.696869,243.525604,0.099614,0.529504,255.020798,0.098925,0.503106,23.2808,0.011834,0.041798,0.0,0.0,0.0,0.0,0.0,0.0,0.0,0.0,0.0,0.0,0.0,0.0
COLORWHEEL_4000_EDITED_IMG_0587_0015,COLORWHEEL_4000_EDITED,train,4000,Abnormal,Abnormal,Abnormal,2,,,COLORWHEEL_4000_SEMIQUANT_EDITED.zip,1,1,0,,228.0728,0.141037,0.766381,232.470398,0.121773,0.780494,229.129593,0.12502,0.719823,232.829605,0.102711,0.639071,232.343994,0.103948,0.662221,28.4328,0.01325,0.084276,0.0,0.0,0.0,0.0,0.0,0.0,0.0,0.0,0.0,0.0,0.0,0.0
COLORWHEEL_4000_EDITED_IMG_0587_0015,COLORWHEEL_4000_EDITED,train,4000,Normal,Normal,Normal,1,,,COLORWHEEL_4000_SEMIQUANT_EDITED.zip,1,1,0,,228.0728,0.141037,0.766381,232.470398,0.121773,0.780494,229.129593,0.12502,0.719823,232.829605,0.102711,0.639071,232.343994,0.103948,0.662221,28.4328,0.01325,0.084276,0.0,0.0,0.0,0.0,0.0,0.0,0.0,0.0,0.0,0.0,0.0,0.0
COLORWHEEL_4000_EDITED_IMG_0587_0015,COLORWHEEL_4000_EDITED,train,4000,Abnormal,Abnormal,Abnormal,2,,,COLORWHEEL_4000_SEMIQUANT_EDITED.zip,1,1,0,,228.0728,0.141037,0.766381,232.470398,0.121773,0.780494,229.129593,0.12502,0.719823,232.829605,0.102711,0.639071,232.343994,0.103948,0.662221,28.4328,0.01325,0.084276,0.0,0.0,0.0,0.0,0.0,0.0,0.0,0.0,0.0,0.0,0.0,0.0
COLORWHEEL_4000_EDITED_IMG_0587_0015,COLORWHEEL_4000_EDITED,train,4000,Abnormal,Abnormal,Abnormal,2,,,COLORWHEEL_4000_SEMIQUANT_EDITED.zip,1,1,0,,228.0728,0.141037,0.766381,232.470398,0.121773,0.780494,229.129593,0.12502,0.719823,232.829605,0.102711,0.639071,232.343994,0.103948,0.662221,28.4328,0.01325,0.084276,0.0,0.0,0.0,0.0,0.0,0.0,0.0,0.0,0.0,0.0,0.0,0.0
COLORWHEEL_4000_EDITED_IMG_0587_0015,COLORWHEEL_4000_EDITED,train,4000,Abnormal,Abnormal,Abnormal,2,,,COLORWHEEL_4000_SEMIQUANT_EDITED.zip,1,1,0,,228.0728,0.141037,0.766381,232.470398,0.121773,0.780494,229.129593,0.12502,0.719823,232.829605,0.102711,0.639071,232.343994,0.103948,0.662221,28.4328,0.01325,0.084276,0.0,0.0,0.0,0.0,0.0,0.0,0.0,0.0,0.0,0.0,0.0,0.0
COLORWHEEL_4000_EDITED_IMG_0587_0015,COLORWHEEL_4000_EDITED,train,4000,Abnormal,Abnormal,Abnormal,2,,,COLORWHEEL_4000_SEMIQUANT_EDITED.zip,1,1,0,,228.0728,0.141037,0.766381,232.470398,0.121773,0.780494,229.129593,0.12502,0.719823,232.829605,0.102711,0.639071,232.343994,0.103948,0.662221,28.4328,0.01325,0.084276,0.0,0.0,0.0,0.0,0.0,0.0,0.0,0.0,0.0,0.0,0.0,0.0
COLORWHEEL_4000_EDITED_IMG_0587_0015,COLORWHEEL_4000_EDITED,train,4000,Abnormal,Abnormal,Abnormal,2,,,COLORWHEEL_4000_SEMIQUANT_EDITED.zip,1,1,0,,228.0728,0.141037,0.766381,232.470398,0.121773,0.780494,229.129593,0.12502,0.719823,232.829605,0.102711,0.639071,232.343994,0.103948,0.662221,28.4328,0.01325,0.084276,0.0,0.0,0.0,0.0,0.0,0.0,0.0,0.0,0.0,0.0,0.0,0.0
COLORWHEEL_4000_EDITED_IMG_0587_0015,COLORWHEEL_4000_EDITED,train,4000,Abnormal,Abnormal,Abnormal,2,,,COLORWHEEL_4000_SEMIQUANT_EDITED.zip,1,1,0,,228.0728,0.141037,0.766381,232.470398,0.121773,0.780494,229.129593,0.12502,0.719823,232.829605,0.102711,0.639071,232.343994,0.103948,0.662221,28.4328,0.01325,0.084276,0.0,0.0,0.0,0.0,0.0,0.0,0.0,0.0,0.0,0.0,0.0,0.0
COLORWHEEL_4000_EDITED_IMG_0587_0015,COLORWHEEL_4000_EDITED,train,4000,Abnormal,Abnormal,Abnormal,2,,,COLORWHEEL_4000_SEMIQUANT_EDITED.zip,1,1,0,,228.0728,0.141037,0.766381,232.470398,0.121773,0.780494,229.129593,0.12502,0.719823,232.829605,0.102711,0.639071,232.343994,0.103948,0.662221,28.4328,0.01325,0.084276,0.0,0.0,0.0,0.0,0.0,0.0,0.0,0.0,0.0,0.0,0.0,0.0
COLORWHEEL_4000_EDITED_IMG_0587_0015,COLORWHEEL_4000_EDITED,train,4000,Abnormal,Abnormal,Abnormal,2,,,COLORWHEEL_4000_SEMIQUANT_EDITED.zip,1,1,0,,228.0728,0.141037,0.766381,232.470398,0.121773,0.780494,229.129593,0.12502,0.719823,232.829605,0.102711,0.639071,232.343994,0.103948,0.662221,28.4328,0.01325,0.084276,0.0,0.0,0.0,0.0,0.0,0.0,0.0,0.0,0.0,0.0,0.0,0.0
COLORWHEEL_4000_EDITED_IMG_0590_0016,COLORWHEEL_4000_EDITED,train,4000,Normal,Normal,Normal,1,,,COLORWHEEL_4000_SEMIQUANT_EDITED.zip,1,1,0,,222.925598,0.19611,0.664337,236.538406,0.091252,0.687882,273.653595,0.045024,0.558659,272.0336,0.030861,0.505285,0.0,0.0,0.0,0.0,0.0,0.0,0.0,0.0,0.0,0.0,0.0,0.0,0.0,0.0,0.0,0.0,0.0,0.0
COLORWHEEL_4000_EDITED_IMG_0590_0016,COLORWHEEL_4000_EDITED,train,4000,Abnormal,Abnormal,Abnormal,2,,,COLORWHEEL_4000_SEMIQUANT_EDITED.zip,1,1,0,,222.925598,0.19611,0.664337,236.538406,0.091252,0.687882,273.653595,0.045024,0.558659,272.0336,0.030861,0.505285,0.0,0.0,0.0,0.0,0.0,0.0,0.0,0.0,0.0,0.0,0.0,0.0,0.0,0.0,0.0,0.0,0.0,0.0
COLORWHEEL_4000_EDITED_IMG_0590_0016,COLORWHEEL_4000_EDITED,train,4000,Normal,Normal,Normal,1,,,COLORWHEEL_4000_SEMIQUANT_EDITED.zip,1,1,0,,222.925598,0.19611,0.664337,236.538406,0.091252,0.687882,273.653595,0.045024,0.558659,272.0336,0.030861,0.505285,0.0,0.0,0.0,0.0,0.0,0.0,0.0,0.0,0.0,0.0,0.0,0.0,0.0,0.0,0.0,0.0,0.0,0.0
COLORWHEEL_4000_EDITED_IMG_0590_0016,COLORWHEEL_4000_EDITED,train,4000,Abnormal,Abnormal,Abnormal,2,,,COLORWHEEL_4000_SEMIQUANT_EDITED.zip,1,1,0,,222.925598,0.19611,0.664337,236.538406,0.091252,0.687882,273.653595,0.045024,0.558659,272.0336,0.030861,0.505285,0.0,0.0,0.0,0.0,0.0,0.0,0.0,0.0,0.0,0.0,0.0,0.0,0.0,0.0,0.0,0.0,0.0,0.0
COLORWHEEL_4000_EDITED_IMG_0590_0016,COLORWHEEL_4000_EDITED,train,4000,Normal,Normal,Normal,1,,,COLORWHEEL_4000_SEMIQUANT_EDITED.zip,1,1,0,,222.925598,0.19611,0.664337,236.538406,0.091252,0.687882,273.653595,0.045024,0.558659,272.0336,0.030861,0.505285,0.0,0.0,0.0,0.0,0.0,0.0,0.0,0.0,0.0,0.0,0.0,0.0,0.0,0.0,0.0,0.0,0.0,0.0
COLORWHEEL_4000_EDITED_IMG_0590_0016,COLORWHEEL_4000_EDITED,train,4000,Abnormal,Abnormal,Abnormal,2,,,COLORWHEEL_4000_SEMIQUANT_EDITED.zip,1,1,0,,222.925598,0.19611,0.664337,236.538406,0.091252,0.687882,273.653595,0.045024,0.558659,272.0336,0.030861,0.505285,0.0,0.0,0.0,0.0,0.0,0.0,0.0,0.0,0.0,0.0,0.0,0.0,0.0,0.0,0.0,0.0,0.0,0.0
COLORWHEEL_4000_EDITED_IMG_0590_0016,COLORWHEEL_4000_EDITED,train,4000,Abnormal,Abnormal,Abnormal,2,,,COLORWHEEL_4000_SEMIQUANT_EDITED.zip,1,1,0,,222.925598,0.19611,0.664337,236.538406,0.091252,0.687882,273.653595,0.045024,0.558659,272.0336,0.030861,0.505285,0.0,0.0,0.0,0.0,0.0,0.0,0.0,0.0,0.0,0.0,0.0,0.0,0.0,0.0,0.0,0.0,0.0,0.0
COLORWHEEL_4000_EDITED_IMG_0590_0016,COLORWHEEL_4000_EDITED,train,4000,Abnormal,Abnormal,Abnormal,2,,,COLORWHEEL_4000_SEMIQUANT_EDITED.zip,1,1,0,,222.925598,0.19611,0.664337,236.538406,0.091252,0.687882,273.653595,0.045024,0.558659,272.0336,0.030861,0.505285,0.0,0.0,0.0,0.0,0.0,0.0,0.0,0.0,0.0,0.0,0.0,0.0,0.0,0.0,0.0,0.0,0.0,0.0
COLORWHEEL_4000_EDITED_IMG_0590_0016,COLORWHEEL_4000_EDITED,train,4000,Abnormal,Abnormal,Abnormal,2,,,COLORWHEEL_4000_SEMIQUANT_EDITED.zip,1,1,0,,222.925598,0.19611,0.664337,236.538406,0.091252,0.687882,273.653595,0.045024,0.558659,272.0336,0.030861,0.505285,0.0,0.0,0.0,0.0,0.0,0.0,0.0,0.0,0.0,0.0,0.0,0.0,0.0,0.0,0.0,0.0,0.0,0.0
COLORWHEEL_4000_EDITED_IMG_0590_0016,COLORWHEEL_4000_EDITED,train,4000,Abnormal,Abnormal,Abnormal,2,,,COLORWHEEL_4000_SEMIQUANT_EDITED.zip,1,1,0,,222.925598,0.19611,0.664337,236.538406,0.091252,0.687882,273.653595,0.045024,0.558659,272.0336,0.030861,0.505285,0.0,0.0,0.0,0.0,0.0,0.0,0.0,0.0,0.0,0.0,0.0,0.0,0.0,0.0,0.0,0.0,0.0,0.0
COLORWHEEL_4000_EDITED_IMG_0593_0017,COLORWHEEL_4000_EDITED,train,4000,Abnormal,Abnormal,Abnormal,2,,,COLORWHEEL_4000_SEMIQUANT_EDITED.zip,1,1,0,,230.029602,0.132381,0.666045,230.108795,0.104436,0.773991,228.852005,0.1036,0.68074,229.080002,0.09362,0.62643,16.584,0.006775,0.04522,0.0,0.0,0.0,0.0,0.0,0.0,0.0,0.0,0.0,0.0,0.0,0.0,0.0,0.0,0.0
COLORWHEEL_4000_EDITED_IMG_0593_0017,COLORWHEEL_4000_EDITED,train,4000,Normal,Normal,Normal,1,,,COLORWHEEL_4000_SEMIQUANT_EDITED.zip,1,1,0,,230.029602,0.132381,0.666045,230.108795,0.104436,0.773991,228.852005,0.1036,0.68074,229.080002,0.09362,0.62643,16.584,0.006775,0.04522,0.0,0.0,0.0,0.0,0.0,0.0,0.0,0.0,0.0,0.0,0.0,0.0,0.0,0.0,0.0
COLORWHEEL_4000_EDITED_IMG_0593_0017,COLORWHEEL_4000_EDITED,train,4000,Abnormal,Abnormal,Abnormal,2,,,COLORWHEEL_4000_SEMIQUANT_EDITED.zip,1,1,0,,230.029602,0.132381,0.666045,230.108795,0.104436,0.773991,228.852005,0.1036,0.68074,229.080002,0.09362,0.62643,16.584,0.006775,0.04522,0.0,0.0,0.0,0.0,0.0,0.0,0.0,0.0,0.0,0.0,0.0,0.0,0.0,0.0,0.0
COLORWHEEL_4000_EDITED_IMG_0593_0017,COLORWHEEL_4000_EDITED,train,4000,Abnormal,Abnormal,Abnormal,2,,,COLORWHEEL_4000_SEMIQUANT_EDITED.zip,1,1,0,,230.029602,0.132381,0.666045,230.108795,0.104436,0.773991,228.852005,0.1036,0.68074,229.080002,0.09362,0.62643,16.584,0.006775,0.04522,0.0,0.0,0.0,0.0,0.0,0.0,0.0,0.0,0.0,0.0,0.0,0.0,0.0,0.0,0.0
COLORWHEEL_4000_EDITED_IMG_0593_0017,COLORWHEEL_4000_EDITED,train,4000,Abnormal,Abnormal,Abnormal,2,,,COLORWHEEL_4000_SEMIQUANT_EDITED.zip,1,1,0,,230.029602,0.132381,0.666045,230.108795,0.104436,0.773991,228.852005,0.1036,0.68074,229.080002,0.09362,0.62643,16.584,0.006775,0.04522,0.0,0.0,0.0,0.0,0.0,0.0,0.0,0.0,0.0,0.0,0.0,0.0,0.0,0.0,0.0
COLORWHEEL_4000_EDITED_IMG_0593_0017,COLORWHEEL_4000_EDITED,train,4000,Abnormal,Abnormal,Abnormal,2,,,COLORWHEEL_4000_SEMIQUANT_EDITED.zip,1,1,0,,230.029602,0.132381,0.666045,230.108795,0.104436,0.773991,228.852005,0.1036,0.68074,229.080002,0.09362,0.62643,16.584,0.006775,0.04522,0.0,0.0,0.0,0.0,0.0,0.0,0.0,0.0,0.0,0.0,0.0,0.0,0.0,0.0,0.0
COLORWHEEL_4000_EDITED_IMG_0593_0017,COLORWHEEL_4000_EDITED,train,4000,Abnormal,Abnormal,Abnormal,2,,,COLORWHEEL_4000_SEMIQUANT_EDITED.zip,1,1,0,,230.029602,0.132381,0.666045,230.108795,0.104436,0.773991,228.852005,0.1036,0.68074,229.080002,0.09362,0.62643,16.584,0.006775,0.04522,0.0,0.0,0.0,0.0,0.0,0.0,0.0,0.0,0.0,0.0,0.0,0.0,0.0,0.0,0.0
COLORWHEEL_4000_EDITED_IMG_0593_0017,COLORWHEEL_4000_EDITED,train,4000,Abnormal,Abnormal,Abnormal,2,,,COLORWHEEL_4000_SEMIQUANT_EDITED.zip,1,1,0,,230.029602,0.132381,0.666045,230.108795,0.104436,0.773991,228.852005,0.1036,0.68074,229.080002,0.09362,0.62643,16.584,0.006775,0.04522,0.0,0.0,0.0,0.0,0.0,0.0,0.0,0.0,0.0,0.0,0.0,0.0,0.0,0.0,0.0
COLORWHEEL_4000_EDITED_IMG_0593_0017,COLORWHEEL_4000_EDITED,train,4000,Normal,Normal,Normal,1,,,COLORWHEEL_4000_SEMIQUANT_EDITED.zip,1,1,0,,230.029602,0.132381,0.666045,230.108795,0.104436,0.773991,228.852005,0.1036,0.68074,229.080002,0.09362,0.62643,16.584,0.006775,0.04522,0.0,0.0,0.0,0.0,0.0,0.0,0.0,0.0,0.0,0.0,0.0,0.0,0.0,0.0,0.0
COLORWHEEL_4000_EDITED_IMG_0593_0017,COLORWHEEL_4000_EDITED,train,4000,Abnormal,Abnormal,Abnormal,2,,,COLORWHEEL_4000_SEMIQUANT_EDITED.zip,1,1,0,,230.029602,0.132381,0.666045,230.108795,0.104436,0.773991,228.852005,0.1036,0.68074,229.080002,0.09362,0.62643,16.584,0.006775,0.04522,0.0,0.0,0.0,0.0,0.0,0.0,0.0,0.0,0.0,0.0,0.0,0.0,0.0,0.0,0.0
COLORWHEEL_4000_EDITED_IMG_0596_0018,COLORWHEEL_4000_EDITED,train,4000,Abnormal,Abnormal,Abnormal,2,,,COLORWHEEL_4000_SEMIQUANT_EDITED.zip,1,1,0,,227.220795,0.135341,0.750634,229.957596,0.113878,0.76021,230.192001,0.115788,0.707351,227.744003,0.108588,0.629945,177.636795,0.084645,0.497029,0.0,0.0,0.0,0.0,0.0,0.0,0.0,0.0,0.0,0.0,0.0,0.0,0.0,0.0,0.0
COLORWHEEL_4000_EDITED_IMG_0596_0018,COLORWHEEL_4000_EDITED,train,4000,Abnormal,Abnormal,Abnormal,2,,,COLORWHEEL_4000_SEMIQUANT_EDITED.zip,1,1,0,,227.220795,0.135341,0.750634,229.957596,0.113878,0.76021,230.192001,0.115788,0.707351,227.744003,0.108588,0.629945,177.636795,0.084645,0.497029,0.0,0.0,0.0,0.0,0.0,0.0,0.0,0.0,0.0,0.0,0.0,0.0,0.0,0.0,0.0
COLORWHEEL_4000_EDITED_IMG_0596_0018,COLORWHEEL_4000_EDITED,train,4000,Abnormal,Abnormal,Abnormal,2,,,COLORWHEEL_4000_SEMIQUANT_EDITED.zip,1,1,0,,227.220795,0.135341,0.750634,229.957596,0.113878,0.76021,230.192001,0.115788,0.707351,227.744003,0.108588,0.629945,177.636795,0.084645,0.497029,0.0,0.0,0.0,0.0,0.0,0.0,0.0,0.0,0.0,0.0,0.0,0.0,0.0,0.0,0.0
COLORWHEEL_4000_EDITED_IMG_0596_0018,COLORWHEEL_4000_EDITED,train,4000,Abnormal,Abnormal,Abnormal,2,,,COLORWHEEL_4000_SEMIQUANT_EDITED.zip,1,1,0,,227.220795,0.135341,0.750634,229.957596,0.113878,0.76021,230.192001,0.115788,0.707351,227.744003,0.108588,0.629945,177.636795,0.084645,0.497029,0.0,0.0,0.0,0.0,0.0,0.0,0.0,0.0,0.0,0.0,0.0,0.0,0.0,0.0,0.0
COLORWHEEL_4000_EDITED_IMG_0596_0018,COLORWHEEL_4000_EDITED,train,4000,Abnormal,Abnormal,Abnormal,2,,,COLORWHEEL_4000_SEMIQUANT_EDITED.zip,1,1,0,,227.220795,0.135341,0.750634,229.957596,0.113878,0.76021,230.192001,0.115788,0.707351,227.744003,0.108588,0.629945,177.636795,0.084645,0.497029,0.0,0.0,0.0,0.0,0.0,0.0,0.0,0.0,0.0,0.0,0.0,0.0,0.0,0.0,0.0
COLORWHEEL_4000_EDITED_IMG_0596_0018,COLORWHEEL_4000_EDITED,train,4000,Abnormal,Abnormal,Abnormal,2,,,COLORWHEEL_4000_SEMIQUANT_EDITED.zip,1,1,0,,227.220795,0.135341,0.750634,229.957596,0.113878,0.76021,230.192001,0.115788,0.707351,227.744003,0.108588,0.629945,177.636795,0.084645,0.497029,0.0,0.0,0.0,0.0,0.0,0.0,0.0,0.0,0.0,0.0,0.0,0.0,0.0,0.0,0.0
COLORWHEEL_4000_EDITED_IMG_0596_0018,COLORWHEEL_4000_EDITED,train,4000,Normal,Normal,Normal,1,,,COLORWHEEL_4000_SEMIQUANT_EDITED.zip,1,1,0,,227.220795,0.135341,0.750634,229.957596,0.113878,0.76021,230.192001,0.115788,0.707351,227.744003,0.108588,0.629945,177.636795,0.084645,0.497029,0.0,0.0,0.0,0.0,0.0,0.0,0.0,0.0,0.0,0.0,0.0,0.0,0.0,0.0,0.0
COLORWHEEL_4000_EDITED_IMG_0596_0018,COLORWHEEL_4000_EDITED,train,4000,Abnormal,Abnormal,Abnormal,2,,,COLORWHEEL_4000_SEMIQUANT_EDITED.zip,1,1,0,,227.220795,0.135341,0.750634,229.957596,0.113878,0.76021,230.192001,0.115788,0.707351,227.744003,0.108588,0.629945,177.636795,0.084645,0.497029,0.0,0.0,0.0,0.0,0.0,0.0,0.0,0.0,0.0,0.0,0.0,0.0,0.0,0.0,0.0
COLORWHEEL_4000_EDITED_IMG_0596_0018,COLORWHEEL_4000_EDITED,train,4000,Abnormal,Abnormal,Abnormal,2,,,COLORWHEEL_4000_SEMIQUANT_EDITED.zip,1,1,0,,227.220795,0.135341,0.750634,229.957596,0.113878,0.76021,230.192001,0.115788,0.707351,227.744003,0.108588,0.629945,177.636795,0.084645,0.497029,0.0,0.0,0.0,0.0,0.0,0.0,0.0,0.0,0.0,0.0,0.0,0.0,0.0,0.0,0.0
COLORWHEEL_4000_EDITED_IMG_0596_0018,COLORWHEEL_4000_EDITED,train,4000,Abnormal,Abnormal,Abnormal,2,,,COLORWHEEL_4000_SEMIQUANT_EDITED.zip,1,1,0,,227.220795,0.135341,0.750634,229.957596,0.113878,0.76021,230.192001,0.115788,0.707351,227.744003,0.108588,0.629945,177.636795,0.084645,0.497029,0.0,0.0,0.0,0.0,0.0,0.0,0.0,0.0,0.0,0.0,0.0,0.0,0.0,0.0,0.0
COLORWHEEL_4000_EDITED_IMG_0597_0019,COLORWHEEL_4000_EDITED,train,4000,Abnormal,Abnormal,Abnormal,2,,,COLORWHEEL_4000_SEMIQUANT_EDITED.zip,1,1,0,,224.601593,0.162824,0.764271,209.579193,0.242761,0.662579,209.267197,0.164591,0.639931,224.504807,0.100731,0.653953,0.0,0.0,0.0,0.0,0.0,0.0,0.0,0.0,0.0,0.0,0.0,0.0,0.0,0.0,0.0,0.0,0.0,0.0
COLORWHEEL_4000_EDITED_IMG_0597_0019,COLORWHEEL_4000_EDITED,train,4000,Normal,Normal,Normal,1,,,COLORWHEEL_4000_SEMIQUANT_EDITED.zip,1,1,0,,224.601593,0.162824,0.764271,209.579193,0.242761,0.662579,209.267197,0.164591,0.639931,224.504807,0.100731,0.653953,0.0,0.0,0.0,0.0,0.0,0.0,0.0,0.0,0.0,0.0,0.0,0.0,0.0,0.0,0.0,0.0,0.0,0.0
COLORWHEEL_4000_EDITED_IMG_0597_0019,COLORWHEEL_4000_EDITED,train,4000,Abnormal,Abnormal,Abnormal,2,,,COLORWHEEL_4000_SEMIQUANT_EDITED.zip,1,1,0,,224.601593,0.162824,0.764271,209.579193,0.242761,0.662579,209.267197,0.164591,0.639931,224.504807,0.100731,0.653953,0.0,0.0,0.0,0.0,0.0,0.0,0.0,0.0,0.0,0.0,0.0,0.0,0.0,0.0,0.0,0.0,0.0,0.0
COLORWHEEL_4000_EDITED_IMG_0597_0019,COLORWHEEL_4000_EDITED,train,4000,Normal,Normal,Normal,1,,,COLORWHEEL_4000_SEMIQUANT_EDITED.zip,1,1,0,,224.601593,0.162824,0.764271,209.579193,0.242761,0.662579,209.267197,0.164591,0.639931,224.504807,0.100731,0.653953,0.0,0.0,0.0,0.0,0.0,0.0,0.0,0.0,0.0,0.0,0.0,0.0,0.0,0.0,0.0,0.0,0.0,0.0
COLORWHEEL_4000_EDITED_IMG_0597_0019,COLORWHEEL_4000_EDITED,train,4000,Abnormal,Abnormal,Abnormal,2,,,COLORWHEEL_4000_SEMIQUANT_EDITED.zip,1,1,0,,224.601593,0.162824,0.764271,209.579193,0.242761,0.662579,209.267197,0.164591,0.639931,224.504807,0.100731,0.653953,0.0,0.0,0.0,0.0,0.0,0.0,0.0,0.0,0.0,0.0,0.0,0.0,0.0,0.0,0.0,0.0,0.0,0.0
COLORWHEEL_4000_EDITED_IMG_0597_0019,COLORWHEEL_4000_EDITED,train,4000,Normal,Normal,Normal,1,,,COLORWHEEL_4000_SEMIQUANT_EDITED.zip,1,1,0,,224.601593,0.162824,0.764271,209.579193,0.242761,0.662579,209.267197,0.164591,0.639931,224.504807,0.100731,0.653953,0.0,0.0,0.0,0.0,0.0,0.0,0.0,0.0,0.0,0.0,0.0,0.0,0.0,0.0,0.0,0.0,0.0,0.0
COLORWHEEL_4000_EDITED_IMG_0597_0019,COLORWHEEL_4000_EDITED,train,4000,Abnormal,Abnormal,Abnormal,2,,,COLORWHEEL_4000_SEMIQUANT_EDITED.zip,1,1,0,,224.601593,0.162824,0.764271,209.579193,0.242761,0.662579,209.267197,0.164591,0.639931,224.504807,0.100731,0.653953,0.0,0.0,0.0,0.0,0.0,0.0,0.0,0.0,0.0,0.0,0.0,0.0,0.0,0.0,0.0,0.0,0.0,0.0
COLORWHEEL_4000_EDITED_IMG_0597_0019,COLORWHEEL_4000_EDITED,train,4000,Normal,Normal,Normal,1,,,COLORWHEEL_4000_SEMIQUANT_EDITED.zip,1,1,0,,224.601593,0.162824,0.764271,209.579193,0.242761,0.662579,209.267197,0.164591,0.639931,224.504807,0.100731,0.653953,0.0,0.0,0.0,0.0,0.0,0.0,0.0,0.0,0.0,0.0,0.0,0.0,0.0,0.0,0.0,0.0,0.0,0.0
COLORWHEEL_4000_EDITED_IMG_0597_0019,COLORWHEEL_4000_EDITED,train,4000,Abnormal,Abnormal,Abnormal,2,,,COLORWHEEL_4000_SEMIQUANT_EDITED.zip,1,1,0,,224.601593,0.162824,0.764271,209.579193,0.242761,0.662579,209.267197,0.164591,0.639931,224.504807,0.100731,0.653953,0.0,0.0,0.0,0.0,0.0,0.0,0.0,0.0,0.0,0.0,0.0,0.0,0.0,0.0,0.0,0.0,0.0,0.0
COLORWHEEL_4000_EDITED_IMG_0597_0019,COLORWHEEL_4000_EDITED,train,4000,Normal,Normal,Normal,1,,,COLORWHEEL_4000_SEMIQUANT_EDITED.zip,1,1,0,,224.601593,0.162824,0.764271,209.579193,0.242761,0.662579,209.267197,0.164591,0.639931,224.504807,0.100731,0.653953,0.0,0.0,0.0,0.0,0.0,0.0,0.0,0.0,0.0,0.0,0.0,0.0,0.0,0.0,0.0,0.0,0.0,0.0
COLORWHEEL_4000_EDITED_IMG_0598_0020,COLORWHEEL_4000_EDITED,train,4000,Abnormal,Abnormal,Abnormal,2,,,COLORWHEEL_4000_SEMIQUANT_EDITED.zip,1,1,0,,222.821594,0.192852,0.63554,226.944,0.12402,0.723986,224.573593,0.131487,0.64058,224.862396,0.104091,0.592206,225.108795,0.104088,0.620555,19.545601,0.009349,0.054419,0.0,0.0,0.0,0.0,0.0,0.0,0.0,0.0,0.0,0.0,0.0,0.0
COLORWHEEL_4000_EDITED_IMG_0598_0020,COLORWHEEL_4000_EDITED,train,4000,Abnormal,Abnormal,Abnormal,2,,,COLORWHEEL_4000_SEMIQUANT_EDITED.zip,1,1,0,,222.821594,0.192852,0.63554,226.944,0.12402,0.723986,224.573593,0.131487,0.64058,224.862396,0.104091,0.592206,225.108795,0.104088,0.620555,19.545601,0.009349,0.054419,0.0,0.0,0.0,0.0,0.0,0.0,0.0,0.0,0.0,0.0,0.0,0.0
COLORWHEEL_4000_EDITED_IMG_0598_0020,COLORWHEEL_4000_EDITED,train,4000,Abnormal,Abnormal,Abnormal,2,,,COLORWHEEL_4000_SEMIQUANT_EDITED.zip,1,1,0,,222.821594,0.192852,0.63554,226.944,0.12402,0.723986,224.573593,0.131487,0.64058,224.862396,0.104091,0.592206,225.108795,0.104088,0.620555,19.545601,0.009349,0.054419,0.0,0.0,0.0,0.0,0.0,0.0,0.0,0.0,0.0,0.0,0.0,0.0
COLORWHEEL_4000_EDITED_IMG_0598_0020,COLORWHEEL_4000_EDITED,train,4000,Abnormal,Abnormal,Abnormal,2,,,COLORWHEEL_4000_SEMIQUANT_EDITED.zip,1,1,0,,222.821594,0.192852,0.63554,226.944,0.12402,0.723986,224.573593,0.131487,0.64058,224.862396,0.104091,0.592206,225.108795,0.104088,0.620555,19.545601,0.009349,0.054419,0.0,0.0,0.0,0.0,0.0,0.0,0.0,0.0,0.0,0.0,0.0,0.0
COLORWHEEL_4000_EDITED_IMG_0598_0020,COLORWHEEL_4000_EDITED,train,4000,Abnormal,Abnormal,Abnormal,2,,,COLORWHEEL_4000_SEMIQUANT_EDITED.zip,1,1,0,,222.821594,0.192852,0.63554,226.944,0.12402,0.723986,224.573593,0.131487,0.64058,224.862396,0.104091,0.592206,225.108795,0.104088,0.620555,19.545601,0.009349,0.054419,0.0,0.0,0.0,0.0,0.0,0.0,0.0,0.0,0.0,0.0,0.0,0.0
COLORWHEEL_4000_EDITED_IMG_0598_0020,COLORWHEEL_4000_EDITED,train,4000,Abnormal,Abnormal,Abnormal,2,,,COLORWHEEL_4000_SEMIQUANT_EDITED.zip,1,1,0,,222.821594,0.192852,0.63554,226.944,0.12402,0.723986,224.573593,0.131487,0.64058,224.862396,0.104091,0.592206,225.108795,0.104088,0.620555,19.545601,0.009349,0.054419,0.0,0.0,0.0,0.0,0.0,0.0,0.0,0.0,0.0,0.0,0.0,0.0
COLORWHEEL_4000_EDITED_IMG_0598_0020,COLORWHEEL_4000_EDITED,train,4000,Abnormal,Abnormal,Abnormal,2,,,COLORWHEEL_4000_SEMIQUANT_EDITED.zip,1,1,0,,222.821594,0.192852,0.63554,226.944,0.12402,0.723986,224.573593,0.131487,0.64058,224.862396,0.104091,0.592206,225.108795,0.104088,0.620555,19.545601,0.009349,0.054419,0.0,0.0,0.0,0.0,0.0,0.0,0.0,0.0,0.0,0.0,0.0,0.0
COLORWHEEL_4000_EDITED_IMG_0598_0020,COLORWHEEL_4000_EDITED,train,4000,Abnormal,Abnormal,Abnormal,2,,,COLORWHEEL_4000_SEMIQUANT_EDITED.zip,1,1,0,,222.821594,0.192852,0.63554,226.944,0.12402,0.723986,224.573593,0.131487,0.64058,224.862396,0.104091,0.592206,225.108795,0.104088,0.620555,19.545601,0.009349,0.054419,0.0,0.0,0.0,0.0,0.0,0.0,0.0,0.0,0.0,0.0,0.0,0.0
COLORWHEEL_4000_EDITED_IMG_0598_0020,COLORWHEEL_4000_EDITED,train,4000,Abnormal,Abnormal,Abnormal,2,,,COLORWHEEL_4000_SEMIQUANT_EDITED.zip,1,1,0,,222.821594,0.192852,0.63554,226.944,0.12402,0.723986,224.573593,0.131487,0.64058,224.862396,0.104091,0.592206,225.108795,0.104088,0.620555,19.545601,0.009349,0.054419,0.0,0.0,0.0,0.0,0.0,0.0,0.0,0.0,0.0,0.0,0.0,0.0
COLORWHEEL_4000_EDITED_IMG_0598_0020,COLORWHEEL_4000_EDITED,train,4000,Abnormal,Abnormal,Abnormal,2,,,COLORWHEEL_4000_SEMIQUANT_EDITED.zip,1,1,0,,222.821594,0.192852,0.63554,226.944,0.12402,0.723986,224.573593,0.131487,0.64058,224.862396,0.104091,0.592206,225.108795,0.104088,0.620555,19.545601,0.009349,0.054419,0.0,0.0,0.0,0.0,0.0,0.0,0.0,0.0,0.0,0.0,0.0,0.0
COLORWHEEL_4000_EDITED_IMG_0605_0021,COLORWHEEL_4000_EDITED,train,4000,Normal,Normal,Normal,1,,,COLORWHEEL_4000_SEMIQUANT_EDITED.zip,1,1,0,,219.898407,0.168667,0.734797,218.705597,0.200621,0.687065,220.565598,0.132893,0.661344,221.897598,0.102227,0.667724,0.0,0.0,0.0,0.0,0.0,0.0,0.0,0.0,0.0,0.0,0.0,0.0,0.0,0.0,0.0,0.0,0.0,0.0
COLORWHEEL_4000_EDITED_IMG_0605_0021,COLORWHEEL_4000_EDITED,train,4000,Normal,Normal,Normal,1,,,COLORWHEEL_4000_SEMIQUANT_EDITED.zip,1,1,0,,219.898407,0.168667,0.734797,218.705597,0.200621,0.687065,220.565598,0.132893,0.661344,221.897598,0.102227,0.667724,0.0,0.0,0.0,0.0,0.0,0.0,0.0,0.0,0.0,0.0,0.0,0.0,0.0,0.0,0.0,0.0,0.0,0.0
COLORWHEEL_4000_EDITED_IMG_0605_0021,COLORWHEEL_4000_EDITED,train,4000,Normal,Normal,Normal,1,,,COLORWHEEL_4000_SEMIQUANT_EDITED.zip,1,1,0,,219.898407,0.168667,0.734797,218.705597,0.200621,0.687065,220.565598,0.132893,0.661344,221.897598,0.102227,0.667724,0.0,0.0,0.0,0.0,0.0,0.0,0.0,0.0,0.0,0.0,0.0,0.0,0.0,0.0,0.0,0.0,0.0,0.0
COLORWHEEL_4000_EDITED_IMG_0605_0021,COLORWHEEL_4000_EDITED,train,4000,Abnormal,Abnormal,Abnormal,2,,,COLORWHEEL_4000_SEMIQUANT_EDITED.zip,1,1,0,,219.898407,0.168667,0.734797,218.705597,0.200621,0.687065,220.565598,0.132893,0.661344,221.897598,0.102227,0.667724,0.0,0.0,0.0,0.0,0.0,0.0,0.0,0.0,0.0,0.0,0.0,0.0,0.0,0.0,0.0,0.0,0.0,0.0
COLORWHEEL_4000_EDITED_IMG_0605_0021,COLORWHEEL_4000_EDITED,train,4000,Abnormal,Abnormal,Abnormal,2,,,COLORWHEEL_4000_SEMIQUANT_EDITED.zip,1,1,0,,219.898407,0.168667,0.734797,218.705597,0.200621,0.687065,220.565598,0.132893,0.661344,221.897598,0.102227,0.667724,0.0,0.0,0.0,0.0,0.0,0.0,0.0,0.0,0.0,0.0,0.0,0.0,0.0,0.0,0.0,0.0,0.0,0.0
COLORWHEEL_4000_EDITED_IMG_0605_0021,COLORWHEEL_4000_EDITED,train,4000,Abnormal,Abnormal,Abnormal,2,,,COLORWHEEL_4000_SEMIQUANT_EDITED.zip,1,1,0,,219.898407,0.168667,0.734797,218.705597,0.200621,0.687065,220.565598,0.132893,0.661344,221.897598,0.102227,0.667724,0.0,0.0,0.0,0.0,0.0,0.0,0.0,0.0,0.0,0.0,0.0,0.0,0.0,0.0,0.0,0.0,0.0,0.0
COLORWHEEL_4000_EDITED_IMG_0605_0021,COLORWHEEL_4000_EDITED,train,4000,Abnormal,Abnormal,Abnormal,2,,,COLORWHEEL_4000_SEMIQUANT_EDITED.zip,1,1,0,,219.898407,0.168667,0.734797,218.705597,0.200621,0.687065,220.565598,0.132893,0.661344,221.897598,0.102227,0.667724,0.0,0.0,0.0,0.0,0.0,0.0,0.0,0.0,0.0,0.0,0.0,0.0,0.0,0.0,0.0,0.0,0.0,0.0
COLORWHEEL_4000_EDITED_IMG_0605_0021,COLORWHEEL_4000_EDITED,train,4000,Abnormal,Abnormal,Abnormal,2,,,COLORWHEEL_4000_SEMIQUANT_EDITED.zip,1,1,0,,219.898407,0.168667,0.734797,218.705597,0.200621,0.687065,220.565598,0.132893,0.661344,221.897598,0.102227,0.667724,0.0,0.0,0.0,0.0,0.0,0.0,0.0,0.0,0.0,0.0,0.0,0.0,0.0,0.0,0.0,0.0,0.0,0.0
COLORWHEEL_4000_EDITED_IMG_0605_0021,COLORWHEEL_4000_EDITED,train,4000,Normal,Normal,Normal,1,,,COLORWHEEL_4000_SEMIQUANT_EDITED.zip,1,1,0,,219.898407,0.168667,0.734797,218.705597,0.200621,0.687065,220.565598,0.132893,0.661344,221.897598,0.102227,0.667724,0.0,0.0,0.0,0.0,0.0,0.0,0.0,0.0,0.0,0.0,0.0,0.0,0.0,0.0,0.0,0.0,0.0,0.0
COLORWHEEL_4000_EDITED_IMG_0605_0021,COLORWHEEL_4000_EDITED,train,4000,Abnormal,Abnormal,Abnormal,2,,,COLORWHEEL_4000_SEMIQUANT_EDITED.zip,1,1,0,,219.898407,0.168667,0.734797,218.705597,0.200621,0.687065,220.565598,0.132893,0.661344,221.897598,0.102227,0.667724,0.0,0.0,0.0,0.0,0.0,0.0,0.0,0.0,0.0,0.0,0.0,0.0,0.0,0.0,0.0,0.0,0.0,0.0
COLORWHEEL_4000_EDITED_IMG_0608_0022,COLORWHEEL_4000_EDITED,train,4000,Abnormal,Abnormal,Abnormal,2,,,COLORWHEEL_4000_SEMIQUANT_EDITED.zip,1,1,0,,229.444794,0.137377,0.683609,230.370407,0.109939,0.783807,229.412003,0.110311,0.694936,229.185593,0.094616,0.629329,230.475204,0.100649,0.66634,0.0,0.0,0.0,0.0,0.0,0.0,0.0,0.0,0.0,0.0,0.0,0.0,0.0,0.0,0.0
COLORWHEEL_4000_EDITED_IMG_0608_0022,COLORWHEEL_4000_EDITED,train,4000,Abnormal,Abnormal,Abnormal,2,,,COLORWHEEL_4000_SEMIQUANT_EDITED.zip,1,1,0,,229.444794,0.137377,0.683609,230.370407,0.109939,0.783807,229.412003,0.110311,0.694936,229.185593,0.094616,0.629329,230.475204,0.100649,0.66634,0.0,0.0,0.0,0.0,0.0,0.0,0.0,0.0,0.0,0.0,0.0,0.0,0.0,0.0,0.0
COLORWHEEL_4000_EDITED_IMG_0608_0022,COLORWHEEL_4000_EDITED,train,4000,Abnormal,Abnormal,Abnormal,2,,,COLORWHEEL_4000_SEMIQUANT_EDITED.zip,1,1,0,,229.444794,0.137377,0.683609,230.370407,0.109939,0.783807,229.412003,0.110311,0.694936,229.185593,0.094616,0.629329,230.475204,0.100649,0.66634,0.0,0.0,0.0,0.0,0.0,0.0,0.0,0.0,0.0,0.0,0.0,0.0,0.0,0.0,0.0
COLORWHEEL_4000_EDITED_IMG_0608_0022,COLORWHEEL_4000_EDITED,train,4000,Abnormal,Abnormal,Abnormal,2,,,COLORWHEEL_4000_SEMIQUANT_EDITED.zip,1,1,0,,229.444794,0.137377,0.683609,230.370407,0.109939,0.783807,229.412003,0.110311,0.694936,229.185593,0.094616,0.629329,230.475204,0.100649,0.66634,0.0,0.0,0.0,0.0,0.0,0.0,0.0,0.0,0.0,0.0,0.0,0.0,0.0,0.0,0.0
COLORWHEEL_4000_EDITED_IMG_0608_0022,COLORWHEEL_4000_EDITED,train,4000,Abnormal,Abnormal,Abnormal,2,,,COLORWHEEL_4000_SEMIQUANT_EDITED.zip,1,1,0,,229.444794,0.137377,0.683609,230.370407,0.109939,0.783807,229.412003,0.110311,0.694936,229.185593,0.094616,0.629329,230.475204,0.100649,0.66634,0.0,0.0,0.0,0.0,0.0,0.0,0.0,0.0,0.0,0.0,0.0,0.0,0.0,0.0,0.0
COLORWHEEL_4000_EDITED_IMG_0608_0022,COLORWHEEL_4000_EDITED,train,4000,Abnormal,Abnormal,Abnormal,2,,,COLORWHEEL_4000_SEMIQUANT_EDITED.zip,1,1,0,,229.444794,0.137377,0.683609,230.370407,0.109939,0.783807,229.412003,0.110311,0.694936,229.185593,0.094616,0.629329,230.475204,0.100649,0.66634,0.0,0.0,0.0,0.0,0.0,0.0,0.0,0.0,0.0,0.0,0.0,0.0,0.0,0.0,0.0
COLORWHEEL_4000_EDITED_IMG_0608_0022,COLORWHEEL_4000_EDITED,train,4000,Abnormal,Abnormal,Abnormal,2,,,COLORWHEEL_4000_SEMIQUANT_EDITED.zip,1,1,0,,229.444794,0.137377,0.683609,230.370407,0.109939,0.783807,229.412003,0.110311,0.694936,229.185593,0.094616,0.629329,230.475204,0.100649,0.66634,0.0,0.0,0.0,0.0,0.0,0.0,0.0,0.0,0.0,0.0,0.0,0.0,0.0,0.0,0.0
COLORWHEEL_4000_EDITED_IMG_0608_0022,COLORWHEEL_4000_EDITED,train,4000,Abnormal,Abnormal,Abnormal,2,,,COLORWHEEL_4000_SEMIQUANT_EDITED.zip,1,1,0,,229.444794,0.137377,0.683609,230.370407,0.109939,0.783807,229.412003,0.110311,0.694936,229.185593,0.094616,0.629329,230.475204,0.100649,0.66634,0.0,0.0,0.0,0.0,0.0,0.0,0.0,0.0,0.0,0.0,0.0,0.0,0.0,0.0,0.0
COLORWHEEL_4000_EDITED_IMG_0608_0022,COLORWHEEL_4000_EDITED,train,4000,Abnormal,Abnormal,Abnormal,2,,,COLORWHEEL_4000_SEMIQUANT_EDITED.zip,1,1,0,,229.444794,0.137377,0.683609,230.370407,0.109939,0.783807,229.412003,0.110311,0.694936,229.185593,0.094616,0.629329,230.475204,0.100649,0.66634,0.0,0.0,0.0,0.0,0.0,0.0,0.0,0.0,0.0,0.0,0.0,0.0,0.0,0.0,0.0
COLORWHEEL_4000_EDITED_IMG_0608_0022,COLORWHEEL_4000_EDITED,train,4000,Abnormal,Abnormal,Abnormal,2,,,COLORWHEEL_4000_SEMIQUANT_EDITED.zip,1,1,0,,229.444794,0.137377,0.683609,230.370407,0.109939,0.783807,229.412003,0.110311,0.694936,229.185593,0.094616,0.629329,230.475204,0.100649,0.66634,0.0,0.0,0.0,0.0,0.0,0.0,0.0,0.0,0.0,0.0,0.0,0.0,0.0,0.0,0.0
COLORWHEEL_4000_EDITED_IMG_0611_0023,COLORWHEEL_4000_EDITED,train,4000,Abnormal,Abnormal,Abnormal,2,,,COLORWHEEL_4000_SEMIQUANT_EDITED.zip,1,1,0,,208.142395,0.127451,0.880932,150.933594,0.346339,0.719669,207.843201,0.257062,0.689926,230.019196,0.101333,0.732135,230.127197,0.101173,0.732526,10.5864,0.004693,0.033311,0.0,0.0,0.0,0.0,0.0,0.0,0.0,0.0,0.0,0.0,0.0,0.0
COLORWHEEL_4000_EDITED_IMG_0611_0023,COLORWHEEL_4000_EDITED,train,4000,Normal,Normal,Normal,1,,,COLORWHEEL_4000_SEMIQUANT_EDITED.zip,1,1,0,,208.142395,0.127451,0.880932,150.933594,0.346339,0.719669,207.843201,0.257062,0.689926,230.019196,0.101333,0.732135,230.127197,0.101173,0.732526,10.5864,0.004693,0.033311,0.0,0.0,0.0,0.0,0.0,0.0,0.0,0.0,0.0,0.0,0.0,0.0
COLORWHEEL_4000_EDITED_IMG_0611_0023,COLORWHEEL_4000_EDITED,train,4000,Abnormal,Abnormal,Abnormal,2,,,COLORWHEEL_4000_SEMIQUANT_EDITED.zip,1,1,0,,208.142395,0.127451,0.880932,150.933594,0.346339,0.719669,207.843201,0.257062,0.689926,230.019196,0.101333,0.732135,230.127197,0.101173,0.732526,10.5864,0.004693,0.033311,0.0,0.0,0.0,0.0,0.0,0.0,0.0,0.0,0.0,0.0,0.0,0.0
COLORWHEEL_4000_EDITED_IMG_0611_0023,COLORWHEEL_4000_EDITED,train,4000,Abnormal,Abnormal,Abnormal,2,,,COLORWHEEL_4000_SEMIQUANT_EDITED.zip,1,1,0,,208.142395,0.127451,0.880932,150.933594,0.346339,0.719669,207.843201,0.257062,0.689926,230.019196,0.101333,0.732135,230.127197,0.101173,0.732526,10.5864,0.004693,0.033311,0.0,0.0,0.0,0.0,0.0,0.0,0.0,0.0,0.0,0.0,0.0,0.0
COLORWHEEL_4000_EDITED_IMG_0611_0023,COLORWHEEL_4000_EDITED,train,4000,Normal,Normal,Normal,1,,,COLORWHEEL_4000_SEMIQUANT_EDITED.zip,1,1,0,,208.142395,0.127451,0.880932,150.933594,0.346339,0.719669,207.843201,0.257062,0.689926,230.019196,0.101333,0.732135,230.127197,0.101173,0.732526,10.5864,0.004693,0.033311,0.0,0.0,0.0,0.0,0.0,0.0,0.0,0.0,0.0,0.0,0.0,0.0
COLORWHEEL_4000_EDITED_IMG_0611_0023,COLORWHEEL_4000_EDITED,train,4000,Abnormal,Abnormal,Abnormal,2,,,COLORWHEEL_4000_SEMIQUANT_EDITED.zip,1,1,0,,208.142395,0.127451,0.880932,150.933594,0.346339,0.719669,207.843201,0.257062,0.689926,230.019196,0.101333,0.732135,230.127197,0.101173,0.732526,10.5864,0.004693,0.033311,0.0,0.0,0.0,0.0,0.0,0.0,0.0,0.0,0.0,0.0,0.0,0.0
COLORWHEEL_4000_EDITED_IMG_0611_0023,COLORWHEEL_4000_EDITED,train,4000,Abnormal,Abnormal,Abnormal,2,,,COLORWHEEL_4000_SEMIQUANT_EDITED.zip,1,1,0,,208.142395,0.127451,0.880932,150.933594,0.346339,0.719669,207.843201,0.257062,0.689926,230.019196,0.101333,0.732135,230.127197,0.101173,0.732526,10.5864,0.004693,0.033311,0.0,0.0,0.0,0.0,0.0,0.0,0.0,0.0,0.0,0.0,0.0,0.0
COLORWHEEL_4000_EDITED_IMG_0611_0023,COLORWHEEL_4000_EDITED,train,4000,Abnormal,Abnormal,Abnormal,2,,,COLORWHEEL_4000_SEMIQUANT_EDITED.zip,1,1,0,,208.142395,0.127451,0.880932,150.933594,0.346339,0.719669,207.843201,0.257062,0.689926,230.019196,0.101333,0.732135,230.127197,0.101173,0.732526,10.5864,0.004693,0.033311,0.0,0.0,0.0,0.0,0.0,0.0,0.0,0.0,0.0,0.0,0.0,0.0
COLORWHEEL_4000_EDITED_IMG_0611_0023,COLORWHEEL_4000_EDITED,train,4000,Abnormal,Abnormal,Abnormal,2,,,COLORWHEEL_4000_SEMIQUANT_EDITED.zip,1,1,0,,208.142395,0.127451,0.880932,150.933594,0.346339,0.719669,207.843201,0.257062,0.689926,230.019196,0.101333,0.732135,230.127197,0.101173,0.732526,10.5864,0.004693,0.033311,0.0,0.0,0.0,0.0,0.0,0.0,0.0,0.0,0.0,0.0,0.0,0.0
COLORWHEEL_4000_EDITED_IMG_0611_0023,COLORWHEEL_4000_EDITED,train,4000,Abnormal,Abnormal,Abnormal,2,,,COLORWHEEL_4000_SEMIQUANT_EDITED.zip,1,1,0,,208.142395,0.127451,0.880932,150.933594,0.346339,0.719669,207.843201,0.257062,0.689926,230.019196,0.101333,0.732135,230.127197,0.101173,0.732526,10.5864,0.004693,0.033311,0.0,0.0,0.0,0.0,0.0,0.0,0.0,0.0,0.0,0.0,0.0,0.0
COLORWHEEL_4000_EDITED_IMG_0613_0024,COLORWHEEL_4000_EDITED,train,4000,Abnormal,Abnormal,Abnormal,2,,,COLORWHEEL_4000_SEMIQUANT_EDITED.zip,1,1,0,,227.258408,0.172071,0.651548,227.749603,0.117366,0.759749,227.990402,0.121998,0.68507,227.955994,0.112759,0.66752,225.018402,0.116086,0.688425,0.0,0.0,0.0,0.0,0.0,0.0,0.0,0.0,0.0,0.0,0.0,0.0,0.0,0.0,0.0
COLORWHEEL_4000_EDITED_IMG_0613_0024,COLORWHEEL_4000_EDITED,train,4000,Abnormal,Abnormal,Abnormal,2,,,COLORWHEEL_4000_SEMIQUANT_EDITED.zip,1,1,0,,227.258408,0.172071,0.651548,227.749603,0.117366,0.759749,227.990402,0.121998,0.68507,227.955994,0.112759,0.66752,225.018402,0.116086,0.688425,0.0,0.0,0.0,0.0,0.0,0.0,0.0,0.0,0.0,0.0,0.0,0.0,0.0,0.0,0.0
COLORWHEEL_4000_EDITED_IMG_0613_0024,COLORWHEEL_4000_EDITED,train,4000,Abnormal,Abnormal,Abnormal,2,,,COLORWHEEL_4000_SEMIQUANT_EDITED.zip,1,1,0,,227.258408,0.172071,0.651548,227.749603,0.117366,0.759749,227.990402,0.121998,0.68507,227.955994,0.112759,0.66752,225.018402,0.116086,0.688425,0.0,0.0,0.0,0.0,0.0,0.0,0.0,0.0,0.0,0.0,0.0,0.0,0.0,0.0,0.0
COLORWHEEL_4000_EDITED_IMG_0613_0024,COLORWHEEL_4000_EDITED,train,4000,Abnormal,Abnormal,Abnormal,2,,,COLORWHEEL_4000_SEMIQUANT_EDITED.zip,1,1,0,,227.258408,0.172071,0.651548,227.749603,0.117366,0.759749,227.990402,0.121998,0.68507,227.955994,0.112759,0.66752,225.018402,0.116086,0.688425,0.0,0.0,0.0,0.0,0.0,0.0,0.0,0.0,0.0,0.0,0.0,0.0,0.0,0.0,0.0
COLORWHEEL_4000_EDITED_IMG_0613_0024,COLORWHEEL_4000_EDITED,train,4000,Abnormal,Abnormal,Abnormal,2,,,COLORWHEEL_4000_SEMIQUANT_EDITED.zip,1,1,0,,227.258408,0.172071,0.651548,227.749603,0.117366,0.759749,227.990402,0.121998,0.68507,227.955994,0.112759,0.66752,225.018402,0.116086,0.688425,0.0,0.0,0.0,0.0,0.0,0.0,0.0,0.0,0.0,0.0,0.0,0.0,0.0,0.0,0.0
COLORWHEEL_4000_EDITED_IMG_0613_0024,COLORWHEEL_4000_EDITED,train,4000,Abnormal,Abnormal,Abnormal,2,,,COLORWHEEL_4000_SEMIQUANT_EDITED.zip,1,1,0,,227.258408,0.172071,0.651548,227.749603,0.117366,0.759749,227.990402,0.121998,0.68507,227.955994,0.112759,0.66752,225.018402,0.116086,0.688425,0.0,0.0,0.0,0.0,0.0,0.0,0.0,0.0,0.0,0.0,0.0,0.0,0.0,0.0,0.0
COLORWHEEL_4000_EDITED_IMG_0613_0024,COLORWHEEL_4000_EDITED,train,4000,Abnormal,Abnormal,Abnormal,2,,,COLORWHEEL_4000_SEMIQUANT_EDITED.zip,1,1,0,,227.258408,0.172071,0.651548,227.749603,0.117366,0.759749,227.990402,0.121998,0.68507,227.955994,0.112759,0.66752,225.018402,0.116086,0.688425,0.0,0.0,0.0,0.0,0.0,0.0,0.0,0.0,0.0,0.0,0.0,0.0,0.0,0.0,0.0
COLORWHEEL_4000_EDITED_IMG_0613_0024,COLORWHEEL_4000_EDITED,train,4000,Abnormal,Abnormal,Abnormal,2,,,COLORWHEEL_4000_SEMIQUANT_EDITED.zip,1,1,0,,227.258408,0.172071,0.651548,227.749603,0.117366,0.759749,227.990402,0.121998,0.68507,227.955994,0.112759,0.66752,225.018402,0.116086,0.688425,0.0,0.0,0.0,0.0,0.0,0.0,0.0,0.0,0.0,0.0,0.0,0.0,0.0,0.0,0.0
COLORWHEEL_4000_EDITED_IMG_0613_0024,COLORWHEEL_4000_EDITED,train,4000,Abnormal,Abnormal,Abnormal,2,,,COLORWHEEL_4000_SEMIQUANT_EDITED.zip,1,1,0,,227.258408,0.172071,0.651548,227.749603,0.117366,0.759749,227.990402,0.121998,0.68507,227.955994,0.112759,0.66752,225.018402,0.116086,0.688425,0.0,0.0,0.0,0.0,0.0,0.0,0.0,0.0,0.0,0.0,0.0,0.0,0.0,0.0,0.0
COLORWHEEL_4000_EDITED_IMG_0613_0024,COLORWHEEL_4000_EDITED,train,4000,Abnormal,Abnormal,Abnormal,2,,,COLORWHEEL_4000_SEMIQUANT_EDITED.zip,1,1,0,,227.258408,0.172071,0.651548,227.749603,0.117366,0.759749,227.990402,0.121998,0.68507,227.955994,0.112759,0.66752,225.018402,0.116086,0.688425,0.0,0.0,0.0,0.0,0.0,0.0,0.0,0.0,0.0,0.0,0.0,0.0,0.0,0.0,0.0
COLORWHEEL_4000_EDITED_IMG_0616_0025,COLORWHEEL_4000_EDITED,train,4000,Abnormal,Abnormal,Abnormal,2,,,COLORWHEEL_4000_SEMIQUANT_EDITED.zip,1,1,0,,172.981598,0.308011,0.56547,156.472794,0.288969,0.635084,166.679993,0.217266,0.899296,166.198395,0.219387,0.884712,165.871994,0.210011,0.791198,180.437607,0.344566,0.501788,167.130402,0.217423,0.749183,143.471207,0.19098,0.701526,0.0,0.0,0.0,0.0,0.0,0.0
COLORWHEEL_4000_EDITED_IMG_0616_0025,COLORWHEEL_4000_EDITED,train,4000,Normal,Normal,Normal,1,,,COLORWHEEL_4000_SEMIQUANT_EDITED.zip,1,1,0,,172.981598,0.308011,0.56547,156.472794,0.288969,0.635084,166.679993,0.217266,0.899296,166.198395,0.219387,0.884712,165.871994,0.210011,0.791198,180.437607,0.344566,0.501788,167.130402,0.217423,0.749183,143.471207,0.19098,0.701526,0.0,0.0,0.0,0.0,0.0,0.0
COLORWHEEL_4000_EDITED_IMG_0616_0025,COLORWHEEL_4000_EDITED,train,4000,Abnormal,Abnormal,Abnormal,2,,,COLORWHEEL_4000_SEMIQUANT_EDITED.zip,1,1,0,,172.981598,0.308011,0.56547,156.472794,0.288969,0.635084,166.679993,0.217266,0.899296,166.198395,0.219387,0.884712,165.871994,0.210011,0.791198,180.437607,0.344566,0.501788,167.130402,0.217423,0.749183,143.471207,0.19098,0.701526,0.0,0.0,0.0,0.0,0.0,0.0
COLORWHEEL_4000_EDITED_IMG_0616_0025,COLORWHEEL_4000_EDITED,train,4000,Normal,Normal,Normal,1,,,COLORWHEEL_4000_SEMIQUANT_EDITED.zip,1,1,0,,172.981598,0.308011,0.56547,156.472794,0.288969,0.635084,166.679993,0.217266,0.899296,166.198395,0.219387,0.884712,165.871994,0.210011,0.791198,180.437607,0.344566,0.501788,167.130402,0.217423,0.749183,143.471207,0.19098,0.701526,0.0,0.0,0.0,0.0,0.0,0.0
COLORWHEEL_4000_EDITED_IMG_0616_0025,COLORWHEEL_4000_EDITED,train,4000,Abnormal,Abnormal,Abnormal,2,,,COLORWHEEL_4000_SEMIQUANT_EDITED.zip,1,1,0,,172.981598,0.308011,0.56547,156.472794,0.288969,0.635084,166.679993,0.217266,0.899296,166.198395,0.219387,0.884712,165.871994,0.210011,0.791198,180.437607,0.344566,0.501788,167.130402,0.217423,0.749183,143.471207,0.19098,0.701526,0.0,0.0,0.0,0.0,0.0,0.0
COLORWHEEL_4000_EDITED_IMG_0616_0025,COLORWHEEL_4000_EDITED,train,4000,Normal,Normal,Normal,1,,,COLORWHEEL_4000_SEMIQUANT_EDITED.zip,1,1,0,,172.981598,0.308011,0.56547,156.472794,0.288969,0.635084,166.679993,0.217266,0.899296,166.198395,0.219387,0.884712,165.871994,0.210011,0.791198,180.437607,0.344566,0.501788,167.130402,0.217423,0.749183,143.471207,0.19098,0.701526,0.0,0.0,0.0,0.0,0.0,0.0
COLORWHEEL_4000_EDITED_IMG_0616_0025,COLORWHEEL_4000_EDITED,train,4000,Normal,Normal,Normal,1,,,COLORWHEEL_4000_SEMIQUANT_EDITED.zip,1,1,0,,172.981598,0.308011,0.56547,156.472794,0.288969,0.635084,166.679993,0.217266,0.899296,166.198395,0.219387,0.884712,165.871994,0.210011,0.791198,180.437607,0.344566,0.501788,167.130402,0.217423,0.749183,143.471207,0.19098,0.701526,0.0,0.0,0.0,0.0,0.0,0.0
COLORWHEEL_4000_EDITED_IMG_0616_0025,COLORWHEEL_4000_EDITED,train,4000,Normal,Normal,Normal,1,,,COLORWHEEL_4000_SEMIQUANT_EDITED.zip,1,1,0,,172.981598,0.308011,0.56547,156.472794,0.288969,0.635084,166.679993,0.217266,0.899296,166.198395,0.219387,0.884712,165.871994,0.210011,0.791198,180.437607,0.344566,0.501788,167.130402,0.217423,0.749183,143.471207,0.19098,0.701526,0.0,0.0,0.0,0.0,0.0,0.0
COLORWHEEL_4000_EDITED_IMG_0616_0025,COLORWHEEL_4000_EDITED,train,4000,Normal,Normal,Normal,1,,,COLORWHEEL_4000_SEMIQUANT_EDITED.zip,1,1,0,,172.981598,0.308011,0.56547,156.472794,0.288969,0.635084,166.679993,0.217266,0.899296,166.198395,0.219387,0.884712,165.871994,0.210011,0.791198,180.437607,0.344566,0.501788,167.130402,0.217423,0.749183,143.471207,0.19098,0.701526,0.0,0.0,0.0,0.0,0.0,0.0
COLORWHEEL_4000_EDITED_IMG_0616_0025,COLORWHEEL_4000_EDITED,train,4000,Normal,Normal,Normal,1,,,COLORWHEEL_4000_SEMIQUANT_EDITED.zip,1,1,0,,172.981598,0.308011,0.56547,156.472794,0.288969,0.635084,166.679993,0.217266,0.899296,166.198395,0.219387,0.884712,165.871994,0.210011,0.791198,180.437607,0.344566,0.501788,167.130402,0.217423,0.749183,143.471207,0.19098,0.701526,0.0,0.0,0.0,0.0,0.0,0.0
COLORWHEEL_4000_EDITED_IMG_0619_0026,COLORWHEEL_4000_EDITED,train,4000,Normal,Normal,Normal,1,,,COLORWHEEL_4000_SEMIQUANT_EDITED.zip,1,1,0,,219.577606,0.160918,0.789335,221.309601,0.224822,0.70779,219.814407,0.13498,0.673387,213.988007,0.099247,0.655606,0.0,0.0,0.0,0.0,0.0,0.0,0.0,0.0,0.0,0.0,0.0,0.0,0.0,0.0,0.0,0.0,0.0,0.0
COLORWHEEL_4000_EDITED_IMG_0619_0026,COLORWHEEL_4000_EDITED,train,4000,Abnormal,Abnormal,Abnormal,2,,,COLORWHEEL_4000_SEMIQUANT_EDITED.zip,1,1,0,,219.577606,0.160918,0.789335,221.309601,0.224822,0.70779,219.814407,0.13498,0.673387,213.988007,0.099247,0.655606,0.0,0.0,0.0,0.0,0.0,0.0,0.0,0.0,0.0,0.0,0.0,0.0,0.0,0.0,0.0,0.0,0.0,0.0
COLORWHEEL_4000_EDITED_IMG_0619_0026,COLORWHEEL_4000_EDITED,train,4000,Normal,Normal,Normal,1,,,COLORWHEEL_4000_SEMIQUANT_EDITED.zip,1,1,0,,219.577606,0.160918,0.789335,221.309601,0.224822,0.70779,219.814407,0.13498,0.673387,213.988007,0.099247,0.655606,0.0,0.0,0.0,0.0,0.0,0.0,0.0,0.0,0.0,0.0,0.0,0.0,0.0,0.0,0.0,0.0,0.0,0.0
COLORWHEEL_4000_EDITED_IMG_0619_0026,COLORWHEEL_4000_EDITED,train,4000,Abnormal,Abnormal,Abnormal,2,,,COLORWHEEL_4000_SEMIQUANT_EDITED.zip,1,1,0,,219.577606,0.160918,0.789335,221.309601,0.224822,0.70779,219.814407,0.13498,0.673387,213.988007,0.099247,0.655606,0.0,0.0,0.0,0.0,0.0,0.0,0.0,0.0,0.0,0.0,0.0,0.0,0.0,0.0,0.0,0.0,0.0,0.0
COLORWHEEL_4000_EDITED_IMG_0619_0026,COLORWHEEL_4000_EDITED,train,4000,Abnormal,Abnormal,Abnormal,2,,,COLORWHEEL_4000_SEMIQUANT_EDITED.zip,1,1,0,,219.577606,0.160918,0.789335,221.309601,0.224822,0.70779,219.814407,0.13498,0.673387,213.988007,0.099247,0.655606,0.0,0.0,0.0,0.0,0.0,0.0,0.0,0.0,0.0,0.0,0.0,0.0,0.0,0.0,0.0,0.0,0.0,0.0
COLORWHEEL_4000_EDITED_IMG_0619_0026,COLORWHEEL_4000_EDITED,train,4000,Abnormal,Abnormal,Abnormal,2,,,COLORWHEEL_4000_SEMIQUANT_EDITED.zip,1,1,0,,219.577606,0.160918,0.789335,221.309601,0.224822,0.70779,219.814407,0.13498,0.673387,213.988007,0.099247,0.655606,0.0,0.0,0.0,0.0,0.0,0.0,0.0,0.0,0.0,0.0,0.0,0.0,0.0,0.0,0.0,0.0,0.0,0.0
COLORWHEEL_4000_EDITED_IMG_0619_0026,COLORWHEEL_4000_EDITED,train,4000,Abnormal,Abnormal,Abnormal,2,,,COLORWHEEL_4000_SEMIQUANT_EDITED.zip,1,1,0,,219.577606,0.160918,0.789335,221.309601,0.224822,0.70779,219.814407,0.13498,0.673387,213.988007,0.099247,0.655606,0.0,0.0,0.0,0.0,0.0,0.0,0.0,0.0,0.0,0.0,0.0,0.0,0.0,0.0,0.0,0.0,0.0,0.0
COLORWHEEL_4000_EDITED_IMG_0619_0026,COLORWHEEL_4000_EDITED,train,4000,Abnormal,Abnormal,Abnormal,2,,,COLORWHEEL_4000_SEMIQUANT_EDITED.zip,1,1,0,,219.577606,0.160918,0.789335,221.309601,0.224822,0.70779,219.814407,0.13498,0.673387,213.988007,0.099247,0.655606,0.0,0.0,0.0,0.0,0.0,0.0,0.0,0.0,0.0,0.0,0.0,0.0,0.0,0.0,0.0,0.0,0.0,0.0
COLORWHEEL_4000_EDITED_IMG_0619_0026,COLORWHEEL_4000_EDITED,train,4000,Abnormal,Abnormal,Abnormal,2,,,COLORWHEEL_4000_SEMIQUANT_EDITED.zip,1,1,0,,219.577606,0.160918,0.789335,221.309601,0.224822,0.70779,219.814407,0.13498,0.673387,213.988007,0.099247,0.655606,0.0,0.0,0.0,0.0,0.0,0.0,0.0,0.0,0.0,0.0,0.0,0.0,0.0,0.0,0.0,0.0,0.0,0.0
COLORWHEEL_4000_EDITED_IMG_0619_0026,COLORWHEEL_4000_EDITED,train,4000,Abnormal,Abnormal,Abnormal,2,,,COLORWHEEL_4000_SEMIQUANT_EDITED.zip,1,1,0,,219.577606,0.160918,0.789335,221.309601,0.224822,0.70779,219.814407,0.13498,0.673387,213.988007,0.099247,0.655606,0.0,0.0,0.0,0.0,0.0,0.0,0.0,0.0,0.0,0.0,0.0,0.0,0.0,0.0,0.0,0.0,0.0,0.0
COLORWHEEL_4000_EDITED_IMG_0622_0027,COLORWHEEL_4000_EDITED,train,4000,Abnormal,Abnormal,Abnormal,2,,,COLORWHEEL_4000_SEMIQUANT_EDITED.zip,1,1,0,,17.0168,0.864899,1.0,16.556801,0.875853,1.0,16.991199,0.868786,1.0,60.0,0.250031,1.0,60.0,0.252756,1.0,60.0,0.25582,1.0,60.0,0.253958,1.0,60.0,0.267308,1.0,60.0,0.281608,1.0,60.0,0.291294,1.0
COLORWHEEL_4000_EDITED_IMG_0622_0027,COLORWHEEL_4000_EDITED,train,4000,Normal,Normal,Normal,1,,,COLORWHEEL_4000_SEMIQUANT_EDITED.zip,1,1,0,,17.0168,0.864899,1.0,16.556801,0.875853,1.0,16.991199,0.868786,1.0,60.0,0.250031,1.0,60.0,0.252756,1.0,60.0,0.25582,1.0,60.0,0.253958,1.0,60.0,0.267308,1.0,60.0,0.281608,1.0,60.0,0.291294,1.0
COLORWHEEL_4000_EDITED_IMG_0622_0027,COLORWHEEL_4000_EDITED,train,4000,Abnormal,Abnormal,Abnormal,2,,,COLORWHEEL_4000_SEMIQUANT_EDITED.zip,1,1,0,,17.0168,0.864899,1.0,16.556801,0.875853,1.0,16.991199,0.868786,1.0,60.0,0.250031,1.0,60.0,0.252756,1.0,60.0,0.25582,1.0,60.0,0.253958,1.0,60.0,0.267308,1.0,60.0,0.281608,1.0,60.0,0.291294,1.0
COLORWHEEL_4000_EDITED_IMG_0622_0027,COLORWHEEL_4000_EDITED,train,4000,Abnormal,Abnormal,Abnormal,2,,,COLORWHEEL_4000_SEMIQUANT_EDITED.zip,1,1,0,,17.0168,0.864899,1.0,16.556801,0.875853,1.0,16.991199,0.868786,1.0,60.0,0.250031,1.0,60.0,0.252756,1.0,60.0,0.25582,1.0,60.0,0.253958,1.0,60.0,0.267308,1.0,60.0,0.281608,1.0,60.0,0.291294,1.0
COLORWHEEL_4000_EDITED_IMG_0622_0027,COLORWHEEL_4000_EDITED,train,4000,Abnormal,Abnormal,Abnormal,2,,,COLORWHEEL_4000_SEMIQUANT_EDITED.zip,1,1,0,,17.0168,0.864899,1.0,16.556801,0.875853,1.0,16.991199,0.868786,1.0,60.0,0.250031,1.0,60.0,0.252756,1.0,60.0,0.25582,1.0,60.0,0.253958,1.0,60.0,0.267308,1.0,60.0,0.281608,1.0,60.0,0.291294,1.0
COLORWHEEL_4000_EDITED_IMG_0622_0027,COLORWHEEL_4000_EDITED,train,4000,Abnormal,Abnormal,Abnormal,2,,,COLORWHEEL_4000_SEMIQUANT_EDITED.zip,1,1,0,,17.0168,0.864899,1.0,16.556801,0.875853,1.0,16.991199,0.868786,1.0,60.0,0.250031,1.0,60.0,0.252756,1.0,60.0,0.25582,1.0,60.0,0.253958,1.0,60.0,0.267308,1.0,60.0,0.281608,1.0,60.0,0.291294,1.0
COLORWHEEL_4000_EDITED_IMG_0622_0027,COLORWHEEL_4000_EDITED,train,4000,Abnormal,Abnormal,Abnormal,2,,,COLORWHEEL_4000_SEMIQUANT_EDITED.zip,1,1,0,,17.0168,0.864899,1.0,16.556801,0.875853,1.0,16.991199,0.868786,1.0,60.0,0.250031,1.0,60.0,0.252756,1.0,60.0,0.25582,1.0,60.0,0.253958,1.0,60.0,0.267308,1.0,60.0,0.281608,1.0,60.0,0.291294,1.0
COLORWHEEL_4000_EDITED_IMG_0622_0027,COLORWHEEL_4000_EDITED,train,4000,Abnormal,Abnormal,Abnormal,2,,,COLORWHEEL_4000_SEMIQUANT_EDITED.zip,1,1,0,,17.0168,0.864899,1.0,16.556801,0.875853,1.0,16.991199,0.868786,1.0,60.0,0.250031,1.0,60.0,0.252756,1.0,60.0,0.25582,1.0,60.0,0.253958,1.0,60.0,0.267308,1.0,60.0,0.281608,1.0,60.0,0.291294,1.0
COLORWHEEL_4000_EDITED_IMG_0622_0027,COLORWHEEL_4000_EDITED,train,4000,Abnormal,Abnormal,Abnormal,2,,,COLORWHEEL_4000_SEMIQUANT_EDITED.zip,1,1,0,,17.0168,0.864899,1.0,16.556801,0.875853,1.0,16.991199,0.868786,1.0,60.0,0.250031,1.0,60.0,0.252756,1.0,60.0,0.25582,1.0,60.0,0.253958,1.0,60.0,0.267308,1.0,60.0,0.281608,1.0,60.0,0.291294,1.0
COLORWHEEL_4000_EDITED_IMG_0622_0027,COLORWHEEL_4000_EDITED,train,4000,Abnormal,Abnormal,Abnormal,2,,,COLORWHEEL_4000_SEMIQUANT_EDITED.zip,1,1,0,,17.0168,0.864899,1.0,16.556801,0.875853,1.0,16.991199,0.868786,1.0,60.0,0.250031,1.0,60.0,0.252756,1.0,60.0,0.25582,1.0,60.0,0.253958,1.0,60.0,0.267308,1.0,60.0,0.281608,1.0,60.0,0.291294,1.0
