event_id,batch_id,split,light_kelvin,label_mode,label_raw,label_canonical,class_label,class_id,analyte,level,source_zip,frames_total,frames_used,frames_skipped,frame_errors,leukocytes_h,leukocytes_s,leukocytes_v,nitrite_h,nitrite_s,nitrite_v,urobilinogen_h,urobilinogen_s,urobilinogen_v,protein_h,protein_s,protein_v,ph_h,ph_s,ph_v,blood_h,blood_s,blood_v,specific_gravity_h,specific_gravity_s,specific_gravity_v,ketone_h,ketone_s,ketone_v,bilirubin_h,bilirubin_s,bilirubin_v,glucose_h,glucose_s,glucose_v
BATCH_2_COOL_Abnormal_2026-03-19T21-03-34-843695,BATCH 2 COOL,train,4000,semiquant,Leukocytes:Trace 15,Leukocytes:Trace 15,,,Leukocytes,Trace 15,BATCH_2_COOL_Abnormal_2026-03-19T21-03-34-843695_SEMIQUANT_FROM_BINARY.zip,1,1,0,,242.0,0.294157,1.0,242.0,0.293619,1.0,242.0,0.293115,1.0,242.0,0.29245,1.0,240.451996,0.290017,1.0,241.703201,0.291514,1.0,242.052795,0.292712,1.0,240.705597,0.292549,1.0,242.0,0.290988,1.0,242.0,0.286693,1.0
BATCH_2_COOL_Abnormal_2026-03-19T21-03-34-843695,BATCH 2 COOL,train,4000,semiquant,Nitrite:Positive,Nitrite:Positive,,,Nitrite,Positive,BATCH_2_COOL_Abnormal_2026-03-19T21-03-34-843695_SEMIQUANT_FROM_BINARY.zip,1,1,0,,242.0,0.294157,1.0,242.0,0.293619,1.0,242.0,0.293115,1.0,242.0,0.29245,1.0,240.451996,0.290017,1.0,241.703201,0.291514,1.0,242.052795,0.292712,1.0,240.705597,0.292549,1.0,242.0,0.290988,1.0,242.0,0.286693,1.0
BATCH_2_COOL_Abnormal_2026-03-19T21-03-34-843695,BATCH 2 COOL,train,4000,semiquant,Urobilinogen:16,Urobilinogen:16,,,Urobilinogen,16,BATCH_2_COOL_Abnormal_2026-03-19T21-03-34-843695_SEMIQUANT_FROM_BINARY.zip,1,1,0,,242.0,0.294157,1.0,242.0,0.293619,1.0,242.0,0.293115,1.0,242.0,0.29245,1.0,240.451996,0.290017,1.0,241.703201,0.291514,1.0,242.052795,0.292712,1.0,240.705597,0.292549,1.0,242.0,0.290988,1.0,242.0,0.286693,1.0
BATCH_2_COOL_Abnormal_2026-03-19T21-03-34-843695,BATCH 2 COOL,train,4000,semiquant,Protein:Trace,Protein:Trace,,,Protein,Trace,BATCH_2_COOL_Abnormal_2026-03-19T21-03-34-843695_SEMIQUANT_FROM_BINARY.zip,1,1,0,,242.0,0.294157,1.0,242.0,0.293619,1.0,242.0,0.293115,1.0,242.0,0.29245,1.0,240.451996,0.290017,1.0,241.703201,0.291514,1.0,242.052795,0.292712,1.0,240.705597,0.292549,1.0,242.0,0.290988,1.0,242.0,0.286693,1.0
BATCH_2_COOL_Abnormal_2026-03-19T21-03-34-843695,BATCH 2 COOL,train,4000,semiquant,pH:5.0,pH:5.0,,,pH,5.0,BATCH_2_COOL_Abnormal_2026-03-19T21-03-34-843695_SEMIQUANT_FROM_BINARY.zip,1,1,0,,242.0,0.294157,1.0,242.0,0.293619,1.0,242.0,0.293115,1.0,242.0,0.29245,1.0,240.451996,0.290017,1.0,241.703201,0.291514,1.0,242.052795,0.292712,1.0,240.705597,0.292549,1.0,242.0,0.290988,1.0,242.0,0.286693,1.0
BATCH_2_COOL_Abnormal_2026-03-19T21-03-34-843695,BATCH 2 COOL,train,4000,semiquant,Blood:Non-hemolyzed 10,Blood:Non-hemolyzed 10,,,Blood,Non-hemolyzed 10,BATCH_2_COOL_Abnormal_2026-03-19T21-03-34-843695_SEMIQUANT_FROM_BINARY.zip,1,1,0,,242.0,0.294157,1.0,242.0,0.293619,1.0,242.0,0.293115,1.0,242.0,0.29245,1.0,240.451996,0.290017,1.0,241.703201,0.291514,1.0,242.052795,0.292712,1.0,240.705597,0.292549,1.0,242.0,0.290988,1.0,242.0,0.286693,1.0
BATCH_2_COOL_Abnormal_2026-03-19T21-03-34-843695,BATCH 2 COOL,train,4000,semiquant,Specific Gravity:1.000,Specific Gravity:1.000,,,Specific Gravity,1.000,BATCH_2_COOL_Abnormal_2026-03-19T21-03-34-843695_SEMIQUANT_FROM_BINARY.zip,1,1,0,,242.0,0.294157,1.0,242.0,0.293619,1.0,242.0,0.293115,1.0,242.0,0.29245,1.0,240.451996,0.290017,1.0,241.703201,0.291514,1.0,242.052795,0.292712,1.0,240.705597,0.292549,1.0,242.0,0.290988,1.0,242.0,0.286693,1.0
BATCH_2_COOL_Abnormal_2026-03-19T21-03-34-843695,BATCH 2 COOL,train,4000,semiquant,Ketone:Trace 0.5,Ketone:Trace 0.5,,,Ketone,Trace 0.5,BATCH_2_COOL_Abnormal_2026-03-19T21-03-34-843695_SEMIQUANT_FROM_BINARY.zip,1,1,0,,242.0,0.294157,1.0,242.0,0.293619,1.0,242.0,0.293115,1.0,242.0,0.29245,1.0,240.451996,0.290017,1.0,241.703201,0.291514,1.0,242.052795,0.292712,1.0,240.705597,0.292549,1.0,242.0,0.290988,1.0,242.0,0.286693,1.0
BATCH_2_COOL_Abnormal_2026-03-19T21-03-34-843695,BATCH 2 COOL,train,4000,semiquant,Bilirubin:Small 17,Bilirubin:Small 17,,,Bilirubin,Small 17,BATCH_2_COOL_Abnormal_2026-03-19T21-03-34-843695_SEMIQUANT_FROM_BINARY.zip,1,1,0,,242.0,0.294157,1.0,242.0,0.293619,1.0,242.0,0.293115,1.0,242.0,0.29245,1.0,240.451996,0.290017,1.0,241.703201,0.291514,1.0,242.052795,0.292712,1.0,240.705597,0.292549,1.0,242.0,0.290988,1.0,242.0,0.286693,1.0
BATCH_2_COOL_Abnormal_2026-03-19T21-03-34-843695,BATCH 2 COOL,train,4000,semiquant,Glucose:Trace 5,Glucose:Trace 5,,,Glucose,Trace 5,BATCH_2_COOL_Abnormal_2026-03-19T21-03-34-843695_SEMIQUANT_FROM_BINARY.zip,1,1,0,,242.0,0.294157,1.0,242.0,0.293619,1.0,242.0,0.293115,1.0,242.0,0.29245,1.0,240.451996,0.290017,1.0,241.703201,0.291514,1.0,242.052795,0.292712,1.0,240.705597,0.292549,1.0,242.0,0.290988,1.0,242.0,0.286693,1.0
BATCH_2_COOL_Abnormal_2026-03-19T21-03-34-843695,BATCH 2 COOL,train,4000,semiquant,Leukocytes:Small 70,Leukocytes:Small 70,,,Leukocytes,Small 70,BATCH_2_COOL_Abnormal_2026-03-19T21-03-34-843695_SEMIQUANT_FROM_BINARY.zip,1,1,0,,241.699997,0.29365,1.0,242.0,0.293245,1.0,241.085602,0.29304,1.0,242.0,0.291412,1.0,242.0,0.289727,1.0,242.0,0.29138,1.0,242.0,0.291431,1.0,242.0,0.288835,1.0,242.0,0.286758,1.0,242.0,0.288593,1.0
BATCH_2_COOL_Abnormal_2026-03-19T21-03-34-843695,BATCH 2 COOL,train,4000,semiquant,Nitrite:Positive,Nitrite:Positive,,,Nitrite,Positive,BATCH_2_COOL_Abnormal_2026-03-19T21-03-34-843695_SEMIQUANT_FROM_BINARY.zip,1,1,0,,241.699997,0.29365,1.0,242.0,0.293245,1.0,241.085602,0.29304,1.0,242.0,0.291412,1.0,242.0,0.289727,1.0,242.0,0.29138,1.0,242.0,0.291431,1.0,242.0,0.288835,1.0,242.0,0.286758,1.0,242.0,0.288593,1.0
BATCH_2_COOL_Abnormal_2026-03-19T21-03-34-843695,BATCH 2 COOL,train,4000,semiquant,Urobilinogen:32,Urobilinogen:32,,,Urobilinogen,32,BATCH_2_COOL_Abnormal_2026-03-19T21-03-34-843695_SEMIQUANT_FROM_BINARY.zip,1,1,0,,241.699997,0.29365,1.0,242.0,0.293245,1.0,241.085602,0.29304,1.0,242.0,0.291412,1.0,242.0,0.289727,1.0,242.0,0.29138,1.0,242.0,0.291431,1.0,242.0,0.288835,1.0,242.0,0.286758,1.0,242.0,0.288593,1.0
BATCH_2_COOL_Abnormal_2026-03-19T21-03-34-843695,BATCH 2 COOL,train,4000,semiquant,Protein:0.3,Protein:0.3,,,Protein,0.3,BATCH_2_COOL_Abnormal_2026-03-19T21-03-34-843695_SEMIQUANT_FROM_BINARY.zip,1,1,0,,241.699997,0.29365,1.0,242.0,0.293245,1.0,241.085602,0.29304,1.0,242.0,0.291412,1.0,242.0,0.289727,1.0,242.0,0.29138,1.0,242.0,0.291431,1.0,242.0,0.288835,1.0,242.0,0.286758,1.0,242.0,0.288593,1.0
BATCH_2_COOL_Abnormal_2026-03-19T21-03-34-843695,BATCH 2 COOL,train,4000,semiquant,pH:6.5,pH:6.5,,,pH,6.5,BATCH_2_COOL_Abnormal_2026-03-19T21-03-34-843695_SEMIQUANT_FROM_BINARY.zip,1,1,0,,241.699997,0.29365,1.0,242.0,0.293245,1.0,241.085602,0.29304,1.0,242.0,0.291412,1.0,242.0,0.289727,1.0,242.0,0.29138,1.0,242.0,0.291431,1.0,242.0,0.288835,1.0,242.0,0.286758,1.0,242.0,0.288593,1.0
BATCH_2_COOL_Abnormal_2026-03-19T21-03-34-843695,BATCH 2 COOL,train,4000,semiquant,Blood:Hemolyzed 10,Blood:Hemolyzed 10,,,Blood,Hemolyzed 10,BATCH_2_COOL_Abnormal_2026-03-19T21-03-34-843695_SEMIQUANT_FROM_BINARY.zip,1,1,0,,241.699997,0.29365,1.0,242.0,0.293245,1.0,241.085602,0.29304,1.0,242.0,0.291412,1.0,242.0,0.289727,1.0,242.0,0.29138,1.0,242.0,0.291431,1.0,242.0,0.288835,1.0,242.0,0.286758,1.0,242.0,0.288593,1.0
BATCH_2_COOL_Abnormal_2026-03-19T21-03-34-843695,BATCH 2 COOL,train,4000,semiquant,Specific Gravity:1.005,Specific Gravity:1.005,,,Specific Gravity,1.005,BATCH_2_COOL_Abnormal_2026-03-19T21-03-34-843695_SEMIQUANT_FROM_BINARY.zip,1,1,0,,241.699997,0.29365,1.0,242.0,0.293245,1.0,241.085602,0.29304,1.0,242.0,0.291412,1.0,242.0,0.289727,1.0,242.0,0.29138,1.0,242.0,0.291431,1.0,242.0,0.288835,1.0,242.0,0.286758,1.0,242.0,0.288593,1.0
BATCH_2_COOL_Abnormal_2026-03-19T21-03-34-843695,BATCH 2 COOL,train,4000,semiquant,Ketone:Small 1.5,Ketone:Small 1.5,,,Ketone,Small 1.5,BATCH_2_COOL_Abnormal_2026-03-19T21-03-34-843695_SEMIQUANT_FROM_BINARY.zip,1,1,0,,241.699997,0.29365,1.0,242.0,0.293245,1.0,241.085602,0.29304,1.0,242.0,0.291412,1.0,242.0,0.289727,1.0,242.0,0.29138,1.0,242.0,0.291431,1.0,242.0,0.288835,1.0,242.0,0.286758,1.0,242.0,0.288593,1.0
BATCH_2_COOL_Abnormal_2026-03-19T21-03-34-843695,BATCH 2 COOL,train,4000,semiquant,Bilirubin:Moderate 50,Bilirubin:Moderate 50,,,Bilirubin,Moderate 50,BATCH_2_COOL_Abnormal_2026-03-19T21-03-34-843695_SEMIQUANT_FROM_BINARY.zip,1,1,0,,241.699997,0.29365,1.0,242.0,0.293245,1.0,241.085602,0.29304,1.0,242.0,0.291412,1.0,242.0,0.289727,1.0,242.0,0.29138,1.0,242.0,0.291431,1.0,242.0,0.288835,1.0,242.0,0.286758,1.0,242.0,0.288593,1.0
BATCH_2_COOL_Abnormal_2026-03-19T21-03-34-843695,BATCH 2 COOL,train,4000,semiquant,Glucose:15 +,Glucose:15 +,,,Glucose,15 +,BATCH_2_COOL_Abnormal_2026-03-19T21-03-34-843695_SEMIQUANT_FROM_BINARY.zip,1,1,0,,241.699997,0.29365,1.0,242.0,0.293245,1.0,241.085602,0.29304,1.0,242.0,0.291412,1.0,242.0,0.289727,1.0,242.0,0.29138,1.0,242.0,0.291431,1.0,242.0,0.288835,1.0,242.0,0.286758,1.0,242.0,0.288593,1.0
BATCH_2_COOL_Abnormal_2026-03-19T21-03-34-843695,BATCH 2 COOL,train,4000,semiquant,Leukocytes:Moderate 125,Leukocytes:Moderate 125,,,Leukocytes,Moderate 125,BATCH_2_COOL_Abnormal_2026-03-19T21-03-34-843695_SEMIQUANT_FROM_BINARY.zip,1,1,0,,238.598404,0.293504,1.0,240.544006,0.291131,1.0,241.101593,0.290442,1.0,241.3992,0.287824,1.0,239.963196,0.287859,1.0,239.748795,0.289183,1.0,241.465607,0.288744,1.0,241.729599,0.288776,1.0,240.965607,0.287666,1.0,241.282394,0.283782,1.0
BATCH_2_COOL_Abnormal_2026-03-19T21-03-34-843695,BATCH 2 COOL,train,4000,semiquant,Nitrite:Positive,Nitrite:Positive,,,Nitrite,Positive,BATCH_2_COOL_Abnormal_2026-03-19T21-03-34-843695_SEMIQUANT_FROM_BINARY.zip,1,1,0,,238.598404,0.293504,1.0,240.544006,0.291131,1.0,241.101593,0.290442,1.0,241.3992,0.287824,1.0,239.963196,0.287859,1.0,239.748795,0.289183,1.0,241.465607,0.288744,1.0,241.729599,0.288776,1.0,240.965607,0.287666,1.0,241.282394,0.283782,1.0
BATCH_2_COOL_Abnormal_2026-03-19T21-03-34-843695,BATCH 2 COOL,train,4000,semiquant,Urobilinogen:64,Urobilinogen:64,,,Urobilinogen,64,BATCH_2_COOL_Abnormal_2026-03-19T21-03-34-843695_SEMIQUANT_FROM_BINARY.zip,1,1,0,,238.598404,0.293504,1.0,240.544006,0.291131,1.0,241.101593,0.290442,1.0,241.3992,0.287824,1.0,239.963196,0.287859,1.0,239.748795,0.289183,1.0,241.465607,0.288744,1.0,241.729599,0.288776,1.0,240.965607,0.287666,1.0,241.282394,0.283782,1.0
BATCH_2_COOL_Abnormal_2026-03-19T21-03-34-843695,BATCH 2 COOL,train,4000,semiquant,Protein:1.0,Protein:1.0,,,Protein,1.0,BATCH_2_COOL_Abnormal_2026-03-19T21-03-34-843695_SEMIQUANT_FROM_BINARY.zip,1,1,0,,238.598404,0.293504,1.0,240.544006,0.291131,1.0,241.101593,0.290442,1.0,241.3992,0.287824,1.0,239.963196,0.287859,1.0,239.748795,0.289183,1.0,241.465607,0.288744,1.0,241.729599,0.288776,1.0,240.965607,0.287666,1.0,241.282394,0.283782,1.0
BATCH_2_COOL_Abnormal_2026-03-19T21-03-34-843695,BATCH 2 COOL,train,4000,semiquant,pH:7.0,pH:7.0,,,pH,7.0,BATCH_2_COOL_Abnormal_2026-03-19T21-03-34-843695_SEMIQUANT_FROM_BINARY.zip,1,1,0,,238.598404,0.293504,1.0,240.544006,0.291131,1.0,241.101593,0.290442,1.0,241.3992,0.287824,1.0,239.963196,0.287859,1.0,239.748795,0.289183,1.0,241.465607,0.288744,1.0,241.729599,0.288776,1.0,240.965607,0.287666,1.0,241.282394,0.283782,1.0
BATCH_2_COOL_Abnormal_2026-03-19T21-03-34-843695,BATCH 2 COOL,train,4000,semiquant,Blood:Small 25,Blood:Small 25,,,Blood,Small 25,BATCH_2_COOL_Abnormal_2026-03-19T21-03-34-843695_SEMIQUANT_FROM_BINARY.zip,1,1,0,,238.598404,0.293504,1.0,240.544006,0.291131,1.0,241.101593,0.290442,1.0,241.3992,0.287824,1.0,239.963196,0.287859,1.0,239.748795,0.289183,1.0,241.465607,0.288744,1.0,241.729599,0.288776,1.0,240.965607,0.287666,1.0,241.282394,0.283782,1.0
BATCH_2_COOL_Abnormal_2026-03-19T21-03-34-843695,BATCH 2 COOL,train,4000,semiquant,Specific Gravity:1.010,Specific Gravity:1.010,,,Specific Gravity,1.010,BATCH_2_COOL_Abnormal_2026-03-19T21-03-34-843695_SEMIQUANT_FROM_BINARY.zip,1,1,0,,238.598404,0.293504,1.0,240.544006,0.291131,1.0,241.101593,0.290442,1.0,241.3992,0.287824,1.0,239.963196,0.287859,1.0,239.748795,0.289183,1.0,241.465607,0.288744,1.0,241.729599,0.288776,1.0,240.965607,0.287666,1.0,241.282394,0.283782,1.0
BATCH_2_COOL_Abnormal_2026-03-19T21-03-34-843695,BATCH 2 COOL,train,4000,semiquant,Ketone:Moderate 4.0,Ketone:Moderate 4.0,,,Ketone,Moderate 4.0,BATCH_2_COOL_Abnormal_2026-03-19T21-03-34-843695_SEMIQUANT_FROM_BINARY.zip,1,1,0,,238.598404,0.293504,1.0,240.544006,0.291131,1.0,241.101593,0.290442,1.0,241.3992,0.287824,1.0,239.963196,0.287859,1.0,239.748795,0.289183,1.0,241.465607,0.288744,1.0,241.729599,0.288776,1.0,240.965607,0.287666,1.0,241.282394,0.283782,1.0
BATCH_2_COOL_Abnormal_2026-03-19T21-03-34-843695,BATCH 2 COOL,train,4000,semiquant,Bilirubin:Large 100,Bilirubin:Large 100,,,Bilirubin,Large 100,BATCH_2_COOL_Abnormal_2026-03-19T21-03-34-843695_SEMIQUANT_FROM_BINARY.zip,1,1,0,,238.598404,0.293504,1.0,240.544006,0.291131,1.0,241.101593,0.290442,1.0,241.3992,0.287824,1.0,239.963196,0.287859,1.0,239.748795,0.289183,1.0,241.465607,0.288744,1.0,241.729599,0.288776,1.0,240.965607,0.287666,1.0,241.282394,0.283782,1.0
BATCH_2_COOL_Abnormal_2026-03-19T21-03-34-843695,BATCH 2 COOL,train,4000,semiquant,Glucose:30 ++,Glucose:30 ++,,,Glucose,30 ++,BATCH_2_COOL_Abnormal_2026-03-19T21-03-34-843695_SEMIQUANT_FROM_BINARY.zip,1,1,0,,238.598404,0.293504,1.0,240.544006,0.291131,1.0,241.101593,0.290442,1.0,241.3992,0.287824,1.0,239.963196,0.287859,1.0,239.748795,0.289183,1.0,241.465607,0.288744,1.0,241.729599,0.288776,1.0,240.965607,0.287666,1.0,241.282394,0.283782,1.0
BATCH_2_COOL_Abnormal_2026-03-19T21-03-34-843695,BATCH 2 COOL,train,4000,semiquant,Leukocytes:Large 500,Leukocytes:Large 500,,,Leukocytes,Large 500,BATCH_2_COOL_Abnormal_2026-03-19T21-03-34-843695_SEMIQUANT_FROM_BINARY.zip,1,1,0,,242.0,0.294017,1.0,241.143204,0.292938,1.0,241.472,0.293871,1.0,241.628799,0.291167,1.0,241.730392,0.29058,1.0,242.0,0.291277,1.0,241.096802,0.291338,1.0,242.0,0.289245,1.0,241.216797,0.286704,1.0,242.0,0.289093,1.0
BATCH_2_COOL_Abnormal_2026-03-19T21-03-34-843695,BATCH 2 COOL,train,4000,semiquant,Nitrite:Positive,Nitrite:Positive,,,Nitrite,Positive,BATCH_2_COOL_Abnormal_2026-03-19T21-03-34-843695_SEMIQUANT_FROM_BINARY.zip,1,1,0,,242.0,0.294017,1.0,241.143204,0.292938,1.0,241.472,0.293871,1.0,241.628799,0.291167,1.0,241.730392,0.29058,1.0,242.0,0.291277,1.0,241.096802,0.291338,1.0,242.0,0.289245,1.0,241.216797,0.286704,1.0,242.0,0.289093,1.0
BATCH_2_COOL_Abnormal_2026-03-19T21-03-34-843695,BATCH 2 COOL,train,4000,semiquant,Urobilinogen:128,Urobilinogen:128,,,Urobilinogen,128,BATCH_2_COOL_Abnormal_2026-03-19T21-03-34-843695_SEMIQUANT_FROM_BINARY.zip,1,1,0,,242.0,0.294017,1.0,241.143204,0.292938,1.0,241.472,0.293871,1.0,241.628799,0.291167,1.0,241.730392,0.29058,1.0,242.0,0.291277,1.0,241.096802,0.291338,1.0,242.0,0.289245,1.0,241.216797,0.286704,1.0,242.0,0.289093,1.0
BATCH_2_COOL_Abnormal_2026-03-19T21-03-34-843695,BATCH 2 COOL,train,4000,semiquant,Protein:3.0,Protein:3.0,,,Protein,3.0,BATCH_2_COOL_Abnormal_2026-03-19T21-03-34-843695_SEMIQUANT_FROM_BINARY.zip,1,1,0,,242.0,0.294017,1.0,241.143204,0.292938,1.0,241.472,0.293871,1.0,241.628799,0.291167,1.0,241.730392,0.29058,1.0,242.0,0.291277,1.0,241.096802,0.291338,1.0,242.0,0.289245,1.0,241.216797,0.286704,1.0,242.0,0.289093,1.0
BATCH_2_COOL_Abnormal_2026-03-19T21-03-34-843695,BATCH 2 COOL,train,4000,semiquant,pH:7.5,pH:7.5,,,pH,7.5,BATCH_2_COOL_Abnormal_2026-03-19T21-03-34-843695_SEMIQUANT_FROM_BINARY.zip,1,1,0,,242.0,0.294017,1.0,241.143204,0.292938,1.0,241.472,0.293871,1.0,241.628799,0.291167,1.0,241.730392,0.29058,1.0,242.0,0.291277,1.0,241.096802,0.291338,1.0,242.0,0.289245,1.0,241.216797,0.286704,1.0,242.0,0.289093,1.0
BATCH_2_COOL_Abnormal_2026-03-19T21-03-34-843695,BATCH 2 COOL,train,4000,semiquant,Blood:Moderate 80,Blood:Moderate 80,,,Blood,Moderate 80,BATCH_2_COOL_Abnormal_2026-03-19T21-03-34-843695_SEMIQUANT_FROM_BINARY.zip,1,1,0,,242.0,0.294017,1.0,241.143204,0.292938,1.0,241.472,0.293871,1.0,241.628799,0.291167,1.0,241.730392,0.29058,1.0,242.0,0.291277,1.0,241.096802,0.291338,1.0,242.0,0.289245,1.0,241.216797,0.286704,1.0,242.0,0.289093,1.0
BATCH_2_COOL_Abnormal_2026-03-19T21-03-34-843695,BATCH 2 COOL,train,4000,semiquant,Specific Gravity:1.020,Specific Gravity:1.020,,,Specific Gravity,1.020,BATCH_2_COOL_Abnormal_2026-03-19T21-03-34-843695_SEMIQUANT_FROM_BINARY.zip,1,1,0,,242.0,0.294017,1.0,241.143204,0.292938,1.0,241.472,0.293871,1.0,241.628799,0.291167,1.0,241.730392,0.29058,1.0,242.0,0.291277,1.0,241.096802,0.291338,1.0,242.0,0.289245,1.0,241.216797,0.286704,1.0,242.0,0.289093,1.0
BATCH_2_COOL_Abnormal_2026-03-19T21-03-34-843695,BATCH 2 COOL,train,4000,semiquant,Ketone:8.0,Ketone:8.0,,,Ketone,8.0,BATCH_2_COOL_Abnormal_2026-03-19T21-03-34-843695_SEMIQUANT_FROM_BINARY.zip,1,1,0,,242.0,0.294017,1.0,241.143204,0.292938,1.0,241.472,0.293871,1.0,241.628799,0.291167,1.0,241.730392,0.29058,1.0,242.0,0.291277,1.0,241.096802,0.291338,1.0,242.0,0.289245,1.0,241.216797,0.286704,1.0,242.0,0.289093,1.0
BATCH_2_COOL_Abnormal_2026-03-19T21-03-34-843695,BATCH 2 COOL,train,4000,semiquant,Bilirubin:Small 17,Bilirubin:Small 17,,,Bilirubin,Small 17,BATCH_2_COOL_Abnormal_2026-03-19T21-03-34-843695_SEMIQUANT_FROM_BINARY.zip,1,1,0,,242.0,0.294017,1.0,241.143204,0.292938,1.0,241.472,0.293871,1.0,241.628799,0.291167,1.0,241.730392,0.29058,1.0,242.0,0.291277,1.0,241.096802,0.291338,1.0,242.0,0.289245,1.0,241.216797,0.286704,1.0,242.0,0.289093,1.0
BATCH_2_COOL_Abnormal_2026-03-19T21-03-34-843695,BATCH 2 COOL,train,4000,semiquant,Glucose:60 +++,Glucose:60 +++,,,Glucose,60 +++,BATCH_2_COOL_Abnormal_2026-03-19T21-03-34-843695_SEMIQUANT_FROM_BINARY.zip,1,1,0,,242.0,0.294017,1.0,241.143204,0.292938,1.0,241.472,0.293871,1.0,241.628799,0.291167,1.0,241.730392,0.29058,1.0,242.0,0.291277,1.0,241.096802,0.291338,1.0,242.0,0.289245,1.0,241.216797,0.286704,1.0,242.0,0.289093,1.0
BATCH_2_COOL_Abnormal_2026-03-19T21-03-34-843695,BATCH 2 COOL,train,4000,semiquant,Leukocytes:Trace 15,Leukocytes:Trace 15,,,Leukocytes,Trace 15,BATCH_2_COOL_Abnormal_2026-03-19T21-03-34-843695_SEMIQUANT_FROM_BINARY.zip,1,1,0,,197.160004,0.258224,1.0,197.665604,0.260703,1.0,197.989594,0.26264,1.0,198.381607,0.264769,1.0,198.842407,0.267487,1.0,199.384796,0.269678,1.0,200.109604,0.273021,1.0,200.794403,0.27605,1.0,201.719193,0.280478,1.0,201.744797,0.280861,1.0
BATCH_2_COOL_Abnormal_2026-03-19T21-03-34-843695,BATCH 2 COOL,train,4000,semiquant,Nitrite:Positive,Nitrite:Positive,,,Nitrite,Positive,BATCH_2_COOL_Abnormal_2026-03-19T21-03-34-843695_SEMIQUANT_FROM_BINARY.zip,1,1,0,,197.160004,0.258224,1.0,197.665604,0.260703,1.0,197.989594,0.26264,1.0,198.381607,0.264769,1.0,198.842407,0.267487,1.0,199.384796,0.269678,1.0,200.109604,0.273021,1.0,200.794403,0.27605,1.0,201.719193,0.280478,1.0,201.744797,0.280861,1.0
BATCH_2_COOL_Abnormal_2026-03-19T21-03-34-843695,BATCH 2 COOL,train,4000,semiquant,Urobilinogen:16,Urobilinogen:16,,,Urobilinogen,16,BATCH_2_COOL_Abnormal_2026-03-19T21-03-34-843695_SEMIQUANT_FROM_BINARY.zip,1,1,0,,197.160004,0.258224,1.0,197.665604,0.260703,1.0,197.989594,0.26264,1.0,198.381607,0.264769,1.0,198.842407,0.267487,1.0,199.384796,0.269678,1.0,200.109604,0.273021,1.0,200.794403,0.27605,1.0,201.719193,0.280478,1.0,201.744797,0.280861,1.0
BATCH_2_COOL_Abnormal_2026-03-19T21-03-34-843695,BATCH 2 COOL,train,4000,semiquant,Protein:>=20.0,Protein:>=20.0,,,Protein,>=20.0,BATCH_2_COOL_Abnormal_2026-03-19T21-03-34-843695_SEMIQUANT_FROM_BINARY.zip,1,1,0,,197.160004,0.258224,1.0,197.665604,0.260703,1.0,197.989594,0.26264,1.0,198.381607,0.264769,1.0,198.842407,0.267487,1.0,199.384796,0.269678,1.0,200.109604,0.273021,1.0,200.794403,0.27605,1.0,201.719193,0.280478,1.0,201.744797,0.280861,1.0
BATCH_2_COOL_Abnormal_2026-03-19T21-03-34-843695,BATCH 2 COOL,train,4000,semiquant,pH:8.0,pH:8.0,,,pH,8.0,BATCH_2_COOL_Abnormal_2026-03-19T21-03-34-843695_SEMIQUANT_FROM_BINARY.zip,1,1,0,,197.160004,0.258224,1.0,197.665604,0.260703,1.0,197.989594,0.26264,1.0,198.381607,0.264769,1.0,198.842407,0.267487,1.0,199.384796,0.269678,1.0,200.109604,0.273021,1.0,200.794403,0.27605,1.0,201.719193,0.280478,1.0,201.744797,0.280861,1.0
BATCH_2_COOL_Abnormal_2026-03-19T21-03-34-843695,BATCH 2 COOL,train,4000,semiquant,Blood:Large 200,Blood:Large 200,,,Blood,Large 200,BATCH_2_COOL_Abnormal_2026-03-19T21-03-34-843695_SEMIQUANT_FROM_BINARY.zip,1,1,0,,197.160004,0.258224,1.0,197.665604,0.260703,1.0,197.989594,0.26264,1.0,198.381607,0.264769,1.0,198.842407,0.267487,1.0,199.384796,0.269678,1.0,200.109604,0.273021,1.0,200.794403,0.27605,1.0,201.719193,0.280478,1.0,201.744797,0.280861,1.0
BATCH_2_COOL_Abnormal_2026-03-19T21-03-34-843695,BATCH 2 COOL,train,4000,semiquant,Specific Gravity:1.025,Specific Gravity:1.025,,,Specific Gravity,1.025,BATCH_2_COOL_Abnormal_2026-03-19T21-03-34-843695_SEMIQUANT_FROM_BINARY.zip,1,1,0,,197.160004,0.258224,1.0,197.665604,0.260703,1.0,197.989594,0.26264,1.0,198.381607,0.264769,1.0,198.842407,0.267487,1.0,199.384796,0.269678,1.0,200.109604,0.273021,1.0,200.794403,0.27605,1.0,201.719193,0.280478,1.0,201.744797,0.280861,1.0
BATCH_2_COOL_Abnormal_2026-03-19T21-03-34-843695,BATCH 2 COOL,train,4000,semiquant,Ketone:Large 16,Ketone:Large 16,,,Ketone,Large 16,BATCH_2_COOL_Abnormal_2026-03-19T21-03-34-843695_SEMIQUANT_FROM_BINARY.zip,1,1,0,,197.160004,0.258224,1.0,197.665604,0.260703,1.0,197.989594,0.26264,1.0,198.381607,0.264769,1.0,198.842407,0.267487,1.0,199.384796,0.269678,1.0,200.109604,0.273021,1.0,200.794403,0.27605,1.0,201.719193,0.280478,1.0,201.744797,0.280861,1.0
BATCH_2_COOL_Abnormal_2026-03-19T21-03-34-843695,BATCH 2 COOL,train,4000,semiquant,Bilirubin:Moderate 50,Bilirubin:Moderate 50,,,Bilirubin,Moderate 50,BATCH_2_COOL_Abnormal_2026-03-19T21-03-34-843695_SEMIQUANT_FROM_BINARY.zip,1,1,0,,197.160004,0.258224,1.0,197.665604,0.260703,1.0,197.989594,0.26264,1.0,198.381607,0.264769,1.0,198.842407,0.267487,1.0,199.384796,0.269678,1.0,200.109604,0.273021,1.0,200.794403,0.27605,1.0,201.719193,0.280478,1.0,201.744797,0.280861,1.0
BATCH_2_COOL_Abnormal_2026-03-19T21-03-34-843695,BATCH 2 COOL,train,4000,semiquant,Glucose:110 ++++,Glucose:110 ++++,,,Glucose,110 ++++,BATCH_2_COOL_Abnormal_2026-03-19T21-03-34-843695_SEMIQUANT_FROM_BINARY.zip,1,1,0,,197.160004,0.258224,1.0,197.665604,0.260703,1.0,197.989594,0.26264,1.0,198.381607,0.264769,1.0,198.842407,0.267487,1.0,199.384796,0.269678,1.0,200.109604,0.273021,1.0,200.794403,0.27605,1.0,201.719193,0.280478,1.0,201.744797,0.280861,1.0
BATCH_2_COOL_Abnormal_2026-03-19T21-03-34-843695,BATCH 2 COOL,train,4000,semiquant,Leukocytes:Small 70,Leukocytes:Small 70,,,Leukocytes,Small 70,BATCH_2_COOL_Abnormal_2026-03-19T21-03-34-843695_SEMIQUANT_FROM_BINARY.zip,1,1,0,,180.011993,0.277009,1.0,180.047195,0.277606,1.0,180.004807,0.27331,1.0,180.002396,0.271795,1.0,180.016006,0.276056,1.0,180.051193,0.284162,1.0,180.048004,0.279656,1.0,180.094406,0.281991,1.0,180.553604,0.286805,1.0,181.936005,0.293456,1.0
BATCH_2_COOL_Abnormal_2026-03-19T21-03-34-843695,BATCH 2 COOL,train,4000,semiquant,Nitrite:Positive,Nitrite:Positive,,,Nitrite,Positive,BATCH_2_COOL_Abnormal_2026-03-19T21-03-34-843695_SEMIQUANT_FROM_BINARY.zip,1,1,0,,180.011993,0.277009,1.0,180.047195,0.277606,1.0,180.004807,0.27331,1.0,180.002396,0.271795,1.0,180.016006,0.276056,1.0,180.051193,0.284162,1.0,180.048004,0.279656,1.0,180.094406,0.281991,1.0,180.553604,0.286805,1.0,181.936005,0.293456,1.0
BATCH_2_COOL_Abnormal_2026-03-19T21-03-34-843695,BATCH 2 COOL,train,4000,semiquant,Urobilinogen:32,Urobilinogen:32,,,Urobilinogen,32,BATCH_2_COOL_Abnormal_2026-03-19T21-03-34-843695_SEMIQUANT_FROM_BINARY.zip,1,1,0,,180.011993,0.277009,1.0,180.047195,0.277606,1.0,180.004807,0.27331,1.0,180.002396,0.271795,1.0,180.016006,0.276056,1.0,180.051193,0.284162,1.0,180.048004,0.279656,1.0,180.094406,0.281991,1.0,180.553604,0.286805,1.0,181.936005,0.293456,1.0
BATCH_2_COOL_Abnormal_2026-03-19T21-03-34-843695,BATCH 2 COOL,train,4000,semiquant,Protein:Trace,Protein:Trace,,,Protein,Trace,BATCH_2_COOL_Abnormal_2026-03-19T21-03-34-843695_SEMIQUANT_FROM_BINARY.zip,1,1,0,,180.011993,0.277009,1.0,180.047195,0.277606,1.0,180.004807,0.27331,1.0,180.002396,0.271795,1.0,180.016006,0.276056,1.0,180.051193,0.284162,1.0,180.048004,0.279656,1.0,180.094406,0.281991,1.0,180.553604,0.286805,1.0,181.936005,0.293456,1.0
BATCH_2_COOL_Abnormal_2026-03-19T21-03-34-843695,BATCH 2 COOL,train,4000,semiquant,pH:8.5,pH:8.5,,,pH,8.5,BATCH_2_COOL_Abnormal_2026-03-19T21-03-34-843695_SEMIQUANT_FROM_BINARY.zip,1,1,0,,180.011993,0.277009,1.0,180.047195,0.277606,1.0,180.004807,0.27331,1.0,180.002396,0.271795,1.0,180.016006,0.276056,1.0,180.051193,0.284162,1.0,180.048004,0.279656,1.0,180.094406,0.281991,1.0,180.553604,0.286805,1.0,181.936005,0.293456,1.0
BATCH_2_COOL_Abnormal_2026-03-19T21-03-34-843695,BATCH 2 COOL,train,4000,semiquant,Blood:Non-hemolyzed 10,Blood:Non-hemolyzed 10,,,Blood,Non-hemolyzed 10,BATCH_2_COOL_Abnormal_2026-03-19T21-03-34-843695_SEMIQUANT_FROM_BINARY.zip,1,1,0,,180.011993,0.277009,1.0,180.047195,0.277606,1.0,180.004807,0.27331,1.0,180.002396,0.271795,1.0,180.016006,0.276056,1.0,180.051193,0.284162,1.0,180.048004,0.279656,1.0,180.094406,0.281991,1.0,180.553604,0.286805,1.0,181.936005,0.293456,1.0
BATCH_2_COOL_Abnormal_2026-03-19T21-03-34-843695,BATCH 2 COOL,train,4000,semiquant,Specific Gravity:1.030,Specific Gravity:1.030,,,Specific Gravity,1.030,BATCH_2_COOL_Abnormal_2026-03-19T21-03-34-843695_SEMIQUANT_FROM_BINARY.zip,1,1,0,,180.011993,0.277009,1.0,180.047195,0.277606,1.0,180.004807,0.27331,1.0,180.002396,0.271795,1.0,180.016006,0.276056,1.0,180.051193,0.284162,1.0,180.048004,0.279656,1.0,180.094406,0.281991,1.0,180.553604,0.286805,1.0,181.936005,0.293456,1.0
BATCH_2_COOL_Abnormal_2026-03-19T21-03-34-843695,BATCH 2 COOL,train,4000,semiquant,Ketone:Trace 0.5,Ketone:Trace 0.5,,,Ketone,Trace 0.5,BATCH_2_COOL_Abnormal_2026-03-19T21-03-34-843695_SEMIQUANT_FROM_BINARY.zip,1,1,0,,180.011993,0.277009,1.0,180.047195,0.277606,1.0,180.004807,0.27331,1.0,180.002396,0.271795,1.0,180.016006,0.276056,1.0,180.051193,0.284162,1.0,180.048004,0.279656,1.0,180.094406,0.281991,1.0,180.553604,0.286805,1.0,181.936005,0.293456,1.0
BATCH_2_COOL_Abnormal_2026-03-19T21-03-34-843695,BATCH 2 COOL,train,4000,semiquant,Bilirubin:Large 100,Bilirubin:Large 100,,,Bilirubin,Large 100,BATCH_2_COOL_Abnormal_2026-03-19T21-03-34-843695_SEMIQUANT_FROM_BINARY.zip,1,1,0,,180.011993,0.277009,1.0,180.047195,0.277606,1.0,180.004807,0.27331,1.0,180.002396,0.271795,1.0,180.016006,0.276056,1.0,180.051193,0.284162,1.0,180.048004,0.279656,1.0,180.094406,0.281991,1.0,180.553604,0.286805,1.0,181.936005,0.293456,1.0
BATCH_2_COOL_Abnormal_2026-03-19T21-03-34-843695,BATCH 2 COOL,train,4000,semiquant,Glucose:Trace 5,Glucose:Trace 5,,,Glucose,Trace 5,BATCH_2_COOL_Abnormal_2026-03-19T21-03-34-843695_SEMIQUANT_FROM_BINARY.zip,1,1,0,,180.011993,0.277009,1.0,180.047195,0.277606,1.0,180.004807,0.27331,1.0,180.002396,0.271795,1.0,180.016006,0.276056,1.0,180.051193,0.284162,1.0,180.048004,0.279656,1.0,180.094406,0.281991,1.0,180.553604,0.286805,1.0,181.936005,0.293456,1.0
BATCH_2_COOL_Abnormal_2026-03-19T21-03-34-843695,BATCH 2 COOL,train,4000,semiquant,Leukocytes:Moderate 125,Leukocytes:Moderate 125,,,Leukocytes,Moderate 125,BATCH_2_COOL_Abnormal_2026-03-19T21-03-34-843695_SEMIQUANT_FROM_BINARY.zip,1,1,0,,242.0,0.296049,1.0,241.788803,0.294913,1.0,241.830399,0.295145,1.0,242.0,0.294093,1.0,241.913605,0.291391,1.0,242.0,0.293876,1.0,242.098404,0.298747,1.0,242.165604,0.298546,1.0,242.0,0.29325,1.0,242.0,0.290565,1.0
BATCH_2_COOL_Abnormal_2026-03-19T21-03-34-843695,BATCH 2 COOL,train,4000,semiquant,Nitrite:Positive,Nitrite:Positive,,,Nitrite,Positive,BATCH_2_COOL_Abnormal_2026-03-19T21-03-34-843695_SEMIQUANT_FROM_BINARY.zip,1,1,0,,242.0,0.296049,1.0,241.788803,0.294913,1.0,241.830399,0.295145,1.0,242.0,0.294093,1.0,241.913605,0.291391,1.0,242.0,0.293876,1.0,242.098404,0.298747,1.0,242.165604,0.298546,1.0,242.0,0.29325,1.0,242.0,0.290565,1.0
BATCH_2_COOL_Abnormal_2026-03-19T21-03-34-843695,BATCH 2 COOL,train,4000,semiquant,Urobilinogen:64,Urobilinogen:64,,,Urobilinogen,64,BATCH_2_COOL_Abnormal_2026-03-19T21-03-34-843695_SEMIQUANT_FROM_BINARY.zip,1,1,0,,242.0,0.296049,1.0,241.788803,0.294913,1.0,241.830399,0.295145,1.0,242.0,0.294093,1.0,241.913605,0.291391,1.0,242.0,0.293876,1.0,242.098404,0.298747,1.0,242.165604,0.298546,1.0,242.0,0.29325,1.0,242.0,0.290565,1.0
BATCH_2_COOL_Abnormal_2026-03-19T21-03-34-843695,BATCH 2 COOL,train,4000,semiquant,Protein:0.3,Protein:0.3,,,Protein,0.3,BATCH_2_COOL_Abnormal_2026-03-19T21-03-34-843695_SEMIQUANT_FROM_BINARY.zip,1,1,0,,242.0,0.296049,1.0,241.788803,0.294913,1.0,241.830399,0.295145,1.0,242.0,0.294093,1.0,241.913605,0.291391,1.0,242.0,0.293876,1.0,242.098404,0.298747,1.0,242.165604,0.298546,1.0,242.0,0.29325,1.0,242.0,0.290565,1.0
BATCH_2_COOL_Abnormal_2026-03-19T21-03-34-843695,BATCH 2 COOL,train,4000,semiquant,pH:5.0,pH:5.0,,,pH,5.0,BATCH_2_COOL_Abnormal_2026-03-19T21-03-34-843695_SEMIQUANT_FROM_BINARY.zip,1,1,0,,242.0,0.296049,1.0,241.788803,0.294913,1.0,241.830399,0.295145,1.0,242.0,0.294093,1.0,241.913605,0.291391,1.0,242.0,0.293876,1.0,242.098404,0.298747,1.0,242.165604,0.298546,1.0,242.0,0.29325,1.0,242.0,0.290565,1.0
BATCH_2_COOL_Abnormal_2026-03-19T21-03-34-843695,BATCH 2 COOL,train,4000,semiquant,Blood:Hemolyzed 10,Blood:Hemolyzed 10,,,Blood,Hemolyzed 10,BATCH_2_COOL_Abnormal_2026-03-19T21-03-34-843695_SEMIQUANT_FROM_BINARY.zip,1,1,0,,242.0,0.296049,1.0,241.788803,0.294913,1.0,241.830399,0.295145,1.0,242.0,0.294093,1.0,241.913605,0.291391,1.0,242.0,0.293876,1.0,242.098404,0.298747,1.0,242.165604,0.298546,1.0,242.0,0.29325,1.0,242.0,0.290565,1.0
BATCH_2_COOL_Abnormal_2026-03-19T21-03-34-843695,BATCH 2 COOL,train,4000,semiquant,Specific Gravity:1.000,Specific Gravity:1.000,,,Specific Gravity,1.000,BATCH_2_COOL_Abnormal_2026-03-19T21-03-34-843695_SEMIQUANT_FROM_BINARY.zip,1,1,0,,242.0,0.296049,1.0,241.788803,0.294913,1.0,241.830399,0.295145,1.0,242.0,0.294093,1.0,241.913605,0.291391,1.0,242.0,0.293876,1.0,242.098404,0.298747,1.0,242.165604,0.298546,1.0,242.0,0.29325,1.0,242.0,0.290565,1.0
BATCH_2_COOL_Abnormal_2026-03-19T21-03-34-843695,BATCH 2 COOL,train,4000,semiquant,Ketone:Small 1.5,Ketone:Small 1.5,,,Ketone,Small 1.5,BATCH_2_COOL_Abnormal_2026-03-19T21-03-34-843695_SEMIQUANT_FROM_BINARY.zip,1,1,0,,242.0,0.296049,1.0,241.788803,0.294913,1.0,241.830399,0.295145,1.0,242.0,0.294093,1.0,241.913605,0.291391,1.0,242.0,0.293876,1.0,242.098404,0.298747,1.0,242.165604,0.298546,1.0,242.0,0.29325,1.0,242.0,0.290565,1.0
BATCH_2_COOL_Abnormal_2026-03-19T21-03-34-843695,BATCH 2 COOL,train,4000,semiquant,Bilirubin:Small 17,Bilirubin:Small 17,,,Bilirubin,Small 17,BATCH_2_COOL_Abnormal_2026-03-19T21-03-34-843695_SEMIQUANT_FROM_BINARY.zip,1,1,0,,242.0,0.296049,1.0,241.788803,0.294913,1.0,241.830399,0.295145,1.0,242.0,0.294093,1.0,241.913605,0.291391,1.0,242.0,0.293876,1.0,242.098404,0.298747,1.0,242.165604,0.298546,1.0,242.0,0.29325,1.0,242.0,0.290565,1.0
BATCH_2_COOL_Abnormal_2026-03-19T21-03-34-843695,BATCH 2 COOL,train,4000,semiquant,Glucose:15 +,Glucose:15 +,,,Glucose,15 +,BATCH_2_COOL_Abnormal_2026-03-19T21-03-34-843695_SEMIQUANT_FROM_BINARY.zip,1,1,0,,242.0,0.296049,1.0,241.788803,0.294913,1.0,241.830399,0.295145,1.0,242.0,0.294093,1.0,241.913605,0.291391,1.0,242.0,0.293876,1.0,242.098404,0.298747,1.0,242.165604,0.298546,1.0,242.0,0.29325,1.0,242.0,0.290565,1.0
BATCH_2_COOL_Abnormal_2026-03-19T21-03-34-843695,BATCH 2 COOL,train,4000,semiquant,Leukocytes:Large 500,Leukocytes:Large 500,,,Leukocytes,Large 500,BATCH_2_COOL_Abnormal_2026-03-19T21-03-34-843695_SEMIQUANT_FROM_BINARY.zip,1,1,0,,242.0,0.296049,1.0,241.788803,0.294913,1.0,241.830399,0.295145,1.0,242.0,0.294093,1.0,241.913605,0.291391,1.0,242.0,0.293876,1.0,242.098404,0.298747,1.0,242.165604,0.298546,1.0,242.0,0.29325,1.0,242.0,0.290565,1.0
BATCH_2_COOL_Abnormal_2026-03-19T21-03-34-843695,BATCH 2 COOL,train,4000,semiquant,Nitrite:Positive,Nitrite:Positive,,,Nitrite,Positive,BATCH_2_COOL_Abnormal_2026-03-19T21-03-34-843695_SEMIQUANT_FROM_BINARY.zip,1,1,0,,242.0,0.296049,1.0,241.788803,0.294913,1.0,241.830399,0.295145,1.0,242.0,0.294093,1.0,241.913605,0.291391,1.0,242.0,0.293876,1.0,242.098404,0.298747,1.0,242.165604,0.298546,1.0,242.0,0.29325,1.0,242.0,0.290565,1.0
BATCH_2_COOL_Abnormal_2026-03-19T21-03-34-843695,BATCH 2 COOL,train,4000,semiquant,Urobilinogen:128,Urobilinogen:128,,,Urobilinogen,128,BATCH_2_COOL_Abnormal_2026-03-19T21-03-34-843695_SEMIQUANT_FROM_BINARY.zip,1,1,0,,242.0,0.296049,1.0,241.788803,0.294913,1.0,241.830399,0.295145,1.0,242.0,0.294093,1.0,241.913605,0.291391,1.0,242.0,0.293876,1.0,242.098404,0.298747,1.0,242.165604,0.298546,1.0,242.0,0.29325,1.0,242.0,0.290565,1.0
BATCH_2_COOL_Abnormal_2026-03-19T21-03-34-843695,BATCH 2 COOL,train,4000,semiquant,Protein:1.0,Protein:1.0,,,Protein,1.0,BATCH_2_COOL_Abnormal_2026-03-19T21-03-34-843695_SEMIQUANT_FROM_BINARY.zip,1,1,0,,242.0,0.296049,1.0,241.788803,0.294913,1.0,241.830399,0.295145,1.0,242.0,0.294093,1.0,241.913605,0.291391,1.0,242.0,0.293876,1.0,242.098404,0.298747,1.0,242.165604,0.298546,1.0,242.0,0.29325,1.0,242.0,0.290565,1.0
BATCH_2_COOL_Abnormal_2026-03-19T21-03-34-843695,BATCH 2 COOL,train,4000,semiquant,pH:6.5,pH:6.5,,,pH,6.5,BATCH_2_COOL_Abnormal_2026-03-19T21-03-34-843695_SEMIQUANT_FROM_BINARY.zip,1,1,0,,242.0,0.296049,1.0,241.788803,0.294913,1.0,241.830399,0.295145,1.0,242.0,0.294093,1.0,241.913605,0.291391,1.0,242.0,0.293876,1.0,242.098404,0.298747,1.0,242.165604,0.298546,1.0,242.0,0.29325,1.0,242.0,0.290565,1.0
BATCH_2_COOL_Abnormal_2026-03-19T21-03-34-843695,BATCH 2 COOL,train,4000,semiquant,Blood:Small 25,Blood:Small 25,,,Blood,Small 25,BATCH_2_COOL_Abnormal_2026-03-19T21-03-34-843695_SEMIQUANT_FROM_BINARY.zip,1,1,0,,242.0,0.296049,1.0,241.788803,0.294913,1.0,241.830399,0.295145,1.0,242.0,0.294093,1.0,241.913605,0.291391,1.0,242.0,0.293876,1.0,242.098404,0.298747,1.0,242.165604,0.298546,1.0,242.0,0.29325,1.0,242.0,0.290565,1.0
BATCH_2_COOL_Abnormal_2026-03-19T21-03-34-843695,BATCH 2 COOL,train,4000,semiquant,Specific Gravity:1.005,Specific Gravity:1.005,,,Specific Gravity,1.005,BATCH_2_COOL_Abnormal_2026-03-19T21-03-34-843695_SEMIQUANT_FROM_BINARY.zip,1,1,0,,242.0,0.296049,1.0,241.788803,0.294913,1.0,241.830399,0.295145,1.0,242.0,0.294093,1.0,241.913605,0.291391,1.0,242.0,0.293876,1.0,242.098404,0.298747,1.0,242.165604,0.298546,1.0,242.0,0.29325,1.0,242.0,0.290565,1.0
BATCH_2_COOL_Abnormal_2026-03-19T21-03-34-843695,BATCH 2 COOL,train,4000,semiquant,Ketone:Moderate 4.0,Ketone:Moderate 4.0,,,Ketone,Moderate 4.0,BATCH_2_COOL_Abnormal_2026-03-19T21-03-34-843695_SEMIQUANT_FROM_BINARY.zip,1,1,0,,242.0,0.296049,1.0,241.788803,0.294913,1.0,241.830399,0.295145,1.0,242.0,0.294093,1.0,241.913605,0.291391,1.0,242.0,0.293876,1.0,242.098404,0.298747,1.0,242.165604,0.298546,1.0,242.0,0.29325,1.0,242.0,0.290565,1.0
BATCH_2_COOL_Abnormal_2026-03-19T21-03-34-843695,BATCH 2 COOL,train,4000,semiquant,Bilirubin:Moderate 50,Bilirubin:Moderate 50,,,Bilirubin,Moderate 50,BATCH_2_COOL_Abnormal_2026-03-19T21-03-34-843695_SEMIQUANT_FROM_BINARY.zip,1,1,0,,242.0,0.296049,1.0,241.788803,0.294913,1.0,241.830399,0.295145,1.0,242.0,0.294093,1.0,241.913605,0.291391,1.0,242.0,0.293876,1.0,242.098404,0.298747,1.0,242.165604,0.298546,1.0,242.0,0.29325,1.0,242.0,0.290565,1.0
BATCH_2_COOL_Abnormal_2026-03-19T21-03-34-843695,BATCH 2 COOL,train,4000,semiquant,Glucose:30 ++,Glucose:30 ++,,,Glucose,30 ++,BATCH_2_COOL_Abnormal_2026-03-19T21-03-34-843695_SEMIQUANT_FROM_BINARY.zip,1,1,0,,242.0,0.296049,1.0,241.788803,0.294913,1.0,241.830399,0.295145,1.0,242.0,0.294093,1.0,241.913605,0.291391,1.0,242.0,0.293876,1.0,242.098404,0.298747,1.0,242.165604,0.298546,1.0,242.0,0.29325,1.0,242.0,0.290565,1.0
BATCH_2_COOL_Abnormal_2026-03-19T21-03-34-843695,BATCH 2 COOL,train,4000,semiquant,Leukocytes:Trace 15,Leukocytes:Trace 15,,,Leukocytes,Trace 15,BATCH_2_COOL_Abnormal_2026-03-19T21-03-34-843695_SEMIQUANT_FROM_BINARY.zip,1,1,0,,295.070404,0.032786,0.720243,267.960785,0.050551,0.71179,131.851196,0.087473,0.699945,230.688797,0.094946,0.712778,208.519196,0.108042,0.668922,182.328796,0.033048,0.727634,0.0,0.0,0.0,0.0,0.0,0.0,0.0,0.0,0.0,0.0,0.0,0.0
BATCH_2_COOL_Abnormal_2026-03-19T21-03-34-843695,BATCH 2 COOL,train,4000,semiquant,Nitrite:Positive,Nitrite:Positive,,,Nitrite,Positive,BATCH_2_COOL_Abnormal_2026-03-19T21-03-34-843695_SEMIQUANT_FROM_BINARY.zip,1,1,0,,295.070404,0.032786,0.720243,267.960785,0.050551,0.71179,131.851196,0.087473,0.699945,230.688797,0.094946,0.712778,208.519196,0.108042,0.668922,182.328796,0.033048,0.727634,0.0,0.0,0.0,0.0,0.0,0.0,0.0,0.0,0.0,0.0,0.0,0.0
BATCH_2_COOL_Abnormal_2026-03-19T21-03-34-843695,BATCH 2 COOL,train,4000,semiquant,Urobilinogen:16,Urobilinogen:16,,,Urobilinogen,16,BATCH_2_COOL_Abnormal_2026-03-19T21-03-34-843695_SEMIQUANT_FROM_BINARY.zip,1,1,0,,295.070404,0.032786,0.720243,267.960785,0.050551,0.71179,131.851196,0.087473,0.699945,230.688797,0.094946,0.712778,208.519196,0.108042,0.668922,182.328796,0.033048,0.727634,0.0,0.0,0.0,0.0,0.0,0.0,0.0,0.0,0.0,0.0,0.0,0.0
BATCH_2_COOL_Abnormal_2026-03-19T21-03-34-843695,BATCH 2 COOL,train,4000,semiquant,Protein:3.0,Protein:3.0,,,Protein,3.0,BATCH_2_COOL_Abnormal_2026-03-19T21-03-34-843695_SEMIQUANT_FROM_BINARY.zip,1,1,0,,295.070404,0.032786,0.720243,267.960785,0.050551,0.71179,131.851196,0.087473,0.699945,230.688797,0.094946,0.712778,208.519196,0.108042,0.668922,182.328796,0.033048,0.727634,0.0,0.0,0.0,0.0,0.0,0.0,0.0,0.0,0.0,0.0,0.0,0.0
BATCH_2_COOL_Abnormal_2026-03-19T21-03-34-843695,BATCH 2 COOL,train,4000,semiquant,pH:7.0,pH:7.0,,,pH,7.0,BATCH_2_COOL_Abnormal_2026-03-19T21-03-34-843695_SEMIQUANT_FROM_BINARY.zip,1,1,0,,295.070404,0.032786,0.720243,267.960785,0.050551,0.71179,131.851196,0.087473,0.699945,230.688797,0.094946,0.712778,208.519196,0.108042,0.668922,182.328796,0.033048,0.727634,0.0,0.0,0.0,0.0,0.0,0.0,0.0,0.0,0.0,0.0,0.0,0.0
BATCH_2_COOL_Abnormal_2026-03-19T21-03-34-843695,BATCH 2 COOL,train,4000,semiquant,Blood:Moderate 80,Blood:Moderate 80,,,Blood,Moderate 80,BATCH_2_COOL_Abnormal_2026-03-19T21-03-34-843695_SEMIQUANT_FROM_BINARY.zip,1,1,0,,295.070404,0.032786,0.720243,267.960785,0.050551,0.71179,131.851196,0.087473,0.699945,230.688797,0.094946,0.712778,208.519196,0.108042,0.668922,182.328796,0.033048,0.727634,0.0,0.0,0.0,0.0,0.0,0.0,0.0,0.0,0.0,0.0,0.0,0.0
BATCH_2_COOL_Abnormal_2026-03-19T21-03-34-843695,BATCH 2 COOL,train,4000,semiquant,Specific Gravity:1.010,Specific Gravity:1.010,,,Specific Gravity,1.010,BATCH_2_COOL_Abnormal_2026-03-19T21-03-34-843695_SEMIQUANT_FROM_BINARY.zip,1,1,0,,295.070404,0.032786,0.720243,267.960785,0.050551,0.71179,131.851196,0.087473,0.699945,230.688797,0.094946,0.712778,208.519196,0.108042,0.668922,182.328796,0.033048,0.727634,0.0,0.0,0.0,0.0,0.0,0.0,0.0,0.0,0.0,0.0,0.0,0.0
BATCH_2_COOL_Abnormal_2026-03-19T21-03-34-843695,BATCH 2 COOL,train,4000,semiquant,Ketone:8.0,Ketone:8.0,,,Ketone,8.0,BATCH_2_COOL_Abnormal_2026-03-19T21-03-34-843695_SEMIQUANT_FROM_BINARY.zip,1,1,0,,295.070404,0.032786,0.720243,267.960785,0.050551,0.71179,131.851196,0.087473,0.699945,230.688797,0.094946,0.712778,208.519196,0.108042,0.668922,182.328796,0.033048,0.727634,0.0,0.0,0.0,0.0,0.0,0.0,0.0,0.0,0.0,0.0,0.0,0.0
BATCH_2_COOL_Abnormal_2026-03-19T21-03-34-843695,BATCH 2 COOL,train,4000,semiquant,Bilirubin:Large 100,Bilirubin:Large 100,,,Bilirubin,Large 100,BATCH_2_COOL_Abnormal_2026-03-19T21-03-34-843695_SEMIQUANT_FROM_BINARY.zip,1,1,0,,295.070404,0.032786,0.720243,267.960785,0.050551,0.71179,131.851196,0.087473,0.699945,230.688797,0.094946,0.712778,208.519196,0.108042,0.668922,182.328796,0.033048,0.727634,0.0,0.0,0.0,0.0,0.0,0.0,0.0,0.0,0.0,0.0,0.0,0.0
BATCH_2_COOL_Abnormal_2026-03-19T21-03-34-843695,BATCH 2 COOL,train,4000,semiquant,Glucose:60 +++,Glucose:60 +++,,,Glucose,60 +++,BATCH_2_COOL_Abnormal_2026-03-19T21-03-34-843695_SEMIQUANT_FROM_BINARY.zip,1,1,0,,295.070404,0.032786,0.720243,267.960785,0.050551,0.71179,131.851196,0.087473,0.699945,230.688797,0.094946,0.712778,208.519196,0.108042,0.668922,182.328796,0.033048,0.727634,0.0,0.0,0.0,0.0,0.0,0.0,0.0,0.0,0.0,0.0,0.0,0.0
BATCH_2_COOL_Abnormal_2026-03-19T21-03-34-843695,BATCH 2 COOL,train,4000,semiquant,Leukocytes:Small 70,Leukocytes:Small 70,,,Leukocytes,Small 70,BATCH_2_COOL_Abnormal_2026-03-19T21-03-34-843695_SEMIQUANT_FROM_BINARY.zip,1,1,0,,104.636803,0.036507,0.718897,162.224792,0.053613,0.71221,96.672798,0.099343,0.701198,72.620796,0.102833,0.712529,123.792801,0.110751,0.674353,138.313599,0.044056,0.726544,0.0,0.0,0.0,0.0,0.0,0.0,0.0,0.0,0.0,0.0,0.0,0.0
BATCH_2_COOL_Abnormal_2026-03-19T21-03-34-843695,BATCH 2 COOL,train,4000,semiquant,Nitrite:Positive,Nitrite:Positive,,,Nitrite,Positive,BATCH_2_COOL_Abnormal_2026-03-19T21-03-34-843695_SEMIQUANT_FROM_BINARY.zip,1,1,0,,104.636803,0.036507,0.718897,162.224792,0.053613,0.71221,96.672798,0.099343,0.701198,72.620796,0.102833,0.712529,123.792801,0.110751,0.674353,138.313599,0.044056,0.726544,0.0,0.0,0.0,0.0,0.0,0.0,0.0,0.0,0.0,0.0,0.0,0.0
BATCH_2_COOL_Abnormal_2026-03-19T21-03-34-843695,BATCH 2 COOL,train,4000,semiquant,Urobilinogen:32,Urobilinogen:32,,,Urobilinogen,32,BATCH_2_COOL_Abnormal_2026-03-19T21-03-34-843695_SEMIQUANT_FROM_BINARY.zip,1,1,0,,104.636803,0.036507,0.718897,162.224792,0.053613,0.71221,96.672798,0.099343,0.701198,72.620796,0.102833,0.712529,123.792801,0.110751,0.674353,138.313599,0.044056,0.726544,0.0,0.0,0.0,0.0,0.0,0.0,0.0,0.0,0.0,0.0,0.0,0.0
BATCH_2_COOL_Abnormal_2026-03-19T21-03-34-843695,BATCH 2 COOL,train,4000,semiquant,Protein:>=20.0,Protein:>=20.0,,,Protein,>=20.0,BATCH_2_COOL_Abnormal_2026-03-19T21-03-34-843695_SEMIQUANT_FROM_BINARY.zip,1,1,0,,104.636803,0.036507,0.718897,162.224792,0.053613,0.71221,96.672798,0.099343,0.701198,72.620796,0.102833,0.712529,123.792801,0.110751,0.674353,138.313599,0.044056,0.726544,0.0,0.0,0.0,0.0,0.0,0.0,0.0,0.0,0.0,0.0,0.0,0.0
BATCH_2_COOL_Abnormal_2026-03-19T21-03-34-843695,BATCH 2 COOL,train,4000,semiquant,pH:7.5,pH:7.5,,,pH,7.5,BATCH_2_COOL_Abnormal_2026-03-19T21-03-34-843695_SEMIQUANT_FROM_BINARY.zip,1,1,0,,104.636803,0.036507,0.718897,162.224792,0.053613,0.71221,96.672798,0.099343,0.701198,72.620796,0.102833,0.712529,123.792801,0.110751,0.674353,138.313599,0.044056,0.726544,0.0,0.0,0.0,0.0,0.0,0.0,0.0,0.0,0.0,0.0,0.0,0.0
BATCH_2_COOL_Abnormal_2026-03-19T21-03-34-843695,BATCH 2 COOL,train,4000,semiquant,Blood:Large 200,Blood:Large 200,,,Blood,Large 200,BATCH_2_COOL_Abnormal_2026-03-19T21-03-34-843695_SEMIQUANT_FROM_BINARY.zip,1,1,0,,104.636803,0.036507,0.718897,162.224792,0.053613,0.71221,96.672798,0.099343,0.701198,72.620796,0.102833,0.712529,123.792801,0.110751,0.674353,138.313599,0.044056,0.726544,0.0,0.0,0.0,0.0,0.0,0.0,0.0,0.0,0.0,0.0,0.0,0.0
BATCH_2_COOL_Abnormal_2026-03-19T21-03-34-843695,BATCH 2 COOL,train,4000,semiquant,Specific Gravity:1.020,Specific Gravity:1.020,,,Specific Gravity,1.020,BATCH_2_COOL_Abnormal_2026-03-19T21-03-34-843695_SEMIQUANT_FROM_BINARY.zip,1,1,0,,104.636803,0.036507,0.718897,162.224792,0.053613,0.71221,96.672798,0.099343,0.701198,72.620796,0.102833,0.712529,123.792801,0.110751,0.674353,138.313599,0.044056,0.726544,0.0,0.0,0.0,0.0,0.0,0.0,0.0,0.0,0.0,0.0,0.0,0.0
BATCH_2_COOL_Abnormal_2026-03-19T21-03-34-843695,BATCH 2 COOL,train,4000,semiquant,Ketone:Large 16,Ketone:Large 16,,,Ketone,Large 16,BATCH_2_COOL_Abnormal_2026-03-19T21-03-34-843695_SEMIQUANT_FROM_BINARY.zip,1,1,0,,104.636803,0.036507,0.718897,162.224792,0.053613,0.71221,96.672798,0.099343,0.701198,72.620796,0.102833,0.712529,123.792801,0.110751,0.674353,138.313599,0.044056,0.726544,0.0,0.0,0.0,0.0,0.0,0.0,0.0,0.0,0.0,0.0,0.0,0.0
BATCH_2_COOL_Abnormal_2026-03-19T21-03-34-843695,BATCH 2 COOL,train,4000,semiquant,Bilirubin:Small 17,Bilirubin:Small 17,,,Bilirubin,Small 17,BATCH_2_COOL_Abnormal_2026-03-19T21-03-34-843695_SEMIQUANT_FROM_BINARY.zip,1,1,0,,104.636803,0.036507,0.718897,162.224792,0.053613,0.71221,96.672798,0.099343,0.701198,72.620796,0.102833,0.712529,123.792801,0.110751,0.674353,138.313599,0.044056,0.726544,0.0,0.0,0.0,0.0,0.0,0.0,0.0,0.0,0.0,0.0,0.0,0.0
BATCH_2_COOL_Abnormal_2026-03-19T21-03-34-843695,BATCH 2 COOL,train,4000,semiquant,Glucose:110 ++++,Glucose:110 ++++,,,Glucose,110 ++++,BATCH_2_COOL_Abnormal_2026-03-19T21-03-34-843695_SEMIQUANT_FROM_BINARY.zip,1,1,0,,104.636803,0.036507,0.718897,162.224792,0.053613,0.71221,96.672798,0.099343,0.701198,72.620796,0.102833,0.712529,123.792801,0.110751,0.674353,138.313599,0.044056,0.726544,0.0,0.0,0.0,0.0,0.0,0.0,0.0,0.0,0.0,0.0,0.0,0.0
BATCH_2_COOL_Abnormal_2026-03-19T21-03-34-843695,BATCH 2 COOL,train,4000,semiquant,Leukocytes:Moderate 125,Leukocytes:Moderate 125,,,Leukocytes,Moderate 125,BATCH_2_COOL_Abnormal_2026-03-19T21-03-34-843695_SEMIQUANT_FROM_BINARY.zip,1,1,0,,196.423996,0.259755,1.0,196.988007,0.261853,1.0,197.663193,0.264067,1.0,198.001602,0.265318,1.0,198.638397,0.267771,1.0,199.445602,0.271402,1.0,199.936005,0.274061,1.0,200.577606,0.277702,1.0,200.943207,0.280038,1.0,200.877594,0.282364,1.0
BATCH_2_COOL_Abnormal_2026-03-19T21-03-34-843695,BATCH 2 COOL,train,4000,semiquant,Nitrite:Positive,Nitrite:Positive,,,Nitrite,Positive,BATCH_2_COOL_Abnormal_2026-03-19T21-03-34-843695_SEMIQUANT_FROM_BINARY.zip,1,1,0,,196.423996,0.259755,1.0,196.988007,0.261853,1.0,197.663193,0.264067,1.0,198.001602,0.265318,1.0,198.638397,0.267771,1.0,199.445602,0.271402,1.0,199.936005,0.274061,1.0,200.577606,0.277702,1.0,200.943207,0.280038,1.0,200.877594,0.282364,1.0
BATCH_2_COOL_Abnormal_2026-03-19T21-03-34-843695,BATCH 2 COOL,train,4000,semiquant,Urobilinogen:64,Urobilinogen:64,,,Urobilinogen,64,BATCH_2_COOL_Abnormal_2026-03-19T21-03-34-843695_SEMIQUANT_FROM_BINARY.zip,1,1,0,,196.423996,0.259755,1.0,196.988007,0.261853,1.0,197.663193,0.264067,1.0,198.001602,0.265318,1.0,198.638397,0.267771,1.0,199.445602,0.271402,1.0,199.936005,0.274061,1.0,200.577606,0.277702,1.0,200.943207,0.280038,1.0,200.877594,0.282364,1.0
BATCH_2_COOL_Abnormal_2026-03-19T21-03-34-843695,BATCH 2 COOL,train,4000,semiquant,Protein:Trace,Protein:Trace,,,Protein,Trace,BATCH_2_COOL_Abnormal_2026-03-19T21-03-34-843695_SEMIQUANT_FROM_BINARY.zip,1,1,0,,196.423996,0.259755,1.0,196.988007,0.261853,1.0,197.663193,0.264067,1.0,198.001602,0.265318,1.0,198.638397,0.267771,1.0,199.445602,0.271402,1.0,199.936005,0.274061,1.0,200.577606,0.277702,1.0,200.943207,0.280038,1.0,200.877594,0.282364,1.0
BATCH_2_COOL_Abnormal_2026-03-19T21-03-34-843695,BATCH 2 COOL,train,4000,semiquant,pH:8.0,pH:8.0,,,pH,8.0,BATCH_2_COOL_Abnormal_2026-03-19T21-03-34-843695_SEMIQUANT_FROM_BINARY.zip,1,1,0,,196.423996,0.259755,1.0,196.988007,0.261853,1.0,197.663193,0.264067,1.0,198.001602,0.265318,1.0,198.638397,0.267771,1.0,199.445602,0.271402,1.0,199.936005,0.274061,1.0,200.577606,0.277702,1.0,200.943207,0.280038,1.0,200.877594,0.282364,1.0
BATCH_2_COOL_Abnormal_2026-03-19T21-03-34-843695,BATCH 2 COOL,train,4000,semiquant,Blood:Non-hemolyzed 10,Blood:Non-hemolyzed 10,,,Blood,Non-hemolyzed 10,BATCH_2_COOL_Abnormal_2026-03-19T21-03-34-843695_SEMIQUANT_FROM_BINARY.zip,1,1,0,,196.423996,0.259755,1.0,196.988007,0.261853,1.0,197.663193,0.264067,1.0,198.001602,0.265318,1.0,198.638397,0.267771,1.0,199.445602,0.271402,1.0,199.936005,0.274061,1.0,200.577606,0.277702,1.0,200.943207,0.280038,1.0,200.877594,0.282364,1.0
BATCH_2_COOL_Abnormal_2026-03-19T21-03-34-843695,BATCH 2 COOL,train,4000,semiquant,Specific Gravity:1.025,Specific Gravity:1.025,,,Specific Gravity,1.025,BATCH_2_COOL_Abnormal_2026-03-19T21-03-34-843695_SEMIQUANT_FROM_BINARY.zip,1,1,0,,196.423996,0.259755,1.0,196.988007,0.261853,1.0,197.663193,0.264067,1.0,198.001602,0.265318,1.0,198.638397,0.267771,1.0,199.445602,0.271402,1.0,199.936005,0.274061,1.0,200.577606,0.277702,1.0,200.943207,0.280038,1.0,200.877594,0.282364,1.0
BATCH_2_COOL_Abnormal_2026-03-19T21-03-34-843695,BATCH 2 COOL,train,4000,semiquant,Ketone:Trace 0.5,Ketone:Trace 0.5,,,Ketone,Trace 0.5,BATCH_2_COOL_Abnormal_2026-03-19T21-03-34-843695_SEMIQUANT_FROM_BINARY.zip,1,1,0,,196.423996,0.259755,1.0,196.988007,0.261853,1.0,197.663193,0.264067,1.0,198.001602,0.265318,1.0,198.638397,0.267771,1.0,199.445602,0.271402,1.0,199.936005,0.274061,1.0,200.577606,0.277702,1.0,200.943207,0.280038,1.0,200.877594,0.282364,1.0
BATCH_2_COOL_Abnormal_2026-03-19T21-03-34-843695,BATCH 2 COOL,train,4000,semiquant,Bilirubin:Moderate 50,Bilirubin:Moderate 50,,,Bilirubin,Moderate 50,BATCH_2_COOL_Abnormal_2026-03-19T21-03-34-843695_SEMIQUANT_FROM_BINARY.zip,1,1,0,,196.423996,0.259755,1.0,196.988007,0.261853,1.0,197.663193,0.264067,1.0,198.001602,0.265318,1.0,198.638397,0.267771,1.0,199.445602,0.271402,1.0,199.936005,0.274061,1.0,200.577606,0.277702,1.0,200.943207,0.280038,1.0,200.877594,0.282364,1.0
BATCH_2_COOL_Abnormal_2026-03-19T21-03-34-843695,BATCH 2 COOL,train,4000,semiquant,Glucose:Trace 5,Glucose:Trace 5,,,Glucose,Trace 5,BATCH_2_COOL_Abnormal_2026-03-19T21-03-34-843695_SEMIQUANT_FROM_BINARY.zip,1,1,0,,196.423996,0.259755,1.0,196.988007,0.261853,1.0,197.663193,0.264067,1.0,198.001602,0.265318,1.0,198.638397,0.267771,1.0,199.445602,0.271402,1.0,199.936005,0.274061,1.0,200.577606,0.277702,1.0,200.943207,0.280038,1.0,200.877594,0.282364,1.0
BATCH_2_COOL_Abnormal_2026-03-19T21-03-34-843695,BATCH 2 COOL,train,4000,semiquant,Leukocytes:Large 500,Leukocytes:Large 500,,,Leukocytes,Large 500,BATCH_2_COOL_Abnormal_2026-03-19T21-03-34-843695_SEMIQUANT_FROM_BINARY.zip,1,1,0,,196.919205,0.259716,1.0,197.668793,0.263384,1.0,197.636002,0.263164,1.0,198.150406,0.265067,1.0,198.619995,0.267244,1.0,199.368805,0.270293,1.0,199.755997,0.272367,1.0,200.735199,0.275895,1.0,201.195999,0.277834,1.0,201.731201,0.280605,1.0
BATCH_2_COOL_Abnormal_2026-03-19T21-03-34-843695,BATCH 2 COOL,train,4000,semiquant,Nitrite:Positive,Nitrite:Positive,,,Nitrite,Positive,BATCH_2_COOL_Abnormal_2026-03-19T21-03-34-843695_SEMIQUANT_FROM_BINARY.zip,1,1,0,,196.919205,0.259716,1.0,197.668793,0.263384,1.0,197.636002,0.263164,1.0,198.150406,0.265067,1.0,198.619995,0.267244,1.0,199.368805,0.270293,1.0,199.755997,0.272367,1.0,200.735199,0.275895,1.0,201.195999,0.277834,1.0,201.731201,0.280605,1.0
BATCH_2_COOL_Abnormal_2026-03-19T21-03-34-843695,BATCH 2 COOL,train,4000,semiquant,Urobilinogen:128,Urobilinogen:128,,,Urobilinogen,128,BATCH_2_COOL_Abnormal_2026-03-19T21-03-34-843695_SEMIQUANT_FROM_BINARY.zip,1,1,0,,196.919205,0.259716,1.0,197.668793,0.263384,1.0,197.636002,0.263164,1.0,198.150406,0.265067,1.0,198.619995,0.267244,1.0,199.368805,0.270293,1.0,199.755997,0.272367,1.0,200.735199,0.275895,1.0,201.195999,0.277834,1.0,201.731201,0.280605,1.0
BATCH_2_COOL_Abnormal_2026-03-19T21-03-34-843695,BATCH 2 COOL,train,4000,semiquant,Protein:0.3,Protein:0.3,,,Protein,0.3,BATCH_2_COOL_Abnormal_2026-03-19T21-03-34-843695_SEMIQUANT_FROM_BINARY.zip,1,1,0,,196.919205,0.259716,1.0,197.668793,0.263384,1.0,197.636002,0.263164,1.0,198.150406,0.265067,1.0,198.619995,0.267244,1.0,199.368805,0.270293,1.0,199.755997,0.272367,1.0,200.735199,0.275895,1.0,201.195999,0.277834,1.0,201.731201,0.280605,1.0
BATCH_2_COOL_Abnormal_2026-03-19T21-03-34-843695,BATCH 2 COOL,train,4000,semiquant,pH:8.5,pH:8.5,,,pH,8.5,BATCH_2_COOL_Abnormal_2026-03-19T21-03-34-843695_SEMIQUANT_FROM_BINARY.zip,1,1,0,,196.919205,0.259716,1.0,197.668793,0.263384,1.0,197.636002,0.263164,1.0,198.150406,0.265067,1.0,198.619995,0.267244,1.0,199.368805,0.270293,1.0,199.755997,0.272367,1.0,200.735199,0.275895,1.0,201.195999,0.277834,1.0,201.731201,0.280605,1.0
BATCH_2_COOL_Abnormal_2026-03-19T21-03-34-843695,BATCH 2 COOL,train,4000,semiquant,Blood:Hemolyzed 10,Blood:Hemolyzed 10,,,Blood,Hemolyzed 10,BATCH_2_COOL_Abnormal_2026-03-19T21-03-34-843695_SEMIQUANT_FROM_BINARY.zip,1,1,0,,196.919205,0.259716,1.0,197.668793,0.263384,1.0,197.636002,0.263164,1.0,198.150406,0.265067,1.0,198.619995,0.267244,1.0,199.368805,0.270293,1.0,199.755997,0.272367,1.0,200.735199,0.275895,1.0,201.195999,0.277834,1.0,201.731201,0.280605,1.0
BATCH_2_COOL_Abnormal_2026-03-19T21-03-34-843695,BATCH 2 COOL,train,4000,semiquant,Specific Gravity:1.030,Specific Gravity:1.030,,,Specific Gravity,1.030,BATCH_2_COOL_Abnormal_2026-03-19T21-03-34-843695_SEMIQUANT_FROM_BINARY.zip,1,1,0,,196.919205,0.259716,1.0,197.668793,0.263384,1.0,197.636002,0.263164,1.0,198.150406,0.265067,1.0,198.619995,0.267244,1.0,199.368805,0.270293,1.0,199.755997,0.272367,1.0,200.735199,0.275895,1.0,201.195999,0.277834,1.0,201.731201,0.280605,1.0
BATCH_2_COOL_Abnormal_2026-03-19T21-03-34-843695,BATCH 2 COOL,train,4000,semiquant,Ketone:Small 1.5,Ketone:Small 1.5,,,Ketone,Small 1.5,BATCH_2_COOL_Abnormal_2026-03-19T21-03-34-843695_SEMIQUANT_FROM_BINARY.zip,1,1,0,,196.919205,0.259716,1.0,197.668793,0.263384,1.0,197.636002,0.263164,1.0,198.150406,0.265067,1.0,198.619995,0.267244,1.0,199.368805,0.270293,1.0,199.755997,0.272367,1.0,200.735199,0.275895,1.0,201.195999,0.277834,1.0,201.731201,0.280605,1.0
BATCH_2_COOL_Abnormal_2026-03-19T21-03-34-843695,BATCH 2 COOL,train,4000,semiquant,Bilirubin:Large 100,Bilirubin:Large 100,,,Bilirubin,Large 100,BATCH_2_COOL_Abnormal_2026-03-19T21-03-34-843695_SEMIQUANT_FROM_BINARY.zip,1,1,0,,196.919205,0.259716,1.0,197.668793,0.263384,1.0,197.636002,0.263164,1.0,198.150406,0.265067,1.0,198.619995,0.267244,1.0,199.368805,0.270293,1.0,199.755997,0.272367,1.0,200.735199,0.275895,1.0,201.195999,0.277834,1.0,201.731201,0.280605,1.0
BATCH_2_COOL_Abnormal_2026-03-19T21-03-34-843695,BATCH 2 COOL,train,4000,semiquant,Glucose:15 +,Glucose:15 +,,,Glucose,15 +,BATCH_2_COOL_Abnormal_2026-03-19T21-03-34-843695_SEMIQUANT_FROM_BINARY.zip,1,1,0,,196.919205,0.259716,1.0,197.668793,0.263384,1.0,197.636002,0.263164,1.0,198.150406,0.265067,1.0,198.619995,0.267244,1.0,199.368805,0.270293,1.0,199.755997,0.272367,1.0,200.735199,0.275895,1.0,201.195999,0.277834,1.0,201.731201,0.280605,1.0
BATCH_2_COOL_Abnormal_2026-03-19T21-03-34-843695,BATCH 2 COOL,train,4000,semiquant,Leukocytes:Trace 15,Leukocytes:Trace 15,,,Leukocytes,Trace 15,BATCH_2_COOL_Abnormal_2026-03-19T21-03-34-843695_SEMIQUANT_FROM_BINARY.zip,1,1,0,,240.860794,0.293862,1.0,240.698395,0.29382,1.0,241.119995,0.292654,1.0,241.964798,0.291357,1.0,242.0,0.28909,1.0,240.554398,0.291186,1.0,241.115204,0.292345,1.0,242.036804,0.291807,1.0,242.0,0.290053,1.0,241.804001,0.286003,1.0
BATCH_2_COOL_Abnormal_2026-03-19T21-03-34-843695,BATCH 2 COOL,train,4000,semiquant,Nitrite:Positive,Nitrite:Positive,,,Nitrite,Positive,BATCH_2_COOL_Abnormal_2026-03-19T21-03-34-843695_SEMIQUANT_FROM_BINARY.zip,1,1,0,,240.860794,0.293862,1.0,240.698395,0.29382,1.0,241.119995,0.292654,1.0,241.964798,0.291357,1.0,242.0,0.28909,1.0,240.554398,0.291186,1.0,241.115204,0.292345,1.0,242.036804,0.291807,1.0,242.0,0.290053,1.0,241.804001,0.286003,1.0
BATCH_2_COOL_Abnormal_2026-03-19T21-03-34-843695,BATCH 2 COOL,train,4000,semiquant,Urobilinogen:16,Urobilinogen:16,,,Urobilinogen,16,BATCH_2_COOL_Abnormal_2026-03-19T21-03-34-843695_SEMIQUANT_FROM_BINARY.zip,1,1,0,,240.860794,0.293862,1.0,240.698395,0.29382,1.0,241.119995,0.292654,1.0,241.964798,0.291357,1.0,242.0,0.28909,1.0,240.554398,0.291186,1.0,241.115204,0.292345,1.0,242.036804,0.291807,1.0,242.0,0.290053,1.0,241.804001,0.286003,1.0
BATCH_2_COOL_Abnormal_2026-03-19T21-03-34-843695,BATCH 2 COOL,train,4000,semiquant,Protein:1.0,Protein:1.0,,,Protein,1.0,BATCH_2_COOL_Abnormal_2026-03-19T21-03-34-843695_SEMIQUANT_FROM_BINARY.zip,1,1,0,,240.860794,0.293862,1.0,240.698395,0.29382,1.0,241.119995,0.292654,1.0,241.964798,0.291357,1.0,242.0,0.28909,1.0,240.554398,0.291186,1.0,241.115204,0.292345,1.0,242.036804,0.291807,1.0,242.0,0.290053,1.0,241.804001,0.286003,1.0
BATCH_2_COOL_Abnormal_2026-03-19T21-03-34-843695,BATCH 2 COOL,train,4000,semiquant,pH:5.0,pH:5.0,,,pH,5.0,BATCH_2_COOL_Abnormal_2026-03-19T21-03-34-843695_SEMIQUANT_FROM_BINARY.zip,1,1,0,,240.860794,0.293862,1.0,240.698395,0.29382,1.0,241.119995,0.292654,1.0,241.964798,0.291357,1.0,242.0,0.28909,1.0,240.554398,0.291186,1.0,241.115204,0.292345,1.0,242.036804,0.291807,1.0,242.0,0.290053,1.0,241.804001,0.286003,1.0
BATCH_2_COOL_Abnormal_2026-03-19T21-03-34-843695,BATCH 2 COOL,train,4000,semiquant,Blood:Small 25,Blood:Small 25,,,Blood,Small 25,BATCH_2_COOL_Abnormal_2026-03-19T21-03-34-843695_SEMIQUANT_FROM_BINARY.zip,1,1,0,,240.860794,0.293862,1.0,240.698395,0.29382,1.0,241.119995,0.292654,1.0,241.964798,0.291357,1.0,242.0,0.28909,1.0,240.554398,0.291186,1.0,241.115204,0.292345,1.0,242.036804,0.291807,1.0,242.0,0.290053,1.0,241.804001,0.286003,1.0
BATCH_2_COOL_Abnormal_2026-03-19T21-03-34-843695,BATCH 2 COOL,train,4000,semiquant,Specific Gravity:1.000,Specific Gravity:1.000,,,Specific Gravity,1.000,BATCH_2_COOL_Abnormal_2026-03-19T21-03-34-843695_SEMIQUANT_FROM_BINARY.zip,1,1,0,,240.860794,0.293862,1.0,240.698395,0.29382,1.0,241.119995,0.292654,1.0,241.964798,0.291357,1.0,242.0,0.28909,1.0,240.554398,0.291186,1.0,241.115204,0.292345,1.0,242.036804,0.291807,1.0,242.0,0.290053,1.0,241.804001,0.286003,1.0
BATCH_2_COOL_Abnormal_2026-03-19T21-03-34-843695,BATCH 2 COOL,train,4000,semiquant,Ketone:Moderate 4.0,Ketone:Moderate 4.0,,,Ketone,Moderate 4.0,BATCH_2_COOL_Abnormal_2026-03-19T21-03-34-843695_SEMIQUANT_FROM_BINARY.zip,1,1,0,,240.860794,0.293862,1.0,240.698395,0.29382,1.0,241.119995,0.292654,1.0,241.964798,0.291357,1.0,242.0,0.28909,1.0,240.554398,0.291186,1.0,241.115204,0.292345,1.0,242.036804,0.291807,1.0,242.0,0.290053,1.0,241.804001,0.286003,1.0
BATCH_2_COOL_Abnormal_2026-03-19T21-03-34-843695,BATCH 2 COOL,train,4000,semiquant,Bilirubin:Small 17,Bilirubin:Small 17,,,Bilirubin,Small 17,BATCH_2_COOL_Abnormal_2026-03-19T21-03-34-843695_SEMIQUANT_FROM_BINARY.zip,1,1,0,,240.860794,0.293862,1.0,240.698395,0.29382,1.0,241.119995,0.292654,1.0,241.964798,0.291357,1.0,242.0,0.28909,1.0,240.554398,0.291186,1.0,241.115204,0.292345,1.0,242.036804,0.291807,1.0,242.0,0.290053,1.0,241.804001,0.286003,1.0
BATCH_2_COOL_Abnormal_2026-03-19T21-03-34-843695,BATCH 2 COOL,train,4000,semiquant,Glucose:30 ++,Glucose:30 ++,,,Glucose,30 ++,BATCH_2_COOL_Abnormal_2026-03-19T21-03-34-843695_SEMIQUANT_FROM_BINARY.zip,1,1,0,,240.860794,0.293862,1.0,240.698395,0.29382,1.0,241.119995,0.292654,1.0,241.964798,0.291357,1.0,242.0,0.28909,1.0,240.554398,0.291186,1.0,241.115204,0.292345,1.0,242.036804,0.291807,1.0,242.0,0.290053,1.0,241.804001,0.286003,1.0
BATCH_2_COOL_Abnormal_2026-03-19T21-03-34-843695,BATCH 2 COOL,train,4000,semiquant,Leukocytes:Small 70,Leukocytes:Small 70,,,Leukocytes,Small 70,BATCH_2_COOL_Abnormal_2026-03-19T21-03-34-843695_SEMIQUANT_FROM_BINARY.zip,1,1,0,,283.221588,0.02382,0.722472,260.708008,0.038706,0.718047,128.272797,0.078615,0.702513,226.099197,0.085225,0.715674,212.627197,0.099729,0.670587,182.671204,0.028414,0.7172,0.0,0.0,0.0,0.0,0.0,0.0,0.0,0.0,0.0,0.0,0.0,0.0
BATCH_2_COOL_Abnormal_2026-03-19T21-03-34-843695,BATCH 2 COOL,train,4000,semiquant,Nitrite:Positive,Nitrite:Positive,,,Nitrite,Positive,BATCH_2_COOL_Abnormal_2026-03-19T21-03-34-843695_SEMIQUANT_FROM_BINARY.zip,1,1,0,,283.221588,0.02382,0.722472,260.708008,0.038706,0.718047,128.272797,0.078615,0.702513,226.099197,0.085225,0.715674,212.627197,0.099729,0.670587,182.671204,0.028414,0.7172,0.0,0.0,0.0,0.0,0.0,0.0,0.0,0.0,0.0,0.0,0.0,0.0
BATCH_2_COOL_Abnormal_2026-03-19T21-03-34-843695,BATCH 2 COOL,train,4000,semiquant,Urobilinogen:32,Urobilinogen:32,,,Urobilinogen,32,BATCH_2_COOL_Abnormal_2026-03-19T21-03-34-843695_SEMIQUANT_FROM_BINARY.zip,1,1,0,,283.221588,0.02382,0.722472,260.708008,0.038706,0.718047,128.272797,0.078615,0.702513,226.099197,0.085225,0.715674,212.627197,0.099729,0.670587,182.671204,0.028414,0.7172,0.0,0.0,0.0,0.0,0.0,0.0,0.0,0.0,0.0,0.0,0.0,0.0
BATCH_2_COOL_Abnormal_2026-03-19T21-03-34-843695,BATCH 2 COOL,train,4000,semiquant,Protein:3.0,Protein:3.0,,,Protein,3.0,BATCH_2_COOL_Abnormal_2026-03-19T21-03-34-843695_SEMIQUANT_FROM_BINARY.zip,1,1,0,,283.221588,0.02382,0.722472,260.708008,0.038706,0.718047,128.272797,0.078615,0.702513,226.099197,0.085225,0.715674,212.627197,0.099729,0.670587,182.671204,0.028414,0.7172,0.0,0.0,0.0,0.0,0.0,0.0,0.0,0.0,0.0,0.0,0.0,0.0
BATCH_2_COOL_Abnormal_2026-03-19T21-03-34-843695,BATCH 2 COOL,train,4000,semiquant,pH:6.5,pH:6.5,,,pH,6.5,BATCH_2_COOL_Abnormal_2026-03-19T21-03-34-843695_SEMIQUANT_FROM_BINARY.zip,1,1,0,,283.221588,0.02382,0.722472,260.708008,0.038706,0.718047,128.272797,0.078615,0.702513,226.099197,0.085225,0.715674,212.627197,0.099729,0.670587,182.671204,0.028414,0.7172,0.0,0.0,0.0,0.0,0.0,0.0,0.0,0.0,0.0,0.0,0.0,0.0
BATCH_2_COOL_Abnormal_2026-03-19T21-03-34-843695,BATCH 2 COOL,train,4000,semiquant,Blood:Moderate 80,Blood:Moderate 80,,,Blood,Moderate 80,BATCH_2_COOL_Abnormal_2026-03-19T21-03-34-843695_SEMIQUANT_FROM_BINARY.zip,1,1,0,,283.221588,0.02382,0.722472,260.708008,0.038706,0.718047,128.272797,0.078615,0.702513,226.099197,0.085225,0.715674,212.627197,0.099729,0.670587,182.671204,0.028414,0.7172,0.0,0.0,0.0,0.0,0.0,0.0,0.0,0.0,0.0,0.0,0.0,0.0
BATCH_2_COOL_Abnormal_2026-03-19T21-03-34-843695,BATCH 2 COOL,train,4000,semiquant,Specific Gravity:1.005,Specific Gravity:1.005,,,Specific Gravity,1.005,BATCH_2_COOL_Abnormal_2026-03-19T21-03-34-843695_SEMIQUANT_FROM_BINARY.zip,1,1,0,,283.221588,0.02382,0.722472,260.708008,0.038706,0.718047,128.272797,0.078615,0.702513,226.099197,0.085225,0.715674,212.627197,0.099729,0.670587,182.671204,0.028414,0.7172,0.0,0.0,0.0,0.0,0.0,0.0,0.0,0.0,0.0,0.0,0.0,0.0
BATCH_2_COOL_Abnormal_2026-03-19T21-03-34-843695,BATCH 2 COOL,train,4000,semiquant,Ketone:8.0,Ketone:8.0,,,Ketone,8.0,BATCH_2_COOL_Abnormal_2026-03-19T21-03-34-843695_SEMIQUANT_FROM_BINARY.zip,1,1,0,,283.221588,0.02382,0.722472,260.708008,0.038706,0.718047,128.272797,0.078615,0.702513,226.099197,0.085225,0.715674,212.627197,0.099729,0.670587,182.671204,0.028414,0.7172,0.0,0.0,0.0,0.0,0.0,0.0,0.0,0.0,0.0,0.0,0.0,0.0
BATCH_2_COOL_Abnormal_2026-03-19T21-03-34-843695,BATCH 2 COOL,train,4000,semiquant,Bilirubin:Moderate 50,Bilirubin:Moderate 50,,,Bilirubin,Moderate 50,BATCH_2_COOL_Abnormal_2026-03-19T21-03-34-843695_SEMIQUANT_FROM_BINARY.zip,1,1,0,,283.221588,0.02382,0.722472,260.708008,0.038706,0.718047,128.272797,0.078615,0.702513,226.099197,0.085225,0.715674,212.627197,0.099729,0.670587,182.671204,0.028414,0.7172,0.0,0.0,0.0,0.0,0.0,0.0,0.0,0.0,0.0,0.0,0.0,0.0
BATCH_2_COOL_Abnormal_2026-03-19T21-03-34-843695,BATCH 2 COOL,train,4000,semiquant,Glucose:60 +++,Glucose:60 +++,,,Glucose,60 +++,BATCH_2_COOL_Abnormal_2026-03-19T21-03-34-843695_SEMIQUANT_FROM_BINARY.zip,1,1,0,,283.221588,0.02382,0.722472,260.708008,0.038706,0.718047,128.272797,0.078615,0.702513,226.099197,0.085225,0.715674,212.627197,0.099729,0.670587,182.671204,0.028414,0.7172,0.0,0.0,0.0,0.0,0.0,0.0,0.0,0.0,0.0,0.0,0.0,0.0
BATCH_2_COOL_Abnormal_2026-03-19T21-03-34-843695,BATCH 2 COOL,train,4000,semiquant,Leukocytes:Moderate 125,Leukocytes:Moderate 125,,,Leukocytes,Moderate 125,BATCH_2_COOL_Abnormal_2026-03-19T21-03-34-843695_SEMIQUANT_FROM_BINARY.zip,1,1,0,,181.096802,0.256566,1.0,181.115204,0.256631,1.0,181.572006,0.258795,1.0,182.209595,0.261396,1.0,181.751999,0.262999,1.0,182.400803,0.26184,1.0,182.774399,0.263341,1.0,182.8992,0.263617,1.0,183.520004,0.265335,1.0,184.230392,0.267542,1.0
BATCH_2_COOL_Abnormal_2026-03-19T21-03-34-843695,BATCH 2 COOL,train,4000,semiquant,Nitrite:Positive,Nitrite:Positive,,,Nitrite,Positive,BATCH_2_COOL_Abnormal_2026-03-19T21-03-34-843695_SEMIQUANT_FROM_BINARY.zip,1,1,0,,181.096802,0.256566,1.0,181.115204,0.256631,1.0,181.572006,0.258795,1.0,182.209595,0.261396,1.0,181.751999,0.262999,1.0,182.400803,0.26184,1.0,182.774399,0.263341,1.0,182.8992,0.263617,1.0,183.520004,0.265335,1.0,184.230392,0.267542,1.0
BATCH_2_COOL_Abnormal_2026-03-19T21-03-34-843695,BATCH 2 COOL,train,4000,semiquant,Urobilinogen:64,Urobilinogen:64,,,Urobilinogen,64,BATCH_2_COOL_Abnormal_2026-03-19T21-03-34-843695_SEMIQUANT_FROM_BINARY.zip,1,1,0,,181.096802,0.256566,1.0,181.115204,0.256631,1.0,181.572006,0.258795,1.0,182.209595,0.261396,1.0,181.751999,0.262999,1.0,182.400803,0.26184,1.0,182.774399,0.263341,1.0,182.8992,0.263617,1.0,183.520004,0.265335,1.0,184.230392,0.267542,1.0
BATCH_2_COOL_Abnormal_2026-03-19T21-03-34-843695,BATCH 2 COOL,train,4000,semiquant,Protein:>=20.0,Protein:>=20.0,,,Protein,>=20.0,BATCH_2_COOL_Abnormal_2026-03-19T21-03-34-843695_SEMIQUANT_FROM_BINARY.zip,1,1,0,,181.096802,0.256566,1.0,181.115204,0.256631,1.0,181.572006,0.258795,1.0,182.209595,0.261396,1.0,181.751999,0.262999,1.0,182.400803,0.26184,1.0,182.774399,0.263341,1.0,182.8992,0.263617,1.0,183.520004,0.265335,1.0,184.230392,0.267542,1.0
BATCH_2_COOL_Abnormal_2026-03-19T21-03-34-843695,BATCH 2 COOL,train,4000,semiquant,pH:7.0,pH:7.0,,,pH,7.0,BATCH_2_COOL_Abnormal_2026-03-19T21-03-34-843695_SEMIQUANT_FROM_BINARY.zip,1,1,0,,181.096802,0.256566,1.0,181.115204,0.256631,1.0,181.572006,0.258795,1.0,182.209595,0.261396,1.0,181.751999,0.262999,1.0,182.400803,0.26184,1.0,182.774399,0.263341,1.0,182.8992,0.263617,1.0,183.520004,0.265335,1.0,184.230392,0.267542,1.0
BATCH_2_COOL_Abnormal_2026-03-19T21-03-34-843695,BATCH 2 COOL,train,4000,semiquant,Blood:Large 200,Blood:Large 200,,,Blood,Large 200,BATCH_2_COOL_Abnormal_2026-03-19T21-03-34-843695_SEMIQUANT_FROM_BINARY.zip,1,1,0,,181.096802,0.256566,1.0,181.115204,0.256631,1.0,181.572006,0.258795,1.0,182.209595,0.261396,1.0,181.751999,0.262999,1.0,182.400803,0.26184,1.0,182.774399,0.263341,1.0,182.8992,0.263617,1.0,183.520004,0.265335,1.0,184.230392,0.267542,1.0
BATCH_2_COOL_Abnormal_2026-03-19T21-03-34-843695,BATCH 2 COOL,train,4000,semiquant,Specific Gravity:1.010,Specific Gravity:1.010,,,Specific Gravity,1.010,BATCH_2_COOL_Abnormal_2026-03-19T21-03-34-843695_SEMIQUANT_FROM_BINARY.zip,1,1,0,,181.096802,0.256566,1.0,181.115204,0.256631,1.0,181.572006,0.258795,1.0,182.209595,0.261396,1.0,181.751999,0.262999,1.0,182.400803,0.26184,1.0,182.774399,0.263341,1.0,182.8992,0.263617,1.0,183.520004,0.265335,1.0,184.230392,0.267542,1.0
BATCH_2_COOL_Abnormal_2026-03-19T21-03-34-843695,BATCH 2 COOL,train,4000,semiquant,Ketone:Large 16,Ketone:Large 16,,,Ketone,Large 16,BATCH_2_COOL_Abnormal_2026-03-19T21-03-34-843695_SEMIQUANT_FROM_BINARY.zip,1,1,0,,181.096802,0.256566,1.0,181.115204,0.256631,1.0,181.572006,0.258795,1.0,182.209595,0.261396,1.0,181.751999,0.262999,1.0,182.400803,0.26184,1.0,182.774399,0.263341,1.0,182.8992,0.263617,1.0,183.520004,0.265335,1.0,184.230392,0.267542,1.0
BATCH_2_COOL_Abnormal_2026-03-19T21-03-34-843695,BATCH 2 COOL,train,4000,semiquant,Bilirubin:Large 100,Bilirubin:Large 100,,,Bilirubin,Large 100,BATCH_2_COOL_Abnormal_2026-03-19T21-03-34-843695_SEMIQUANT_FROM_BINARY.zip,1,1,0,,181.096802,0.256566,1.0,181.115204,0.256631,1.0,181.572006,0.258795,1.0,182.209595,0.261396,1.0,181.751999,0.262999,1.0,182.400803,0.26184,1.0,182.774399,0.263341,1.0,182.8992,0.263617,1.0,183.520004,0.265335,1.0,184.230392,0.267542,1.0
BATCH_2_COOL_Abnormal_2026-03-19T21-03-34-843695,BATCH 2 COOL,train,4000,semiquant,Glucose:110 ++++,Glucose:110 ++++,,,Glucose,110 ++++,BATCH_2_COOL_Abnormal_2026-03-19T21-03-34-843695_SEMIQUANT_FROM_BINARY.zip,1,1,0,,181.096802,0.256566,1.0,181.115204,0.256631,1.0,181.572006,0.258795,1.0,182.209595,0.261396,1.0,181.751999,0.262999,1.0,182.400803,0.26184,1.0,182.774399,0.263341,1.0,182.8992,0.263617,1.0,183.520004,0.265335,1.0,184.230392,0.267542,1.0
BATCH_2_COOL_Abnormal_2026-03-19T21-03-34-843695,BATCH 2 COOL,train,4000,semiquant,Leukocytes:Large 500,Leukocytes:Large 500,,,Leukocytes,Large 500,BATCH_2_COOL_Abnormal_2026-03-19T21-03-34-843695_SEMIQUANT_FROM_BINARY.zip,1,1,0,,195.995193,0.257137,1.0,196.835999,0.259962,1.0,197.128006,0.26126,1.0,197.210403,0.261671,1.0,197.613602,0.263139,1.0,198.187195,0.26546,1.0,199.013596,0.268483,1.0,199.062393,0.271732,1.0,199.796799,0.271834,1.0,200.614395,0.27501,1.0
BATCH_2_COOL_Abnormal_2026-03-19T21-03-34-843695,BATCH 2 COOL,train,4000,semiquant,Nitrite:Positive,Nitrite:Positive,,,Nitrite,Positive,BATCH_2_COOL_Abnormal_2026-03-19T21-03-34-843695_SEMIQUANT_FROM_BINARY.zip,1,1,0,,195.995193,0.257137,1.0,196.835999,0.259962,1.0,197.128006,0.26126,1.0,197.210403,0.261671,1.0,197.613602,0.263139,1.0,198.187195,0.26546,1.0,199.013596,0.268483,1.0,199.062393,0.271732,1.0,199.796799,0.271834,1.0,200.614395,0.27501,1.0
BATCH_2_COOL_Abnormal_2026-03-19T21-03-34-843695,BATCH 2 COOL,train,4000,semiquant,Urobilinogen:128,Urobilinogen:128,,,Urobilinogen,128,BATCH_2_COOL_Abnormal_2026-03-19T21-03-34-843695_SEMIQUANT_FROM_BINARY.zip,1,1,0,,195.995193,0.257137,1.0,196.835999,0.259962,1.0,197.128006,0.26126,1.0,197.210403,0.261671,1.0,197.613602,0.263139,1.0,198.187195,0.26546,1.0,199.013596,0.268483,1.0,199.062393,0.271732,1.0,199.796799,0.271834,1.0,200.614395,0.27501,1.0
BATCH_2_COOL_Abnormal_2026-03-19T21-03-34-843695,BATCH 2 COOL,train,4000,semiquant,Protein:Trace,Protein:Trace,,,Protein,Trace,BATCH_2_COOL_Abnormal_2026-03-19T21-03-34-843695_SEMIQUANT_FROM_BINARY.zip,1,1,0,,195.995193,0.257137,1.0,196.835999,0.259962,1.0,197.128006,0.26126,1.0,197.210403,0.261671,1.0,197.613602,0.263139,1.0,198.187195,0.26546,1.0,199.013596,0.268483,1.0,199.062393,0.271732,1.0,199.796799,0.271834,1.0,200.614395,0.27501,1.0
BATCH_2_COOL_Abnormal_2026-03-19T21-03-34-843695,BATCH 2 COOL,train,4000,semiquant,pH:7.5,pH:7.5,,,pH,7.5,BATCH_2_COOL_Abnormal_2026-03-19T21-03-34-843695_SEMIQUANT_FROM_BINARY.zip,1,1,0,,195.995193,0.257137,1.0,196.835999,0.259962,1.0,197.128006,0.26126,1.0,197.210403,0.261671,1.0,197.613602,0.263139,1.0,198.187195,0.26546,1.0,199.013596,0.268483,1.0,199.062393,0.271732,1.0,199.796799,0.271834,1.0,200.614395,0.27501,1.0
BATCH_2_COOL_Abnormal_2026-03-19T21-03-34-843695,BATCH 2 COOL,train,4000,semiquant,Blood:Non-hemolyzed 10,Blood:Non-hemolyzed 10,,,Blood,Non-hemolyzed 10,BATCH_2_COOL_Abnormal_2026-03-19T21-03-34-843695_SEMIQUANT_FROM_BINARY.zip,1,1,0,,195.995193,0.257137,1.0,196.835999,0.259962,1.0,197.128006,0.26126,1.0,197.210403,0.261671,1.0,197.613602,0.263139,1.0,198.187195,0.26546,1.0,199.013596,0.268483,1.0,199.062393,0.271732,1.0,199.796799,0.271834,1.0,200.614395,0.27501,1.0
BATCH_2_COOL_Abnormal_2026-03-19T21-03-34-843695,BATCH 2 COOL,train,4000,semiquant,Specific Gravity:1.020,Specific Gravity:1.020,,,Specific Gravity,1.020,BATCH_2_COOL_Abnormal_2026-03-19T21-03-34-843695_SEMIQUANT_FROM_BINARY.zip,1,1,0,,195.995193,0.257137,1.0,196.835999,0.259962,1.0,197.128006,0.26126,1.0,197.210403,0.261671,1.0,197.613602,0.263139,1.0,198.187195,0.26546,1.0,199.013596,0.268483,1.0,199.062393,0.271732,1.0,199.796799,0.271834,1.0,200.614395,0.27501,1.0
BATCH_2_COOL_Abnormal_2026-03-19T21-03-34-843695,BATCH 2 COOL,train,4000,semiquant,Ketone:Trace 0.5,Ketone:Trace 0.5,,,Ketone,Trace 0.5,BATCH_2_COOL_Abnormal_2026-03-19T21-03-34-843695_SEMIQUANT_FROM_BINARY.zip,1,1,0,,195.995193,0.257137,1.0,196.835999,0.259962,1.0,197.128006,0.26126,1.0,197.210403,0.261671,1.0,197.613602,0.263139,1.0,198.187195,0.26546,1.0,199.013596,0.268483,1.0,199.062393,0.271732,1.0,199.796799,0.271834,1.0,200.614395,0.27501,1.0
BATCH_2_COOL_Abnormal_2026-03-19T21-03-34-843695,BATCH 2 COOL,train,4000,semiquant,Bilirubin:Small 17,Bilirubin:Small 17,,,Bilirubin,Small 17,BATCH_2_COOL_Abnormal_2026-03-19T21-03-34-843695_SEMIQUANT_FROM_BINARY.zip,1,1,0,,195.995193,0.257137,1.0,196.835999,0.259962,1.0,197.128006,0.26126,1.0,197.210403,0.261671,1.0,197.613602,0.263139,1.0,198.187195,0.26546,1.0,199.013596,0.268483,1.0,199.062393,0.271732,1.0,199.796799,0.271834,1.0,200.614395,0.27501,1.0
BATCH_2_COOL_Abnormal_2026-03-19T21-03-34-843695,BATCH 2 COOL,train,4000,semiquant,Glucose:Trace 5,Glucose:Trace 5,,,Glucose,Trace 5,BATCH_2_COOL_Abnormal_2026-03-19T21-03-34-843695_SEMIQUANT_FROM_BINARY.zip,1,1,0,,195.995193,0.257137,1.0,196.835999,0.259962,1.0,197.128006,0.26126,1.0,197.210403,0.261671,1.0,197.613602,0.263139,1.0,198.187195,0.26546,1.0,199.013596,0.268483,1.0,199.062393,0.271732,1.0,199.796799,0.271834,1.0,200.614395,0.27501,1.0
BATCH_2_COOL_Abnormal_2026-03-19T21-03-34-843695,BATCH 2 COOL,train,4000,semiquant,Leukocytes:Trace 15,Leukocytes:Trace 15,,,Leukocytes,Trace 15,BATCH_2_COOL_Abnormal_2026-03-19T21-03-34-843695_SEMIQUANT_FROM_BINARY.zip,1,1,0,,246.0,0.306944,1.0,246.0,0.307021,1.0,246.0,0.307617,1.0,246.0,0.309398,1.0,246.0,0.308902,1.0,246.0,0.310365,1.0,246.0,0.311793,1.0,246.0,0.311997,1.0,246.0,0.313529,1.0,245.1064,0.312787,1.0
BATCH_2_COOL_Abnormal_2026-03-19T21-03-34-843695,BATCH 2 COOL,train,4000,semiquant,Nitrite:Positive,Nitrite:Positive,,,Nitrite,Positive,BATCH_2_COOL_Abnormal_2026-03-19T21-03-34-843695_SEMIQUANT_FROM_BINARY.zip,1,1,0,,246.0,0.306944,1.0,246.0,0.307021,1.0,246.0,0.307617,1.0,246.0,0.309398,1.0,246.0,0.308902,1.0,246.0,0.310365,1.0,246.0,0.311793,1.0,246.0,0.311997,1.0,246.0,0.313529,1.0,245.1064,0.312787,1.0
BATCH_2_COOL_Abnormal_2026-03-19T21-03-34-843695,BATCH 2 COOL,train,4000,semiquant,Urobilinogen:16,Urobilinogen:16,,,Urobilinogen,16,BATCH_2_COOL_Abnormal_2026-03-19T21-03-34-843695_SEMIQUANT_FROM_BINARY.zip,1,1,0,,246.0,0.306944,1.0,246.0,0.307021,1.0,246.0,0.307617,1.0,246.0,0.309398,1.0,246.0,0.308902,1.0,246.0,0.310365,1.0,246.0,0.311793,1.0,246.0,0.311997,1.0,246.0,0.313529,1.0,245.1064,0.312787,1.0
BATCH_2_COOL_Abnormal_2026-03-19T21-03-34-843695,BATCH 2 COOL,train,4000,semiquant,Protein:0.3,Protein:0.3,,,Protein,0.3,BATCH_2_COOL_Abnormal_2026-03-19T21-03-34-843695_SEMIQUANT_FROM_BINARY.zip,1,1,0,,246.0,0.306944,1.0,246.0,0.307021,1.0,246.0,0.307617,1.0,246.0,0.309398,1.0,246.0,0.308902,1.0,246.0,0.310365,1.0,246.0,0.311793,1.0,246.0,0.311997,1.0,246.0,0.313529,1.0,245.1064,0.312787,1.0
BATCH_2_COOL_Abnormal_2026-03-19T21-03-34-843695,BATCH 2 COOL,train,4000,semiquant,pH:8.0,pH:8.0,,,pH,8.0,BATCH_2_COOL_Abnormal_2026-03-19T21-03-34-843695_SEMIQUANT_FROM_BINARY.zip,1,1,0,,246.0,0.306944,1.0,246.0,0.307021,1.0,246.0,0.307617,1.0,246.0,0.309398,1.0,246.0,0.308902,1.0,246.0,0.310365,1.0,246.0,0.311793,1.0,246.0,0.311997,1.0,246.0,0.313529,1.0,245.1064,0.312787,1.0
BATCH_2_COOL_Abnormal_2026-03-19T21-03-34-843695,BATCH 2 COOL,train,4000,semiquant,Blood:Hemolyzed 10,Blood:Hemolyzed 10,,,Blood,Hemolyzed 10,BATCH_2_COOL_Abnormal_2026-03-19T21-03-34-843695_SEMIQUANT_FROM_BINARY.zip,1,1,0,,246.0,0.306944,1.0,246.0,0.307021,1.0,246.0,0.307617,1.0,246.0,0.309398,1.0,246.0,0.308902,1.0,246.0,0.310365,1.0,246.0,0.311793,1.0,246.0,0.311997,1.0,246.0,0.313529,1.0,245.1064,0.312787,1.0
BATCH_2_COOL_Abnormal_2026-03-19T21-03-34-843695,BATCH 2 COOL,train,4000,semiquant,Specific Gravity:1.025,Specific Gravity:1.025,,,Specific Gravity,1.025,BATCH_2_COOL_Abnormal_2026-03-19T21-03-34-843695_SEMIQUANT_FROM_BINARY.zip,1,1,0,,246.0,0.306944,1.0,246.0,0.307021,1.0,246.0,0.307617,1.0,246.0,0.309398,1.0,246.0,0.308902,1.0,246.0,0.310365,1.0,246.0,0.311793,1.0,246.0,0.311997,1.0,246.0,0.313529,1.0,245.1064,0.312787,1.0
BATCH_2_COOL_Abnormal_2026-03-19T21-03-34-843695,BATCH 2 COOL,train,4000,semiquant,Ketone:Small 1.5,Ketone:Small 1.5,,,Ketone,Small 1.5,BATCH_2_COOL_Abnormal_2026-03-19T21-03-34-843695_SEMIQUANT_FROM_BINARY.zip,1,1,0,,246.0,0.306944,1.0,246.0,0.307021,1.0,246.0,0.307617,1.0,246.0,0.309398,1.0,246.0,0.308902,1.0,246.0,0.310365,1.0,246.0,0.311793,1.0,246.0,0.311997,1.0,246.0,0.313529,1.0,245.1064,0.312787,1.0
BATCH_2_COOL_Abnormal_2026-03-19T21-03-34-843695,BATCH 2 COOL,train,4000,semiquant,Bilirubin:Moderate 50,Bilirubin:Moderate 50,,,Bilirubin,Moderate 50,BATCH_2_COOL_Abnormal_2026-03-19T21-03-34-843695_SEMIQUANT_FROM_BINARY.zip,1,1,0,,246.0,0.306944,1.0,246.0,0.307021,1.0,246.0,0.307617,1.0,246.0,0.309398,1.0,246.0,0.308902,1.0,246.0,0.310365,1.0,246.0,0.311793,1.0,246.0,0.311997,1.0,246.0,0.313529,1.0,245.1064,0.312787,1.0
BATCH_2_COOL_Abnormal_2026-03-19T21-03-34-843695,BATCH 2 COOL,train,4000,semiquant,Glucose:15 +,Glucose:15 +,,,Glucose,15 +,BATCH_2_COOL_Abnormal_2026-03-19T21-03-34-843695_SEMIQUANT_FROM_BINARY.zip,1,1,0,,246.0,0.306944,1.0,246.0,0.307021,1.0,246.0,0.307617,1.0,246.0,0.309398,1.0,246.0,0.308902,1.0,246.0,0.310365,1.0,246.0,0.311793,1.0,246.0,0.311997,1.0,246.0,0.313529,1.0,245.1064,0.312787,1.0
BATCH_2_COOL_Abnormal_2026-03-19T21-03-34-843695,BATCH 2 COOL,train,4000,semiquant,Leukocytes:Small 70,Leukocytes:Small 70,,,Leukocytes,Small 70,BATCH_2_COOL_Abnormal_2026-03-19T21-03-34-843695_SEMIQUANT_FROM_BINARY.zip,1,1,0,,246.0,0.307203,1.0,246.0,0.308268,1.0,245.5616,0.306555,1.0,245.8936,0.308714,1.0,246.0,0.307427,1.0,246.0,0.309784,1.0,246.0,0.311227,1.0,245.881607,0.312362,1.0,242.940796,0.30762,1.0,242.843201,0.307332,1.0
BATCH_2_COOL_Abnormal_2026-03-19T21-03-34-843695,BATCH 2 COOL,train,4000,semiquant,Nitrite:Positive,Nitrite:Positive,,,Nitrite,Positive,BATCH_2_COOL_Abnormal_2026-03-19T21-03-34-843695_SEMIQUANT_FROM_BINARY.zip,1,1,0,,246.0,0.307203,1.0,246.0,0.308268,1.0,245.5616,0.306555,1.0,245.8936,0.308714,1.0,246.0,0.307427,1.0,246.0,0.309784,1.0,246.0,0.311227,1.0,245.881607,0.312362,1.0,242.940796,0.30762,1.0,242.843201,0.307332,1.0
BATCH_2_COOL_Abnormal_2026-03-19T21-03-34-843695,BATCH 2 COOL,train,4000,semiquant,Urobilinogen:32,Urobilinogen:32,,,Urobilinogen,32,BATCH_2_COOL_Abnormal_2026-03-19T21-03-34-843695_SEMIQUANT_FROM_BINARY.zip,1,1,0,,246.0,0.307203,1.0,246.0,0.308268,1.0,245.5616,0.306555,1.0,245.8936,0.308714,1.0,246.0,0.307427,1.0,246.0,0.309784,1.0,246.0,0.311227,1.0,245.881607,0.312362,1.0,242.940796,0.30762,1.0,242.843201,0.307332,1.0
BATCH_2_COOL_Abnormal_2026-03-19T21-03-34-843695,BATCH 2 COOL,train,4000,semiquant,Protein:1.0,Protein:1.0,,,Protein,1.0,BATCH_2_COOL_Abnormal_2026-03-19T21-03-34-843695_SEMIQUANT_FROM_BINARY.zip,1,1,0,,246.0,0.307203,1.0,246.0,0.308268,1.0,245.5616,0.306555,1.0,245.8936,0.308714,1.0,246.0,0.307427,1.0,246.0,0.309784,1.0,246.0,0.311227,1.0,245.881607,0.312362,1.0,242.940796,0.30762,1.0,242.843201,0.307332,1.0
BATCH_2_COOL_Abnormal_2026-03-19T21-03-34-843695,BATCH 2 COOL,train,4000,semiquant,pH:8.5,pH:8.5,,,pH,8.5,BATCH_2_COOL_Abnormal_2026-03-19T21-03-34-843695_SEMIQUANT_FROM_BINARY.zip,1,1,0,,246.0,0.307203,1.0,246.0,0.308268,1.0,245.5616,0.306555,1.0,245.8936,0.308714,1.0,246.0,0.307427,1.0,246.0,0.309784,1.0,246.0,0.311227,1.0,245.881607,0.312362,1.0,242.940796,0.30762,1.0,242.843201,0.307332,1.0
BATCH_2_COOL_Abnormal_2026-03-19T21-03-34-843695,BATCH 2 COOL,train,4000,semiquant,Blood:Small 25,Blood:Small 25,,,Blood,Small 25,BATCH_2_COOL_Abnormal_2026-03-19T21-03-34-843695_SEMIQUANT_FROM_BINARY.zip,1,1,0,,246.0,0.307203,1.0,246.0,0.308268,1.0,245.5616,0.306555,1.0,245.8936,0.308714,1.0,246.0,0.307427,1.0,246.0,0.309784,1.0,246.0,0.311227,1.0,245.881607,0.312362,1.0,242.940796,0.30762,1.0,242.843201,0.307332,1.0
BATCH_2_COOL_Abnormal_2026-03-19T21-03-34-843695,BATCH 2 COOL,train,4000,semiquant,Specific Gravity:1.030,Specific Gravity:1.030,,,Specific Gravity,1.030,BATCH_2_COOL_Abnormal_2026-03-19T21-03-34-843695_SEMIQUANT_FROM_BINARY.zip,1,1,0,,246.0,0.307203,1.0,246.0,0.308268,1.0,245.5616,0.306555,1.0,245.8936,0.308714,1.0,246.0,0.307427,1.0,246.0,0.309784,1.0,246.0,0.311227,1.0,245.881607,0.312362,1.0,242.940796,0.30762,1.0,242.843201,0.307332,1.0
BATCH_2_COOL_Abnormal_2026-03-19T21-03-34-843695,BATCH 2 COOL,train,4000,semiquant,Ketone:Moderate 4.0,Ketone:Moderate 4.0,,,Ketone,Moderate 4.0,BATCH_2_COOL_Abnormal_2026-03-19T21-03-34-843695_SEMIQUANT_FROM_BINARY.zip,1,1,0,,246.0,0.307203,1.0,246.0,0.308268,1.0,245.5616,0.306555,1.0,245.8936,0.308714,1.0,246.0,0.307427,1.0,246.0,0.309784,1.0,246.0,0.311227,1.0,245.881607,0.312362,1.0,242.940796,0.30762,1.0,242.843201,0.307332,1.0
BATCH_2_COOL_Abnormal_2026-03-19T21-03-34-843695,BATCH 2 COOL,train,4000,semiquant,Bilirubin:Large 100,Bilirubin:Large 100,,,Bilirubin,Large 100,BATCH_2_COOL_Abnormal_2026-03-19T21-03-34-843695_SEMIQUANT_FROM_BINARY.zip,1,1,0,,246.0,0.307203,1.0,246.0,0.308268,1.0,245.5616,0.306555,1.0,245.8936,0.308714,1.0,246.0,0.307427,1.0,246.0,0.309784,1.0,246.0,0.311227,1.0,245.881607,0.312362,1.0,242.940796,0.30762,1.0,242.843201,0.307332,1.0
BATCH_2_COOL_Abnormal_2026-03-19T21-03-34-843695,BATCH 2 COOL,train,4000,semiquant,Glucose:30 ++,Glucose:30 ++,,,Glucose,30 ++,BATCH_2_COOL_Abnormal_2026-03-19T21-03-34-843695_SEMIQUANT_FROM_BINARY.zip,1,1,0,,246.0,0.307203,1.0,246.0,0.308268,1.0,245.5616,0.306555,1.0,245.8936,0.308714,1.0,246.0,0.307427,1.0,246.0,0.309784,1.0,246.0,0.311227,1.0,245.881607,0.312362,1.0,242.940796,0.30762,1.0,242.843201,0.307332,1.0
BATCH_2_COOL_Abnormal_2026-03-19T21-03-34-843695,BATCH 2 COOL,train,4000,semiquant,Leukocytes:Moderate 125,Leukocytes:Moderate 125,,,Leukocytes,Moderate 125,BATCH_2_COOL_Abnormal_2026-03-19T21-03-34-843695_SEMIQUANT_FROM_BINARY.zip,1,1,0,,181.470398,0.254132,1.0,181.497604,0.254312,1.0,181.849594,0.256149,1.0,182.735992,0.258827,1.0,182.849594,0.259619,1.0,184.084,0.26301,1.0,183.960007,0.262618,1.0,185.298401,0.266634,1.0,185.969604,0.268922,1.0,186.595993,0.271197,1.0
BATCH_2_COOL_Abnormal_2026-03-19T21-03-34-843695,BATCH 2 COOL,train,4000,semiquant,Nitrite:Positive,Nitrite:Positive,,,Nitrite,Positive,BATCH_2_COOL_Abnormal_2026-03-19T21-03-34-843695_SEMIQUANT_FROM_BINARY.zip,1,1,0,,181.470398,0.254132,1.0,181.497604,0.254312,1.0,181.849594,0.256149,1.0,182.735992,0.258827,1.0,182.849594,0.259619,1.0,184.084,0.26301,1.0,183.960007,0.262618,1.0,185.298401,0.266634,1.0,185.969604,0.268922,1.0,186.595993,0.271197,1.0
BATCH_2_COOL_Abnormal_2026-03-19T21-03-34-843695,BATCH 2 COOL,train,4000,semiquant,Urobilinogen:64,Urobilinogen:64,,,Urobilinogen,64,BATCH_2_COOL_Abnormal_2026-03-19T21-03-34-843695_SEMIQUANT_FROM_BINARY.zip,1,1,0,,181.470398,0.254132,1.0,181.497604,0.254312,1.0,181.849594,0.256149,1.0,182.735992,0.258827,1.0,182.849594,0.259619,1.0,184.084,0.26301,1.0,183.960007,0.262618,1.0,185.298401,0.266634,1.0,185.969604,0.268922,1.0,186.595993,0.271197,1.0
BATCH_2_COOL_Abnormal_2026-03-19T21-03-34-843695,BATCH 2 COOL,train,4000,semiquant,Protein:3.0,Protein:3.0,,,Protein,3.0,BATCH_2_COOL_Abnormal_2026-03-19T21-03-34-843695_SEMIQUANT_FROM_BINARY.zip,1,1,0,,181.470398,0.254132,1.0,181.497604,0.254312,1.0,181.849594,0.256149,1.0,182.735992,0.258827,1.0,182.849594,0.259619,1.0,184.084,0.26301,1.0,183.960007,0.262618,1.0,185.298401,0.266634,1.0,185.969604,0.268922,1.0,186.595993,0.271197,1.0
BATCH_2_COOL_Abnormal_2026-03-19T21-03-34-843695,BATCH 2 COOL,train,4000,semiquant,pH:5.0,pH:5.0,,,pH,5.0,BATCH_2_COOL_Abnormal_2026-03-19T21-03-34-843695_SEMIQUANT_FROM_BINARY.zip,1,1,0,,181.470398,0.254132,1.0,181.497604,0.254312,1.0,181.849594,0.256149,1.0,182.735992,0.258827,1.0,182.849594,0.259619,1.0,184.084,0.26301,1.0,183.960007,0.262618,1.0,185.298401,0.266634,1.0,185.969604,0.268922,1.0,186.595993,0.271197,1.0
BATCH_2_COOL_Abnormal_2026-03-19T21-03-34-843695,BATCH 2 COOL,train,4000,semiquant,Blood:Moderate 80,Blood:Moderate 80,,,Blood,Moderate 80,BATCH_2_COOL_Abnormal_2026-03-19T21-03-34-843695_SEMIQUANT_FROM_BINARY.zip,1,1,0,,181.470398,0.254132,1.0,181.497604,0.254312,1.0,181.849594,0.256149,1.0,182.735992,0.258827,1.0,182.849594,0.259619,1.0,184.084,0.26301,1.0,183.960007,0.262618,1.0,185.298401,0.266634,1.0,185.969604,0.268922,1.0,186.595993,0.271197,1.0
BATCH_2_COOL_Abnormal_2026-03-19T21-03-34-843695,BATCH 2 COOL,train,4000,semiquant,Specific Gravity:1.000,Specific Gravity:1.000,,,Specific Gravity,1.000,BATCH_2_COOL_Abnormal_2026-03-19T21-03-34-843695_SEMIQUANT_FROM_BINARY.zip,1,1,0,,181.470398,0.254132,1.0,181.497604,0.254312,1.0,181.849594,0.256149,1.0,182.735992,0.258827,1.0,182.849594,0.259619,1.0,184.084,0.26301,1.0,183.960007,0.262618,1.0,185.298401,0.266634,1.0,185.969604,0.268922,1.0,186.595993,0.271197,1.0
BATCH_2_COOL_Abnormal_2026-03-19T21-03-34-843695,BATCH 2 COOL,train,4000,semiquant,Ketone:8.0,Ketone:8.0,,,Ketone,8.0,BATCH_2_COOL_Abnormal_2026-03-19T21-03-34-843695_SEMIQUANT_FROM_BINARY.zip,1,1,0,,181.470398,0.254132,1.0,181.497604,0.254312,1.0,181.849594,0.256149,1.0,182.735992,0.258827,1.0,182.849594,0.259619,1.0,184.084,0.26301,1.0,183.960007,0.262618,1.0,185.298401,0.266634,1.0,185.969604,0.268922,1.0,186.595993,0.271197,1.0
BATCH_2_COOL_Abnormal_2026-03-19T21-03-34-843695,BATCH 2 COOL,train,4000,semiquant,Bilirubin:Small 17,Bilirubin:Small 17,,,Bilirubin,Small 17,BATCH_2_COOL_Abnormal_2026-03-19T21-03-34-843695_SEMIQUANT_FROM_BINARY.zip,1,1,0,,181.470398,0.254132,1.0,181.497604,0.254312,1.0,181.849594,0.256149,1.0,182.735992,0.258827,1.0,182.849594,0.259619,1.0,184.084,0.26301,1.0,183.960007,0.262618,1.0,185.298401,0.266634,1.0,185.969604,0.268922,1.0,186.595993,0.271197,1.0
BATCH_2_COOL_Abnormal_2026-03-19T21-03-34-843695,BATCH 2 COOL,train,4000,semiquant,Glucose:60 +++,Glucose:60 +++,,,Glucose,60 +++,BATCH_2_COOL_Abnormal_2026-03-19T21-03-34-843695_SEMIQUANT_FROM_BINARY.zip,1,1,0,,181.470398,0.254132,1.0,181.497604,0.254312,1.0,181.849594,0.256149,1.0,182.735992,0.258827,1.0,182.849594,0.259619,1.0,184.084,0.26301,1.0,183.960007,0.262618,1.0,185.298401,0.266634,1.0,185.969604,0.268922,1.0,186.595993,0.271197,1.0
BATCH_2_COOL_Abnormal_2026-03-19T21-03-34-843695,BATCH 2 COOL,train,4000,semiquant,Leukocytes:Large 500,Leukocytes:Large 500,,,Leukocytes,Large 500,BATCH_2_COOL_Abnormal_2026-03-19T21-03-34-843695_SEMIQUANT_FROM_BINARY.zip,1,1,0,,273.38559,0.030408,0.720398,250.683197,0.044861,0.714122,133.907196,0.080809,0.700808,242.967194,0.085078,0.714525,224.208801,0.089849,0.675997,174.0392,0.027674,0.57854,0.0,0.0,0.0,0.0,0.0,0.0,0.0,0.0,0.0,0.0,0.0,0.0
BATCH_2_COOL_Abnormal_2026-03-19T21-03-34-843695,BATCH 2 COOL,train,4000,semiquant,Nitrite:Positive,Nitrite:Positive,,,Nitrite,Positive,BATCH_2_COOL_Abnormal_2026-03-19T21-03-34-843695_SEMIQUANT_FROM_BINARY.zip,1,1,0,,273.38559,0.030408,0.720398,250.683197,0.044861,0.714122,133.907196,0.080809,0.700808,242.967194,0.085078,0.714525,224.208801,0.089849,0.675997,174.0392,0.027674,0.57854,0.0,0.0,0.0,0.0,0.0,0.0,0.0,0.0,0.0,0.0,0.0,0.0
BATCH_2_COOL_Abnormal_2026-03-19T21-03-34-843695,BATCH 2 COOL,train,4000,semiquant,Urobilinogen:128,Urobilinogen:128,,,Urobilinogen,128,BATCH_2_COOL_Abnormal_2026-03-19T21-03-34-843695_SEMIQUANT_FROM_BINARY.zip,1,1,0,,273.38559,0.030408,0.720398,250.683197,0.044861,0.714122,133.907196,0.080809,0.700808,242.967194,0.085078,0.714525,224.208801,0.089849,0.675997,174.0392,0.027674,0.57854,0.0,0.0,0.0,0.0,0.0,0.0,0.0,0.0,0.0,0.0,0.0,0.0
BATCH_2_COOL_Abnormal_2026-03-19T21-03-34-843695,BATCH 2 COOL,train,4000,semiquant,Protein:>=20.0,Protein:>=20.0,,,Protein,>=20.0,BATCH_2_COOL_Abnormal_2026-03-19T21-03-34-843695_SEMIQUANT_FROM_BINARY.zip,1,1,0,,273.38559,0.030408,0.720398,250.683197,0.044861,0.714122,133.907196,0.080809,0.700808,242.967194,0.085078,0.714525,224.208801,0.089849,0.675997,174.0392,0.027674,0.57854,0.0,0.0,0.0,0.0,0.0,0.0,0.0,0.0,0.0,0.0,0.0,0.0
BATCH_2_COOL_Abnormal_2026-03-19T21-03-34-843695,BATCH 2 COOL,train,4000,semiquant,pH:6.5,pH:6.5,,,pH,6.5,BATCH_2_COOL_Abnormal_2026-03-19T21-03-34-843695_SEMIQUANT_FROM_BINARY.zip,1,1,0,,273.38559,0.030408,0.720398,250.683197,0.044861,0.714122,133.907196,0.080809,0.700808,242.967194,0.085078,0.714525,224.208801,0.089849,0.675997,174.0392,0.027674,0.57854,0.0,0.0,0.0,0.0,0.0,0.0,0.0,0.0,0.0,0.0,0.0,0.0
BATCH_2_COOL_Abnormal_2026-03-19T21-03-34-843695,BATCH 2 COOL,train,4000,semiquant,Blood:Large 200,Blood:Large 200,,,Blood,Large 200,BATCH_2_COOL_Abnormal_2026-03-19T21-03-34-843695_SEMIQUANT_FROM_BINARY.zip,1,1,0,,273.38559,0.030408,0.720398,250.683197,0.044861,0.714122,133.907196,0.080809,0.700808,242.967194,0.085078,0.714525,224.208801,0.089849,0.675997,174.0392,0.027674,0.57854,0.0,0.0,0.0,0.0,0.0,0.0,0.0,0.0,0.0,0.0,0.0,0.0
BATCH_2_COOL_Abnormal_2026-03-19T21-03-34-843695,BATCH 2 COOL,train,4000,semiquant,Specific Gravity:1.005,Specific Gravity:1.005,,,Specific Gravity,1.005,BATCH_2_COOL_Abnormal_2026-03-19T21-03-34-843695_SEMIQUANT_FROM_BINARY.zip,1,1,0,,273.38559,0.030408,0.720398,250.683197,0.044861,0.714122,133.907196,0.080809,0.700808,242.967194,0.085078,0.714525,224.208801,0.089849,0.675997,174.0392,0.027674,0.57854,0.0,0.0,0.0,0.0,0.0,0.0,0.0,0.0,0.0,0.0,0.0,0.0
BATCH_2_COOL_Abnormal_2026-03-19T21-03-34-843695,BATCH 2 COOL,train,4000,semiquant,Ketone:Large 16,Ketone:Large 16,,,Ketone,Large 16,BATCH_2_COOL_Abnormal_2026-03-19T21-03-34-843695_SEMIQUANT_FROM_BINARY.zip,1,1,0,,273.38559,0.030408,0.720398,250.683197,0.044861,0.714122,133.907196,0.080809,0.700808,242.967194,0.085078,0.714525,224.208801,0.089849,0.675997,174.0392,0.027674,0.57854,0.0,0.0,0.0,0.0,0.0,0.0,0.0,0.0,0.0,0.0,0.0,0.0
BATCH_2_COOL_Abnormal_2026-03-19T21-03-34-843695,BATCH 2 COOL,train,4000,semiquant,Bilirubin:Moderate 50,Bilirubin:Moderate 50,,,Bilirubin,Moderate 50,BATCH_2_COOL_Abnormal_2026-03-19T21-03-34-843695_SEMIQUANT_FROM_BINARY.zip,1,1,0,,273.38559,0.030408,0.720398,250.683197,0.044861,0.714122,133.907196,0.080809,0.700808,242.967194,0.085078,0.714525,224.208801,0.089849,0.675997,174.0392,0.027674,0.57854,0.0,0.0,0.0,0.0,0.0,0.0,0.0,0.0,0.0,0.0,0.0,0.0
BATCH_2_COOL_Abnormal_2026-03-19T21-03-34-843695,BATCH 2 COOL,train,4000,semiquant,Glucose:110 ++++,Glucose:110 ++++,,,Glucose,110 ++++,BATCH_2_COOL_Abnormal_2026-03-19T21-03-34-843695_SEMIQUANT_FROM_BINARY.zip,1,1,0,,273.38559,0.030408,0.720398,250.683197,0.044861,0.714122,133.907196,0.080809,0.700808,242.967194,0.085078,0.714525,224.208801,0.089849,0.675997,174.0392,0.027674,0.57854,0.0,0.0,0.0,0.0,0.0,0.0,0.0,0.0,0.0,0.0,0.0,0.0
BATCH_2_COOL_Abnormal_2026-03-19T21-03-34-843695,BATCH 2 COOL,train,4000,semiquant,Leukocytes:Trace 15,Leukocytes:Trace 15,,,Leukocytes,Trace 15,BATCH_2_COOL_Abnormal_2026-03-19T21-03-34-843695_SEMIQUANT_FROM_BINARY.zip,1,1,0,,283.979187,0.035418,0.721114,251.380798,0.054458,0.711548,112.082397,0.083765,0.699131,229.671997,0.091322,0.717013,213.568802,0.10413,0.665051,164.8992,0.028803,0.580463,0.0,0.0,0.0,0.0,0.0,0.0,0.0,0.0,0.0,0.0,0.0,0.0
BATCH_2_COOL_Abnormal_2026-03-19T21-03-34-843695,BATCH 2 COOL,train,4000,semiquant,Nitrite:Positive,Nitrite:Positive,,,Nitrite,Positive,BATCH_2_COOL_Abnormal_2026-03-19T21-03-34-843695_SEMIQUANT_FROM_BINARY.zip,1,1,0,,283.979187,0.035418,0.721114,251.380798,0.054458,0.711548,112.082397,0.083765,0.699131,229.671997,0.091322,0.717013,213.568802,0.10413,0.665051,164.8992,0.028803,0.580463,0.0,0.0,0.0,0.0,0.0,0.0,0.0,0.0,0.0,0.0,0.0,0.0
BATCH_2_COOL_Abnormal_2026-03-19T21-03-34-843695,BATCH 2 COOL,train,4000,semiquant,Urobilinogen:16,Urobilinogen:16,,,Urobilinogen,16,BATCH_2_COOL_Abnormal_2026-03-19T21-03-34-843695_SEMIQUANT_FROM_BINARY.zip,1,1,0,,283.979187,0.035418,0.721114,251.380798,0.054458,0.711548,112.082397,0.083765,0.699131,229.671997,0.091322,0.717013,213.568802,0.10413,0.665051,164.8992,0.028803,0.580463,0.0,0.0,0.0,0.0,0.0,0.0,0.0,0.0,0.0,0.0,0.0,0.0
BATCH_2_COOL_Abnormal_2026-03-19T21-03-34-843695,BATCH 2 COOL,train,4000,semiquant,Protein:Trace,Protein:Trace,,,Protein,Trace,BATCH_2_COOL_Abnormal_2026-03-19T21-03-34-843695_SEMIQUANT_FROM_BINARY.zip,1,1,0,,283.979187,0.035418,0.721114,251.380798,0.054458,0.711548,112.082397,0.083765,0.699131,229.671997,0.091322,0.717013,213.568802,0.10413,0.665051,164.8992,0.028803,0.580463,0.0,0.0,0.0,0.0,0.0,0.0,0.0,0.0,0.0,0.0,0.0,0.0
BATCH_2_COOL_Abnormal_2026-03-19T21-03-34-843695,BATCH 2 COOL,train,4000,semiquant,pH:7.0,pH:7.0,,,pH,7.0,BATCH_2_COOL_Abnormal_2026-03-19T21-03-34-843695_SEMIQUANT_FROM_BINARY.zip,1,1,0,,283.979187,0.035418,0.721114,251.380798,0.054458,0.711548,112.082397,0.083765,0.699131,229.671997,0.091322,0.717013,213.568802,0.10413,0.665051,164.8992,0.028803,0.580463,0.0,0.0,0.0,0.0,0.0,0.0,0.0,0.0,0.0,0.0,0.0,0.0
BATCH_2_COOL_Abnormal_2026-03-19T21-03-34-843695,BATCH 2 COOL,train,4000,semiquant,Blood:Non-hemolyzed 10,Blood:Non-hemolyzed 10,,,Blood,Non-hemolyzed 10,BATCH_2_COOL_Abnormal_2026-03-19T21-03-34-843695_SEMIQUANT_FROM_BINARY.zip,1,1,0,,283.979187,0.035418,0.721114,251.380798,0.054458,0.711548,112.082397,0.083765,0.699131,229.671997,0.091322,0.717013,213.568802,0.10413,0.665051,164.8992,0.028803,0.580463,0.0,0.0,0.0,0.0,0.0,0.0,0.0,0.0,0.0,0.0,0.0,0.0
BATCH_2_COOL_Abnormal_2026-03-19T21-03-34-843695,BATCH 2 COOL,train,4000,semiquant,Specific Gravity:1.010,Specific Gravity:1.010,,,Specific Gravity,1.010,BATCH_2_COOL_Abnormal_2026-03-19T21-03-34-843695_SEMIQUANT_FROM_BINARY.zip,1,1,0,,283.979187,0.035418,0.721114,251.380798,0.054458,0.711548,112.082397,0.083765,0.699131,229.671997,0.091322,0.717013,213.568802,0.10413,0.665051,164.8992,0.028803,0.580463,0.0,0.0,0.0,0.0,0.0,0.0,0.0,0.0,0.0,0.0,0.0,0.0
BATCH_2_COOL_Abnormal_2026-03-19T21-03-34-843695,BATCH 2 COOL,train,4000,semiquant,Ketone:Trace 0.5,Ketone:Trace 0.5,,,Ketone,Trace 0.5,BATCH_2_COOL_Abnormal_2026-03-19T21-03-34-843695_SEMIQUANT_FROM_BINARY.zip,1,1,0,,283.979187,0.035418,0.721114,251.380798,0.054458,0.711548,112.082397,0.083765,0.699131,229.671997,0.091322,0.717013,213.568802,0.10413,0.665051,164.8992,0.028803,0.580463,0.0,0.0,0.0,0.0,0.0,0.0,0.0,0.0,0.0,0.0,0.0,0.0
BATCH_2_COOL_Abnormal_2026-03-19T21-03-34-843695,BATCH 2 COOL,train,4000,semiquant,Bilirubin:Large 100,Bilirubin:Large 100,,,Bilirubin,Large 100,BATCH_2_COOL_Abnormal_2026-03-19T21-03-34-843695_SEMIQUANT_FROM_BINARY.zip,1,1,0,,283.979187,0.035418,0.721114,251.380798,0.054458,0.711548,112.082397,0.083765,0.699131,229.671997,0.091322,0.717013,213.568802,0.10413,0.665051,164.8992,0.028803,0.580463,0.0,0.0,0.0,0.0,0.0,0.0,0.0,0.0,0.0,0.0,0.0,0.0
BATCH_2_COOL_Abnormal_2026-03-19T21-03-34-843695,BATCH 2 COOL,train,4000,semiquant,Glucose:Trace 5,Glucose:Trace 5,,,Glucose,Trace 5,BATCH_2_COOL_Abnormal_2026-03-19T21-03-34-843695_SEMIQUANT_FROM_BINARY.zip,1,1,0,,283.979187,0.035418,0.721114,251.380798,0.054458,0.711548,112.082397,0.083765,0.699131,229.671997,0.091322,0.717013,213.568802,0.10413,0.665051,164.8992,0.028803,0.580463,0.0,0.0,0.0,0.0,0.0,0.0,0.0,0.0,0.0,0.0,0.0,0.0
BATCH_2_COOL_Normal_2026-03-19T21-00-12-025389,BATCH 2 COOL,train,4000,semiquant,Leukocytes:Neg,Leukocytes:Neg,,,Leukocytes,Neg,BATCH_2_COOL_Normal_2026-03-19T21-00-12-025389_SEMIQUANT_FROM_BINARY.zip,21,21,0,,169.127197,0.132042,0.677176,203.418396,0.09002,0.682657,202.413605,0.097597,0.704212,187.024796,0.099445,0.679746,203.257599,0.030276,0.714838,82.746399,0.019875,0.47854,0.0,0.0,0.0,0.0,0.0,0.0,0.0,0.0,0.0,0.0,0.0,0.0
BATCH_2_COOL_Normal_2026-03-19T21-00-12-025389,BATCH 2 COOL,train,4000,semiquant,Nitrite:Neg,Nitrite:Neg,,,Nitrite,Neg,BATCH_2_COOL_Normal_2026-03-19T21-00-12-025389_SEMIQUANT_FROM_BINARY.zip,21,21,0,,169.127197,0.132042,0.677176,203.418396,0.09002,0.682657,202.413605,0.097597,0.704212,187.024796,0.099445,0.679746,203.257599,0.030276,0.714838,82.746399,0.019875,0.47854,0.0,0.0,0.0,0.0,0.0,0.0,0.0,0.0,0.0,0.0,0.0,0.0
BATCH_2_COOL_Normal_2026-03-19T21-00-12-025389,BATCH 2 COOL,train,4000,semiquant,Urobilinogen:3.2,Urobilinogen:3.2,,,Urobilinogen,3.2,BATCH_2_COOL_Normal_2026-03-19T21-00-12-025389_SEMIQUANT_FROM_BINARY.zip,21,21,0,,169.127197,0.132042,0.677176,203.418396,0.09002,0.682657,202.413605,0.097597,0.704212,187.024796,0.099445,0.679746,203.257599,0.030276,0.714838,82.746399,0.019875,0.47854,0.0,0.0,0.0,0.0,0.0,0.0,0.0,0.0,0.0,0.0,0.0,0.0
BATCH_2_COOL_Normal_2026-03-19T21-00-12-025389,BATCH 2 COOL,train,4000,semiquant,Protein:Neg,Protein:Neg,,,Protein,Neg,BATCH_2_COOL_Normal_2026-03-19T21-00-12-025389_SEMIQUANT_FROM_BINARY.zip,21,21,0,,169.127197,0.132042,0.677176,203.418396,0.09002,0.682657,202.413605,0.097597,0.704212,187.024796,0.099445,0.679746,203.257599,0.030276,0.714838,82.746399,0.019875,0.47854,0.0,0.0,0.0,0.0,0.0,0.0,0.0,0.0,0.0,0.0,0.0,0.0
BATCH_2_COOL_Normal_2026-03-19T21-00-12-025389,BATCH 2 COOL,train,4000,semiquant,pH:6.0,pH:6.0,,,pH,6.0,BATCH_2_COOL_Normal_2026-03-19T21-00-12-025389_SEMIQUANT_FROM_BINARY.zip,21,21,0,,169.127197,0.132042,0.677176,203.418396,0.09002,0.682657,202.413605,0.097597,0.704212,187.024796,0.099445,0.679746,203.257599,0.030276,0.714838,82.746399,0.019875,0.47854,0.0,0.0,0.0,0.0,0.0,0.0,0.0,0.0,0.0,0.0,0.0,0.0
BATCH_2_COOL_Normal_2026-03-19T21-00-12-025389,BATCH 2 COOL,train,4000,semiquant,Blood:Neg,Blood:Neg,,,Blood,Neg,BATCH_2_COOL_Normal_2026-03-19T21-00-12-025389_SEMIQUANT_FROM_BINARY.zip,21,21,0,,169.127197,0.132042,0.677176,203.418396,0.09002,0.682657,202.413605,0.097597,0.704212,187.024796,0.099445,0.679746,203.257599,0.030276,0.714838,82.746399,0.019875,0.47854,0.0,0.0,0.0,0.0,0.0,0.0,0.0,0.0,0.0,0.0,0.0,0.0
BATCH_2_COOL_Normal_2026-03-19T21-00-12-025389,BATCH 2 COOL,train,4000,semiquant,Specific Gravity:1.015,Specific Gravity:1.015,,,Specific Gravity,1.015,BATCH_2_COOL_Normal_2026-03-19T21-00-12-025389_SEMIQUANT_FROM_BINARY.zip,21,21,0,,169.127197,0.132042,0.677176,203.418396,0.09002,0.682657,202.413605,0.097597,0.704212,187.024796,0.099445,0.679746,203.257599,0.030276,0.714838,82.746399,0.019875,0.47854,0.0,0.0,0.0,0.0,0.0,0.0,0.0,0.0,0.0,0.0,0.0,0.0
BATCH_2_COOL_Normal_2026-03-19T21-00-12-025389,BATCH 2 COOL,train,4000,semiquant,Ketone:Neg,Ketone:Neg,,,Ketone,Neg,BATCH_2_COOL_Normal_2026-03-19T21-00-12-025389_SEMIQUANT_FROM_BINARY.zip,21,21,0,,169.127197,0.132042,0.677176,203.418396,0.09002,0.682657,202.413605,0.097597,0.704212,187.024796,0.099445,0.679746,203.257599,0.030276,0.714838,82.746399,0.019875,0.47854,0.0,0.0,0.0,0.0,0.0,0.0,0.0,0.0,0.0,0.0,0.0,0.0
BATCH_2_COOL_Normal_2026-03-19T21-00-12-025389,BATCH 2 COOL,train,4000,semiquant,Bilirubin:Neg,Bilirubin:Neg,,,Bilirubin,Neg,BATCH_2_COOL_Normal_2026-03-19T21-00-12-025389_SEMIQUANT_FROM_BINARY.zip,21,21,0,,169.127197,0.132042,0.677176,203.418396,0.09002,0.682657,202.413605,0.097597,0.704212,187.024796,0.099445,0.679746,203.257599,0.030276,0.714838,82.746399,0.019875,0.47854,0.0,0.0,0.0,0.0,0.0,0.0,0.0,0.0,0.0,0.0,0.0,0.0
BATCH_2_COOL_Normal_2026-03-19T21-00-12-025389,BATCH 2 COOL,train,4000,semiquant,Glucose:Neg,Glucose:Neg,,,Glucose,Neg,BATCH_2_COOL_Normal_2026-03-19T21-00-12-025389_SEMIQUANT_FROM_BINARY.zip,21,21,0,,169.127197,0.132042,0.677176,203.418396,0.09002,0.682657,202.413605,0.097597,0.704212,187.024796,0.099445,0.679746,203.257599,0.030276,0.714838,82.746399,0.019875,0.47854,0.0,0.0,0.0,0.0,0.0,0.0,0.0,0.0,0.0,0.0,0.0,0.0
BATCH_2_DAYLIGHT_Abnormal_2026-03-19T21-04-13-980303,BATCH 2 DAYLIGHT,train,5500,semiquant,Leukocytes:Trace 15,Leukocytes:Trace 15,,,Leukocytes,Trace 15,BATCH_2_DAYLIGHT_Abnormal_2026-03-19T21-04-13-980303_SEMIQUANT_FROM_BINARY.zip,1,1,0,,54.180801,0.240218,0.618877,60.150398,0.139205,0.619219,31.3424,0.114002,0.702317,40.972801,0.104096,0.670671,30.972799,0.03888,0.690306,54.442402,0.009209,0.687743,18.631201,0.002171,0.132962,0.0,0.0,0.0,0.0,0.0,0.0,0.0,0.0,0.0
BATCH_2_DAYLIGHT_Abnormal_2026-03-19T21-04-13-980303,BATCH 2 DAYLIGHT,train,5500,semiquant,Nitrite:Positive,Nitrite:Positive,,,Nitrite,Positive,BATCH_2_DAYLIGHT_Abnormal_2026-03-19T21-04-13-980303_SEMIQUANT_FROM_BINARY.zip,1,1,0,,54.180801,0.240218,0.618877,60.150398,0.139205,0.619219,31.3424,0.114002,0.702317,40.972801,0.104096,0.670671,30.972799,0.03888,0.690306,54.442402,0.009209,0.687743,18.631201,0.002171,0.132962,0.0,0.0,0.0,0.0,0.0,0.0,0.0,0.0,0.0
BATCH_2_DAYLIGHT_Abnormal_2026-03-19T21-04-13-980303,BATCH 2 DAYLIGHT,train,5500,semiquant,Urobilinogen:16,Urobilinogen:16,,,Urobilinogen,16,BATCH_2_DAYLIGHT_Abnormal_2026-03-19T21-04-13-980303_SEMIQUANT_FROM_BINARY.zip,1,1,0,,54.180801,0.240218,0.618877,60.150398,0.139205,0.619219,31.3424,0.114002,0.702317,40.972801,0.104096,0.670671,30.972799,0.03888,0.690306,54.442402,0.009209,0.687743,18.631201,0.002171,0.132962,0.0,0.0,0.0,0.0,0.0,0.0,0.0,0.0,0.0
BATCH_2_DAYLIGHT_Abnormal_2026-03-19T21-04-13-980303,BATCH 2 DAYLIGHT,train,5500,semiquant,Protein:Trace,Protein:Trace,,,Protein,Trace,BATCH_2_DAYLIGHT_Abnormal_2026-03-19T21-04-13-980303_SEMIQUANT_FROM_BINARY.zip,1,1,0,,54.180801,0.240218,0.618877,60.150398,0.139205,0.619219,31.3424,0.114002,0.702317,40.972801,0.104096,0.670671,30.972799,0.03888,0.690306,54.442402,0.009209,0.687743,18.631201,0.002171,0.132962,0.0,0.0,0.0,0.0,0.0,0.0,0.0,0.0,0.0
BATCH_2_DAYLIGHT_Abnormal_2026-03-19T21-04-13-980303,BATCH 2 DAYLIGHT,train,5500,semiquant,pH:5.0,pH:5.0,,,pH,5.0,BATCH_2_DAYLIGHT_Abnormal_2026-03-19T21-04-13-980303_SEMIQUANT_FROM_BINARY.zip,1,1,0,,54.180801,0.240218,0.618877,60.150398,0.139205,0.619219,31.3424,0.114002,0.702317,40.972801,0.104096,0.670671,30.972799,0.03888,0.690306,54.442402,0.009209,0.687743,18.631201,0.002171,0.132962,0.0,0.0,0.0,0.0,0.0,0.0,0.0,0.0,0.0
BATCH_2_DAYLIGHT_Abnormal_2026-03-19T21-04-13-980303,BATCH 2 DAYLIGHT,train,5500,semiquant,Blood:Non-hemolyzed 10,Blood:Non-hemolyzed 10,,,Blood,Non-hemolyzed 10,BATCH_2_DAYLIGHT_Abnormal_2026-03-19T21-04-13-980303_SEMIQUANT_FROM_BINARY.zip,1,1,0,,54.180801,0.240218,0.618877,60.150398,0.139205,0.619219,31.3424,0.114002,0.702317,40.972801,0.104096,0.670671,30.972799,0.03888,0.690306,54.442402,0.009209,0.687743,18.631201,0.002171,0.132962,0.0,0.0,0.0,0.0,0.0,0.0,0.0,0.0,0.0
BATCH_2_DAYLIGHT_Abnormal_2026-03-19T21-04-13-980303,BATCH 2 DAYLIGHT,train,5500,semiquant,Specific Gravity:1.000,Specific Gravity:1.000,,,Specific Gravity,1.000,BATCH_2_DAYLIGHT_Abnormal_2026-03-19T21-04-13-980303_SEMIQUANT_FROM_BINARY.zip,1,1,0,,54.180801,0.240218,0.618877,60.150398,0.139205,0.619219,31.3424,0.114002,0.702317,40.972801,0.104096,0.670671,30.972799,0.03888,0.690306,54.442402,0.009209,0.687743,18.631201,0.002171,0.132962,0.0,0.0,0.0,0.0,0.0,0.0,0.0,0.0,0.0
BATCH_2_DAYLIGHT_Abnormal_2026-03-19T21-04-13-980303,BATCH 2 DAYLIGHT,train,5500,semiquant,Ketone:Trace 0.5,Ketone:Trace 0.5,,,Ketone,Trace 0.5,BATCH_2_DAYLIGHT_Abnormal_2026-03-19T21-04-13-980303_SEMIQUANT_FROM_BINARY.zip,1,1,0,,54.180801,0.240218,0.618877,60.150398,0.139205,0.619219,31.3424,0.114002,0.702317,40.972801,0.104096,0.670671,30.972799,0.03888,0.690306,54.442402,0.009209,0.687743,18.631201,0.002171,0.132962,0.0,0.0,0.0,0.0,0.0,0.0,0.0,0.0,0.0
BATCH_2_DAYLIGHT_Abnormal_2026-03-19T21-04-13-980303,BATCH 2 DAYLIGHT,train,5500,semiquant,Bilirubin:Small 17,Bilirubin:Small 17,,,Bilirubin,Small 17,BATCH_2_DAYLIGHT_Abnormal_2026-03-19T21-04-13-980303_SEMIQUANT_FROM_BINARY.zip,1,1,0,,54.180801,0.240218,0.618877,60.150398,0.139205,0.619219,31.3424,0.114002,0.702317,40.972801,0.104096,0.670671,30.972799,0.03888,0.690306,54.442402,0.009209,0.687743,18.631201,0.002171,0.132962,0.0,0.0,0.0,0.0,0.0,0.0,0.0,0.0,0.0
BATCH_2_DAYLIGHT_Abnormal_2026-03-19T21-04-13-980303,BATCH 2 DAYLIGHT,train,5500,semiquant,Glucose:Trace 5,Glucose:Trace 5,,,Glucose,Trace 5,BATCH_2_DAYLIGHT_Abnormal_2026-03-19T21-04-13-980303_SEMIQUANT_FROM_BINARY.zip,1,1,0,,54.180801,0.240218,0.618877,60.150398,0.139205,0.619219,31.3424,0.114002,0.702317,40.972801,0.104096,0.670671,30.972799,0.03888,0.690306,54.442402,0.009209,0.687743,18.631201,0.002171,0.132962,0.0,0.0,0.0,0.0,0.0,0.0,0.0,0.0,0.0
BATCH_2_DAYLIGHT_Abnormal_2026-03-19T21-04-13-980303,BATCH 2 DAYLIGHT,train,5500,semiquant,Leukocytes:Small 70,Leukocytes:Small 70,,,Leukocytes,Small 70,BATCH_2_DAYLIGHT_Abnormal_2026-03-19T21-04-13-980303_SEMIQUANT_FROM_BINARY.zip,1,1,0,,54.180801,0.240218,0.618877,60.150398,0.139205,0.619219,31.3424,0.114002,0.702317,40.972801,0.104096,0.670671,30.972799,0.03888,0.690306,54.442402,0.009209,0.687743,18.631201,0.002171,0.132962,0.0,0.0,0.0,0.0,0.0,0.0,0.0,0.0,0.0
BATCH_2_DAYLIGHT_Abnormal_2026-03-19T21-04-13-980303,BATCH 2 DAYLIGHT,train,5500,semiquant,Nitrite:Positive,Nitrite:Positive,,,Nitrite,Positive,BATCH_2_DAYLIGHT_Abnormal_2026-03-19T21-04-13-980303_SEMIQUANT_FROM_BINARY.zip,1,1,0,,54.180801,0.240218,0.618877,60.150398,0.139205,0.619219,31.3424,0.114002,0.702317,40.972801,0.104096,0.670671,30.972799,0.03888,0.690306,54.442402,0.009209,0.687743,18.631201,0.002171,0.132962,0.0,0.0,0.0,0.0,0.0,0.0,0.0,0.0,0.0
BATCH_2_DAYLIGHT_Abnormal_2026-03-19T21-04-13-980303,BATCH 2 DAYLIGHT,train,5500,semiquant,Urobilinogen:32,Urobilinogen:32,,,Urobilinogen,32,BATCH_2_DAYLIGHT_Abnormal_2026-03-19T21-04-13-980303_SEMIQUANT_FROM_BINARY.zip,1,1,0,,54.180801,0.240218,0.618877,60.150398,0.139205,0.619219,31.3424,0.114002,0.702317,40.972801,0.104096,0.670671,30.972799,0.03888,0.690306,54.442402,0.009209,0.687743,18.631201,0.002171,0.132962,0.0,0.0,0.0,0.0,0.0,0.0,0.0,0.0,0.0
BATCH_2_DAYLIGHT_Abnormal_2026-03-19T21-04-13-980303,BATCH 2 DAYLIGHT,train,5500,semiquant,Protein:0.3,Protein:0.3,,,Protein,0.3,BATCH_2_DAYLIGHT_Abnormal_2026-03-19T21-04-13-980303_SEMIQUANT_FROM_BINARY.zip,1,1,0,,54.180801,0.240218,0.618877,60.150398,0.139205,0.619219,31.3424,0.114002,0.702317,40.972801,0.104096,0.670671,30.972799,0.03888,0.690306,54.442402,0.009209,0.687743,18.631201,0.002171,0.132962,0.0,0.0,0.0,0.0,0.0,0.0,0.0,0.0,0.0
BATCH_2_DAYLIGHT_Abnormal_2026-03-19T21-04-13-980303,BATCH 2 DAYLIGHT,train,5500,semiquant,pH:6.5,pH:6.5,,,pH,6.5,BATCH_2_DAYLIGHT_Abnormal_2026-03-19T21-04-13-980303_SEMIQUANT_FROM_BINARY.zip,1,1,0,,54.180801,0.240218,0.618877,60.150398,0.139205,0.619219,31.3424,0.114002,0.702317,40.972801,0.104096,0.670671,30.972799,0.03888,0.690306,54.442402,0.009209,0.687743,18.631201,0.002171,0.132962,0.0,0.0,0.0,0.0,0.0,0.0,0.0,0.0,0.0
BATCH_2_DAYLIGHT_Abnormal_2026-03-19T21-04-13-980303,BATCH 2 DAYLIGHT,train,5500,semiquant,Blood:Hemolyzed 10,Blood:Hemolyzed 10,,,Blood,Hemolyzed 10,BATCH_2_DAYLIGHT_Abnormal_2026-03-19T21-04-13-980303_SEMIQUANT_FROM_BINARY.zip,1,1,0,,54.180801,0.240218,0.618877,60.150398,0.139205,0.619219,31.3424,0.114002,0.702317,40.972801,0.104096,0.670671,30.972799,0.03888,0.690306,54.442402,0.009209,0.687743,18.631201,0.002171,0.132962,0.0,0.0,0.0,0.0,0.0,0.0,0.0,0.0,0.0
BATCH_2_DAYLIGHT_Abnormal_2026-03-19T21-04-13-980303,BATCH 2 DAYLIGHT,train,5500,semiquant,Specific Gravity:1.005,Specific Gravity:1.005,,,Specific Gravity,1.005,BATCH_2_DAYLIGHT_Abnormal_2026-03-19T21-04-13-980303_SEMIQUANT_FROM_BINARY.zip,1,1,0,,54.180801,0.240218,0.618877,60.150398,0.139205,0.619219,31.3424,0.114002,0.702317,40.972801,0.104096,0.670671,30.972799,0.03888,0.690306,54.442402,0.009209,0.687743,18.631201,0.002171,0.132962,0.0,0.0,0.0,0.0,0.0,0.0,0.0,0.0,0.0
BATCH_2_DAYLIGHT_Abnormal_2026-03-19T21-04-13-980303,BATCH 2 DAYLIGHT,train,5500,semiquant,Ketone:Small 1.5,Ketone:Small 1.5,,,Ketone,Small 1.5,BATCH_2_DAYLIGHT_Abnormal_2026-03-19T21-04-13-980303_SEMIQUANT_FROM_BINARY.zip,1,1,0,,54.180801,0.240218,0.618877,60.150398,0.139205,0.619219,31.3424,0.114002,0.702317,40.972801,0.104096,0.670671,30.972799,0.03888,0.690306,54.442402,0.009209,0.687743,18.631201,0.002171,0.132962,0.0,0.0,0.0,0.0,0.0,0.0,0.0,0.0,0.0
BATCH_2_DAYLIGHT_Abnormal_2026-03-19T21-04-13-980303,BATCH 2 DAYLIGHT,train,5500,semiquant,Bilirubin:Moderate 50,Bilirubin:Moderate 50,,,Bilirubin,Moderate 50,BATCH_2_DAYLIGHT_Abnormal_2026-03-19T21-04-13-980303_SEMIQUANT_FROM_BINARY.zip,1,1,0,,54.180801,0.240218,0.618877,60.150398,0.139205,0.619219,31.3424,0.114002,0.702317,40.972801,0.104096,0.670671,30.972799,0.03888,0.690306,54.442402,0.009209,0.687743,18.631201,0.002171,0.132962,0.0,0.0,0.0,0.0,0.0,0.0,0.0,0.0,0.0
BATCH_2_DAYLIGHT_Abnormal_2026-03-19T21-04-13-980303,BATCH 2 DAYLIGHT,train,5500,semiquant,Glucose:15 +,Glucose:15 +,,,Glucose,15 +,BATCH_2_DAYLIGHT_Abnormal_2026-03-19T21-04-13-980303_SEMIQUANT_FROM_BINARY.zip,1,1,0,,54.180801,0.240218,0.618877,60.150398,0.139205,0.619219,31.3424,0.114002,0.702317,40.972801,0.104096,0.670671,30.972799,0.03888,0.690306,54.442402,0.009209,0.687743,18.631201,0.002171,0.132962,0.0,0.0,0.0,0.0,0.0,0.0,0.0,0.0,0.0
BATCH_2_DAYLIGHT_Abnormal_2026-03-19T21-04-13-980303,BATCH 2 DAYLIGHT,train,5500,semiquant,Leukocytes:Moderate 125,Leukocytes:Moderate 125,,,Leukocytes,Moderate 125,BATCH_2_DAYLIGHT_Abnormal_2026-03-19T21-04-13-980303_SEMIQUANT_FROM_BINARY.zip,1,1,0,,193.787994,0.299291,1.0,193.936005,0.299696,1.0,194.277603,0.301352,1.0,194.196793,0.302306,1.0,194.626404,0.302753,1.0,194.167206,0.300936,1.0,194.207199,0.300957,1.0,193.979202,0.300049,1.0,193.972794,0.299882,1.0,191.738403,0.290988,1.0
BATCH_2_DAYLIGHT_Abnormal_2026-03-19T21-04-13-980303,BATCH 2 DAYLIGHT,train,5500,semiquant,Nitrite:Positive,Nitrite:Positive,,,Nitrite,Positive,BATCH_2_DAYLIGHT_Abnormal_2026-03-19T21-04-13-980303_SEMIQUANT_FROM_BINARY.zip,1,1,0,,193.787994,0.299291,1.0,193.936005,0.299696,1.0,194.277603,0.301352,1.0,194.196793,0.302306,1.0,194.626404,0.302753,1.0,194.167206,0.300936,1.0,194.207199,0.300957,1.0,193.979202,0.300049,1.0,193.972794,0.299882,1.0,191.738403,0.290988,1.0
BATCH_2_DAYLIGHT_Abnormal_2026-03-19T21-04-13-980303,BATCH 2 DAYLIGHT,train,5500,semiquant,Urobilinogen:64,Urobilinogen:64,,,Urobilinogen,64,BATCH_2_DAYLIGHT_Abnormal_2026-03-19T21-04-13-980303_SEMIQUANT_FROM_BINARY.zip,1,1,0,,193.787994,0.299291,1.0,193.936005,0.299696,1.0,194.277603,0.301352,1.0,194.196793,0.302306,1.0,194.626404,0.302753,1.0,194.167206,0.300936,1.0,194.207199,0.300957,1.0,193.979202,0.300049,1.0,193.972794,0.299882,1.0,191.738403,0.290988,1.0
BATCH_2_DAYLIGHT_Abnormal_2026-03-19T21-04-13-980303,BATCH 2 DAYLIGHT,train,5500,semiquant,Protein:1.0,Protein:1.0,,,Protein,1.0,BATCH_2_DAYLIGHT_Abnormal_2026-03-19T21-04-13-980303_SEMIQUANT_FROM_BINARY.zip,1,1,0,,193.787994,0.299291,1.0,193.936005,0.299696,1.0,194.277603,0.301352,1.0,194.196793,0.302306,1.0,194.626404,0.302753,1.0,194.167206,0.300936,1.0,194.207199,0.300957,1.0,193.979202,0.300049,1.0,193.972794,0.299882,1.0,191.738403,0.290988,1.0
BATCH_2_DAYLIGHT_Abnormal_2026-03-19T21-04-13-980303,BATCH 2 DAYLIGHT,train,5500,semiquant,pH:7.0,pH:7.0,,,pH,7.0,BATCH_2_DAYLIGHT_Abnormal_2026-03-19T21-04-13-980303_SEMIQUANT_FROM_BINARY.zip,1,1,0,,193.787994,0.299291,1.0,193.936005,0.299696,1.0,194.277603,0.301352,1.0,194.196793,0.302306,1.0,194.626404,0.302753,1.0,194.167206,0.300936,1.0,194.207199,0.300957,1.0,193.979202,0.300049,1.0,193.972794,0.299882,1.0,191.738403,0.290988,1.0
BATCH_2_DAYLIGHT_Abnormal_2026-03-19T21-04-13-980303,BATCH 2 DAYLIGHT,train,5500,semiquant,Blood:Small 25,Blood:Small 25,,,Blood,Small 25,BATCH_2_DAYLIGHT_Abnormal_2026-03-19T21-04-13-980303_SEMIQUANT_FROM_BINARY.zip,1,1,0,,193.787994,0.299291,1.0,193.936005,0.299696,1.0,194.277603,0.301352,1.0,194.196793,0.302306,1.0,194.626404,0.302753,1.0,194.167206,0.300936,1.0,194.207199,0.300957,1.0,193.979202,0.300049,1.0,193.972794,0.299882,1.0,191.738403,0.290988,1.0
BATCH_2_DAYLIGHT_Abnormal_2026-03-19T21-04-13-980303,BATCH 2 DAYLIGHT,train,5500,semiquant,Specific Gravity:1.010,Specific Gravity:1.010,,,Specific Gravity,1.010,BATCH_2_DAYLIGHT_Abnormal_2026-03-19T21-04-13-980303_SEMIQUANT_FROM_BINARY.zip,1,1,0,,193.787994,0.299291,1.0,193.936005,0.299696,1.0,194.277603,0.301352,1.0,194.196793,0.302306,1.0,194.626404,0.302753,1.0,194.167206,0.300936,1.0,194.207199,0.300957,1.0,193.979202,0.300049,1.0,193.972794,0.299882,1.0,191.738403,0.290988,1.0
BATCH_2_DAYLIGHT_Abnormal_2026-03-19T21-04-13-980303,BATCH 2 DAYLIGHT,train,5500,semiquant,Ketone:Moderate 4.0,Ketone:Moderate 4.0,,,Ketone,Moderate 4.0,BATCH_2_DAYLIGHT_Abnormal_2026-03-19T21-04-13-980303_SEMIQUANT_FROM_BINARY.zip,1,1,0,,193.787994,0.299291,1.0,193.936005,0.299696,1.0,194.277603,0.301352,1.0,194.196793,0.302306,1.0,194.626404,0.302753,1.0,194.167206,0.300936,1.0,194.207199,0.300957,1.0,193.979202,0.300049,1.0,193.972794,0.299882,1.0,191.738403,0.290988,1.0
BATCH_2_DAYLIGHT_Abnormal_2026-03-19T21-04-13-980303,BATCH 2 DAYLIGHT,train,5500,semiquant,Bilirubin:Large 100,Bilirubin:Large 100,,,Bilirubin,Large 100,BATCH_2_DAYLIGHT_Abnormal_2026-03-19T21-04-13-980303_SEMIQUANT_FROM_BINARY.zip,1,1,0,,193.787994,0.299291,1.0,193.936005,0.299696,1.0,194.277603,0.301352,1.0,194.196793,0.302306,1.0,194.626404,0.302753,1.0,194.167206,0.300936,1.0,194.207199,0.300957,1.0,193.979202,0.300049,1.0,193.972794,0.299882,1.0,191.738403,0.290988,1.0
BATCH_2_DAYLIGHT_Abnormal_2026-03-19T21-04-13-980303,BATCH 2 DAYLIGHT,train,5500,semiquant,Glucose:30 ++,Glucose:30 ++,,,Glucose,30 ++,BATCH_2_DAYLIGHT_Abnormal_2026-03-19T21-04-13-980303_SEMIQUANT_FROM_BINARY.zip,1,1,0,,193.787994,0.299291,1.0,193.936005,0.299696,1.0,194.277603,0.301352,1.0,194.196793,0.302306,1.0,194.626404,0.302753,1.0,194.167206,0.300936,1.0,194.207199,0.300957,1.0,193.979202,0.300049,1.0,193.972794,0.299882,1.0,191.738403,0.290988,1.0
BATCH_2_DAYLIGHT_Abnormal_2026-03-19T21-04-13-980303,BATCH 2 DAYLIGHT,train,5500,semiquant,Leukocytes:Large 500,Leukocytes:Large 500,,,Leukocytes,Large 500,BATCH_2_DAYLIGHT_Abnormal_2026-03-19T21-04-13-980303_SEMIQUANT_FROM_BINARY.zip,1,1,0,,42.1856,0.233076,0.619156,44.4776,0.136373,0.619912,22.5016,0.110147,0.701533,35.568001,0.101771,0.668682,37.6544,0.040478,0.689785,115.0112,0.008373,0.693399,48.116001,0.002955,0.235669,0.0,0.0,0.0,0.0,0.0,0.0,0.0,0.0,0.0
BATCH_2_DAYLIGHT_Abnormal_2026-03-19T21-04-13-980303,BATCH 2 DAYLIGHT,train,5500,semiquant,Nitrite:Positive,Nitrite:Positive,,,Nitrite,Positive,BATCH_2_DAYLIGHT_Abnormal_2026-03-19T21-04-13-980303_SEMIQUANT_FROM_BINARY.zip,1,1,0,,42.1856,0.233076,0.619156,44.4776,0.136373,0.619912,22.5016,0.110147,0.701533,35.568001,0.101771,0.668682,37.6544,0.040478,0.689785,115.0112,0.008373,0.693399,48.116001,0.002955,0.235669,0.0,0.0,0.0,0.0,0.0,0.0,0.0,0.0,0.0
BATCH_2_DAYLIGHT_Abnormal_2026-03-19T21-04-13-980303,BATCH 2 DAYLIGHT,train,5500,semiquant,Urobilinogen:128,Urobilinogen:128,,,Urobilinogen,128,BATCH_2_DAYLIGHT_Abnormal_2026-03-19T21-04-13-980303_SEMIQUANT_FROM_BINARY.zip,1,1,0,,42.1856,0.233076,0.619156,44.4776,0.136373,0.619912,22.5016,0.110147,0.701533,35.568001,0.101771,0.668682,37.6544,0.040478,0.689785,115.0112,0.008373,0.693399,48.116001,0.002955,0.235669,0.0,0.0,0.0,0.0,0.0,0.0,0.0,0.0,0.0
BATCH_2_DAYLIGHT_Abnormal_2026-03-19T21-04-13-980303,BATCH 2 DAYLIGHT,train,5500,semiquant,Protein:3.0,Protein:3.0,,,Protein,3.0,BATCH_2_DAYLIGHT_Abnormal_2026-03-19T21-04-13-980303_SEMIQUANT_FROM_BINARY.zip,1,1,0,,42.1856,0.233076,0.619156,44.4776,0.136373,0.619912,22.5016,0.110147,0.701533,35.568001,0.101771,0.668682,37.6544,0.040478,0.689785,115.0112,0.008373,0.693399,48.116001,0.002955,0.235669,0.0,0.0,0.0,0.0,0.0,0.0,0.0,0.0,0.0
BATCH_2_DAYLIGHT_Abnormal_2026-03-19T21-04-13-980303,BATCH 2 DAYLIGHT,train,5500,semiquant,pH:7.5,pH:7.5,,,pH,7.5,BATCH_2_DAYLIGHT_Abnormal_2026-03-19T21-04-13-980303_SEMIQUANT_FROM_BINARY.zip,1,1,0,,42.1856,0.233076,0.619156,44.4776,0.136373,0.619912,22.5016,0.110147,0.701533,35.568001,0.101771,0.668682,37.6544,0.040478,0.689785,115.0112,0.008373,0.693399,48.116001,0.002955,0.235669,0.0,0.0,0.0,0.0,0.0,0.0,0.0,0.0,0.0
BATCH_2_DAYLIGHT_Abnormal_2026-03-19T21-04-13-980303,BATCH 2 DAYLIGHT,train,5500,semiquant,Blood:Moderate 80,Blood:Moderate 80,,,Blood,Moderate 80,BATCH_2_DAYLIGHT_Abnormal_2026-03-19T21-04-13-980303_SEMIQUANT_FROM_BINARY.zip,1,1,0,,42.1856,0.233076,0.619156,44.4776,0.136373,0.619912,22.5016,0.110147,0.701533,35.568001,0.101771,0.668682,37.6544,0.040478,0.689785,115.0112,0.008373,0.693399,48.116001,0.002955,0.235669,0.0,0.0,0.0,0.0,0.0,0.0,0.0,0.0,0.0
BATCH_2_DAYLIGHT_Abnormal_2026-03-19T21-04-13-980303,BATCH 2 DAYLIGHT,train,5500,semiquant,Specific Gravity:1.020,Specific Gravity:1.020,,,Specific Gravity,1.020,BATCH_2_DAYLIGHT_Abnormal_2026-03-19T21-04-13-980303_SEMIQUANT_FROM_BINARY.zip,1,1,0,,42.1856,0.233076,0.619156,44.4776,0.136373,0.619912,22.5016,0.110147,0.701533,35.568001,0.101771,0.668682,37.6544,0.040478,0.689785,115.0112,0.008373,0.693399,48.116001,0.002955,0.235669,0.0,0.0,0.0,0.0,0.0,0.0,0.0,0.0,0.0
BATCH_2_DAYLIGHT_Abnormal_2026-03-19T21-04-13-980303,BATCH 2 DAYLIGHT,train,5500,semiquant,Ketone:8.0,Ketone:8.0,,,Ketone,8.0,BATCH_2_DAYLIGHT_Abnormal_2026-03-19T21-04-13-980303_SEMIQUANT_FROM_BINARY.zip,1,1,0,,42.1856,0.233076,0.619156,44.4776,0.136373,0.619912,22.5016,0.110147,0.701533,35.568001,0.101771,0.668682,37.6544,0.040478,0.689785,115.0112,0.008373,0.693399,48.116001,0.002955,0.235669,0.0,0.0,0.0,0.0,0.0,0.0,0.0,0.0,0.0
BATCH_2_DAYLIGHT_Abnormal_2026-03-19T21-04-13-980303,BATCH 2 DAYLIGHT,train,5500,semiquant,Bilirubin:Small 17,Bilirubin:Small 17,,,Bilirubin,Small 17,BATCH_2_DAYLIGHT_Abnormal_2026-03-19T21-04-13-980303_SEMIQUANT_FROM_BINARY.zip,1,1,0,,42.1856,0.233076,0.619156,44.4776,0.136373,0.619912,22.5016,0.110147,0.701533,35.568001,0.101771,0.668682,37.6544,0.040478,0.689785,115.0112,0.008373,0.693399,48.116001,0.002955,0.235669,0.0,0.0,0.0,0.0,0.0,0.0,0.0,0.0,0.0
BATCH_2_DAYLIGHT_Abnormal_2026-03-19T21-04-13-980303,BATCH 2 DAYLIGHT,train,5500,semiquant,Glucose:60 +++,Glucose:60 +++,,,Glucose,60 +++,BATCH_2_DAYLIGHT_Abnormal_2026-03-19T21-04-13-980303_SEMIQUANT_FROM_BINARY.zip,1,1,0,,42.1856,0.233076,0.619156,44.4776,0.136373,0.619912,22.5016,0.110147,0.701533,35.568001,0.101771,0.668682,37.6544,0.040478,0.689785,115.0112,0.008373,0.693399,48.116001,0.002955,0.235669,0.0,0.0,0.0,0.0,0.0,0.0,0.0,0.0,0.0
BATCH_2_DAYLIGHT_Abnormal_2026-03-19T21-04-13-980303,BATCH 2 DAYLIGHT,train,5500,semiquant,Leukocytes:Trace 15,Leukocytes:Trace 15,,,Leukocytes,Trace 15,BATCH_2_DAYLIGHT_Abnormal_2026-03-19T21-04-13-980303_SEMIQUANT_FROM_BINARY.zip,1,1,0,,53.056801,0.235231,0.618571,50.318401,0.137415,0.621384,25.1192,0.112094,0.703023,42.613602,0.104094,0.667809,31.4872,0.04019,0.689987,94.3536,0.007357,0.6919,44.540798,0.003057,0.224918,0.0,0.0,0.0,0.0,0.0,0.0,0.0,0.0,0.0
BATCH_2_DAYLIGHT_Abnormal_2026-03-19T21-04-13-980303,BATCH 2 DAYLIGHT,train,5500,semiquant,Nitrite:Positive,Nitrite:Positive,,,Nitrite,Positive,BATCH_2_DAYLIGHT_Abnormal_2026-03-19T21-04-13-980303_SEMIQUANT_FROM_BINARY.zip,1,1,0,,53.056801,0.235231,0.618571,50.318401,0.137415,0.621384,25.1192,0.112094,0.703023,42.613602,0.104094,0.667809,31.4872,0.04019,0.689987,94.3536,0.007357,0.6919,44.540798,0.003057,0.224918,0.0,0.0,0.0,0.0,0.0,0.0,0.0,0.0,0.0
BATCH_2_DAYLIGHT_Abnormal_2026-03-19T21-04-13-980303,BATCH 2 DAYLIGHT,train,5500,semiquant,Urobilinogen:16,Urobilinogen:16,,,Urobilinogen,16,BATCH_2_DAYLIGHT_Abnormal_2026-03-19T21-04-13-980303_SEMIQUANT_FROM_BINARY.zip,1,1,0,,53.056801,0.235231,0.618571,50.318401,0.137415,0.621384,25.1192,0.112094,0.703023,42.613602,0.104094,0.667809,31.4872,0.04019,0.689987,94.3536,0.007357,0.6919,44.540798,0.003057,0.224918,0.0,0.0,0.0,0.0,0.0,0.0,0.0,0.0,0.0
BATCH_2_DAYLIGHT_Abnormal_2026-03-19T21-04-13-980303,BATCH 2 DAYLIGHT,train,5500,semiquant,Protein:>=20.0,Protein:>=20.0,,,Protein,>=20.0,BATCH_2_DAYLIGHT_Abnormal_2026-03-19T21-04-13-980303_SEMIQUANT_FROM_BINARY.zip,1,1,0,,53.056801,0.235231,0.618571,50.318401,0.137415,0.621384,25.1192,0.112094,0.703023,42.613602,0.104094,0.667809,31.4872,0.04019,0.689987,94.3536,0.007357,0.6919,44.540798,0.003057,0.224918,0.0,0.0,0.0,0.0,0.0,0.0,0.0,0.0,0.0
BATCH_2_DAYLIGHT_Abnormal_2026-03-19T21-04-13-980303,BATCH 2 DAYLIGHT,train,5500,semiquant,pH:8.0,pH:8.0,,,pH,8.0,BATCH_2_DAYLIGHT_Abnormal_2026-03-19T21-04-13-980303_SEMIQUANT_FROM_BINARY.zip,1,1,0,,53.056801,0.235231,0.618571,50.318401,0.137415,0.621384,25.1192,0.112094,0.703023,42.613602,0.104094,0.667809,31.4872,0.04019,0.689987,94.3536,0.007357,0.6919,44.540798,0.003057,0.224918,0.0,0.0,0.0,0.0,0.0,0.0,0.0,0.0,0.0
BATCH_2_DAYLIGHT_Abnormal_2026-03-19T21-04-13-980303,BATCH 2 DAYLIGHT,train,5500,semiquant,Blood:Large 200,Blood:Large 200,,,Blood,Large 200,BATCH_2_DAYLIGHT_Abnormal_2026-03-19T21-04-13-980303_SEMIQUANT_FROM_BINARY.zip,1,1,0,,53.056801,0.235231,0.618571,50.318401,0.137415,0.621384,25.1192,0.112094,0.703023,42.613602,0.104094,0.667809,31.4872,0.04019,0.689987,94.3536,0.007357,0.6919,44.540798,0.003057,0.224918,0.0,0.0,0.0,0.0,0.0,0.0,0.0,0.0,0.0
BATCH_2_DAYLIGHT_Abnormal_2026-03-19T21-04-13-980303,BATCH 2 DAYLIGHT,train,5500,semiquant,Specific Gravity:1.025,Specific Gravity:1.025,,,Specific Gravity,1.025,BATCH_2_DAYLIGHT_Abnormal_2026-03-19T21-04-13-980303_SEMIQUANT_FROM_BINARY.zip,1,1,0,,53.056801,0.235231,0.618571,50.318401,0.137415,0.621384,25.1192,0.112094,0.703023,42.613602,0.104094,0.667809,31.4872,0.04019,0.689987,94.3536,0.007357,0.6919,44.540798,0.003057,0.224918,0.0,0.0,0.0,0.0,0.0,0.0,0.0,0.0,0.0
BATCH_2_DAYLIGHT_Abnormal_2026-03-19T21-04-13-980303,BATCH 2 DAYLIGHT,train,5500,semiquant,Ketone:Large 16,Ketone:Large 16,,,Ketone,Large 16,BATCH_2_DAYLIGHT_Abnormal_2026-03-19T21-04-13-980303_SEMIQUANT_FROM_BINARY.zip,1,1,0,,53.056801,0.235231,0.618571,50.318401,0.137415,0.621384,25.1192,0.112094,0.703023,42.613602,0.104094,0.667809,31.4872,0.04019,0.689987,94.3536,0.007357,0.6919,44.540798,0.003057,0.224918,0.0,0.0,0.0,0.0,0.0,0.0,0.0,0.0,0.0
BATCH_2_DAYLIGHT_Abnormal_2026-03-19T21-04-13-980303,BATCH 2 DAYLIGHT,train,5500,semiquant,Bilirubin:Moderate 50,Bilirubin:Moderate 50,,,Bilirubin,Moderate 50,BATCH_2_DAYLIGHT_Abnormal_2026-03-19T21-04-13-980303_SEMIQUANT_FROM_BINARY.zip,1,1,0,,53.056801,0.235231,0.618571,50.318401,0.137415,0.621384,25.1192,0.112094,0.703023,42.613602,0.104094,0.667809,31.4872,0.04019,0.689987,94.3536,0.007357,0.6919,44.540798,0.003057,0.224918,0.0,0.0,0.0,0.0,0.0,0.0,0.0,0.0,0.0
BATCH_2_DAYLIGHT_Abnormal_2026-03-19T21-04-13-980303,BATCH 2 DAYLIGHT,train,5500,semiquant,Glucose:110 ++++,Glucose:110 ++++,,,Glucose,110 ++++,BATCH_2_DAYLIGHT_Abnormal_2026-03-19T21-04-13-980303_SEMIQUANT_FROM_BINARY.zip,1,1,0,,53.056801,0.235231,0.618571,50.318401,0.137415,0.621384,25.1192,0.112094,0.703023,42.613602,0.104094,0.667809,31.4872,0.04019,0.689987,94.3536,0.007357,0.6919,44.540798,0.003057,0.224918,0.0,0.0,0.0,0.0,0.0,0.0,0.0,0.0,0.0
BATCH_2_DAYLIGHT_Abnormal_2026-03-19T21-04-13-980303,BATCH 2 DAYLIGHT,train,5500,semiquant,Leukocytes:Small 70,Leukocytes:Small 70,,,Leukocytes,Small 70,BATCH_2_DAYLIGHT_Abnormal_2026-03-19T21-04-13-980303_SEMIQUANT_FROM_BINARY.zip,1,1,0,,41.703201,0.241504,0.614034,39.765598,0.137304,0.618301,26.681601,0.114822,0.700526,49.4576,0.108143,0.663876,18.448,0.039624,0.688971,34.4352,0.004861,0.692456,33.448002,0.002794,0.226298,0.0,0.0,0.0,0.0,0.0,0.0,0.0,0.0,0.0
BATCH_2_DAYLIGHT_Abnormal_2026-03-19T21-04-13-980303,BATCH 2 DAYLIGHT,train,5500,semiquant,Nitrite:Positive,Nitrite:Positive,,,Nitrite,Positive,BATCH_2_DAYLIGHT_Abnormal_2026-03-19T21-04-13-980303_SEMIQUANT_FROM_BINARY.zip,1,1,0,,41.703201,0.241504,0.614034,39.765598,0.137304,0.618301,26.681601,0.114822,0.700526,49.4576,0.108143,0.663876,18.448,0.039624,0.688971,34.4352,0.004861,0.692456,33.448002,0.002794,0.226298,0.0,0.0,0.0,0.0,0.0,0.0,0.0,0.0,0.0
BATCH_2_DAYLIGHT_Abnormal_2026-03-19T21-04-13-980303,BATCH 2 DAYLIGHT,train,5500,semiquant,Urobilinogen:32,Urobilinogen:32,,,Urobilinogen,32,BATCH_2_DAYLIGHT_Abnormal_2026-03-19T21-04-13-980303_SEMIQUANT_FROM_BINARY.zip,1,1,0,,41.703201,0.241504,0.614034,39.765598,0.137304,0.618301,26.681601,0.114822,0.700526,49.4576,0.108143,0.663876,18.448,0.039624,0.688971,34.4352,0.004861,0.692456,33.448002,0.002794,0.226298,0.0,0.0,0.0,0.0,0.0,0.0,0.0,0.0,0.0
BATCH_2_DAYLIGHT_Abnormal_2026-03-19T21-04-13-980303,BATCH 2 DAYLIGHT,train,5500,semiquant,Protein:Trace,Protein:Trace,,,Protein,Trace,BATCH_2_DAYLIGHT_Abnormal_2026-03-19T21-04-13-980303_SEMIQUANT_FROM_BINARY.zip,1,1,0,,41.703201,0.241504,0.614034,39.765598,0.137304,0.618301,26.681601,0.114822,0.700526,49.4576,0.108143,0.663876,18.448,0.039624,0.688971,34.4352,0.004861,0.692456,33.448002,0.002794,0.226298,0.0,0.0,0.0,0.0,0.0,0.0,0.0,0.0,0.0
BATCH_2_DAYLIGHT_Abnormal_2026-03-19T21-04-13-980303,BATCH 2 DAYLIGHT,train,5500,semiquant,pH:8.5,pH:8.5,,,pH,8.5,BATCH_2_DAYLIGHT_Abnormal_2026-03-19T21-04-13-980303_SEMIQUANT_FROM_BINARY.zip,1,1,0,,41.703201,0.241504,0.614034,39.765598,0.137304,0.618301,26.681601,0.114822,0.700526,49.4576,0.108143,0.663876,18.448,0.039624,0.688971,34.4352,0.004861,0.692456,33.448002,0.002794,0.226298,0.0,0.0,0.0,0.0,0.0,0.0,0.0,0.0,0.0
BATCH_2_DAYLIGHT_Abnormal_2026-03-19T21-04-13-980303,BATCH 2 DAYLIGHT,train,5500,semiquant,Blood:Non-hemolyzed 10,Blood:Non-hemolyzed 10,,,Blood,Non-hemolyzed 10,BATCH_2_DAYLIGHT_Abnormal_2026-03-19T21-04-13-980303_SEMIQUANT_FROM_BINARY.zip,1,1,0,,41.703201,0.241504,0.614034,39.765598,0.137304,0.618301,26.681601,0.114822,0.700526,49.4576,0.108143,0.663876,18.448,0.039624,0.688971,34.4352,0.004861,0.692456,33.448002,0.002794,0.226298,0.0,0.0,0.0,0.0,0.0,0.0,0.0,0.0,0.0
BATCH_2_DAYLIGHT_Abnormal_2026-03-19T21-04-13-980303,BATCH 2 DAYLIGHT,train,5500,semiquant,Specific Gravity:1.030,Specific Gravity:1.030,,,Specific Gravity,1.030,BATCH_2_DAYLIGHT_Abnormal_2026-03-19T21-04-13-980303_SEMIQUANT_FROM_BINARY.zip,1,1,0,,41.703201,0.241504,0.614034,39.765598,0.137304,0.618301,26.681601,0.114822,0.700526,49.4576,0.108143,0.663876,18.448,0.039624,0.688971,34.4352,0.004861,0.692456,33.448002,0.002794,0.226298,0.0,0.0,0.0,0.0,0.0,0.0,0.0,0.0,0.0
BATCH_2_DAYLIGHT_Abnormal_2026-03-19T21-04-13-980303,BATCH 2 DAYLIGHT,train,5500,semiquant,Ketone:Trace 0.5,Ketone:Trace 0.5,,,Ketone,Trace 0.5,BATCH_2_DAYLIGHT_Abnormal_2026-03-19T21-04-13-980303_SEMIQUANT_FROM_BINARY.zip,1,1,0,,41.703201,0.241504,0.614034,39.765598,0.137304,0.618301,26.681601,0.114822,0.700526,49.4576,0.108143,0.663876,18.448,0.039624,0.688971,34.4352,0.004861,0.692456,33.448002,0.002794,0.226298,0.0,0.0,0.0,0.0,0.0,0.0,0.0,0.0,0.0
BATCH_2_DAYLIGHT_Abnormal_2026-03-19T21-04-13-980303,BATCH 2 DAYLIGHT,train,5500,semiquant,Bilirubin:Large 100,Bilirubin:Large 100,,,Bilirubin,Large 100,BATCH_2_DAYLIGHT_Abnormal_2026-03-19T21-04-13-980303_SEMIQUANT_FROM_BINARY.zip,1,1,0,,41.703201,0.241504,0.614034,39.765598,0.137304,0.618301,26.681601,0.114822,0.700526,49.4576,0.108143,0.663876,18.448,0.039624,0.688971,34.4352,0.004861,0.692456,33.448002,0.002794,0.226298,0.0,0.0,0.0,0.0,0.0,0.0,0.0,0.0,0.0
BATCH_2_DAYLIGHT_Abnormal_2026-03-19T21-04-13-980303,BATCH 2 DAYLIGHT,train,5500,semiquant,Glucose:Trace 5,Glucose:Trace 5,,,Glucose,Trace 5,BATCH_2_DAYLIGHT_Abnormal_2026-03-19T21-04-13-980303_SEMIQUANT_FROM_BINARY.zip,1,1,0,,41.703201,0.241504,0.614034,39.765598,0.137304,0.618301,26.681601,0.114822,0.700526,49.4576,0.108143,0.663876,18.448,0.039624,0.688971,34.4352,0.004861,0.692456,33.448002,0.002794,0.226298,0.0,0.0,0.0,0.0,0.0,0.0,0.0,0.0,0.0
BATCH_2_DAYLIGHT_Abnormal_2026-03-19T21-04-13-980303,BATCH 2 DAYLIGHT,train,5500,semiquant,Leukocytes:Moderate 125,Leukocytes:Moderate 125,,,Leukocytes,Moderate 125,BATCH_2_DAYLIGHT_Abnormal_2026-03-19T21-04-13-980303_SEMIQUANT_FROM_BINARY.zip,1,1,0,,43.365601,0.235685,0.620973,37.984001,0.133892,0.618304,28.519199,0.106519,0.699484,30.392,0.097749,0.669917,16.660801,0.033547,0.693374,7.1296,0.002729,0.688036,1.728,0.000731,0.19693,0.0,0.0,0.0,0.0,0.0,0.0,0.0,0.0,0.0
BATCH_2_DAYLIGHT_Abnormal_2026-03-19T21-04-13-980303,BATCH 2 DAYLIGHT,train,5500,semiquant,Nitrite:Positive,Nitrite:Positive,,,Nitrite,Positive,BATCH_2_DAYLIGHT_Abnormal_2026-03-19T21-04-13-980303_SEMIQUANT_FROM_BINARY.zip,1,1,0,,43.365601,0.235685,0.620973,37.984001,0.133892,0.618304,28.519199,0.106519,0.699484,30.392,0.097749,0.669917,16.660801,0.033547,0.693374,7.1296,0.002729,0.688036,1.728,0.000731,0.19693,0.0,0.0,0.0,0.0,0.0,0.0,0.0,0.0,0.0
BATCH_2_DAYLIGHT_Abnormal_2026-03-19T21-04-13-980303,BATCH 2 DAYLIGHT,train,5500,semiquant,Urobilinogen:64,Urobilinogen:64,,,Urobilinogen,64,BATCH_2_DAYLIGHT_Abnormal_2026-03-19T21-04-13-980303_SEMIQUANT_FROM_BINARY.zip,1,1,0,,43.365601,0.235685,0.620973,37.984001,0.133892,0.618304,28.519199,0.106519,0.699484,30.392,0.097749,0.669917,16.660801,0.033547,0.693374,7.1296,0.002729,0.688036,1.728,0.000731,0.19693,0.0,0.0,0.0,0.0,0.0,0.0,0.0,0.0,0.0
BATCH_2_DAYLIGHT_Abnormal_2026-03-19T21-04-13-980303,BATCH 2 DAYLIGHT,train,5500,semiquant,Protein:0.3,Protein:0.3,,,Protein,0.3,BATCH_2_DAYLIGHT_Abnormal_2026-03-19T21-04-13-980303_SEMIQUANT_FROM_BINARY.zip,1,1,0,,43.365601,0.235685,0.620973,37.984001,0.133892,0.618304,28.519199,0.106519,0.699484,30.392,0.097749,0.669917,16.660801,0.033547,0.693374,7.1296,0.002729,0.688036,1.728,0.000731,0.19693,0.0,0.0,0.0,0.0,0.0,0.0,0.0,0.0,0.0
BATCH_2_DAYLIGHT_Abnormal_2026-03-19T21-04-13-980303,BATCH 2 DAYLIGHT,train,5500,semiquant,pH:5.0,pH:5.0,,,pH,5.0,BATCH_2_DAYLIGHT_Abnormal_2026-03-19T21-04-13-980303_SEMIQUANT_FROM_BINARY.zip,1,1,0,,43.365601,0.235685,0.620973,37.984001,0.133892,0.618304,28.519199,0.106519,0.699484,30.392,0.097749,0.669917,16.660801,0.033547,0.693374,7.1296,0.002729,0.688036,1.728,0.000731,0.19693,0.0,0.0,0.0,0.0,0.0,0.0,0.0,0.0,0.0
BATCH_2_DAYLIGHT_Abnormal_2026-03-19T21-04-13-980303,BATCH 2 DAYLIGHT,train,5500,semiquant,Blood:Hemolyzed 10,Blood:Hemolyzed 10,,,Blood,Hemolyzed 10,BATCH_2_DAYLIGHT_Abnormal_2026-03-19T21-04-13-980303_SEMIQUANT_FROM_BINARY.zip,1,1,0,,43.365601,0.235685,0.620973,37.984001,0.133892,0.618304,28.519199,0.106519,0.699484,30.392,0.097749,0.669917,16.660801,0.033547,0.693374,7.1296,0.002729,0.688036,1.728,0.000731,0.19693,0.0,0.0,0.0,0.0,0.0,0.0,0.0,0.0,0.0
BATCH_2_DAYLIGHT_Abnormal_2026-03-19T21-04-13-980303,BATCH 2 DAYLIGHT,train,5500,semiquant,Specific Gravity:1.000,Specific Gravity:1.000,,,Specific Gravity,1.000,BATCH_2_DAYLIGHT_Abnormal_2026-03-19T21-04-13-980303_SEMIQUANT_FROM_BINARY.zip,1,1,0,,43.365601,0.235685,0.620973,37.984001,0.133892,0.618304,28.519199,0.106519,0.699484,30.392,0.097749,0.669917,16.660801,0.033547,0.693374,7.1296,0.002729,0.688036,1.728,0.000731,0.19693,0.0,0.0,0.0,0.0,0.0,0.0,0.0,0.0,0.0
BATCH_2_DAYLIGHT_Abnormal_2026-03-19T21-04-13-980303,BATCH 2 DAYLIGHT,train,5500,semiquant,Ketone:Small 1.5,Ketone:Small 1.5,,,Ketone,Small 1.5,BATCH_2_DAYLIGHT_Abnormal_2026-03-19T21-04-13-980303_SEMIQUANT_FROM_BINARY.zip,1,1,0,,43.365601,0.235685,0.620973,37.984001,0.133892,0.618304,28.519199,0.106519,0.699484,30.392,0.097749,0.669917,16.660801,0.033547,0.693374,7.1296,0.002729,0.688036,1.728,0.000731,0.19693,0.0,0.0,0.0,0.0,0.0,0.0,0.0,0.0,0.0
BATCH_2_DAYLIGHT_Abnormal_2026-03-19T21-04-13-980303,BATCH 2 DAYLIGHT,train,5500,semiquant,Bilirubin:Small 17,Bilirubin:Small 17,,,Bilirubin,Small 17,BATCH_2_DAYLIGHT_Abnormal_2026-03-19T21-04-13-980303_SEMIQUANT_FROM_BINARY.zip,1,1,0,,43.365601,0.235685,0.620973,37.984001,0.133892,0.618304,28.519199,0.106519,0.699484,30.392,0.097749,0.669917,16.660801,0.033547,0.693374,7.1296,0.002729,0.688036,1.728,0.000731,0.19693,0.0,0.0,0.0,0.0,0.0,0.0,0.0,0.0,0.0
BATCH_2_DAYLIGHT_Abnormal_2026-03-19T21-04-13-980303,BATCH 2 DAYLIGHT,train,5500,semiquant,Glucose:15 +,Glucose:15 +,,,Glucose,15 +,BATCH_2_DAYLIGHT_Abnormal_2026-03-19T21-04-13-980303_SEMIQUANT_FROM_BINARY.zip,1,1,0,,43.365601,0.235685,0.620973,37.984001,0.133892,0.618304,28.519199,0.106519,0.699484,30.392,0.097749,0.669917,16.660801,0.033547,0.693374,7.1296,0.002729,0.688036,1.728,0.000731,0.19693,0.0,0.0,0.0,0.0,0.0,0.0,0.0,0.0,0.0
BATCH_2_DAYLIGHT_Abnormal_2026-03-19T21-04-13-980303,BATCH 2 DAYLIGHT,train,5500,semiquant,Leukocytes:Large 500,Leukocytes:Large 500,,,Leukocytes,Large 500,BATCH_2_DAYLIGHT_Abnormal_2026-03-19T21-04-13-980303_SEMIQUANT_FROM_BINARY.zip,1,1,0,,39.223202,0.244121,0.61584,36.740002,0.141313,0.621427,24.028799,0.118602,0.702965,30.170401,0.110083,0.666345,16.197599,0.045896,0.691958,7.8088,0.008471,0.693247,0.7576,0.001396,0.17528,0.0,0.0,0.0,0.0,0.0,0.0,0.0,0.0,0.0
BATCH_2_DAYLIGHT_Abnormal_2026-03-19T21-04-13-980303,BATCH 2 DAYLIGHT,train,5500,semiquant,Nitrite:Positive,Nitrite:Positive,,,Nitrite,Positive,BATCH_2_DAYLIGHT_Abnormal_2026-03-19T21-04-13-980303_SEMIQUANT_FROM_BINARY.zip,1,1,0,,39.223202,0.244121,0.61584,36.740002,0.141313,0.621427,24.028799,0.118602,0.702965,30.170401,0.110083,0.666345,16.197599,0.045896,0.691958,7.8088,0.008471,0.693247,0.7576,0.001396,0.17528,0.0,0.0,0.0,0.0,0.0,0.0,0.0,0.0,0.0
BATCH_2_DAYLIGHT_Abnormal_2026-03-19T21-04-13-980303,BATCH 2 DAYLIGHT,train,5500,semiquant,Urobilinogen:128,Urobilinogen:128,,,Urobilinogen,128,BATCH_2_DAYLIGHT_Abnormal_2026-03-19T21-04-13-980303_SEMIQUANT_FROM_BINARY.zip,1,1,0,,39.223202,0.244121,0.61584,36.740002,0.141313,0.621427,24.028799,0.118602,0.702965,30.170401,0.110083,0.666345,16.197599,0.045896,0.691958,7.8088,0.008471,0.693247,0.7576,0.001396,0.17528,0.0,0.0,0.0,0.0,0.0,0.0,0.0,0.0,0.0
BATCH_2_DAYLIGHT_Abnormal_2026-03-19T21-04-13-980303,BATCH 2 DAYLIGHT,train,5500,semiquant,Protein:1.0,Protein:1.0,,,Protein,1.0,BATCH_2_DAYLIGHT_Abnormal_2026-03-19T21-04-13-980303_SEMIQUANT_FROM_BINARY.zip,1,1,0,,39.223202,0.244121,0.61584,36.740002,0.141313,0.621427,24.028799,0.118602,0.702965,30.170401,0.110083,0.666345,16.197599,0.045896,0.691958,7.8088,0.008471,0.693247,0.7576,0.001396,0.17528,0.0,0.0,0.0,0.0,0.0,0.0,0.0,0.0,0.0
BATCH_2_DAYLIGHT_Abnormal_2026-03-19T21-04-13-980303,BATCH 2 DAYLIGHT,train,5500,semiquant,pH:6.5,pH:6.5,,,pH,6.5,BATCH_2_DAYLIGHT_Abnormal_2026-03-19T21-04-13-980303_SEMIQUANT_FROM_BINARY.zip,1,1,0,,39.223202,0.244121,0.61584,36.740002,0.141313,0.621427,24.028799,0.118602,0.702965,30.170401,0.110083,0.666345,16.197599,0.045896,0.691958,7.8088,0.008471,0.693247,0.7576,0.001396,0.17528,0.0,0.0,0.0,0.0,0.0,0.0,0.0,0.0,0.0
BATCH_2_DAYLIGHT_Abnormal_2026-03-19T21-04-13-980303,BATCH 2 DAYLIGHT,train,5500,semiquant,Blood:Small 25,Blood:Small 25,,,Blood,Small 25,BATCH_2_DAYLIGHT_Abnormal_2026-03-19T21-04-13-980303_SEMIQUANT_FROM_BINARY.zip,1,1,0,,39.223202,0.244121,0.61584,36.740002,0.141313,0.621427,24.028799,0.118602,0.702965,30.170401,0.110083,0.666345,16.197599,0.045896,0.691958,7.8088,0.008471,0.693247,0.7576,0.001396,0.17528,0.0,0.0,0.0,0.0,0.0,0.0,0.0,0.0,0.0
BATCH_2_DAYLIGHT_Abnormal_2026-03-19T21-04-13-980303,BATCH 2 DAYLIGHT,train,5500,semiquant,Specific Gravity:1.005,Specific Gravity:1.005,,,Specific Gravity,1.005,BATCH_2_DAYLIGHT_Abnormal_2026-03-19T21-04-13-980303_SEMIQUANT_FROM_BINARY.zip,1,1,0,,39.223202,0.244121,0.61584,36.740002,0.141313,0.621427,24.028799,0.118602,0.702965,30.170401,0.110083,0.666345,16.197599,0.045896,0.691958,7.8088,0.008471,0.693247,0.7576,0.001396,0.17528,0.0,0.0,0.0,0.0,0.0,0.0,0.0,0.0,0.0
BATCH_2_DAYLIGHT_Abnormal_2026-03-19T21-04-13-980303,BATCH 2 DAYLIGHT,train,5500,semiquant,Ketone:Moderate 4.0,Ketone:Moderate 4.0,,,Ketone,Moderate 4.0,BATCH_2_DAYLIGHT_Abnormal_2026-03-19T21-04-13-980303_SEMIQUANT_FROM_BINARY.zip,1,1,0,,39.223202,0.244121,0.61584,36.740002,0.141313,0.621427,24.028799,0.118602,0.702965,30.170401,0.110083,0.666345,16.197599,0.045896,0.691958,7.8088,0.008471,0.693247,0.7576,0.001396,0.17528,0.0,0.0,0.0,0.0,0.0,0.0,0.0,0.0,0.0
BATCH_2_DAYLIGHT_Abnormal_2026-03-19T21-04-13-980303,BATCH 2 DAYLIGHT,train,5500,semiquant,Bilirubin:Moderate 50,Bilirubin:Moderate 50,,,Bilirubin,Moderate 50,BATCH_2_DAYLIGHT_Abnormal_2026-03-19T21-04-13-980303_SEMIQUANT_FROM_BINARY.zip,1,1,0,,39.223202,0.244121,0.61584,36.740002,0.141313,0.621427,24.028799,0.118602,0.702965,30.170401,0.110083,0.666345,16.197599,0.045896,0.691958,7.8088,0.008471,0.693247,0.7576,0.001396,0.17528,0.0,0.0,0.0,0.0,0.0,0.0,0.0,0.0,0.0
BATCH_2_DAYLIGHT_Abnormal_2026-03-19T21-04-13-980303,BATCH 2 DAYLIGHT,train,5500,semiquant,Glucose:30 ++,Glucose:30 ++,,,Glucose,30 ++,BATCH_2_DAYLIGHT_Abnormal_2026-03-19T21-04-13-980303_SEMIQUANT_FROM_BINARY.zip,1,1,0,,39.223202,0.244121,0.61584,36.740002,0.141313,0.621427,24.028799,0.118602,0.702965,30.170401,0.110083,0.666345,16.197599,0.045896,0.691958,7.8088,0.008471,0.693247,0.7576,0.001396,0.17528,0.0,0.0,0.0,0.0,0.0,0.0,0.0,0.0,0.0
BATCH_2_DAYLIGHT_Abnormal_2026-03-19T21-04-13-980303,BATCH 2 DAYLIGHT,train,5500,semiquant,Leukocytes:Trace 15,Leukocytes:Trace 15,,,Leukocytes,Trace 15,BATCH_2_DAYLIGHT_Abnormal_2026-03-19T21-04-13-980303_SEMIQUANT_FROM_BINARY.zip,1,1,0,,45.824799,0.233106,0.618965,53.3848,0.133512,0.622166,23.059999,0.107274,0.700204,31.927999,0.10224,0.667321,14.5816,0.037909,0.689647,6.9424,0.003614,0.686904,12.1528,0.002359,0.176447,0.0,0.0,0.0,0.0,0.0,0.0,0.0,0.0,0.0
BATCH_2_DAYLIGHT_Abnormal_2026-03-19T21-04-13-980303,BATCH 2 DAYLIGHT,train,5500,semiquant,Nitrite:Positive,Nitrite:Positive,,,Nitrite,Positive,BATCH_2_DAYLIGHT_Abnormal_2026-03-19T21-04-13-980303_SEMIQUANT_FROM_BINARY.zip,1,1,0,,45.824799,0.233106,0.618965,53.3848,0.133512,0.622166,23.059999,0.107274,0.700204,31.927999,0.10224,0.667321,14.5816,0.037909,0.689647,6.9424,0.003614,0.686904,12.1528,0.002359,0.176447,0.0,0.0,0.0,0.0,0.0,0.0,0.0,0.0,0.0
BATCH_2_DAYLIGHT_Abnormal_2026-03-19T21-04-13-980303,BATCH 2 DAYLIGHT,train,5500,semiquant,Urobilinogen:16,Urobilinogen:16,,,Urobilinogen,16,BATCH_2_DAYLIGHT_Abnormal_2026-03-19T21-04-13-980303_SEMIQUANT_FROM_BINARY.zip,1,1,0,,45.824799,0.233106,0.618965,53.3848,0.133512,0.622166,23.059999,0.107274,0.700204,31.927999,0.10224,0.667321,14.5816,0.037909,0.689647,6.9424,0.003614,0.686904,12.1528,0.002359,0.176447,0.0,0.0,0.0,0.0,0.0,0.0,0.0,0.0,0.0
BATCH_2_DAYLIGHT_Abnormal_2026-03-19T21-04-13-980303,BATCH 2 DAYLIGHT,train,5500,semiquant,Protein:3.0,Protein:3.0,,,Protein,3.0,BATCH_2_DAYLIGHT_Abnormal_2026-03-19T21-04-13-980303_SEMIQUANT_FROM_BINARY.zip,1,1,0,,45.824799,0.233106,0.618965,53.3848,0.133512,0.622166,23.059999,0.107274,0.700204,31.927999,0.10224,0.667321,14.5816,0.037909,0.689647,6.9424,0.003614,0.686904,12.1528,0.002359,0.176447,0.0,0.0,0.0,0.0,0.0,0.0,0.0,0.0,0.0
BATCH_2_DAYLIGHT_Abnormal_2026-03-19T21-04-13-980303,BATCH 2 DAYLIGHT,train,5500,semiquant,pH:7.0,pH:7.0,,,pH,7.0,BATCH_2_DAYLIGHT_Abnormal_2026-03-19T21-04-13-980303_SEMIQUANT_FROM_BINARY.zip,1,1,0,,45.824799,0.233106,0.618965,53.3848,0.133512,0.622166,23.059999,0.107274,0.700204,31.927999,0.10224,0.667321,14.5816,0.037909,0.689647,6.9424,0.003614,0.686904,12.1528,0.002359,0.176447,0.0,0.0,0.0,0.0,0.0,0.0,0.0,0.0,0.0
BATCH_2_DAYLIGHT_Abnormal_2026-03-19T21-04-13-980303,BATCH 2 DAYLIGHT,train,5500,semiquant,Blood:Moderate 80,Blood:Moderate 80,,,Blood,Moderate 80,BATCH_2_DAYLIGHT_Abnormal_2026-03-19T21-04-13-980303_SEMIQUANT_FROM_BINARY.zip,1,1,0,,45.824799,0.233106,0.618965,53.3848,0.133512,0.622166,23.059999,0.107274,0.700204,31.927999,0.10224,0.667321,14.5816,0.037909,0.689647,6.9424,0.003614,0.686904,12.1528,0.002359,0.176447,0.0,0.0,0.0,0.0,0.0,0.0,0.0,0.0,0.0
BATCH_2_DAYLIGHT_Abnormal_2026-03-19T21-04-13-980303,BATCH 2 DAYLIGHT,train,5500,semiquant,Specific Gravity:1.010,Specific Gravity:1.010,,,Specific Gravity,1.010,BATCH_2_DAYLIGHT_Abnormal_2026-03-19T21-04-13-980303_SEMIQUANT_FROM_BINARY.zip,1,1,0,,45.824799,0.233106,0.618965,53.3848,0.133512,0.622166,23.059999,0.107274,0.700204,31.927999,0.10224,0.667321,14.5816,0.037909,0.689647,6.9424,0.003614,0.686904,12.1528,0.002359,0.176447,0.0,0.0,0.0,0.0,0.0,0.0,0.0,0.0,0.0
BATCH_2_DAYLIGHT_Abnormal_2026-03-19T21-04-13-980303,BATCH 2 DAYLIGHT,train,5500,semiquant,Ketone:8.0,Ketone:8.0,,,Ketone,8.0,BATCH_2_DAYLIGHT_Abnormal_2026-03-19T21-04-13-980303_SEMIQUANT_FROM_BINARY.zip,1,1,0,,45.824799,0.233106,0.618965,53.3848,0.133512,0.622166,23.059999,0.107274,0.700204,31.927999,0.10224,0.667321,14.5816,0.037909,0.689647,6.9424,0.003614,0.686904,12.1528,0.002359,0.176447,0.0,0.0,0.0,0.0,0.0,0.0,0.0,0.0,0.0
BATCH_2_DAYLIGHT_Abnormal_2026-03-19T21-04-13-980303,BATCH 2 DAYLIGHT,train,5500,semiquant,Bilirubin:Large 100,Bilirubin:Large 100,,,Bilirubin,Large 100,BATCH_2_DAYLIGHT_Abnormal_2026-03-19T21-04-13-980303_SEMIQUANT_FROM_BINARY.zip,1,1,0,,45.824799,0.233106,0.618965,53.3848,0.133512,0.622166,23.059999,0.107274,0.700204,31.927999,0.10224,0.667321,14.5816,0.037909,0.689647,6.9424,0.003614,0.686904,12.1528,0.002359,0.176447,0.0,0.0,0.0,0.0,0.0,0.0,0.0,0.0,0.0
BATCH_2_DAYLIGHT_Abnormal_2026-03-19T21-04-13-980303,BATCH 2 DAYLIGHT,train,5500,semiquant,Glucose:60 +++,Glucose:60 +++,,,Glucose,60 +++,BATCH_2_DAYLIGHT_Abnormal_2026-03-19T21-04-13-980303_SEMIQUANT_FROM_BINARY.zip,1,1,0,,45.824799,0.233106,0.618965,53.3848,0.133512,0.622166,23.059999,0.107274,0.700204,31.927999,0.10224,0.667321,14.5816,0.037909,0.689647,6.9424,0.003614,0.686904,12.1528,0.002359,0.176447,0.0,0.0,0.0,0.0,0.0,0.0,0.0,0.0,0.0
BATCH_2_DAYLIGHT_Abnormal_2026-03-19T21-04-13-980303,BATCH 2 DAYLIGHT,train,5500,semiquant,Leukocytes:Small 70,Leukocytes:Small 70,,,Leukocytes,Small 70,BATCH_2_DAYLIGHT_Abnormal_2026-03-19T21-04-13-980303_SEMIQUANT_FROM_BINARY.zip,1,1,0,,41.9944,0.232223,0.620698,41.742401,0.13237,0.622587,22.8272,0.106852,0.70005,42.773602,0.100323,0.666445,13.88,0.036311,0.688711,62.103199,0.005805,0.689937,33.599998,0.002329,0.209945,0.0,0.0,0.0,0.0,0.0,0.0,0.0,0.0,0.0
BATCH_2_DAYLIGHT_Abnormal_2026-03-19T21-04-13-980303,BATCH 2 DAYLIGHT,train,5500,semiquant,Nitrite:Positive,Nitrite:Positive,,,Nitrite,Positive,BATCH_2_DAYLIGHT_Abnormal_2026-03-19T21-04-13-980303_SEMIQUANT_FROM_BINARY.zip,1,1,0,,41.9944,0.232223,0.620698,41.742401,0.13237,0.622587,22.8272,0.106852,0.70005,42.773602,0.100323,0.666445,13.88,0.036311,0.688711,62.103199,0.005805,0.689937,33.599998,0.002329,0.209945,0.0,0.0,0.0,0.0,0.0,0.0,0.0,0.0,0.0
BATCH_2_DAYLIGHT_Abnormal_2026-03-19T21-04-13-980303,BATCH 2 DAYLIGHT,train,5500,semiquant,Urobilinogen:32,Urobilinogen:32,,,Urobilinogen,32,BATCH_2_DAYLIGHT_Abnormal_2026-03-19T21-04-13-980303_SEMIQUANT_FROM_BINARY.zip,1,1,0,,41.9944,0.232223,0.620698,41.742401,0.13237,0.622587,22.8272,0.106852,0.70005,42.773602,0.100323,0.666445,13.88,0.036311,0.688711,62.103199,0.005805,0.689937,33.599998,0.002329,0.209945,0.0,0.0,0.0,0.0,0.0,0.0,0.0,0.0,0.0
BATCH_2_DAYLIGHT_Abnormal_2026-03-19T21-04-13-980303,BATCH 2 DAYLIGHT,train,5500,semiquant,Protein:>=20.0,Protein:>=20.0,,,Protein,>=20.0,BATCH_2_DAYLIGHT_Abnormal_2026-03-19T21-04-13-980303_SEMIQUANT_FROM_BINARY.zip,1,1,0,,41.9944,0.232223,0.620698,41.742401,0.13237,0.622587,22.8272,0.106852,0.70005,42.773602,0.100323,0.666445,13.88,0.036311,0.688711,62.103199,0.005805,0.689937,33.599998,0.002329,0.209945,0.0,0.0,0.0,0.0,0.0,0.0,0.0,0.0,0.0
BATCH_2_DAYLIGHT_Abnormal_2026-03-19T21-04-13-980303,BATCH 2 DAYLIGHT,train,5500,semiquant,pH:7.5,pH:7.5,,,pH,7.5,BATCH_2_DAYLIGHT_Abnormal_2026-03-19T21-04-13-980303_SEMIQUANT_FROM_BINARY.zip,1,1,0,,41.9944,0.232223,0.620698,41.742401,0.13237,0.622587,22.8272,0.106852,0.70005,42.773602,0.100323,0.666445,13.88,0.036311,0.688711,62.103199,0.005805,0.689937,33.599998,0.002329,0.209945,0.0,0.0,0.0,0.0,0.0,0.0,0.0,0.0,0.0
BATCH_2_DAYLIGHT_Abnormal_2026-03-19T21-04-13-980303,BATCH 2 DAYLIGHT,train,5500,semiquant,Blood:Large 200,Blood:Large 200,,,Blood,Large 200,BATCH_2_DAYLIGHT_Abnormal_2026-03-19T21-04-13-980303_SEMIQUANT_FROM_BINARY.zip,1,1,0,,41.9944,0.232223,0.620698,41.742401,0.13237,0.622587,22.8272,0.106852,0.70005,42.773602,0.100323,0.666445,13.88,0.036311,0.688711,62.103199,0.005805,0.689937,33.599998,0.002329,0.209945,0.0,0.0,0.0,0.0,0.0,0.0,0.0,0.0,0.0
BATCH_2_DAYLIGHT_Abnormal_2026-03-19T21-04-13-980303,BATCH 2 DAYLIGHT,train,5500,semiquant,Specific Gravity:1.020,Specific Gravity:1.020,,,Specific Gravity,1.020,BATCH_2_DAYLIGHT_Abnormal_2026-03-19T21-04-13-980303_SEMIQUANT_FROM_BINARY.zip,1,1,0,,41.9944,0.232223,0.620698,41.742401,0.13237,0.622587,22.8272,0.106852,0.70005,42.773602,0.100323,0.666445,13.88,0.036311,0.688711,62.103199,0.005805,0.689937,33.599998,0.002329,0.209945,0.0,0.0,0.0,0.0,0.0,0.0,0.0,0.0,0.0
BATCH_2_DAYLIGHT_Abnormal_2026-03-19T21-04-13-980303,BATCH 2 DAYLIGHT,train,5500,semiquant,Ketone:Large 16,Ketone:Large 16,,,Ketone,Large 16,BATCH_2_DAYLIGHT_Abnormal_2026-03-19T21-04-13-980303_SEMIQUANT_FROM_BINARY.zip,1,1,0,,41.9944,0.232223,0.620698,41.742401,0.13237,0.622587,22.8272,0.106852,0.70005,42.773602,0.100323,0.666445,13.88,0.036311,0.688711,62.103199,0.005805,0.689937,33.599998,0.002329,0.209945,0.0,0.0,0.0,0.0,0.0,0.0,0.0,0.0,0.0
BATCH_2_DAYLIGHT_Abnormal_2026-03-19T21-04-13-980303,BATCH 2 DAYLIGHT,train,5500,semiquant,Bilirubin:Small 17,Bilirubin:Small 17,,,Bilirubin,Small 17,BATCH_2_DAYLIGHT_Abnormal_2026-03-19T21-04-13-980303_SEMIQUANT_FROM_BINARY.zip,1,1,0,,41.9944,0.232223,0.620698,41.742401,0.13237,0.622587,22.8272,0.106852,0.70005,42.773602,0.100323,0.666445,13.88,0.036311,0.688711,62.103199,0.005805,0.689937,33.599998,0.002329,0.209945,0.0,0.0,0.0,0.0,0.0,0.0,0.0,0.0,0.0
BATCH_2_DAYLIGHT_Abnormal_2026-03-19T21-04-13-980303,BATCH 2 DAYLIGHT,train,5500,semiquant,Glucose:110 ++++,Glucose:110 ++++,,,Glucose,110 ++++,BATCH_2_DAYLIGHT_Abnormal_2026-03-19T21-04-13-980303_SEMIQUANT_FROM_BINARY.zip,1,1,0,,41.9944,0.232223,0.620698,41.742401,0.13237,0.622587,22.8272,0.106852,0.70005,42.773602,0.100323,0.666445,13.88,0.036311,0.688711,62.103199,0.005805,0.689937,33.599998,0.002329,0.209945,0.0,0.0,0.0,0.0,0.0,0.0,0.0,0.0,0.0
BATCH_2_DAYLIGHT_Abnormal_2026-03-19T21-04-13-980303,BATCH 2 DAYLIGHT,train,5500,semiquant,Leukocytes:Moderate 125,Leukocytes:Moderate 125,,,Leukocytes,Moderate 125,BATCH_2_DAYLIGHT_Abnormal_2026-03-19T21-04-13-980303_SEMIQUANT_FROM_BINARY.zip,1,1,0,,192.322403,0.301879,1.0,192.614395,0.303277,1.0,192.837601,0.304171,1.0,192.894394,0.30778,1.0,192.730392,0.308348,1.0,192.860001,0.304268,1.0,192.667206,0.303379,1.0,192.815994,0.303862,1.0,191.4552,0.299362,1.0,189.335205,0.291614,1.0
BATCH_2_DAYLIGHT_Abnormal_2026-03-19T21-04-13-980303,BATCH 2 DAYLIGHT,train,5500,semiquant,Nitrite:Positive,Nitrite:Positive,,,Nitrite,Positive,BATCH_2_DAYLIGHT_Abnormal_2026-03-19T21-04-13-980303_SEMIQUANT_FROM_BINARY.zip,1,1,0,,192.322403,0.301879,1.0,192.614395,0.303277,1.0,192.837601,0.304171,1.0,192.894394,0.30778,1.0,192.730392,0.308348,1.0,192.860001,0.304268,1.0,192.667206,0.303379,1.0,192.815994,0.303862,1.0,191.4552,0.299362,1.0,189.335205,0.291614,1.0
BATCH_2_DAYLIGHT_Abnormal_2026-03-19T21-04-13-980303,BATCH 2 DAYLIGHT,train,5500,semiquant,Urobilinogen:64,Urobilinogen:64,,,Urobilinogen,64,BATCH_2_DAYLIGHT_Abnormal_2026-03-19T21-04-13-980303_SEMIQUANT_FROM_BINARY.zip,1,1,0,,192.322403,0.301879,1.0,192.614395,0.303277,1.0,192.837601,0.304171,1.0,192.894394,0.30778,1.0,192.730392,0.308348,1.0,192.860001,0.304268,1.0,192.667206,0.303379,1.0,192.815994,0.303862,1.0,191.4552,0.299362,1.0,189.335205,0.291614,1.0
BATCH_2_DAYLIGHT_Abnormal_2026-03-19T21-04-13-980303,BATCH 2 DAYLIGHT,train,5500,semiquant,Protein:Trace,Protein:Trace,,,Protein,Trace,BATCH_2_DAYLIGHT_Abnormal_2026-03-19T21-04-13-980303_SEMIQUANT_FROM_BINARY.zip,1,1,0,,192.322403,0.301879,1.0,192.614395,0.303277,1.0,192.837601,0.304171,1.0,192.894394,0.30778,1.0,192.730392,0.308348,1.0,192.860001,0.304268,1.0,192.667206,0.303379,1.0,192.815994,0.303862,1.0,191.4552,0.299362,1.0,189.335205,0.291614,1.0
BATCH_2_DAYLIGHT_Abnormal_2026-03-19T21-04-13-980303,BATCH 2 DAYLIGHT,train,5500,semiquant,pH:8.0,pH:8.0,,,pH,8.0,BATCH_2_DAYLIGHT_Abnormal_2026-03-19T21-04-13-980303_SEMIQUANT_FROM_BINARY.zip,1,1,0,,192.322403,0.301879,1.0,192.614395,0.303277,1.0,192.837601,0.304171,1.0,192.894394,0.30778,1.0,192.730392,0.308348,1.0,192.860001,0.304268,1.0,192.667206,0.303379,1.0,192.815994,0.303862,1.0,191.4552,0.299362,1.0,189.335205,0.291614,1.0
BATCH_2_DAYLIGHT_Abnormal_2026-03-19T21-04-13-980303,BATCH 2 DAYLIGHT,train,5500,semiquant,Blood:Non-hemolyzed 10,Blood:Non-hemolyzed 10,,,Blood,Non-hemolyzed 10,BATCH_2_DAYLIGHT_Abnormal_2026-03-19T21-04-13-980303_SEMIQUANT_FROM_BINARY.zip,1,1,0,,192.322403,0.301879,1.0,192.614395,0.303277,1.0,192.837601,0.304171,1.0,192.894394,0.30778,1.0,192.730392,0.308348,1.0,192.860001,0.304268,1.0,192.667206,0.303379,1.0,192.815994,0.303862,1.0,191.4552,0.299362,1.0,189.335205,0.291614,1.0
BATCH_2_DAYLIGHT_Abnormal_2026-03-19T21-04-13-980303,BATCH 2 DAYLIGHT,train,5500,semiquant,Specific Gravity:1.025,Specific Gravity:1.025,,,Specific Gravity,1.025,BATCH_2_DAYLIGHT_Abnormal_2026-03-19T21-04-13-980303_SEMIQUANT_FROM_BINARY.zip,1,1,0,,192.322403,0.301879,1.0,192.614395,0.303277,1.0,192.837601,0.304171,1.0,192.894394,0.30778,1.0,192.730392,0.308348,1.0,192.860001,0.304268,1.0,192.667206,0.303379,1.0,192.815994,0.303862,1.0,191.4552,0.299362,1.0,189.335205,0.291614,1.0
BATCH_2_DAYLIGHT_Abnormal_2026-03-19T21-04-13-980303,BATCH 2 DAYLIGHT,train,5500,semiquant,Ketone:Trace 0.5,Ketone:Trace 0.5,,,Ketone,Trace 0.5,BATCH_2_DAYLIGHT_Abnormal_2026-03-19T21-04-13-980303_SEMIQUANT_FROM_BINARY.zip,1,1,0,,192.322403,0.301879,1.0,192.614395,0.303277,1.0,192.837601,0.304171,1.0,192.894394,0.30778,1.0,192.730392,0.308348,1.0,192.860001,0.304268,1.0,192.667206,0.303379,1.0,192.815994,0.303862,1.0,191.4552,0.299362,1.0,189.335205,0.291614,1.0
BATCH_2_DAYLIGHT_Abnormal_2026-03-19T21-04-13-980303,BATCH 2 DAYLIGHT,train,5500,semiquant,Bilirubin:Moderate 50,Bilirubin:Moderate 50,,,Bilirubin,Moderate 50,BATCH_2_DAYLIGHT_Abnormal_2026-03-19T21-04-13-980303_SEMIQUANT_FROM_BINARY.zip,1,1,0,,192.322403,0.301879,1.0,192.614395,0.303277,1.0,192.837601,0.304171,1.0,192.894394,0.30778,1.0,192.730392,0.308348,1.0,192.860001,0.304268,1.0,192.667206,0.303379,1.0,192.815994,0.303862,1.0,191.4552,0.299362,1.0,189.335205,0.291614,1.0
BATCH_2_DAYLIGHT_Abnormal_2026-03-19T21-04-13-980303,BATCH 2 DAYLIGHT,train,5500,semiquant,Glucose:Trace 5,Glucose:Trace 5,,,Glucose,Trace 5,BATCH_2_DAYLIGHT_Abnormal_2026-03-19T21-04-13-980303_SEMIQUANT_FROM_BINARY.zip,1,1,0,,192.322403,0.301879,1.0,192.614395,0.303277,1.0,192.837601,0.304171,1.0,192.894394,0.30778,1.0,192.730392,0.308348,1.0,192.860001,0.304268,1.0,192.667206,0.303379,1.0,192.815994,0.303862,1.0,191.4552,0.299362,1.0,189.335205,0.291614,1.0
BATCH_2_DAYLIGHT_Abnormal_2026-03-19T21-04-13-980303,BATCH 2 DAYLIGHT,train,5500,semiquant,Leukocytes:Large 500,Leukocytes:Large 500,,,Leukocytes,Large 500,BATCH_2_DAYLIGHT_Abnormal_2026-03-19T21-04-13-980303_SEMIQUANT_FROM_BINARY.zip,1,1,0,,45.054401,0.233696,0.6201,36.279202,0.133663,0.622618,36.709599,0.111815,0.700888,32.911999,0.105021,0.667534,16.3752,0.040573,0.689746,6.0048,0.005625,0.691286,13.568,0.001393,0.225724,0.0,0.0,0.0,0.0,0.0,0.0,0.0,0.0,0.0
BATCH_2_DAYLIGHT_Abnormal_2026-03-19T21-04-13-980303,BATCH 2 DAYLIGHT,train,5500,semiquant,Nitrite:Positive,Nitrite:Positive,,,Nitrite,Positive,BATCH_2_DAYLIGHT_Abnormal_2026-03-19T21-04-13-980303_SEMIQUANT_FROM_BINARY.zip,1,1,0,,45.054401,0.233696,0.6201,36.279202,0.133663,0.622618,36.709599,0.111815,0.700888,32.911999,0.105021,0.667534,16.3752,0.040573,0.689746,6.0048,0.005625,0.691286,13.568,0.001393,0.225724,0.0,0.0,0.0,0.0,0.0,0.0,0.0,0.0,0.0
BATCH_2_DAYLIGHT_Abnormal_2026-03-19T21-04-13-980303,BATCH 2 DAYLIGHT,train,5500,semiquant,Urobilinogen:128,Urobilinogen:128,,,Urobilinogen,128,BATCH_2_DAYLIGHT_Abnormal_2026-03-19T21-04-13-980303_SEMIQUANT_FROM_BINARY.zip,1,1,0,,45.054401,0.233696,0.6201,36.279202,0.133663,0.622618,36.709599,0.111815,0.700888,32.911999,0.105021,0.667534,16.3752,0.040573,0.689746,6.0048,0.005625,0.691286,13.568,0.001393,0.225724,0.0,0.0,0.0,0.0,0.0,0.0,0.0,0.0,0.0
BATCH_2_DAYLIGHT_Abnormal_2026-03-19T21-04-13-980303,BATCH 2 DAYLIGHT,train,5500,semiquant,Protein:0.3,Protein:0.3,,,Protein,0.3,BATCH_2_DAYLIGHT_Abnormal_2026-03-19T21-04-13-980303_SEMIQUANT_FROM_BINARY.zip,1,1,0,,45.054401,0.233696,0.6201,36.279202,0.133663,0.622618,36.709599,0.111815,0.700888,32.911999,0.105021,0.667534,16.3752,0.040573,0.689746,6.0048,0.005625,0.691286,13.568,0.001393,0.225724,0.0,0.0,0.0,0.0,0.0,0.0,0.0,0.0,0.0
BATCH_2_DAYLIGHT_Abnormal_2026-03-19T21-04-13-980303,BATCH 2 DAYLIGHT,train,5500,semiquant,pH:8.5,pH:8.5,,,pH,8.5,BATCH_2_DAYLIGHT_Abnormal_2026-03-19T21-04-13-980303_SEMIQUANT_FROM_BINARY.zip,1,1,0,,45.054401,0.233696,0.6201,36.279202,0.133663,0.622618,36.709599,0.111815,0.700888,32.911999,0.105021,0.667534,16.3752,0.040573,0.689746,6.0048,0.005625,0.691286,13.568,0.001393,0.225724,0.0,0.0,0.0,0.0,0.0,0.0,0.0,0.0,0.0
BATCH_2_DAYLIGHT_Abnormal_2026-03-19T21-04-13-980303,BATCH 2 DAYLIGHT,train,5500,semiquant,Blood:Hemolyzed 10,Blood:Hemolyzed 10,,,Blood,Hemolyzed 10,BATCH_2_DAYLIGHT_Abnormal_2026-03-19T21-04-13-980303_SEMIQUANT_FROM_BINARY.zip,1,1,0,,45.054401,0.233696,0.6201,36.279202,0.133663,0.622618,36.709599,0.111815,0.700888,32.911999,0.105021,0.667534,16.3752,0.040573,0.689746,6.0048,0.005625,0.691286,13.568,0.001393,0.225724,0.0,0.0,0.0,0.0,0.0,0.0,0.0,0.0,0.0
BATCH_2_DAYLIGHT_Abnormal_2026-03-19T21-04-13-980303,BATCH 2 DAYLIGHT,train,5500,semiquant,Specific Gravity:1.030,Specific Gravity:1.030,,,Specific Gravity,1.030,BATCH_2_DAYLIGHT_Abnormal_2026-03-19T21-04-13-980303_SEMIQUANT_FROM_BINARY.zip,1,1,0,,45.054401,0.233696,0.6201,36.279202,0.133663,0.622618,36.709599,0.111815,0.700888,32.911999,0.105021,0.667534,16.3752,0.040573,0.689746,6.0048,0.005625,0.691286,13.568,0.001393,0.225724,0.0,0.0,0.0,0.0,0.0,0.0,0.0,0.0,0.0
BATCH_2_DAYLIGHT_Abnormal_2026-03-19T21-04-13-980303,BATCH 2 DAYLIGHT,train,5500,semiquant,Ketone:Small 1.5,Ketone:Small 1.5,,,Ketone,Small 1.5,BATCH_2_DAYLIGHT_Abnormal_2026-03-19T21-04-13-980303_SEMIQUANT_FROM_BINARY.zip,1,1,0,,45.054401,0.233696,0.6201,36.279202,0.133663,0.622618,36.709599,0.111815,0.700888,32.911999,0.105021,0.667534,16.3752,0.040573,0.689746,6.0048,0.005625,0.691286,13.568,0.001393,0.225724,0.0,0.0,0.0,0.0,0.0,0.0,0.0,0.0,0.0
BATCH_2_DAYLIGHT_Abnormal_2026-03-19T21-04-13-980303,BATCH 2 DAYLIGHT,train,5500,semiquant,Bilirubin:Large 100,Bilirubin:Large 100,,,Bilirubin,Large 100,BATCH_2_DAYLIGHT_Abnormal_2026-03-19T21-04-13-980303_SEMIQUANT_FROM_BINARY.zip,1,1,0,,45.054401,0.233696,0.6201,36.279202,0.133663,0.622618,36.709599,0.111815,0.700888,32.911999,0.105021,0.667534,16.3752,0.040573,0.689746,6.0048,0.005625,0.691286,13.568,0.001393,0.225724,0.0,0.0,0.0,0.0,0.0,0.0,0.0,0.0,0.0
BATCH_2_DAYLIGHT_Abnormal_2026-03-19T21-04-13-980303,BATCH 2 DAYLIGHT,train,5500,semiquant,Glucose:15 +,Glucose:15 +,,,Glucose,15 +,BATCH_2_DAYLIGHT_Abnormal_2026-03-19T21-04-13-980303_SEMIQUANT_FROM_BINARY.zip,1,1,0,,45.054401,0.233696,0.6201,36.279202,0.133663,0.622618,36.709599,0.111815,0.700888,32.911999,0.105021,0.667534,16.3752,0.040573,0.689746,6.0048,0.005625,0.691286,13.568,0.001393,0.225724,0.0,0.0,0.0,0.0,0.0,0.0,0.0,0.0,0.0
BATCH_2_DAYLIGHT_Abnormal_2026-03-19T21-04-13-980303,BATCH 2 DAYLIGHT,train,5500,semiquant,Leukocytes:Trace 15,Leukocytes:Trace 15,,,Leukocytes,Trace 15,BATCH_2_DAYLIGHT_Abnormal_2026-03-19T21-04-13-980303_SEMIQUANT_FROM_BINARY.zip,1,1,0,,250.019196,0.293978,1.0,250.144806,0.292074,1.0,250.311203,0.291081,1.0,250.498398,0.293078,1.0,249.989594,0.300245,1.0,250.087997,0.304648,1.0,249.930405,0.311007,1.0,249.058395,0.315788,1.0,248.289597,0.324141,1.0,248.268005,0.324524,1.0
BATCH_2_DAYLIGHT_Abnormal_2026-03-19T21-04-13-980303,BATCH 2 DAYLIGHT,train,5500,semiquant,Nitrite:Positive,Nitrite:Positive,,,Nitrite,Positive,BATCH_2_DAYLIGHT_Abnormal_2026-03-19T21-04-13-980303_SEMIQUANT_FROM_BINARY.zip,1,1,0,,250.019196,0.293978,1.0,250.144806,0.292074,1.0,250.311203,0.291081,1.0,250.498398,0.293078,1.0,249.989594,0.300245,1.0,250.087997,0.304648,1.0,249.930405,0.311007,1.0,249.058395,0.315788,1.0,248.289597,0.324141,1.0,248.268005,0.324524,1.0
BATCH_2_DAYLIGHT_Abnormal_2026-03-19T21-04-13-980303,BATCH 2 DAYLIGHT,train,5500,semiquant,Urobilinogen:16,Urobilinogen:16,,,Urobilinogen,16,BATCH_2_DAYLIGHT_Abnormal_2026-03-19T21-04-13-980303_SEMIQUANT_FROM_BINARY.zip,1,1,0,,250.019196,0.293978,1.0,250.144806,0.292074,1.0,250.311203,0.291081,1.0,250.498398,0.293078,1.0,249.989594,0.300245,1.0,250.087997,0.304648,1.0,249.930405,0.311007,1.0,249.058395,0.315788,1.0,248.289597,0.324141,1.0,248.268005,0.324524,1.0
BATCH_2_DAYLIGHT_Abnormal_2026-03-19T21-04-13-980303,BATCH 2 DAYLIGHT,train,5500,semiquant,Protein:1.0,Protein:1.0,,,Protein,1.0,BATCH_2_DAYLIGHT_Abnormal_2026-03-19T21-04-13-980303_SEMIQUANT_FROM_BINARY.zip,1,1,0,,250.019196,0.293978,1.0,250.144806,0.292074,1.0,250.311203,0.291081,1.0,250.498398,0.293078,1.0,249.989594,0.300245,1.0,250.087997,0.304648,1.0,249.930405,0.311007,1.0,249.058395,0.315788,1.0,248.289597,0.324141,1.0,248.268005,0.324524,1.0
BATCH_2_DAYLIGHT_Abnormal_2026-03-19T21-04-13-980303,BATCH 2 DAYLIGHT,train,5500,semiquant,pH:5.0,pH:5.0,,,pH,5.0,BATCH_2_DAYLIGHT_Abnormal_2026-03-19T21-04-13-980303_SEMIQUANT_FROM_BINARY.zip,1,1,0,,250.019196,0.293978,1.0,250.144806,0.292074,1.0,250.311203,0.291081,1.0,250.498398,0.293078,1.0,249.989594,0.300245,1.0,250.087997,0.304648,1.0,249.930405,0.311007,1.0,249.058395,0.315788,1.0,248.289597,0.324141,1.0,248.268005,0.324524,1.0
BATCH_2_DAYLIGHT_Abnormal_2026-03-19T21-04-13-980303,BATCH 2 DAYLIGHT,train,5500,semiquant,Blood:Small 25,Blood:Small 25,,,Blood,Small 25,BATCH_2_DAYLIGHT_Abnormal_2026-03-19T21-04-13-980303_SEMIQUANT_FROM_BINARY.zip,1,1,0,,250.019196,0.293978,1.0,250.144806,0.292074,1.0,250.311203,0.291081,1.0,250.498398,0.293078,1.0,249.989594,0.300245,1.0,250.087997,0.304648,1.0,249.930405,0.311007,1.0,249.058395,0.315788,1.0,248.289597,0.324141,1.0,248.268005,0.324524,1.0
BATCH_2_DAYLIGHT_Abnormal_2026-03-19T21-04-13-980303,BATCH 2 DAYLIGHT,train,5500,semiquant,Specific Gravity:1.000,Specific Gravity:1.000,,,Specific Gravity,1.000,BATCH_2_DAYLIGHT_Abnormal_2026-03-19T21-04-13-980303_SEMIQUANT_FROM_BINARY.zip,1,1,0,,250.019196,0.293978,1.0,250.144806,0.292074,1.0,250.311203,0.291081,1.0,250.498398,0.293078,1.0,249.989594,0.300245,1.0,250.087997,0.304648,1.0,249.930405,0.311007,1.0,249.058395,0.315788,1.0,248.289597,0.324141,1.0,248.268005,0.324524,1.0
BATCH_2_DAYLIGHT_Abnormal_2026-03-19T21-04-13-980303,BATCH 2 DAYLIGHT,train,5500,semiquant,Ketone:Moderate 4.0,Ketone:Moderate 4.0,,,Ketone,Moderate 4.0,BATCH_2_DAYLIGHT_Abnormal_2026-03-19T21-04-13-980303_SEMIQUANT_FROM_BINARY.zip,1,1,0,,250.019196,0.293978,1.0,250.144806,0.292074,1.0,250.311203,0.291081,1.0,250.498398,0.293078,1.0,249.989594,0.300245,1.0,250.087997,0.304648,1.0,249.930405,0.311007,1.0,249.058395,0.315788,1.0,248.289597,0.324141,1.0,248.268005,0.324524,1.0
BATCH_2_DAYLIGHT_Abnormal_2026-03-19T21-04-13-980303,BATCH 2 DAYLIGHT,train,5500,semiquant,Bilirubin:Small 17,Bilirubin:Small 17,,,Bilirubin,Small 17,BATCH_2_DAYLIGHT_Abnormal_2026-03-19T21-04-13-980303_SEMIQUANT_FROM_BINARY.zip,1,1,0,,250.019196,0.293978,1.0,250.144806,0.292074,1.0,250.311203,0.291081,1.0,250.498398,0.293078,1.0,249.989594,0.300245,1.0,250.087997,0.304648,1.0,249.930405,0.311007,1.0,249.058395,0.315788,1.0,248.289597,0.324141,1.0,248.268005,0.324524,1.0
BATCH_2_DAYLIGHT_Abnormal_2026-03-19T21-04-13-980303,BATCH 2 DAYLIGHT,train,5500,semiquant,Glucose:30 ++,Glucose:30 ++,,,Glucose,30 ++,BATCH_2_DAYLIGHT_Abnormal_2026-03-19T21-04-13-980303_SEMIQUANT_FROM_BINARY.zip,1,1,0,,250.019196,0.293978,1.0,250.144806,0.292074,1.0,250.311203,0.291081,1.0,250.498398,0.293078,1.0,249.989594,0.300245,1.0,250.087997,0.304648,1.0,249.930405,0.311007,1.0,249.058395,0.315788,1.0,248.289597,0.324141,1.0,248.268005,0.324524,1.0
BATCH_2_DAYLIGHT_Abnormal_2026-03-19T21-04-13-980303,BATCH 2 DAYLIGHT,train,5500,semiquant,Leukocytes:Small 70,Leukocytes:Small 70,,,Leukocytes,Small 70,BATCH_2_DAYLIGHT_Abnormal_2026-03-19T21-04-13-980303_SEMIQUANT_FROM_BINARY.zip,1,1,0,,192.347198,0.29754,1.0,192.902405,0.29978,1.0,193.306396,0.301107,1.0,193.167999,0.300671,1.0,193.781601,0.303184,1.0,193.139206,0.300555,1.0,192.839203,0.299514,1.0,192.993607,0.30014,1.0,191.772003,0.295125,1.0,190.035995,0.28835,1.0
BATCH_2_DAYLIGHT_Abnormal_2026-03-19T21-04-13-980303,BATCH 2 DAYLIGHT,train,5500,semiquant,Nitrite:Positive,Nitrite:Positive,,,Nitrite,Positive,BATCH_2_DAYLIGHT_Abnormal_2026-03-19T21-04-13-980303_SEMIQUANT_FROM_BINARY.zip,1,1,0,,192.347198,0.29754,1.0,192.902405,0.29978,1.0,193.306396,0.301107,1.0,193.167999,0.300671,1.0,193.781601,0.303184,1.0,193.139206,0.300555,1.0,192.839203,0.299514,1.0,192.993607,0.30014,1.0,191.772003,0.295125,1.0,190.035995,0.28835,1.0
BATCH_2_DAYLIGHT_Abnormal_2026-03-19T21-04-13-980303,BATCH 2 DAYLIGHT,train,5500,semiquant,Urobilinogen:32,Urobilinogen:32,,,Urobilinogen,32,BATCH_2_DAYLIGHT_Abnormal_2026-03-19T21-04-13-980303_SEMIQUANT_FROM_BINARY.zip,1,1,0,,192.347198,0.29754,1.0,192.902405,0.29978,1.0,193.306396,0.301107,1.0,193.167999,0.300671,1.0,193.781601,0.303184,1.0,193.139206,0.300555,1.0,192.839203,0.299514,1.0,192.993607,0.30014,1.0,191.772003,0.295125,1.0,190.035995,0.28835,1.0
BATCH_2_DAYLIGHT_Abnormal_2026-03-19T21-04-13-980303,BATCH 2 DAYLIGHT,train,5500,semiquant,Protein:3.0,Protein:3.0,,,Protein,3.0,BATCH_2_DAYLIGHT_Abnormal_2026-03-19T21-04-13-980303_SEMIQUANT_FROM_BINARY.zip,1,1,0,,192.347198,0.29754,1.0,192.902405,0.29978,1.0,193.306396,0.301107,1.0,193.167999,0.300671,1.0,193.781601,0.303184,1.0,193.139206,0.300555,1.0,192.839203,0.299514,1.0,192.993607,0.30014,1.0,191.772003,0.295125,1.0,190.035995,0.28835,1.0
BATCH_2_DAYLIGHT_Abnormal_2026-03-19T21-04-13-980303,BATCH 2 DAYLIGHT,train,5500,semiquant,pH:6.5,pH:6.5,,,pH,6.5,BATCH_2_DAYLIGHT_Abnormal_2026-03-19T21-04-13-980303_SEMIQUANT_FROM_BINARY.zip,1,1,0,,192.347198,0.29754,1.0,192.902405,0.29978,1.0,193.306396,0.301107,1.0,193.167999,0.300671,1.0,193.781601,0.303184,1.0,193.139206,0.300555,1.0,192.839203,0.299514,1.0,192.993607,0.30014,1.0,191.772003,0.295125,1.0,190.035995,0.28835,1.0
BATCH_2_DAYLIGHT_Abnormal_2026-03-19T21-04-13-980303,BATCH 2 DAYLIGHT,train,5500,semiquant,Blood:Moderate 80,Blood:Moderate 80,,,Blood,Moderate 80,BATCH_2_DAYLIGHT_Abnormal_2026-03-19T21-04-13-980303_SEMIQUANT_FROM_BINARY.zip,1,1,0,,192.347198,0.29754,1.0,192.902405,0.29978,1.0,193.306396,0.301107,1.0,193.167999,0.300671,1.0,193.781601,0.303184,1.0,193.139206,0.300555,1.0,192.839203,0.299514,1.0,192.993607,0.30014,1.0,191.772003,0.295125,1.0,190.035995,0.28835,1.0
BATCH_2_DAYLIGHT_Abnormal_2026-03-19T21-04-13-980303,BATCH 2 DAYLIGHT,train,5500,semiquant,Specific Gravity:1.005,Specific Gravity:1.005,,,Specific Gravity,1.005,BATCH_2_DAYLIGHT_Abnormal_2026-03-19T21-04-13-980303_SEMIQUANT_FROM_BINARY.zip,1,1,0,,192.347198,0.29754,1.0,192.902405,0.29978,1.0,193.306396,0.301107,1.0,193.167999,0.300671,1.0,193.781601,0.303184,1.0,193.139206,0.300555,1.0,192.839203,0.299514,1.0,192.993607,0.30014,1.0,191.772003,0.295125,1.0,190.035995,0.28835,1.0
BATCH_2_DAYLIGHT_Abnormal_2026-03-19T21-04-13-980303,BATCH 2 DAYLIGHT,train,5500,semiquant,Ketone:8.0,Ketone:8.0,,,Ketone,8.0,BATCH_2_DAYLIGHT_Abnormal_2026-03-19T21-04-13-980303_SEMIQUANT_FROM_BINARY.zip,1,1,0,,192.347198,0.29754,1.0,192.902405,0.29978,1.0,193.306396,0.301107,1.0,193.167999,0.300671,1.0,193.781601,0.303184,1.0,193.139206,0.300555,1.0,192.839203,0.299514,1.0,192.993607,0.30014,1.0,191.772003,0.295125,1.0,190.035995,0.28835,1.0
BATCH_2_DAYLIGHT_Abnormal_2026-03-19T21-04-13-980303,BATCH 2 DAYLIGHT,train,5500,semiquant,Bilirubin:Moderate 50,Bilirubin:Moderate 50,,,Bilirubin,Moderate 50,BATCH_2_DAYLIGHT_Abnormal_2026-03-19T21-04-13-980303_SEMIQUANT_FROM_BINARY.zip,1,1,0,,192.347198,0.29754,1.0,192.902405,0.29978,1.0,193.306396,0.301107,1.0,193.167999,0.300671,1.0,193.781601,0.303184,1.0,193.139206,0.300555,1.0,192.839203,0.299514,1.0,192.993607,0.30014,1.0,191.772003,0.295125,1.0,190.035995,0.28835,1.0
BATCH_2_DAYLIGHT_Abnormal_2026-03-19T21-04-13-980303,BATCH 2 DAYLIGHT,train,5500,semiquant,Glucose:60 +++,Glucose:60 +++,,,Glucose,60 +++,BATCH_2_DAYLIGHT_Abnormal_2026-03-19T21-04-13-980303_SEMIQUANT_FROM_BINARY.zip,1,1,0,,192.347198,0.29754,1.0,192.902405,0.29978,1.0,193.306396,0.301107,1.0,193.167999,0.300671,1.0,193.781601,0.303184,1.0,193.139206,0.300555,1.0,192.839203,0.299514,1.0,192.993607,0.30014,1.0,191.772003,0.295125,1.0,190.035995,0.28835,1.0
BATCH_2_DAYLIGHT_Abnormal_2026-03-19T21-04-13-980303,BATCH 2 DAYLIGHT,train,5500,semiquant,Leukocytes:Moderate 125,Leukocytes:Moderate 125,,,Leukocytes,Moderate 125,BATCH_2_DAYLIGHT_Abnormal_2026-03-19T21-04-13-980303_SEMIQUANT_FROM_BINARY.zip,1,1,0,,253.142395,0.294911,1.0,253.531998,0.290747,1.0,253.584793,0.291393,1.0,253.435196,0.293336,1.0,253.0728,0.295598,1.0,253.115204,0.297037,1.0,253.070404,0.302678,1.0,252.712799,0.307333,1.0,252.868805,0.306657,1.0,252.024002,0.312844,1.0
BATCH_2_DAYLIGHT_Abnormal_2026-03-19T21-04-13-980303,BATCH 2 DAYLIGHT,train,5500,semiquant,Nitrite:Positive,Nitrite:Positive,,,Nitrite,Positive,BATCH_2_DAYLIGHT_Abnormal_2026-03-19T21-04-13-980303_SEMIQUANT_FROM_BINARY.zip,1,1,0,,253.142395,0.294911,1.0,253.531998,0.290747,1.0,253.584793,0.291393,1.0,253.435196,0.293336,1.0,253.0728,0.295598,1.0,253.115204,0.297037,1.0,253.070404,0.302678,1.0,252.712799,0.307333,1.0,252.868805,0.306657,1.0,252.024002,0.312844,1.0
BATCH_2_DAYLIGHT_Abnormal_2026-03-19T21-04-13-980303,BATCH 2 DAYLIGHT,train,5500,semiquant,Urobilinogen:64,Urobilinogen:64,,,Urobilinogen,64,BATCH_2_DAYLIGHT_Abnormal_2026-03-19T21-04-13-980303_SEMIQUANT_FROM_BINARY.zip,1,1,0,,253.142395,0.294911,1.0,253.531998,0.290747,1.0,253.584793,0.291393,1.0,253.435196,0.293336,1.0,253.0728,0.295598,1.0,253.115204,0.297037,1.0,253.070404,0.302678,1.0,252.712799,0.307333,1.0,252.868805,0.306657,1.0,252.024002,0.312844,1.0
BATCH_2_DAYLIGHT_Abnormal_2026-03-19T21-04-13-980303,BATCH 2 DAYLIGHT,train,5500,semiquant,Protein:>=20.0,Protein:>=20.0,,,Protein,>=20.0,BATCH_2_DAYLIGHT_Abnormal_2026-03-19T21-04-13-980303_SEMIQUANT_FROM_BINARY.zip,1,1,0,,253.142395,0.294911,1.0,253.531998,0.290747,1.0,253.584793,0.291393,1.0,253.435196,0.293336,1.0,253.0728,0.295598,1.0,253.115204,0.297037,1.0,253.070404,0.302678,1.0,252.712799,0.307333,1.0,252.868805,0.306657,1.0,252.024002,0.312844,1.0
BATCH_2_DAYLIGHT_Abnormal_2026-03-19T21-04-13-980303,BATCH 2 DAYLIGHT,train,5500,semiquant,pH:7.0,pH:7.0,,,pH,7.0,BATCH_2_DAYLIGHT_Abnormal_2026-03-19T21-04-13-980303_SEMIQUANT_FROM_BINARY.zip,1,1,0,,253.142395,0.294911,1.0,253.531998,0.290747,1.0,253.584793,0.291393,1.0,253.435196,0.293336,1.0,253.0728,0.295598,1.0,253.115204,0.297037,1.0,253.070404,0.302678,1.0,252.712799,0.307333,1.0,252.868805,0.306657,1.0,252.024002,0.312844,1.0
BATCH_2_DAYLIGHT_Abnormal_2026-03-19T21-04-13-980303,BATCH 2 DAYLIGHT,train,5500,semiquant,Blood:Large 200,Blood:Large 200,,,Blood,Large 200,BATCH_2_DAYLIGHT_Abnormal_2026-03-19T21-04-13-980303_SEMIQUANT_FROM_BINARY.zip,1,1,0,,253.142395,0.294911,1.0,253.531998,0.290747,1.0,253.584793,0.291393,1.0,253.435196,0.293336,1.0,253.0728,0.295598,1.0,253.115204,0.297037,1.0,253.070404,0.302678,1.0,252.712799,0.307333,1.0,252.868805,0.306657,1.0,252.024002,0.312844,1.0
BATCH_2_DAYLIGHT_Abnormal_2026-03-19T21-04-13-980303,BATCH 2 DAYLIGHT,train,5500,semiquant,Specific Gravity:1.010,Specific Gravity:1.010,,,Specific Gravity,1.010,BATCH_2_DAYLIGHT_Abnormal_2026-03-19T21-04-13-980303_SEMIQUANT_FROM_BINARY.zip,1,1,0,,253.142395,0.294911,1.0,253.531998,0.290747,1.0,253.584793,0.291393,1.0,253.435196,0.293336,1.0,253.0728,0.295598,1.0,253.115204,0.297037,1.0,253.070404,0.302678,1.0,252.712799,0.307333,1.0,252.868805,0.306657,1.0,252.024002,0.312844,1.0
BATCH_2_DAYLIGHT_Abnormal_2026-03-19T21-04-13-980303,BATCH 2 DAYLIGHT,train,5500,semiquant,Ketone:Large 16,Ketone:Large 16,,,Ketone,Large 16,BATCH_2_DAYLIGHT_Abnormal_2026-03-19T21-04-13-980303_SEMIQUANT_FROM_BINARY.zip,1,1,0,,253.142395,0.294911,1.0,253.531998,0.290747,1.0,253.584793,0.291393,1.0,253.435196,0.293336,1.0,253.0728,0.295598,1.0,253.115204,0.297037,1.0,253.070404,0.302678,1.0,252.712799,0.307333,1.0,252.868805,0.306657,1.0,252.024002,0.312844,1.0
BATCH_2_DAYLIGHT_Abnormal_2026-03-19T21-04-13-980303,BATCH 2 DAYLIGHT,train,5500,semiquant,Bilirubin:Large 100,Bilirubin:Large 100,,,Bilirubin,Large 100,BATCH_2_DAYLIGHT_Abnormal_2026-03-19T21-04-13-980303_SEMIQUANT_FROM_BINARY.zip,1,1,0,,253.142395,0.294911,1.0,253.531998,0.290747,1.0,253.584793,0.291393,1.0,253.435196,0.293336,1.0,253.0728,0.295598,1.0,253.115204,0.297037,1.0,253.070404,0.302678,1.0,252.712799,0.307333,1.0,252.868805,0.306657,1.0,252.024002,0.312844,1.0
BATCH_2_DAYLIGHT_Abnormal_2026-03-19T21-04-13-980303,BATCH 2 DAYLIGHT,train,5500,semiquant,Glucose:110 ++++,Glucose:110 ++++,,,Glucose,110 ++++,BATCH_2_DAYLIGHT_Abnormal_2026-03-19T21-04-13-980303_SEMIQUANT_FROM_BINARY.zip,1,1,0,,253.142395,0.294911,1.0,253.531998,0.290747,1.0,253.584793,0.291393,1.0,253.435196,0.293336,1.0,253.0728,0.295598,1.0,253.115204,0.297037,1.0,253.070404,0.302678,1.0,252.712799,0.307333,1.0,252.868805,0.306657,1.0,252.024002,0.312844,1.0
BATCH_2_DAYLIGHT_Abnormal_2026-03-19T21-04-13-980303,BATCH 2 DAYLIGHT,train,5500,semiquant,Leukocytes:Large 500,Leukocytes:Large 500,,,Leukocytes,Large 500,BATCH_2_DAYLIGHT_Abnormal_2026-03-19T21-04-13-980303_SEMIQUANT_FROM_BINARY.zip,1,1,0,,42.035999,0.236635,0.618478,40.028801,0.135418,0.621161,26.895201,0.110373,0.702025,32.361599,0.101205,0.666974,25.846399,0.035082,0.691791,69.2248,0.006814,0.689801,23.74,0.002485,0.197619,0.0,0.0,0.0,0.0,0.0,0.0,0.0,0.0,0.0
BATCH_2_DAYLIGHT_Abnormal_2026-03-19T21-04-13-980303,BATCH 2 DAYLIGHT,train,5500,semiquant,Nitrite:Positive,Nitrite:Positive,,,Nitrite,Positive,BATCH_2_DAYLIGHT_Abnormal_2026-03-19T21-04-13-980303_SEMIQUANT_FROM_BINARY.zip,1,1,0,,42.035999,0.236635,0.618478,40.028801,0.135418,0.621161,26.895201,0.110373,0.702025,32.361599,0.101205,0.666974,25.846399,0.035082,0.691791,69.2248,0.006814,0.689801,23.74,0.002485,0.197619,0.0,0.0,0.0,0.0,0.0,0.0,0.0,0.0,0.0
BATCH_2_DAYLIGHT_Abnormal_2026-03-19T21-04-13-980303,BATCH 2 DAYLIGHT,train,5500,semiquant,Urobilinogen:128,Urobilinogen:128,,,Urobilinogen,128,BATCH_2_DAYLIGHT_Abnormal_2026-03-19T21-04-13-980303_SEMIQUANT_FROM_BINARY.zip,1,1,0,,42.035999,0.236635,0.618478,40.028801,0.135418,0.621161,26.895201,0.110373,0.702025,32.361599,0.101205,0.666974,25.846399,0.035082,0.691791,69.2248,0.006814,0.689801,23.74,0.002485,0.197619,0.0,0.0,0.0,0.0,0.0,0.0,0.0,0.0,0.0
BATCH_2_DAYLIGHT_Abnormal_2026-03-19T21-04-13-980303,BATCH 2 DAYLIGHT,train,5500,semiquant,Protein:Trace,Protein:Trace,,,Protein,Trace,BATCH_2_DAYLIGHT_Abnormal_2026-03-19T21-04-13-980303_SEMIQUANT_FROM_BINARY.zip,1,1,0,,42.035999,0.236635,0.618478,40.028801,0.135418,0.621161,26.895201,0.110373,0.702025,32.361599,0.101205,0.666974,25.846399,0.035082,0.691791,69.2248,0.006814,0.689801,23.74,0.002485,0.197619,0.0,0.0,0.0,0.0,0.0,0.0,0.0,0.0,0.0
BATCH_2_DAYLIGHT_Abnormal_2026-03-19T21-04-13-980303,BATCH 2 DAYLIGHT,train,5500,semiquant,pH:7.5,pH:7.5,,,pH,7.5,BATCH_2_DAYLIGHT_Abnormal_2026-03-19T21-04-13-980303_SEMIQUANT_FROM_BINARY.zip,1,1,0,,42.035999,0.236635,0.618478,40.028801,0.135418,0.621161,26.895201,0.110373,0.702025,32.361599,0.101205,0.666974,25.846399,0.035082,0.691791,69.2248,0.006814,0.689801,23.74,0.002485,0.197619,0.0,0.0,0.0,0.0,0.0,0.0,0.0,0.0,0.0
BATCH_2_DAYLIGHT_Abnormal_2026-03-19T21-04-13-980303,BATCH 2 DAYLIGHT,train,5500,semiquant,Blood:Non-hemolyzed 10,Blood:Non-hemolyzed 10,,,Blood,Non-hemolyzed 10,BATCH_2_DAYLIGHT_Abnormal_2026-03-19T21-04-13-980303_SEMIQUANT_FROM_BINARY.zip,1,1,0,,42.035999,0.236635,0.618478,40.028801,0.135418,0.621161,26.895201,0.110373,0.702025,32.361599,0.101205,0.666974,25.846399,0.035082,0.691791,69.2248,0.006814,0.689801,23.74,0.002485,0.197619,0.0,0.0,0.0,0.0,0.0,0.0,0.0,0.0,0.0
BATCH_2_DAYLIGHT_Abnormal_2026-03-19T21-04-13-980303,BATCH 2 DAYLIGHT,train,5500,semiquant,Specific Gravity:1.020,Specific Gravity:1.020,,,Specific Gravity,1.020,BATCH_2_DAYLIGHT_Abnormal_2026-03-19T21-04-13-980303_SEMIQUANT_FROM_BINARY.zip,1,1,0,,42.035999,0.236635,0.618478,40.028801,0.135418,0.621161,26.895201,0.110373,0.702025,32.361599,0.101205,0.666974,25.846399,0.035082,0.691791,69.2248,0.006814,0.689801,23.74,0.002485,0.197619,0.0,0.0,0.0,0.0,0.0,0.0,0.0,0.0,0.0
BATCH_2_DAYLIGHT_Abnormal_2026-03-19T21-04-13-980303,BATCH 2 DAYLIGHT,train,5500,semiquant,Ketone:Trace 0.5,Ketone:Trace 0.5,,,Ketone,Trace 0.5,BATCH_2_DAYLIGHT_Abnormal_2026-03-19T21-04-13-980303_SEMIQUANT_FROM_BINARY.zip,1,1,0,,42.035999,0.236635,0.618478,40.028801,0.135418,0.621161,26.895201,0.110373,0.702025,32.361599,0.101205,0.666974,25.846399,0.035082,0.691791,69.2248,0.006814,0.689801,23.74,0.002485,0.197619,0.0,0.0,0.0,0.0,0.0,0.0,0.0,0.0,0.0
BATCH_2_DAYLIGHT_Abnormal_2026-03-19T21-04-13-980303,BATCH 2 DAYLIGHT,train,5500,semiquant,Bilirubin:Small 17,Bilirubin:Small 17,,,Bilirubin,Small 17,BATCH_2_DAYLIGHT_Abnormal_2026-03-19T21-04-13-980303_SEMIQUANT_FROM_BINARY.zip,1,1,0,,42.035999,0.236635,0.618478,40.028801,0.135418,0.621161,26.895201,0.110373,0.702025,32.361599,0.101205,0.666974,25.846399,0.035082,0.691791,69.2248,0.006814,0.689801,23.74,0.002485,0.197619,0.0,0.0,0.0,0.0,0.0,0.0,0.0,0.0,0.0
BATCH_2_DAYLIGHT_Abnormal_2026-03-19T21-04-13-980303,BATCH 2 DAYLIGHT,train,5500,semiquant,Glucose:Trace 5,Glucose:Trace 5,,,Glucose,Trace 5,BATCH_2_DAYLIGHT_Abnormal_2026-03-19T21-04-13-980303_SEMIQUANT_FROM_BINARY.zip,1,1,0,,42.035999,0.236635,0.618478,40.028801,0.135418,0.621161,26.895201,0.110373,0.702025,32.361599,0.101205,0.666974,25.846399,0.035082,0.691791,69.2248,0.006814,0.689801,23.74,0.002485,0.197619,0.0,0.0,0.0,0.0,0.0,0.0,0.0,0.0,0.0
BATCH_2_DAYLIGHT_Abnormal_2026-03-19T21-04-13-980303,BATCH 2 DAYLIGHT,train,5500,semiquant,Leukocytes:Trace 15,Leukocytes:Trace 15,,,Leukocytes,Trace 15,BATCH_2_DAYLIGHT_Abnormal_2026-03-19T21-04-13-980303_SEMIQUANT_FROM_BINARY.zip,1,1,0,,44.206402,0.235796,0.617374,36.708801,0.13448,0.619495,29.6136,0.110974,0.699991,33.363201,0.101711,0.666649,16.679199,0.038143,0.68918,5.8528,0.003087,0.688444,1.7168,0.001239,0.197335,0.0,0.0,0.0,0.0,0.0,0.0,0.0,0.0,0.0
BATCH_2_DAYLIGHT_Abnormal_2026-03-19T21-04-13-980303,BATCH 2 DAYLIGHT,train,5500,semiquant,Nitrite:Positive,Nitrite:Positive,,,Nitrite,Positive,BATCH_2_DAYLIGHT_Abnormal_2026-03-19T21-04-13-980303_SEMIQUANT_FROM_BINARY.zip,1,1,0,,44.206402,0.235796,0.617374,36.708801,0.13448,0.619495,29.6136,0.110974,0.699991,33.363201,0.101711,0.666649,16.679199,0.038143,0.68918,5.8528,0.003087,0.688444,1.7168,0.001239,0.197335,0.0,0.0,0.0,0.0,0.0,0.0,0.0,0.0,0.0
BATCH_2_DAYLIGHT_Abnormal_2026-03-19T21-04-13-980303,BATCH 2 DAYLIGHT,train,5500,semiquant,Urobilinogen:16,Urobilinogen:16,,,Urobilinogen,16,BATCH_2_DAYLIGHT_Abnormal_2026-03-19T21-04-13-980303_SEMIQUANT_FROM_BINARY.zip,1,1,0,,44.206402,0.235796,0.617374,36.708801,0.13448,0.619495,29.6136,0.110974,0.699991,33.363201,0.101711,0.666649,16.679199,0.038143,0.68918,5.8528,0.003087,0.688444,1.7168,0.001239,0.197335,0.0,0.0,0.0,0.0,0.0,0.0,0.0,0.0,0.0
BATCH_2_DAYLIGHT_Abnormal_2026-03-19T21-04-13-980303,BATCH 2 DAYLIGHT,train,5500,semiquant,Protein:0.3,Protein:0.3,,,Protein,0.3,BATCH_2_DAYLIGHT_Abnormal_2026-03-19T21-04-13-980303_SEMIQUANT_FROM_BINARY.zip,1,1,0,,44.206402,0.235796,0.617374,36.708801,0.13448,0.619495,29.6136,0.110974,0.699991,33.363201,0.101711,0.666649,16.679199,0.038143,0.68918,5.8528,0.003087,0.688444,1.7168,0.001239,0.197335,0.0,0.0,0.0,0.0,0.0,0.0,0.0,0.0,0.0
BATCH_2_DAYLIGHT_Abnormal_2026-03-19T21-04-13-980303,BATCH 2 DAYLIGHT,train,5500,semiquant,pH:8.0,pH:8.0,,,pH,8.0,BATCH_2_DAYLIGHT_Abnormal_2026-03-19T21-04-13-980303_SEMIQUANT_FROM_BINARY.zip,1,1,0,,44.206402,0.235796,0.617374,36.708801,0.13448,0.619495,29.6136,0.110974,0.699991,33.363201,0.101711,0.666649,16.679199,0.038143,0.68918,5.8528,0.003087,0.688444,1.7168,0.001239,0.197335,0.0,0.0,0.0,0.0,0.0,0.0,0.0,0.0,0.0
BATCH_2_DAYLIGHT_Abnormal_2026-03-19T21-04-13-980303,BATCH 2 DAYLIGHT,train,5500,semiquant,Blood:Hemolyzed 10,Blood:Hemolyzed 10,,,Blood,Hemolyzed 10,BATCH_2_DAYLIGHT_Abnormal_2026-03-19T21-04-13-980303_SEMIQUANT_FROM_BINARY.zip,1,1,0,,44.206402,0.235796,0.617374,36.708801,0.13448,0.619495,29.6136,0.110974,0.699991,33.363201,0.101711,0.666649,16.679199,0.038143,0.68918,5.8528,0.003087,0.688444,1.7168,0.001239,0.197335,0.0,0.0,0.0,0.0,0.0,0.0,0.0,0.0,0.0
BATCH_2_DAYLIGHT_Abnormal_2026-03-19T21-04-13-980303,BATCH 2 DAYLIGHT,train,5500,semiquant,Specific Gravity:1.025,Specific Gravity:1.025,,,Specific Gravity,1.025,BATCH_2_DAYLIGHT_Abnormal_2026-03-19T21-04-13-980303_SEMIQUANT_FROM_BINARY.zip,1,1,0,,44.206402,0.235796,0.617374,36.708801,0.13448,0.619495,29.6136,0.110974,0.699991,33.363201,0.101711,0.666649,16.679199,0.038143,0.68918,5.8528,0.003087,0.688444,1.7168,0.001239,0.197335,0.0,0.0,0.0,0.0,0.0,0.0,0.0,0.0,0.0
BATCH_2_DAYLIGHT_Abnormal_2026-03-19T21-04-13-980303,BATCH 2 DAYLIGHT,train,5500,semiquant,Ketone:Small 1.5,Ketone:Small 1.5,,,Ketone,Small 1.5,BATCH_2_DAYLIGHT_Abnormal_2026-03-19T21-04-13-980303_SEMIQUANT_FROM_BINARY.zip,1,1,0,,44.206402,0.235796,0.617374,36.708801,0.13448,0.619495,29.6136,0.110974,0.699991,33.363201,0.101711,0.666649,16.679199,0.038143,0.68918,5.8528,0.003087,0.688444,1.7168,0.001239,0.197335,0.0,0.0,0.0,0.0,0.0,0.0,0.0,0.0,0.0
BATCH_2_DAYLIGHT_Abnormal_2026-03-19T21-04-13-980303,BATCH 2 DAYLIGHT,train,5500,semiquant,Bilirubin:Moderate 50,Bilirubin:Moderate 50,,,Bilirubin,Moderate 50,BATCH_2_DAYLIGHT_Abnormal_2026-03-19T21-04-13-980303_SEMIQUANT_FROM_BINARY.zip,1,1,0,,44.206402,0.235796,0.617374,36.708801,0.13448,0.619495,29.6136,0.110974,0.699991,33.363201,0.101711,0.666649,16.679199,0.038143,0.68918,5.8528,0.003087,0.688444,1.7168,0.001239,0.197335,0.0,0.0,0.0,0.0,0.0,0.0,0.0,0.0,0.0
BATCH_2_DAYLIGHT_Abnormal_2026-03-19T21-04-13-980303,BATCH 2 DAYLIGHT,train,5500,semiquant,Glucose:15 +,Glucose:15 +,,,Glucose,15 +,BATCH_2_DAYLIGHT_Abnormal_2026-03-19T21-04-13-980303_SEMIQUANT_FROM_BINARY.zip,1,1,0,,44.206402,0.235796,0.617374,36.708801,0.13448,0.619495,29.6136,0.110974,0.699991,33.363201,0.101711,0.666649,16.679199,0.038143,0.68918,5.8528,0.003087,0.688444,1.7168,0.001239,0.197335,0.0,0.0,0.0,0.0,0.0,0.0,0.0,0.0,0.0
BATCH_2_DAYLIGHT_Abnormal_2026-03-19T21-04-13-980303,BATCH 2 DAYLIGHT,train,5500,semiquant,Leukocytes:Small 70,Leukocytes:Small 70,,,Leukocytes,Small 70,BATCH_2_DAYLIGHT_Abnormal_2026-03-19T21-04-13-980303_SEMIQUANT_FROM_BINARY.zip,1,1,0,,45.1544,0.237358,0.61506,39.764,0.135137,0.619531,21.691999,0.110966,0.700395,39.749599,0.104205,0.666824,26.664,0.040872,0.688027,44.991199,0.004838,0.68939,16.784,0.001082,0.155555,0.0,0.0,0.0,0.0,0.0,0.0,0.0,0.0,0.0
BATCH_2_DAYLIGHT_Abnormal_2026-03-19T21-04-13-980303,BATCH 2 DAYLIGHT,train,5500,semiquant,Nitrite:Positive,Nitrite:Positive,,,Nitrite,Positive,BATCH_2_DAYLIGHT_Abnormal_2026-03-19T21-04-13-980303_SEMIQUANT_FROM_BINARY.zip,1,1,0,,45.1544,0.237358,0.61506,39.764,0.135137,0.619531,21.691999,0.110966,0.700395,39.749599,0.104205,0.666824,26.664,0.040872,0.688027,44.991199,0.004838,0.68939,16.784,0.001082,0.155555,0.0,0.0,0.0,0.0,0.0,0.0,0.0,0.0,0.0
BATCH_2_DAYLIGHT_Abnormal_2026-03-19T21-04-13-980303,BATCH 2 DAYLIGHT,train,5500,semiquant,Urobilinogen:32,Urobilinogen:32,,,Urobilinogen,32,BATCH_2_DAYLIGHT_Abnormal_2026-03-19T21-04-13-980303_SEMIQUANT_FROM_BINARY.zip,1,1,0,,45.1544,0.237358,0.61506,39.764,0.135137,0.619531,21.691999,0.110966,0.700395,39.749599,0.104205,0.666824,26.664,0.040872,0.688027,44.991199,0.004838,0.68939,16.784,0.001082,0.155555,0.0,0.0,0.0,0.0,0.0,0.0,0.0,0.0,0.0
BATCH_2_DAYLIGHT_Abnormal_2026-03-19T21-04-13-980303,BATCH 2 DAYLIGHT,train,5500,semiquant,Protein:1.0,Protein:1.0,,,Protein,1.0,BATCH_2_DAYLIGHT_Abnormal_2026-03-19T21-04-13-980303_SEMIQUANT_FROM_BINARY.zip,1,1,0,,45.1544,0.237358,0.61506,39.764,0.135137,0.619531,21.691999,0.110966,0.700395,39.749599,0.104205,0.666824,26.664,0.040872,0.688027,44.991199,0.004838,0.68939,16.784,0.001082,0.155555,0.0,0.0,0.0,0.0,0.0,0.0,0.0,0.0,0.0
BATCH_2_DAYLIGHT_Abnormal_2026-03-19T21-04-13-980303,BATCH 2 DAYLIGHT,train,5500,semiquant,pH:8.5,pH:8.5,,,pH,8.5,BATCH_2_DAYLIGHT_Abnormal_2026-03-19T21-04-13-980303_SEMIQUANT_FROM_BINARY.zip,1,1,0,,45.1544,0.237358,0.61506,39.764,0.135137,0.619531,21.691999,0.110966,0.700395,39.749599,0.104205,0.666824,26.664,0.040872,0.688027,44.991199,0.004838,0.68939,16.784,0.001082,0.155555,0.0,0.0,0.0,0.0,0.0,0.0,0.0,0.0,0.0
BATCH_2_DAYLIGHT_Abnormal_2026-03-19T21-04-13-980303,BATCH 2 DAYLIGHT,train,5500,semiquant,Blood:Small 25,Blood:Small 25,,,Blood,Small 25,BATCH_2_DAYLIGHT_Abnormal_2026-03-19T21-04-13-980303_SEMIQUANT_FROM_BINARY.zip,1,1,0,,45.1544,0.237358,0.61506,39.764,0.135137,0.619531,21.691999,0.110966,0.700395,39.749599,0.104205,0.666824,26.664,0.040872,0.688027,44.991199,0.004838,0.68939,16.784,0.001082,0.155555,0.0,0.0,0.0,0.0,0.0,0.0,0.0,0.0,0.0
BATCH_2_DAYLIGHT_Abnormal_2026-03-19T21-04-13-980303,BATCH 2 DAYLIGHT,train,5500,semiquant,Specific Gravity:1.030,Specific Gravity:1.030,,,Specific Gravity,1.030,BATCH_2_DAYLIGHT_Abnormal_2026-03-19T21-04-13-980303_SEMIQUANT_FROM_BINARY.zip,1,1,0,,45.1544,0.237358,0.61506,39.764,0.135137,0.619531,21.691999,0.110966,0.700395,39.749599,0.104205,0.666824,26.664,0.040872,0.688027,44.991199,0.004838,0.68939,16.784,0.001082,0.155555,0.0,0.0,0.0,0.0,0.0,0.0,0.0,0.0,0.0
BATCH_2_DAYLIGHT_Abnormal_2026-03-19T21-04-13-980303,BATCH 2 DAYLIGHT,train,5500,semiquant,Ketone:Moderate 4.0,Ketone:Moderate 4.0,,,Ketone,Moderate 4.0,BATCH_2_DAYLIGHT_Abnormal_2026-03-19T21-04-13-980303_SEMIQUANT_FROM_BINARY.zip,1,1,0,,45.1544,0.237358,0.61506,39.764,0.135137,0.619531,21.691999,0.110966,0.700395,39.749599,0.104205,0.666824,26.664,0.040872,0.688027,44.991199,0.004838,0.68939,16.784,0.001082,0.155555,0.0,0.0,0.0,0.0,0.0,0.0,0.0,0.0,0.0
BATCH_2_DAYLIGHT_Abnormal_2026-03-19T21-04-13-980303,BATCH 2 DAYLIGHT,train,5500,semiquant,Bilirubin:Large 100,Bilirubin:Large 100,,,Bilirubin,Large 100,BATCH_2_DAYLIGHT_Abnormal_2026-03-19T21-04-13-980303_SEMIQUANT_FROM_BINARY.zip,1,1,0,,45.1544,0.237358,0.61506,39.764,0.135137,0.619531,21.691999,0.110966,0.700395,39.749599,0.104205,0.666824,26.664,0.040872,0.688027,44.991199,0.004838,0.68939,16.784,0.001082,0.155555,0.0,0.0,0.0,0.0,0.0,0.0,0.0,0.0,0.0
BATCH_2_DAYLIGHT_Abnormal_2026-03-19T21-04-13-980303,BATCH 2 DAYLIGHT,train,5500,semiquant,Glucose:30 ++,Glucose:30 ++,,,Glucose,30 ++,BATCH_2_DAYLIGHT_Abnormal_2026-03-19T21-04-13-980303_SEMIQUANT_FROM_BINARY.zip,1,1,0,,45.1544,0.237358,0.61506,39.764,0.135137,0.619531,21.691999,0.110966,0.700395,39.749599,0.104205,0.666824,26.664,0.040872,0.688027,44.991199,0.004838,0.68939,16.784,0.001082,0.155555,0.0,0.0,0.0,0.0,0.0,0.0,0.0,0.0,0.0
BATCH_2_DAYLIGHT_Abnormal_2026-03-19T21-04-13-980303,BATCH 2 DAYLIGHT,train,5500,semiquant,Leukocytes:Moderate 125,Leukocytes:Moderate 125,,,Leukocytes,Moderate 125,BATCH_2_DAYLIGHT_Abnormal_2026-03-19T21-04-13-980303_SEMIQUANT_FROM_BINARY.zip,1,1,0,,41.162399,0.226111,0.622235,49.632801,0.126656,0.623735,28.041599,0.101967,0.701015,32.858398,0.093674,0.668822,15.3544,0.029917,0.691939,93.307198,0.005719,0.686877,12.756,0.000789,0.083747,0.0,0.0,0.0,0.0,0.0,0.0,0.0,0.0,0.0
BATCH_2_DAYLIGHT_Abnormal_2026-03-19T21-04-13-980303,BATCH 2 DAYLIGHT,train,5500,semiquant,Nitrite:Positive,Nitrite:Positive,,,Nitrite,Positive,BATCH_2_DAYLIGHT_Abnormal_2026-03-19T21-04-13-980303_SEMIQUANT_FROM_BINARY.zip,1,1,0,,41.162399,0.226111,0.622235,49.632801,0.126656,0.623735,28.041599,0.101967,0.701015,32.858398,0.093674,0.668822,15.3544,0.029917,0.691939,93.307198,0.005719,0.686877,12.756,0.000789,0.083747,0.0,0.0,0.0,0.0,0.0,0.0,0.0,0.0,0.0
BATCH_2_DAYLIGHT_Abnormal_2026-03-19T21-04-13-980303,BATCH 2 DAYLIGHT,train,5500,semiquant,Urobilinogen:64,Urobilinogen:64,,,Urobilinogen,64,BATCH_2_DAYLIGHT_Abnormal_2026-03-19T21-04-13-980303_SEMIQUANT_FROM_BINARY.zip,1,1,0,,41.162399,0.226111,0.622235,49.632801,0.126656,0.623735,28.041599,0.101967,0.701015,32.858398,0.093674,0.668822,15.3544,0.029917,0.691939,93.307198,0.005719,0.686877,12.756,0.000789,0.083747,0.0,0.0,0.0,0.0,0.0,0.0,0.0,0.0,0.0
BATCH_2_DAYLIGHT_Abnormal_2026-03-19T21-04-13-980303,BATCH 2 DAYLIGHT,train,5500,semiquant,Protein:3.0,Protein:3.0,,,Protein,3.0,BATCH_2_DAYLIGHT_Abnormal_2026-03-19T21-04-13-980303_SEMIQUANT_FROM_BINARY.zip,1,1,0,,41.162399,0.226111,0.622235,49.632801,0.126656,0.623735,28.041599,0.101967,0.701015,32.858398,0.093674,0.668822,15.3544,0.029917,0.691939,93.307198,0.005719,0.686877,12.756,0.000789,0.083747,0.0,0.0,0.0,0.0,0.0,0.0,0.0,0.0,0.0
BATCH_2_DAYLIGHT_Abnormal_2026-03-19T21-04-13-980303,BATCH 2 DAYLIGHT,train,5500,semiquant,pH:5.0,pH:5.0,,,pH,5.0,BATCH_2_DAYLIGHT_Abnormal_2026-03-19T21-04-13-980303_SEMIQUANT_FROM_BINARY.zip,1,1,0,,41.162399,0.226111,0.622235,49.632801,0.126656,0.623735,28.041599,0.101967,0.701015,32.858398,0.093674,0.668822,15.3544,0.029917,0.691939,93.307198,0.005719,0.686877,12.756,0.000789,0.083747,0.0,0.0,0.0,0.0,0.0,0.0,0.0,0.0,0.0
BATCH_2_DAYLIGHT_Abnormal_2026-03-19T21-04-13-980303,BATCH 2 DAYLIGHT,train,5500,semiquant,Blood:Moderate 80,Blood:Moderate 80,,,Blood,Moderate 80,BATCH_2_DAYLIGHT_Abnormal_2026-03-19T21-04-13-980303_SEMIQUANT_FROM_BINARY.zip,1,1,0,,41.162399,0.226111,0.622235,49.632801,0.126656,0.623735,28.041599,0.101967,0.701015,32.858398,0.093674,0.668822,15.3544,0.029917,0.691939,93.307198,0.005719,0.686877,12.756,0.000789,0.083747,0.0,0.0,0.0,0.0,0.0,0.0,0.0,0.0,0.0
BATCH_2_DAYLIGHT_Abnormal_2026-03-19T21-04-13-980303,BATCH 2 DAYLIGHT,train,5500,semiquant,Specific Gravity:1.000,Specific Gravity:1.000,,,Specific Gravity,1.000,BATCH_2_DAYLIGHT_Abnormal_2026-03-19T21-04-13-980303_SEMIQUANT_FROM_BINARY.zip,1,1,0,,41.162399,0.226111,0.622235,49.632801,0.126656,0.623735,28.041599,0.101967,0.701015,32.858398,0.093674,0.668822,15.3544,0.029917,0.691939,93.307198,0.005719,0.686877,12.756,0.000789,0.083747,0.0,0.0,0.0,0.0,0.0,0.0,0.0,0.0,0.0
BATCH_2_DAYLIGHT_Abnormal_2026-03-19T21-04-13-980303,BATCH 2 DAYLIGHT,train,5500,semiquant,Ketone:8.0,Ketone:8.0,,,Ketone,8.0,BATCH_2_DAYLIGHT_Abnormal_2026-03-19T21-04-13-980303_SEMIQUANT_FROM_BINARY.zip,1,1,0,,41.162399,0.226111,0.622235,49.632801,0.126656,0.623735,28.041599,0.101967,0.701015,32.858398,0.093674,0.668822,15.3544,0.029917,0.691939,93.307198,0.005719,0.686877,12.756,0.000789,0.083747,0.0,0.0,0.0,0.0,0.0,0.0,0.0,0.0,0.0
BATCH_2_DAYLIGHT_Abnormal_2026-03-19T21-04-13-980303,BATCH 2 DAYLIGHT,train,5500,semiquant,Bilirubin:Small 17,Bilirubin:Small 17,,,Bilirubin,Small 17,BATCH_2_DAYLIGHT_Abnormal_2026-03-19T21-04-13-980303_SEMIQUANT_FROM_BINARY.zip,1,1,0,,41.162399,0.226111,0.622235,49.632801,0.126656,0.623735,28.041599,0.101967,0.701015,32.858398,0.093674,0.668822,15.3544,0.029917,0.691939,93.307198,0.005719,0.686877,12.756,0.000789,0.083747,0.0,0.0,0.0,0.0,0.0,0.0,0.0,0.0,0.0
BATCH_2_DAYLIGHT_Abnormal_2026-03-19T21-04-13-980303,BATCH 2 DAYLIGHT,train,5500,semiquant,Glucose:60 +++,Glucose:60 +++,,,Glucose,60 +++,BATCH_2_DAYLIGHT_Abnormal_2026-03-19T21-04-13-980303_SEMIQUANT_FROM_BINARY.zip,1,1,0,,41.162399,0.226111,0.622235,49.632801,0.126656,0.623735,28.041599,0.101967,0.701015,32.858398,0.093674,0.668822,15.3544,0.029917,0.691939,93.307198,0.005719,0.686877,12.756,0.000789,0.083747,0.0,0.0,0.0,0.0,0.0,0.0,0.0,0.0,0.0
BATCH_2_DAYLIGHT_Abnormal_2026-03-19T21-04-13-980303,BATCH 2 DAYLIGHT,train,5500,semiquant,Leukocytes:Large 500,Leukocytes:Large 500,,,Leukocytes,Large 500,BATCH_2_DAYLIGHT_Abnormal_2026-03-19T21-04-13-980303_SEMIQUANT_FROM_BINARY.zip,1,1,0,,40.7696,0.234488,0.617904,33.8512,0.134568,0.621021,35.222401,0.113492,0.700631,33.541599,0.107118,0.665333,15.3632,0.042896,0.688797,6.736,0.00509,0.691487,7.524,0.001686,0.232748,0.0,0.0,0.0,0.0,0.0,0.0,0.0,0.0,0.0
BATCH_2_DAYLIGHT_Abnormal_2026-03-19T21-04-13-980303,BATCH 2 DAYLIGHT,train,5500,semiquant,Nitrite:Positive,Nitrite:Positive,,,Nitrite,Positive,BATCH_2_DAYLIGHT_Abnormal_2026-03-19T21-04-13-980303_SEMIQUANT_FROM_BINARY.zip,1,1,0,,40.7696,0.234488,0.617904,33.8512,0.134568,0.621021,35.222401,0.113492,0.700631,33.541599,0.107118,0.665333,15.3632,0.042896,0.688797,6.736,0.00509,0.691487,7.524,0.001686,0.232748,0.0,0.0,0.0,0.0,0.0,0.0,0.0,0.0,0.0
BATCH_2_DAYLIGHT_Abnormal_2026-03-19T21-04-13-980303,BATCH 2 DAYLIGHT,train,5500,semiquant,Urobilinogen:128,Urobilinogen:128,,,Urobilinogen,128,BATCH_2_DAYLIGHT_Abnormal_2026-03-19T21-04-13-980303_SEMIQUANT_FROM_BINARY.zip,1,1,0,,40.7696,0.234488,0.617904,33.8512,0.134568,0.621021,35.222401,0.113492,0.700631,33.541599,0.107118,0.665333,15.3632,0.042896,0.688797,6.736,0.00509,0.691487,7.524,0.001686,0.232748,0.0,0.0,0.0,0.0,0.0,0.0,0.0,0.0,0.0
BATCH_2_DAYLIGHT_Abnormal_2026-03-19T21-04-13-980303,BATCH 2 DAYLIGHT,train,5500,semiquant,Protein:>=20.0,Protein:>=20.0,,,Protein,>=20.0,BATCH_2_DAYLIGHT_Abnormal_2026-03-19T21-04-13-980303_SEMIQUANT_FROM_BINARY.zip,1,1,0,,40.7696,0.234488,0.617904,33.8512,0.134568,0.621021,35.222401,0.113492,0.700631,33.541599,0.107118,0.665333,15.3632,0.042896,0.688797,6.736,0.00509,0.691487,7.524,0.001686,0.232748,0.0,0.0,0.0,0.0,0.0,0.0,0.0,0.0,0.0
BATCH_2_DAYLIGHT_Abnormal_2026-03-19T21-04-13-980303,BATCH 2 DAYLIGHT,train,5500,semiquant,pH:6.5,pH:6.5,,,pH,6.5,BATCH_2_DAYLIGHT_Abnormal_2026-03-19T21-04-13-980303_SEMIQUANT_FROM_BINARY.zip,1,1,0,,40.7696,0.234488,0.617904,33.8512,0.134568,0.621021,35.222401,0.113492,0.700631,33.541599,0.107118,0.665333,15.3632,0.042896,0.688797,6.736,0.00509,0.691487,7.524,0.001686,0.232748,0.0,0.0,0.0,0.0,0.0,0.0,0.0,0.0,0.0
BATCH_2_DAYLIGHT_Abnormal_2026-03-19T21-04-13-980303,BATCH 2 DAYLIGHT,train,5500,semiquant,Blood:Large 200,Blood:Large 200,,,Blood,Large 200,BATCH_2_DAYLIGHT_Abnormal_2026-03-19T21-04-13-980303_SEMIQUANT_FROM_BINARY.zip,1,1,0,,40.7696,0.234488,0.617904,33.8512,0.134568,0.621021,35.222401,0.113492,0.700631,33.541599,0.107118,0.665333,15.3632,0.042896,0.688797,6.736,0.00509,0.691487,7.524,0.001686,0.232748,0.0,0.0,0.0,0.0,0.0,0.0,0.0,0.0,0.0
BATCH_2_DAYLIGHT_Abnormal_2026-03-19T21-04-13-980303,BATCH 2 DAYLIGHT,train,5500,semiquant,Specific Gravity:1.005,Specific Gravity:1.005,,,Specific Gravity,1.005,BATCH_2_DAYLIGHT_Abnormal_2026-03-19T21-04-13-980303_SEMIQUANT_FROM_BINARY.zip,1,1,0,,40.7696,0.234488,0.617904,33.8512,0.134568,0.621021,35.222401,0.113492,0.700631,33.541599,0.107118,0.665333,15.3632,0.042896,0.688797,6.736,0.00509,0.691487,7.524,0.001686,0.232748,0.0,0.0,0.0,0.0,0.0,0.0,0.0,0.0,0.0
BATCH_2_DAYLIGHT_Abnormal_2026-03-19T21-04-13-980303,BATCH 2 DAYLIGHT,train,5500,semiquant,Ketone:Large 16,Ketone:Large 16,,,Ketone,Large 16,BATCH_2_DAYLIGHT_Abnormal_2026-03-19T21-04-13-980303_SEMIQUANT_FROM_BINARY.zip,1,1,0,,40.7696,0.234488,0.617904,33.8512,0.134568,0.621021,35.222401,0.113492,0.700631,33.541599,0.107118,0.665333,15.3632,0.042896,0.688797,6.736,0.00509,0.691487,7.524,0.001686,0.232748,0.0,0.0,0.0,0.0,0.0,0.0,0.0,0.0,0.0
BATCH_2_DAYLIGHT_Abnormal_2026-03-19T21-04-13-980303,BATCH 2 DAYLIGHT,train,5500,semiquant,Bilirubin:Moderate 50,Bilirubin:Moderate 50,,,Bilirubin,Moderate 50,BATCH_2_DAYLIGHT_Abnormal_2026-03-19T21-04-13-980303_SEMIQUANT_FROM_BINARY.zip,1,1,0,,40.7696,0.234488,0.617904,33.8512,0.134568,0.621021,35.222401,0.113492,0.700631,33.541599,0.107118,0.665333,15.3632,0.042896,0.688797,6.736,0.00509,0.691487,7.524,0.001686,0.232748,0.0,0.0,0.0,0.0,0.0,0.0,0.0,0.0,0.0
BATCH_2_DAYLIGHT_Abnormal_2026-03-19T21-04-13-980303,BATCH 2 DAYLIGHT,train,5500,semiquant,Glucose:110 ++++,Glucose:110 ++++,,,Glucose,110 ++++,BATCH_2_DAYLIGHT_Abnormal_2026-03-19T21-04-13-980303_SEMIQUANT_FROM_BINARY.zip,1,1,0,,40.7696,0.234488,0.617904,33.8512,0.134568,0.621021,35.222401,0.113492,0.700631,33.541599,0.107118,0.665333,15.3632,0.042896,0.688797,6.736,0.00509,0.691487,7.524,0.001686,0.232748,0.0,0.0,0.0,0.0,0.0,0.0,0.0,0.0,0.0
BATCH_2_DAYLIGHT_Abnormal_2026-03-19T21-04-13-980303,BATCH 2 DAYLIGHT,train,5500,semiquant,Leukocytes:Trace 15,Leukocytes:Trace 15,,,Leukocytes,Trace 15,BATCH_2_DAYLIGHT_Abnormal_2026-03-19T21-04-13-980303_SEMIQUANT_FROM_BINARY.zip,1,1,0,,253.9104,0.295769,1.0,254.024002,0.292706,1.0,253.510406,0.296496,1.0,253.869598,0.296902,1.0,253.960007,0.295647,1.0,254.232803,0.299967,1.0,253.783203,0.302806,1.0,252.935196,0.31006,1.0,253.499207,0.310042,1.0,252.875198,0.308519,1.0
BATCH_2_DAYLIGHT_Abnormal_2026-03-19T21-04-13-980303,BATCH 2 DAYLIGHT,train,5500,semiquant,Nitrite:Positive,Nitrite:Positive,,,Nitrite,Positive,BATCH_2_DAYLIGHT_Abnormal_2026-03-19T21-04-13-980303_SEMIQUANT_FROM_BINARY.zip,1,1,0,,253.9104,0.295769,1.0,254.024002,0.292706,1.0,253.510406,0.296496,1.0,253.869598,0.296902,1.0,253.960007,0.295647,1.0,254.232803,0.299967,1.0,253.783203,0.302806,1.0,252.935196,0.31006,1.0,253.499207,0.310042,1.0,252.875198,0.308519,1.0
BATCH_2_DAYLIGHT_Abnormal_2026-03-19T21-04-13-980303,BATCH 2 DAYLIGHT,train,5500,semiquant,Urobilinogen:16,Urobilinogen:16,,,Urobilinogen,16,BATCH_2_DAYLIGHT_Abnormal_2026-03-19T21-04-13-980303_SEMIQUANT_FROM_BINARY.zip,1,1,0,,253.9104,0.295769,1.0,254.024002,0.292706,1.0,253.510406,0.296496,1.0,253.869598,0.296902,1.0,253.960007,0.295647,1.0,254.232803,0.299967,1.0,253.783203,0.302806,1.0,252.935196,0.31006,1.0,253.499207,0.310042,1.0,252.875198,0.308519,1.0
BATCH_2_DAYLIGHT_Abnormal_2026-03-19T21-04-13-980303,BATCH 2 DAYLIGHT,train,5500,semiquant,Protein:Trace,Protein:Trace,,,Protein,Trace,BATCH_2_DAYLIGHT_Abnormal_2026-03-19T21-04-13-980303_SEMIQUANT_FROM_BINARY.zip,1,1,0,,253.9104,0.295769,1.0,254.024002,0.292706,1.0,253.510406,0.296496,1.0,253.869598,0.296902,1.0,253.960007,0.295647,1.0,254.232803,0.299967,1.0,253.783203,0.302806,1.0,252.935196,0.31006,1.0,253.499207,0.310042,1.0,252.875198,0.308519,1.0
BATCH_2_DAYLIGHT_Abnormal_2026-03-19T21-04-13-980303,BATCH 2 DAYLIGHT,train,5500,semiquant,pH:7.0,pH:7.0,,,pH,7.0,BATCH_2_DAYLIGHT_Abnormal_2026-03-19T21-04-13-980303_SEMIQUANT_FROM_BINARY.zip,1,1,0,,253.9104,0.295769,1.0,254.024002,0.292706,1.0,253.510406,0.296496,1.0,253.869598,0.296902,1.0,253.960007,0.295647,1.0,254.232803,0.299967,1.0,253.783203,0.302806,1.0,252.935196,0.31006,1.0,253.499207,0.310042,1.0,252.875198,0.308519,1.0
BATCH_2_DAYLIGHT_Abnormal_2026-03-19T21-04-13-980303,BATCH 2 DAYLIGHT,train,5500,semiquant,Blood:Non-hemolyzed 10,Blood:Non-hemolyzed 10,,,Blood,Non-hemolyzed 10,BATCH_2_DAYLIGHT_Abnormal_2026-03-19T21-04-13-980303_SEMIQUANT_FROM_BINARY.zip,1,1,0,,253.9104,0.295769,1.0,254.024002,0.292706,1.0,253.510406,0.296496,1.0,253.869598,0.296902,1.0,253.960007,0.295647,1.0,254.232803,0.299967,1.0,253.783203,0.302806,1.0,252.935196,0.31006,1.0,253.499207,0.310042,1.0,252.875198,0.308519,1.0
BATCH_2_DAYLIGHT_Abnormal_2026-03-19T21-04-13-980303,BATCH 2 DAYLIGHT,train,5500,semiquant,Specific Gravity:1.010,Specific Gravity:1.010,,,Specific Gravity,1.010,BATCH_2_DAYLIGHT_Abnormal_2026-03-19T21-04-13-980303_SEMIQUANT_FROM_BINARY.zip,1,1,0,,253.9104,0.295769,1.0,254.024002,0.292706,1.0,253.510406,0.296496,1.0,253.869598,0.296902,1.0,253.960007,0.295647,1.0,254.232803,0.299967,1.0,253.783203,0.302806,1.0,252.935196,0.31006,1.0,253.499207,0.310042,1.0,252.875198,0.308519,1.0
BATCH_2_DAYLIGHT_Abnormal_2026-03-19T21-04-13-980303,BATCH 2 DAYLIGHT,train,5500,semiquant,Ketone:Trace 0.5,Ketone:Trace 0.5,,,Ketone,Trace 0.5,BATCH_2_DAYLIGHT_Abnormal_2026-03-19T21-04-13-980303_SEMIQUANT_FROM_BINARY.zip,1,1,0,,253.9104,0.295769,1.0,254.024002,0.292706,1.0,253.510406,0.296496,1.0,253.869598,0.296902,1.0,253.960007,0.295647,1.0,254.232803,0.299967,1.0,253.783203,0.302806,1.0,252.935196,0.31006,1.0,253.499207,0.310042,1.0,252.875198,0.308519,1.0
BATCH_2_DAYLIGHT_Abnormal_2026-03-19T21-04-13-980303,BATCH 2 DAYLIGHT,train,5500,semiquant,Bilirubin:Large 100,Bilirubin:Large 100,,,Bilirubin,Large 100,BATCH_2_DAYLIGHT_Abnormal_2026-03-19T21-04-13-980303_SEMIQUANT_FROM_BINARY.zip,1,1,0,,253.9104,0.295769,1.0,254.024002,0.292706,1.0,253.510406,0.296496,1.0,253.869598,0.296902,1.0,253.960007,0.295647,1.0,254.232803,0.299967,1.0,253.783203,0.302806,1.0,252.935196,0.31006,1.0,253.499207,0.310042,1.0,252.875198,0.308519,1.0
BATCH_2_DAYLIGHT_Abnormal_2026-03-19T21-04-13-980303,BATCH 2 DAYLIGHT,train,5500,semiquant,Glucose:Trace 5,Glucose:Trace 5,,,Glucose,Trace 5,BATCH_2_DAYLIGHT_Abnormal_2026-03-19T21-04-13-980303_SEMIQUANT_FROM_BINARY.zip,1,1,0,,253.9104,0.295769,1.0,254.024002,0.292706,1.0,253.510406,0.296496,1.0,253.869598,0.296902,1.0,253.960007,0.295647,1.0,254.232803,0.299967,1.0,253.783203,0.302806,1.0,252.935196,0.31006,1.0,253.499207,0.310042,1.0,252.875198,0.308519,1.0
BATCH_2_DAYLIGHT_Normal_2026-03-19T21-01-11-204683,BATCH 2 DAYLIGHT,train,5500,semiquant,Leukocytes:Neg,Leukocytes:Neg,,,Leukocytes,Neg,BATCH_2_DAYLIGHT_Normal_2026-03-19T21-01-11-204683_SEMIQUANT_FROM_BINARY.zip,21,21,0,,256.757599,0.015133,0.7229,209.646393,0.011744,0.718204,190.367996,0.007976,0.720027,176.096802,0.009602,0.721195,197.492798,0.007286,0.71906,217.634399,0.009269,0.728135,226.592804,0.010623,0.714828,196.218399,0.007087,0.713881,194.104004,0.008058,0.715638,199.450394,0.008467,0.716317
BATCH_2_DAYLIGHT_Normal_2026-03-19T21-01-11-204683,BATCH 2 DAYLIGHT,train,5500,semiquant,Nitrite:Neg,Nitrite:Neg,,,Nitrite,Neg,BATCH_2_DAYLIGHT_Normal_2026-03-19T21-01-11-204683_SEMIQUANT_FROM_BINARY.zip,21,21,0,,256.757599,0.015133,0.7229,209.646393,0.011744,0.718204,190.367996,0.007976,0.720027,176.096802,0.009602,0.721195,197.492798,0.007286,0.71906,217.634399,0.009269,0.728135,226.592804,0.010623,0.714828,196.218399,0.007087,0.713881,194.104004,0.008058,0.715638,199.450394,0.008467,0.716317
BATCH_2_DAYLIGHT_Normal_2026-03-19T21-01-11-204683,BATCH 2 DAYLIGHT,train,5500,semiquant,Urobilinogen:3.2,Urobilinogen:3.2,,,Urobilinogen,3.2,BATCH_2_DAYLIGHT_Normal_2026-03-19T21-01-11-204683_SEMIQUANT_FROM_BINARY.zip,21,21,0,,256.757599,0.015133,0.7229,209.646393,0.011744,0.718204,190.367996,0.007976,0.720027,176.096802,0.009602,0.721195,197.492798,0.007286,0.71906,217.634399,0.009269,0.728135,226.592804,0.010623,0.714828,196.218399,0.007087,0.713881,194.104004,0.008058,0.715638,199.450394,0.008467,0.716317
BATCH_2_DAYLIGHT_Normal_2026-03-19T21-01-11-204683,BATCH 2 DAYLIGHT,train,5500,semiquant,Protein:Neg,Protein:Neg,,,Protein,Neg,BATCH_2_DAYLIGHT_Normal_2026-03-19T21-01-11-204683_SEMIQUANT_FROM_BINARY.zip,21,21,0,,256.757599,0.015133,0.7229,209.646393,0.011744,0.718204,190.367996,0.007976,0.720027,176.096802,0.009602,0.721195,197.492798,0.007286,0.71906,217.634399,0.009269,0.728135,226.592804,0.010623,0.714828,196.218399,0.007087,0.713881,194.104004,0.008058,0.715638,199.450394,0.008467,0.716317
BATCH_2_DAYLIGHT_Normal_2026-03-19T21-01-11-204683,BATCH 2 DAYLIGHT,train,5500,semiquant,pH:6.0,pH:6.0,,,pH,6.0,BATCH_2_DAYLIGHT_Normal_2026-03-19T21-01-11-204683_SEMIQUANT_FROM_BINARY.zip,21,21,0,,256.757599,0.015133,0.7229,209.646393,0.011744,0.718204,190.367996,0.007976,0.720027,176.096802,0.009602,0.721195,197.492798,0.007286,0.71906,217.634399,0.009269,0.728135,226.592804,0.010623,0.714828,196.218399,0.007087,0.713881,194.104004,0.008058,0.715638,199.450394,0.008467,0.716317
BATCH_2_DAYLIGHT_Normal_2026-03-19T21-01-11-204683,BATCH 2 DAYLIGHT,train,5500,semiquant,Blood:Neg,Blood:Neg,,,Blood,Neg,BATCH_2_DAYLIGHT_Normal_2026-03-19T21-01-11-204683_SEMIQUANT_FROM_BINARY.zip,21,21,0,,256.757599,0.015133,0.7229,209.646393,0.011744,0.718204,190.367996,0.007976,0.720027,176.096802,0.009602,0.721195,197.492798,0.007286,0.71906,217.634399,0.009269,0.728135,226.592804,0.010623,0.714828,196.218399,0.007087,0.713881,194.104004,0.008058,0.715638,199.450394,0.008467,0.716317
BATCH_2_DAYLIGHT_Normal_2026-03-19T21-01-11-204683,BATCH 2 DAYLIGHT,train,5500,semiquant,Specific Gravity:1.015,Specific Gravity:1.015,,,Specific Gravity,1.015,BATCH_2_DAYLIGHT_Normal_2026-03-19T21-01-11-204683_SEMIQUANT_FROM_BINARY.zip,21,21,0,,256.757599,0.015133,0.7229,209.646393,0.011744,0.718204,190.367996,0.007976,0.720027,176.096802,0.009602,0.721195,197.492798,0.007286,0.71906,217.634399,0.009269,0.728135,226.592804,0.010623,0.714828,196.218399,0.007087,0.713881,194.104004,0.008058,0.715638,199.450394,0.008467,0.716317
BATCH_2_DAYLIGHT_Normal_2026-03-19T21-01-11-204683,BATCH 2 DAYLIGHT,train,5500,semiquant,Ketone:Neg,Ketone:Neg,,,Ketone,Neg,BATCH_2_DAYLIGHT_Normal_2026-03-19T21-01-11-204683_SEMIQUANT_FROM_BINARY.zip,21,21,0,,256.757599,0.015133,0.7229,209.646393,0.011744,0.718204,190.367996,0.007976,0.720027,176.096802,0.009602,0.721195,197.492798,0.007286,0.71906,217.634399,0.009269,0.728135,226.592804,0.010623,0.714828,196.218399,0.007087,0.713881,194.104004,0.008058,0.715638,199.450394,0.008467,0.716317
BATCH_2_DAYLIGHT_Normal_2026-03-19T21-01-11-204683,BATCH 2 DAYLIGHT,train,5500,semiquant,Bilirubin:Neg,Bilirubin:Neg,,,Bilirubin,Neg,BATCH_2_DAYLIGHT_Normal_2026-03-19T21-01-11-204683_SEMIQUANT_FROM_BINARY.zip,21,21,0,,256.757599,0.015133,0.7229,209.646393,0.011744,0.718204,190.367996,0.007976,0.720027,176.096802,0.009602,0.721195,197.492798,0.007286,0.71906,217.634399,0.009269,0.728135,226.592804,0.010623,0.714828,196.218399,0.007087,0.713881,194.104004,0.008058,0.715638,199.450394,0.008467,0.716317
BATCH_2_DAYLIGHT_Normal_2026-03-19T21-01-11-204683,BATCH 2 DAYLIGHT,train,5500,semiquant,Glucose:Neg,Glucose:Neg,,,Glucose,Neg,BATCH_2_DAYLIGHT_Normal_2026-03-19T21-01-11-204683_SEMIQUANT_FROM_BINARY.zip,21,21,0,,256.757599,0.015133,0.7229,209.646393,0.011744,0.718204,190.367996,0.007976,0.720027,176.096802,0.009602,0.721195,197.492798,0.007286,0.71906,217.634399,0.009269,0.728135,226.592804,0.010623,0.714828,196.218399,0.007087,0.713881,194.104004,0.008058,0.715638,199.450394,0.008467,0.716317
BATCH_2_WARM_Abnormal_2026-03-19T21-02-23-497433,BATCH 2 WARM,train,2700,semiquant,Leukocytes:Trace 15,Leukocytes:Trace 15,,,Leukocytes,Trace 15,BATCH_2_WARM_Abnormal_2026-03-19T21-02-23-497433_SEMIQUANT_FROM_BINARY.zip,1,1,0,,180.040802,0.076665,0.681708,203.502396,0.064629,0.63846,204.860794,0.061164,0.672193,187.072006,0.081128,0.697067,219.525604,0.083001,0.649976,213.887207,0.013656,0.71134,0.0,0.0,0.0,0.0,0.0,0.0,0.0,0.0,0.0,0.0,0.0,0.0
BATCH_2_WARM_Abnormal_2026-03-19T21-02-23-497433,BATCH 2 WARM,train,2700,semiquant,Nitrite:Positive,Nitrite:Positive,,,Nitrite,Positive,BATCH_2_WARM_Abnormal_2026-03-19T21-02-23-497433_SEMIQUANT_FROM_BINARY.zip,1,1,0,,180.040802,0.076665,0.681708,203.502396,0.064629,0.63846,204.860794,0.061164,0.672193,187.072006,0.081128,0.697067,219.525604,0.083001,0.649976,213.887207,0.013656,0.71134,0.0,0.0,0.0,0.0,0.0,0.0,0.0,0.0,0.0,0.0,0.0,0.0
BATCH_2_WARM_Abnormal_2026-03-19T21-02-23-497433,BATCH 2 WARM,train,2700,semiquant,Urobilinogen:16,Urobilinogen:16,,,Urobilinogen,16,BATCH_2_WARM_Abnormal_2026-03-19T21-02-23-497433_SEMIQUANT_FROM_BINARY.zip,1,1,0,,180.040802,0.076665,0.681708,203.502396,0.064629,0.63846,204.860794,0.061164,0.672193,187.072006,0.081128,0.697067,219.525604,0.083001,0.649976,213.887207,0.013656,0.71134,0.0,0.0,0.0,0.0,0.0,0.0,0.0,0.0,0.0,0.0,0.0,0.0
BATCH_2_WARM_Abnormal_2026-03-19T21-02-23-497433,BATCH 2 WARM,train,2700,semiquant,Protein:Trace,Protein:Trace,,,Protein,Trace,BATCH_2_WARM_Abnormal_2026-03-19T21-02-23-497433_SEMIQUANT_FROM_BINARY.zip,1,1,0,,180.040802,0.076665,0.681708,203.502396,0.064629,0.63846,204.860794,0.061164,0.672193,187.072006,0.081128,0.697067,219.525604,0.083001,0.649976,213.887207,0.013656,0.71134,0.0,0.0,0.0,0.0,0.0,0.0,0.0,0.0,0.0,0.0,0.0,0.0
BATCH_2_WARM_Abnormal_2026-03-19T21-02-23-497433,BATCH 2 WARM,train,2700,semiquant,pH:5.0,pH:5.0,,,pH,5.0,BATCH_2_WARM_Abnormal_2026-03-19T21-02-23-497433_SEMIQUANT_FROM_BINARY.zip,1,1,0,,180.040802,0.076665,0.681708,203.502396,0.064629,0.63846,204.860794,0.061164,0.672193,187.072006,0.081128,0.697067,219.525604,0.083001,0.649976,213.887207,0.013656,0.71134,0.0,0.0,0.0,0.0,0.0,0.0,0.0,0.0,0.0,0.0,0.0,0.0
BATCH_2_WARM_Abnormal_2026-03-19T21-02-23-497433,BATCH 2 WARM,train,2700,semiquant,Blood:Non-hemolyzed 10,Blood:Non-hemolyzed 10,,,Blood,Non-hemolyzed 10,BATCH_2_WARM_Abnormal_2026-03-19T21-02-23-497433_SEMIQUANT_FROM_BINARY.zip,1,1,0,,180.040802,0.076665,0.681708,203.502396,0.064629,0.63846,204.860794,0.061164,0.672193,187.072006,0.081128,0.697067,219.525604,0.083001,0.649976,213.887207,0.013656,0.71134,0.0,0.0,0.0,0.0,0.0,0.0,0.0,0.0,0.0,0.0,0.0,0.0
BATCH_2_WARM_Abnormal_2026-03-19T21-02-23-497433,BATCH 2 WARM,train,2700,semiquant,Specific Gravity:1.000,Specific Gravity:1.000,,,Specific Gravity,1.000,BATCH_2_WARM_Abnormal_2026-03-19T21-02-23-497433_SEMIQUANT_FROM_BINARY.zip,1,1,0,,180.040802,0.076665,0.681708,203.502396,0.064629,0.63846,204.860794,0.061164,0.672193,187.072006,0.081128,0.697067,219.525604,0.083001,0.649976,213.887207,0.013656,0.71134,0.0,0.0,0.0,0.0,0.0,0.0,0.0,0.0,0.0,0.0,0.0,0.0
BATCH_2_WARM_Abnormal_2026-03-19T21-02-23-497433,BATCH 2 WARM,train,2700,semiquant,Ketone:Trace 0.5,Ketone:Trace 0.5,,,Ketone,Trace 0.5,BATCH_2_WARM_Abnormal_2026-03-19T21-02-23-497433_SEMIQUANT_FROM_BINARY.zip,1,1,0,,180.040802,0.076665,0.681708,203.502396,0.064629,0.63846,204.860794,0.061164,0.672193,187.072006,0.081128,0.697067,219.525604,0.083001,0.649976,213.887207,0.013656,0.71134,0.0,0.0,0.0,0.0,0.0,0.0,0.0,0.0,0.0,0.0,0.0,0.0
BATCH_2_WARM_Abnormal_2026-03-19T21-02-23-497433,BATCH 2 WARM,train,2700,semiquant,Bilirubin:Small 17,Bilirubin:Small 17,,,Bilirubin,Small 17,BATCH_2_WARM_Abnormal_2026-03-19T21-02-23-497433_SEMIQUANT_FROM_BINARY.zip,1,1,0,,180.040802,0.076665,0.681708,203.502396,0.064629,0.63846,204.860794,0.061164,0.672193,187.072006,0.081128,0.697067,219.525604,0.083001,0.649976,213.887207,0.013656,0.71134,0.0,0.0,0.0,0.0,0.0,0.0,0.0,0.0,0.0,0.0,0.0,0.0
BATCH_2_WARM_Abnormal_2026-03-19T21-02-23-497433,BATCH 2 WARM,train,2700,semiquant,Glucose:Trace 5,Glucose:Trace 5,,,Glucose,Trace 5,BATCH_2_WARM_Abnormal_2026-03-19T21-02-23-497433_SEMIQUANT_FROM_BINARY.zip,1,1,0,,180.040802,0.076665,0.681708,203.502396,0.064629,0.63846,204.860794,0.061164,0.672193,187.072006,0.081128,0.697067,219.525604,0.083001,0.649976,213.887207,0.013656,0.71134,0.0,0.0,0.0,0.0,0.0,0.0,0.0,0.0,0.0,0.0,0.0,0.0
BATCH_2_WARM_Abnormal_2026-03-19T21-02-23-497433,BATCH 2 WARM,train,2700,semiquant,Leukocytes:Small 70,Leukocytes:Small 70,,,Leukocytes,Small 70,BATCH_2_WARM_Abnormal_2026-03-19T21-02-23-497433_SEMIQUANT_FROM_BINARY.zip,1,1,0,,26.913601,0.0809,0.680737,58.348801,0.068318,0.638342,41.480801,0.061965,0.672389,102.084801,0.079172,0.697038,125.660797,0.076822,0.654535,130.637604,0.012864,0.708729,0.0,0.0,0.0,0.0,0.0,0.0,0.0,0.0,0.0,0.0,0.0,0.0
BATCH_2_WARM_Abnormal_2026-03-19T21-02-23-497433,BATCH 2 WARM,train,2700,semiquant,Nitrite:Positive,Nitrite:Positive,,,Nitrite,Positive,BATCH_2_WARM_Abnormal_2026-03-19T21-02-23-497433_SEMIQUANT_FROM_BINARY.zip,1,1,0,,26.913601,0.0809,0.680737,58.348801,0.068318,0.638342,41.480801,0.061965,0.672389,102.084801,0.079172,0.697038,125.660797,0.076822,0.654535,130.637604,0.012864,0.708729,0.0,0.0,0.0,0.0,0.0,0.0,0.0,0.0,0.0,0.0,0.0,0.0
BATCH_2_WARM_Abnormal_2026-03-19T21-02-23-497433,BATCH 2 WARM,train,2700,semiquant,Urobilinogen:32,Urobilinogen:32,,,Urobilinogen,32,BATCH_2_WARM_Abnormal_2026-03-19T21-02-23-497433_SEMIQUANT_FROM_BINARY.zip,1,1,0,,26.913601,0.0809,0.680737,58.348801,0.068318,0.638342,41.480801,0.061965,0.672389,102.084801,0.079172,0.697038,125.660797,0.076822,0.654535,130.637604,0.012864,0.708729,0.0,0.0,0.0,0.0,0.0,0.0,0.0,0.0,0.0,0.0,0.0,0.0
BATCH_2_WARM_Abnormal_2026-03-19T21-02-23-497433,BATCH 2 WARM,train,2700,semiquant,Protein:0.3,Protein:0.3,,,Protein,0.3,BATCH_2_WARM_Abnormal_2026-03-19T21-02-23-497433_SEMIQUANT_FROM_BINARY.zip,1,1,0,,26.913601,0.0809,0.680737,58.348801,0.068318,0.638342,41.480801,0.061965,0.672389,102.084801,0.079172,0.697038,125.660797,0.076822,0.654535,130.637604,0.012864,0.708729,0.0,0.0,0.0,0.0,0.0,0.0,0.0,0.0,0.0,0.0,0.0,0.0
BATCH_2_WARM_Abnormal_2026-03-19T21-02-23-497433,BATCH 2 WARM,train,2700,semiquant,pH:6.5,pH:6.5,,,pH,6.5,BATCH_2_WARM_Abnormal_2026-03-19T21-02-23-497433_SEMIQUANT_FROM_BINARY.zip,1,1,0,,26.913601,0.0809,0.680737,58.348801,0.068318,0.638342,41.480801,0.061965,0.672389,102.084801,0.079172,0.697038,125.660797,0.076822,0.654535,130.637604,0.012864,0.708729,0.0,0.0,0.0,0.0,0.0,0.0,0.0,0.0,0.0,0.0,0.0,0.0
BATCH_2_WARM_Abnormal_2026-03-19T21-02-23-497433,BATCH 2 WARM,train,2700,semiquant,Blood:Hemolyzed 10,Blood:Hemolyzed 10,,,Blood,Hemolyzed 10,BATCH_2_WARM_Abnormal_2026-03-19T21-02-23-497433_SEMIQUANT_FROM_BINARY.zip,1,1,0,,26.913601,0.0809,0.680737,58.348801,0.068318,0.638342,41.480801,0.061965,0.672389,102.084801,0.079172,0.697038,125.660797,0.076822,0.654535,130.637604,0.012864,0.708729,0.0,0.0,0.0,0.0,0.0,0.0,0.0,0.0,0.0,0.0,0.0,0.0
BATCH_2_WARM_Abnormal_2026-03-19T21-02-23-497433,BATCH 2 WARM,train,2700,semiquant,Specific Gravity:1.005,Specific Gravity:1.005,,,Specific Gravity,1.005,BATCH_2_WARM_Abnormal_2026-03-19T21-02-23-497433_SEMIQUANT_FROM_BINARY.zip,1,1,0,,26.913601,0.0809,0.680737,58.348801,0.068318,0.638342,41.480801,0.061965,0.672389,102.084801,0.079172,0.697038,125.660797,0.076822,0.654535,130.637604,0.012864,0.708729,0.0,0.0,0.0,0.0,0.0,0.0,0.0,0.0,0.0,0.0,0.0,0.0
BATCH_2_WARM_Abnormal_2026-03-19T21-02-23-497433,BATCH 2 WARM,train,2700,semiquant,Ketone:Small 1.5,Ketone:Small 1.5,,,Ketone,Small 1.5,BATCH_2_WARM_Abnormal_2026-03-19T21-02-23-497433_SEMIQUANT_FROM_BINARY.zip,1,1,0,,26.913601,0.0809,0.680737,58.348801,0.068318,0.638342,41.480801,0.061965,0.672389,102.084801,0.079172,0.697038,125.660797,0.076822,0.654535,130.637604,0.012864,0.708729,0.0,0.0,0.0,0.0,0.0,0.0,0.0,0.0,0.0,0.0,0.0,0.0
BATCH_2_WARM_Abnormal_2026-03-19T21-02-23-497433,BATCH 2 WARM,train,2700,semiquant,Bilirubin:Moderate 50,Bilirubin:Moderate 50,,,Bilirubin,Moderate 50,BATCH_2_WARM_Abnormal_2026-03-19T21-02-23-497433_SEMIQUANT_FROM_BINARY.zip,1,1,0,,26.913601,0.0809,0.680737,58.348801,0.068318,0.638342,41.480801,0.061965,0.672389,102.084801,0.079172,0.697038,125.660797,0.076822,0.654535,130.637604,0.012864,0.708729,0.0,0.0,0.0,0.0,0.0,0.0,0.0,0.0,0.0,0.0,0.0,0.0
BATCH_2_WARM_Abnormal_2026-03-19T21-02-23-497433,BATCH 2 WARM,train,2700,semiquant,Glucose:15 +,Glucose:15 +,,,Glucose,15 +,BATCH_2_WARM_Abnormal_2026-03-19T21-02-23-497433_SEMIQUANT_FROM_BINARY.zip,1,1,0,,26.913601,0.0809,0.680737,58.348801,0.068318,0.638342,41.480801,0.061965,0.672389,102.084801,0.079172,0.697038,125.660797,0.076822,0.654535,130.637604,0.012864,0.708729,0.0,0.0,0.0,0.0,0.0,0.0,0.0,0.0,0.0,0.0,0.0,0.0
BATCH_2_WARM_Abnormal_2026-03-19T21-02-23-497433,BATCH 2 WARM,train,2700,semiquant,Leukocytes:Moderate 125,Leukocytes:Moderate 125,,,Leukocytes,Moderate 125,BATCH_2_WARM_Abnormal_2026-03-19T21-02-23-497433_SEMIQUANT_FROM_BINARY.zip,1,1,0,,27.1728,0.078602,0.6807,78.643204,0.068141,0.638911,62.3176,0.061202,0.671867,87.048798,0.081663,0.696566,154.546402,0.081725,0.65101,136.198395,0.011859,0.709009,0.0,0.0,0.0,0.0,0.0,0.0,0.0,0.0,0.0,0.0,0.0,0.0
BATCH_2_WARM_Abnormal_2026-03-19T21-02-23-497433,BATCH 2 WARM,train,2700,semiquant,Nitrite:Positive,Nitrite:Positive,,,Nitrite,Positive,BATCH_2_WARM_Abnormal_2026-03-19T21-02-23-497433_SEMIQUANT_FROM_BINARY.zip,1,1,0,,27.1728,0.078602,0.6807,78.643204,0.068141,0.638911,62.3176,0.061202,0.671867,87.048798,0.081663,0.696566,154.546402,0.081725,0.65101,136.198395,0.011859,0.709009,0.0,0.0,0.0,0.0,0.0,0.0,0.0,0.0,0.0,0.0,0.0,0.0
BATCH_2_WARM_Abnormal_2026-03-19T21-02-23-497433,BATCH 2 WARM,train,2700,semiquant,Urobilinogen:64,Urobilinogen:64,,,Urobilinogen,64,BATCH_2_WARM_Abnormal_2026-03-19T21-02-23-497433_SEMIQUANT_FROM_BINARY.zip,1,1,0,,27.1728,0.078602,0.6807,78.643204,0.068141,0.638911,62.3176,0.061202,0.671867,87.048798,0.081663,0.696566,154.546402,0.081725,0.65101,136.198395,0.011859,0.709009,0.0,0.0,0.0,0.0,0.0,0.0,0.0,0.0,0.0,0.0,0.0,0.0
BATCH_2_WARM_Abnormal_2026-03-19T21-02-23-497433,BATCH 2 WARM,train,2700,semiquant,Protein:1.0,Protein:1.0,,,Protein,1.0,BATCH_2_WARM_Abnormal_2026-03-19T21-02-23-497433_SEMIQUANT_FROM_BINARY.zip,1,1,0,,27.1728,0.078602,0.6807,78.643204,0.068141,0.638911,62.3176,0.061202,0.671867,87.048798,0.081663,0.696566,154.546402,0.081725,0.65101,136.198395,0.011859,0.709009,0.0,0.0,0.0,0.0,0.0,0.0,0.0,0.0,0.0,0.0,0.0,0.0
BATCH_2_WARM_Abnormal_2026-03-19T21-02-23-497433,BATCH 2 WARM,train,2700,semiquant,pH:7.0,pH:7.0,,,pH,7.0,BATCH_2_WARM_Abnormal_2026-03-19T21-02-23-497433_SEMIQUANT_FROM_BINARY.zip,1,1,0,,27.1728,0.078602,0.6807,78.643204,0.068141,0.638911,62.3176,0.061202,0.671867,87.048798,0.081663,0.696566,154.546402,0.081725,0.65101,136.198395,0.011859,0.709009,0.0,0.0,0.0,0.0,0.0,0.0,0.0,0.0,0.0,0.0,0.0,0.0
BATCH_2_WARM_Abnormal_2026-03-19T21-02-23-497433,BATCH 2 WARM,train,2700,semiquant,Blood:Small 25,Blood:Small 25,,,Blood,Small 25,BATCH_2_WARM_Abnormal_2026-03-19T21-02-23-497433_SEMIQUANT_FROM_BINARY.zip,1,1,0,,27.1728,0.078602,0.6807,78.643204,0.068141,0.638911,62.3176,0.061202,0.671867,87.048798,0.081663,0.696566,154.546402,0.081725,0.65101,136.198395,0.011859,0.709009,0.0,0.0,0.0,0.0,0.0,0.0,0.0,0.0,0.0,0.0,0.0,0.0
BATCH_2_WARM_Abnormal_2026-03-19T21-02-23-497433,BATCH 2 WARM,train,2700,semiquant,Specific Gravity:1.010,Specific Gravity:1.010,,,Specific Gravity,1.010,BATCH_2_WARM_Abnormal_2026-03-19T21-02-23-497433_SEMIQUANT_FROM_BINARY.zip,1,1,0,,27.1728,0.078602,0.6807,78.643204,0.068141,0.638911,62.3176,0.061202,0.671867,87.048798,0.081663,0.696566,154.546402,0.081725,0.65101,136.198395,0.011859,0.709009,0.0,0.0,0.0,0.0,0.0,0.0,0.0,0.0,0.0,0.0,0.0,0.0
BATCH_2_WARM_Abnormal_2026-03-19T21-02-23-497433,BATCH 2 WARM,train,2700,semiquant,Ketone:Moderate 4.0,Ketone:Moderate 4.0,,,Ketone,Moderate 4.0,BATCH_2_WARM_Abnormal_2026-03-19T21-02-23-497433_SEMIQUANT_FROM_BINARY.zip,1,1,0,,27.1728,0.078602,0.6807,78.643204,0.068141,0.638911,62.3176,0.061202,0.671867,87.048798,0.081663,0.696566,154.546402,0.081725,0.65101,136.198395,0.011859,0.709009,0.0,0.0,0.0,0.0,0.0,0.0,0.0,0.0,0.0,0.0,0.0,0.0
BATCH_2_WARM_Abnormal_2026-03-19T21-02-23-497433,BATCH 2 WARM,train,2700,semiquant,Bilirubin:Large 100,Bilirubin:Large 100,,,Bilirubin,Large 100,BATCH_2_WARM_Abnormal_2026-03-19T21-02-23-497433_SEMIQUANT_FROM_BINARY.zip,1,1,0,,27.1728,0.078602,0.6807,78.643204,0.068141,0.638911,62.3176,0.061202,0.671867,87.048798,0.081663,0.696566,154.546402,0.081725,0.65101,136.198395,0.011859,0.709009,0.0,0.0,0.0,0.0,0.0,0.0,0.0,0.0,0.0,0.0,0.0,0.0
BATCH_2_WARM_Abnormal_2026-03-19T21-02-23-497433,BATCH 2 WARM,train,2700,semiquant,Glucose:30 ++,Glucose:30 ++,,,Glucose,30 ++,BATCH_2_WARM_Abnormal_2026-03-19T21-02-23-497433_SEMIQUANT_FROM_BINARY.zip,1,1,0,,27.1728,0.078602,0.6807,78.643204,0.068141,0.638911,62.3176,0.061202,0.671867,87.048798,0.081663,0.696566,154.546402,0.081725,0.65101,136.198395,0.011859,0.709009,0.0,0.0,0.0,0.0,0.0,0.0,0.0,0.0,0.0,0.0,0.0,0.0
BATCH_2_WARM_Abnormal_2026-03-19T21-02-23-497433,BATCH 2 WARM,train,2700,semiquant,Leukocytes:Large 500,Leukocytes:Large 500,,,Leukocytes,Large 500,BATCH_2_WARM_Abnormal_2026-03-19T21-02-23-497433_SEMIQUANT_FROM_BINARY.zip,1,1,0,,213.143997,0.080427,0.680194,210.536804,0.069539,0.635697,197.053604,0.064518,0.671027,187.971207,0.088533,0.697804,206.713593,0.095545,0.647227,215.479996,0.014985,0.714631,0.0,0.0,0.0,0.0,0.0,0.0,0.0,0.0,0.0,0.0,0.0,0.0
BATCH_2_WARM_Abnormal_2026-03-19T21-02-23-497433,BATCH 2 WARM,train,2700,semiquant,Nitrite:Positive,Nitrite:Positive,,,Nitrite,Positive,BATCH_2_WARM_Abnormal_2026-03-19T21-02-23-497433_SEMIQUANT_FROM_BINARY.zip,1,1,0,,213.143997,0.080427,0.680194,210.536804,0.069539,0.635697,197.053604,0.064518,0.671027,187.971207,0.088533,0.697804,206.713593,0.095545,0.647227,215.479996,0.014985,0.714631,0.0,0.0,0.0,0.0,0.0,0.0,0.0,0.0,0.0,0.0,0.0,0.0
BATCH_2_WARM_Abnormal_2026-03-19T21-02-23-497433,BATCH 2 WARM,train,2700,semiquant,Urobilinogen:128,Urobilinogen:128,,,Urobilinogen,128,BATCH_2_WARM_Abnormal_2026-03-19T21-02-23-497433_SEMIQUANT_FROM_BINARY.zip,1,1,0,,213.143997,0.080427,0.680194,210.536804,0.069539,0.635697,197.053604,0.064518,0.671027,187.971207,0.088533,0.697804,206.713593,0.095545,0.647227,215.479996,0.014985,0.714631,0.0,0.0,0.0,0.0,0.0,0.0,0.0,0.0,0.0,0.0,0.0,0.0
BATCH_2_WARM_Abnormal_2026-03-19T21-02-23-497433,BATCH 2 WARM,train,2700,semiquant,Protein:3.0,Protein:3.0,,,Protein,3.0,BATCH_2_WARM_Abnormal_2026-03-19T21-02-23-497433_SEMIQUANT_FROM_BINARY.zip,1,1,0,,213.143997,0.080427,0.680194,210.536804,0.069539,0.635697,197.053604,0.064518,0.671027,187.971207,0.088533,0.697804,206.713593,0.095545,0.647227,215.479996,0.014985,0.714631,0.0,0.0,0.0,0.0,0.0,0.0,0.0,0.0,0.0,0.0,0.0,0.0
BATCH_2_WARM_Abnormal_2026-03-19T21-02-23-497433,BATCH 2 WARM,train,2700,semiquant,pH:7.5,pH:7.5,,,pH,7.5,BATCH_2_WARM_Abnormal_2026-03-19T21-02-23-497433_SEMIQUANT_FROM_BINARY.zip,1,1,0,,213.143997,0.080427,0.680194,210.536804,0.069539,0.635697,197.053604,0.064518,0.671027,187.971207,0.088533,0.697804,206.713593,0.095545,0.647227,215.479996,0.014985,0.714631,0.0,0.0,0.0,0.0,0.0,0.0,0.0,0.0,0.0,0.0,0.0,0.0
BATCH_2_WARM_Abnormal_2026-03-19T21-02-23-497433,BATCH 2 WARM,train,2700,semiquant,Blood:Moderate 80,Blood:Moderate 80,,,Blood,Moderate 80,BATCH_2_WARM_Abnormal_2026-03-19T21-02-23-497433_SEMIQUANT_FROM_BINARY.zip,1,1,0,,213.143997,0.080427,0.680194,210.536804,0.069539,0.635697,197.053604,0.064518,0.671027,187.971207,0.088533,0.697804,206.713593,0.095545,0.647227,215.479996,0.014985,0.714631,0.0,0.0,0.0,0.0,0.0,0.0,0.0,0.0,0.0,0.0,0.0,0.0
BATCH_2_WARM_Abnormal_2026-03-19T21-02-23-497433,BATCH 2 WARM,train,2700,semiquant,Specific Gravity:1.020,Specific Gravity:1.020,,,Specific Gravity,1.020,BATCH_2_WARM_Abnormal_2026-03-19T21-02-23-497433_SEMIQUANT_FROM_BINARY.zip,1,1,0,,213.143997,0.080427,0.680194,210.536804,0.069539,0.635697,197.053604,0.064518,0.671027,187.971207,0.088533,0.697804,206.713593,0.095545,0.647227,215.479996,0.014985,0.714631,0.0,0.0,0.0,0.0,0.0,0.0,0.0,0.0,0.0,0.0,0.0,0.0
BATCH_2_WARM_Abnormal_2026-03-19T21-02-23-497433,BATCH 2 WARM,train,2700,semiquant,Ketone:8.0,Ketone:8.0,,,Ketone,8.0,BATCH_2_WARM_Abnormal_2026-03-19T21-02-23-497433_SEMIQUANT_FROM_BINARY.zip,1,1,0,,213.143997,0.080427,0.680194,210.536804,0.069539,0.635697,197.053604,0.064518,0.671027,187.971207,0.088533,0.697804,206.713593,0.095545,0.647227,215.479996,0.014985,0.714631,0.0,0.0,0.0,0.0,0.0,0.0,0.0,0.0,0.0,0.0,0.0,0.0
BATCH_2_WARM_Abnormal_2026-03-19T21-02-23-497433,BATCH 2 WARM,train,2700,semiquant,Bilirubin:Small 17,Bilirubin:Small 17,,,Bilirubin,Small 17,BATCH_2_WARM_Abnormal_2026-03-19T21-02-23-497433_SEMIQUANT_FROM_BINARY.zip,1,1,0,,213.143997,0.080427,0.680194,210.536804,0.069539,0.635697,197.053604,0.064518,0.671027,187.971207,0.088533,0.697804,206.713593,0.095545,0.647227,215.479996,0.014985,0.714631,0.0,0.0,0.0,0.0,0.0,0.0,0.0,0.0,0.0,0.0,0.0,0.0
BATCH_2_WARM_Abnormal_2026-03-19T21-02-23-497433,BATCH 2 WARM,train,2700,semiquant,Glucose:60 +++,Glucose:60 +++,,,Glucose,60 +++,BATCH_2_WARM_Abnormal_2026-03-19T21-02-23-497433_SEMIQUANT_FROM_BINARY.zip,1,1,0,,213.143997,0.080427,0.680194,210.536804,0.069539,0.635697,197.053604,0.064518,0.671027,187.971207,0.088533,0.697804,206.713593,0.095545,0.647227,215.479996,0.014985,0.714631,0.0,0.0,0.0,0.0,0.0,0.0,0.0,0.0,0.0,0.0,0.0,0.0
BATCH_2_WARM_Abnormal_2026-03-19T21-02-23-497433,BATCH 2 WARM,train,2700,semiquant,Leukocytes:Small 70,Leukocytes:Small 70,,,Leukocytes,Small 70,BATCH_2_WARM_Abnormal_2026-03-19T21-02-23-497433_SEMIQUANT_FROM_BINARY.zip,1,1,0,,30.680799,0.080044,0.682645,58.492802,0.067691,0.640125,56.739201,0.06333,0.673333,130.166397,0.083244,0.698202,139.463196,0.080877,0.652216,160.224792,0.01325,0.70845,0.0,0.0,0.0,0.0,0.0,0.0,0.0,0.0,0.0,0.0,0.0,0.0
BATCH_2_WARM_Abnormal_2026-03-19T21-02-23-497433,BATCH 2 WARM,train,2700,semiquant,Nitrite:Positive,Nitrite:Positive,,,Nitrite,Positive,BATCH_2_WARM_Abnormal_2026-03-19T21-02-23-497433_SEMIQUANT_FROM_BINARY.zip,1,1,0,,30.680799,0.080044,0.682645,58.492802,0.067691,0.640125,56.739201,0.06333,0.673333,130.166397,0.083244,0.698202,139.463196,0.080877,0.652216,160.224792,0.01325,0.70845,0.0,0.0,0.0,0.0,0.0,0.0,0.0,0.0,0.0,0.0,0.0,0.0
BATCH_2_WARM_Abnormal_2026-03-19T21-02-23-497433,BATCH 2 WARM,train,2700,semiquant,Urobilinogen:32,Urobilinogen:32,,,Urobilinogen,32,BATCH_2_WARM_Abnormal_2026-03-19T21-02-23-497433_SEMIQUANT_FROM_BINARY.zip,1,1,0,,30.680799,0.080044,0.682645,58.492802,0.067691,0.640125,56.739201,0.06333,0.673333,130.166397,0.083244,0.698202,139.463196,0.080877,0.652216,160.224792,0.01325,0.70845,0.0,0.0,0.0,0.0,0.0,0.0,0.0,0.0,0.0,0.0,0.0,0.0
BATCH_2_WARM_Abnormal_2026-03-19T21-02-23-497433,BATCH 2 WARM,train,2700,semiquant,Protein:Trace,Protein:Trace,,,Protein,Trace,BATCH_2_WARM_Abnormal_2026-03-19T21-02-23-497433_SEMIQUANT_FROM_BINARY.zip,1,1,0,,30.680799,0.080044,0.682645,58.492802,0.067691,0.640125,56.739201,0.06333,0.673333,130.166397,0.083244,0.698202,139.463196,0.080877,0.652216,160.224792,0.01325,0.70845,0.0,0.0,0.0,0.0,0.0,0.0,0.0,0.0,0.0,0.0,0.0,0.0
BATCH_2_WARM_Abnormal_2026-03-19T21-02-23-497433,BATCH 2 WARM,train,2700,semiquant,pH:8.5,pH:8.5,,,pH,8.5,BATCH_2_WARM_Abnormal_2026-03-19T21-02-23-497433_SEMIQUANT_FROM_BINARY.zip,1,1,0,,30.680799,0.080044,0.682645,58.492802,0.067691,0.640125,56.739201,0.06333,0.673333,130.166397,0.083244,0.698202,139.463196,0.080877,0.652216,160.224792,0.01325,0.70845,0.0,0.0,0.0,0.0,0.0,0.0,0.0,0.0,0.0,0.0,0.0,0.0
BATCH_2_WARM_Abnormal_2026-03-19T21-02-23-497433,BATCH 2 WARM,train,2700,semiquant,Blood:Non-hemolyzed 10,Blood:Non-hemolyzed 10,,,Blood,Non-hemolyzed 10,BATCH_2_WARM_Abnormal_2026-03-19T21-02-23-497433_SEMIQUANT_FROM_BINARY.zip,1,1,0,,30.680799,0.080044,0.682645,58.492802,0.067691,0.640125,56.739201,0.06333,0.673333,130.166397,0.083244,0.698202,139.463196,0.080877,0.652216,160.224792,0.01325,0.70845,0.0,0.0,0.0,0.0,0.0,0.0,0.0,0.0,0.0,0.0,0.0,0.0
BATCH_2_WARM_Abnormal_2026-03-19T21-02-23-497433,BATCH 2 WARM,train,2700,semiquant,Specific Gravity:1.030,Specific Gravity:1.030,,,Specific Gravity,1.030,BATCH_2_WARM_Abnormal_2026-03-19T21-02-23-497433_SEMIQUANT_FROM_BINARY.zip,1,1,0,,30.680799,0.080044,0.682645,58.492802,0.067691,0.640125,56.739201,0.06333,0.673333,130.166397,0.083244,0.698202,139.463196,0.080877,0.652216,160.224792,0.01325,0.70845,0.0,0.0,0.0,0.0,0.0,0.0,0.0,0.0,0.0,0.0,0.0,0.0
BATCH_2_WARM_Abnormal_2026-03-19T21-02-23-497433,BATCH 2 WARM,train,2700,semiquant,Ketone:Trace 0.5,Ketone:Trace 0.5,,,Ketone,Trace 0.5,BATCH_2_WARM_Abnormal_2026-03-19T21-02-23-497433_SEMIQUANT_FROM_BINARY.zip,1,1,0,,30.680799,0.080044,0.682645,58.492802,0.067691,0.640125,56.739201,0.06333,0.673333,130.166397,0.083244,0.698202,139.463196,0.080877,0.652216,160.224792,0.01325,0.70845,0.0,0.0,0.0,0.0,0.0,0.0,0.0,0.0,0.0,0.0,0.0,0.0
BATCH_2_WARM_Abnormal_2026-03-19T21-02-23-497433,BATCH 2 WARM,train,2700,semiquant,Bilirubin:Large 100,Bilirubin:Large 100,,,Bilirubin,Large 100,BATCH_2_WARM_Abnormal_2026-03-19T21-02-23-497433_SEMIQUANT_FROM_BINARY.zip,1,1,0,,30.680799,0.080044,0.682645,58.492802,0.067691,0.640125,56.739201,0.06333,0.673333,130.166397,0.083244,0.698202,139.463196,0.080877,0.652216,160.224792,0.01325,0.70845,0.0,0.0,0.0,0.0,0.0,0.0,0.0,0.0,0.0,0.0,0.0,0.0
BATCH_2_WARM_Abnormal_2026-03-19T21-02-23-497433,BATCH 2 WARM,train,2700,semiquant,Glucose:Trace 5,Glucose:Trace 5,,,Glucose,Trace 5,BATCH_2_WARM_Abnormal_2026-03-19T21-02-23-497433_SEMIQUANT_FROM_BINARY.zip,1,1,0,,30.680799,0.080044,0.682645,58.492802,0.067691,0.640125,56.739201,0.06333,0.673333,130.166397,0.083244,0.698202,139.463196,0.080877,0.652216,160.224792,0.01325,0.70845,0.0,0.0,0.0,0.0,0.0,0.0,0.0,0.0,0.0,0.0,0.0,0.0
BATCH_2_WARM_Abnormal_2026-03-19T21-02-23-497433,BATCH 2 WARM,train,2700,semiquant,Leukocytes:Moderate 125,Leukocytes:Moderate 125,,,Leukocytes,Moderate 125,BATCH_2_WARM_Abnormal_2026-03-19T21-02-23-497433_SEMIQUANT_FROM_BINARY.zip,1,1,0,,84.433601,0.071719,0.682626,112.992798,0.061421,0.642681,162.168793,0.060933,0.673718,174.4552,0.08043,0.697671,220.184799,0.08144,0.652386,191.0896,0.013733,0.711363,0.0,0.0,0.0,0.0,0.0,0.0,0.0,0.0,0.0,0.0,0.0,0.0
BATCH_2_WARM_Abnormal_2026-03-19T21-02-23-497433,BATCH 2 WARM,train,2700,semiquant,Nitrite:Positive,Nitrite:Positive,,,Nitrite,Positive,BATCH_2_WARM_Abnormal_2026-03-19T21-02-23-497433_SEMIQUANT_FROM_BINARY.zip,1,1,0,,84.433601,0.071719,0.682626,112.992798,0.061421,0.642681,162.168793,0.060933,0.673718,174.4552,0.08043,0.697671,220.184799,0.08144,0.652386,191.0896,0.013733,0.711363,0.0,0.0,0.0,0.0,0.0,0.0,0.0,0.0,0.0,0.0,0.0,0.0
BATCH_2_WARM_Abnormal_2026-03-19T21-02-23-497433,BATCH 2 WARM,train,2700,semiquant,Urobilinogen:64,Urobilinogen:64,,,Urobilinogen,64,BATCH_2_WARM_Abnormal_2026-03-19T21-02-23-497433_SEMIQUANT_FROM_BINARY.zip,1,1,0,,84.433601,0.071719,0.682626,112.992798,0.061421,0.642681,162.168793,0.060933,0.673718,174.4552,0.08043,0.697671,220.184799,0.08144,0.652386,191.0896,0.013733,0.711363,0.0,0.0,0.0,0.0,0.0,0.0,0.0,0.0,0.0,0.0,0.0,0.0
BATCH_2_WARM_Abnormal_2026-03-19T21-02-23-497433,BATCH 2 WARM,train,2700,semiquant,Protein:0.3,Protein:0.3,,,Protein,0.3,BATCH_2_WARM_Abnormal_2026-03-19T21-02-23-497433_SEMIQUANT_FROM_BINARY.zip,1,1,0,,84.433601,0.071719,0.682626,112.992798,0.061421,0.642681,162.168793,0.060933,0.673718,174.4552,0.08043,0.697671,220.184799,0.08144,0.652386,191.0896,0.013733,0.711363,0.0,0.0,0.0,0.0,0.0,0.0,0.0,0.0,0.0,0.0,0.0,0.0
BATCH_2_WARM_Abnormal_2026-03-19T21-02-23-497433,BATCH 2 WARM,train,2700,semiquant,pH:5.0,pH:5.0,,,pH,5.0,BATCH_2_WARM_Abnormal_2026-03-19T21-02-23-497433_SEMIQUANT_FROM_BINARY.zip,1,1,0,,84.433601,0.071719,0.682626,112.992798,0.061421,0.642681,162.168793,0.060933,0.673718,174.4552,0.08043,0.697671,220.184799,0.08144,0.652386,191.0896,0.013733,0.711363,0.0,0.0,0.0,0.0,0.0,0.0,0.0,0.0,0.0,0.0,0.0,0.0
BATCH_2_WARM_Abnormal_2026-03-19T21-02-23-497433,BATCH 2 WARM,train,2700,semiquant,Blood:Hemolyzed 10,Blood:Hemolyzed 10,,,Blood,Hemolyzed 10,BATCH_2_WARM_Abnormal_2026-03-19T21-02-23-497433_SEMIQUANT_FROM_BINARY.zip,1,1,0,,84.433601,0.071719,0.682626,112.992798,0.061421,0.642681,162.168793,0.060933,0.673718,174.4552,0.08043,0.697671,220.184799,0.08144,0.652386,191.0896,0.013733,0.711363,0.0,0.0,0.0,0.0,0.0,0.0,0.0,0.0,0.0,0.0,0.0,0.0
BATCH_2_WARM_Abnormal_2026-03-19T21-02-23-497433,BATCH 2 WARM,train,2700,semiquant,Specific Gravity:1.000,Specific Gravity:1.000,,,Specific Gravity,1.000,BATCH_2_WARM_Abnormal_2026-03-19T21-02-23-497433_SEMIQUANT_FROM_BINARY.zip,1,1,0,,84.433601,0.071719,0.682626,112.992798,0.061421,0.642681,162.168793,0.060933,0.673718,174.4552,0.08043,0.697671,220.184799,0.08144,0.652386,191.0896,0.013733,0.711363,0.0,0.0,0.0,0.0,0.0,0.0,0.0,0.0,0.0,0.0,0.0,0.0
BATCH_2_WARM_Abnormal_2026-03-19T21-02-23-497433,BATCH 2 WARM,train,2700,semiquant,Ketone:Small 1.5,Ketone:Small 1.5,,,Ketone,Small 1.5,BATCH_2_WARM_Abnormal_2026-03-19T21-02-23-497433_SEMIQUANT_FROM_BINARY.zip,1,1,0,,84.433601,0.071719,0.682626,112.992798,0.061421,0.642681,162.168793,0.060933,0.673718,174.4552,0.08043,0.697671,220.184799,0.08144,0.652386,191.0896,0.013733,0.711363,0.0,0.0,0.0,0.0,0.0,0.0,0.0,0.0,0.0,0.0,0.0,0.0
BATCH_2_WARM_Abnormal_2026-03-19T21-02-23-497433,BATCH 2 WARM,train,2700,semiquant,Bilirubin:Small 17,Bilirubin:Small 17,,,Bilirubin,Small 17,BATCH_2_WARM_Abnormal_2026-03-19T21-02-23-497433_SEMIQUANT_FROM_BINARY.zip,1,1,0,,84.433601,0.071719,0.682626,112.992798,0.061421,0.642681,162.168793,0.060933,0.673718,174.4552,0.08043,0.697671,220.184799,0.08144,0.652386,191.0896,0.013733,0.711363,0.0,0.0,0.0,0.0,0.0,0.0,0.0,0.0,0.0,0.0,0.0,0.0
BATCH_2_WARM_Abnormal_2026-03-19T21-02-23-497433,BATCH 2 WARM,train,2700,semiquant,Glucose:15 +,Glucose:15 +,,,Glucose,15 +,BATCH_2_WARM_Abnormal_2026-03-19T21-02-23-497433_SEMIQUANT_FROM_BINARY.zip,1,1,0,,84.433601,0.071719,0.682626,112.992798,0.061421,0.642681,162.168793,0.060933,0.673718,174.4552,0.08043,0.697671,220.184799,0.08144,0.652386,191.0896,0.013733,0.711363,0.0,0.0,0.0,0.0,0.0,0.0,0.0,0.0,0.0,0.0,0.0,0.0
BATCH_2_WARM_Abnormal_2026-03-19T21-02-23-497433,BATCH 2 WARM,train,2700,semiquant,Leukocytes:Large 500,Leukocytes:Large 500,,,Leukocytes,Large 500,BATCH_2_WARM_Abnormal_2026-03-19T21-02-23-497433_SEMIQUANT_FROM_BINARY.zip,1,1,0,,39.750401,0.075879,0.680648,79.362396,0.068348,0.637991,109.158401,0.066036,0.671542,167.869598,0.090309,0.696056,215.0504,0.093231,0.643344,190.956802,0.016651,0.711511,0.0,0.0,0.0,0.0,0.0,0.0,0.0,0.0,0.0,0.0,0.0,0.0
BATCH_2_WARM_Abnormal_2026-03-19T21-02-23-497433,BATCH 2 WARM,train,2700,semiquant,Nitrite:Positive,Nitrite:Positive,,,Nitrite,Positive,BATCH_2_WARM_Abnormal_2026-03-19T21-02-23-497433_SEMIQUANT_FROM_BINARY.zip,1,1,0,,39.750401,0.075879,0.680648,79.362396,0.068348,0.637991,109.158401,0.066036,0.671542,167.869598,0.090309,0.696056,215.0504,0.093231,0.643344,190.956802,0.016651,0.711511,0.0,0.0,0.0,0.0,0.0,0.0,0.0,0.0,0.0,0.0,0.0,0.0
BATCH_2_WARM_Abnormal_2026-03-19T21-02-23-497433,BATCH 2 WARM,train,2700,semiquant,Urobilinogen:128,Urobilinogen:128,,,Urobilinogen,128,BATCH_2_WARM_Abnormal_2026-03-19T21-02-23-497433_SEMIQUANT_FROM_BINARY.zip,1,1,0,,39.750401,0.075879,0.680648,79.362396,0.068348,0.637991,109.158401,0.066036,0.671542,167.869598,0.090309,0.696056,215.0504,0.093231,0.643344,190.956802,0.016651,0.711511,0.0,0.0,0.0,0.0,0.0,0.0,0.0,0.0,0.0,0.0,0.0,0.0
BATCH_2_WARM_Abnormal_2026-03-19T21-02-23-497433,BATCH 2 WARM,train,2700,semiquant,Protein:1.0,Protein:1.0,,,Protein,1.0,BATCH_2_WARM_Abnormal_2026-03-19T21-02-23-497433_SEMIQUANT_FROM_BINARY.zip,1,1,0,,39.750401,0.075879,0.680648,79.362396,0.068348,0.637991,109.158401,0.066036,0.671542,167.869598,0.090309,0.696056,215.0504,0.093231,0.643344,190.956802,0.016651,0.711511,0.0,0.0,0.0,0.0,0.0,0.0,0.0,0.0,0.0,0.0,0.0,0.0
BATCH_2_WARM_Abnormal_2026-03-19T21-02-23-497433,BATCH 2 WARM,train,2700,semiquant,pH:6.5,pH:6.5,,,pH,6.5,BATCH_2_WARM_Abnormal_2026-03-19T21-02-23-497433_SEMIQUANT_FROM_BINARY.zip,1,1,0,,39.750401,0.075879,0.680648,79.362396,0.068348,0.637991,109.158401,0.066036,0.671542,167.869598,0.090309,0.696056,215.0504,0.093231,0.643344,190.956802,0.016651,0.711511,0.0,0.0,0.0,0.0,0.0,0.0,0.0,0.0,0.0,0.0,0.0,0.0
BATCH_2_WARM_Abnormal_2026-03-19T21-02-23-497433,BATCH 2 WARM,train,2700,semiquant,Blood:Small 25,Blood:Small 25,,,Blood,Small 25,BATCH_2_WARM_Abnormal_2026-03-19T21-02-23-497433_SEMIQUANT_FROM_BINARY.zip,1,1,0,,39.750401,0.075879,0.680648,79.362396,0.068348,0.637991,109.158401,0.066036,0.671542,167.869598,0.090309,0.696056,215.0504,0.093231,0.643344,190.956802,0.016651,0.711511,0.0,0.0,0.0,0.0,0.0,0.0,0.0,0.0,0.0,0.0,0.0,0.0
BATCH_2_WARM_Abnormal_2026-03-19T21-02-23-497433,BATCH 2 WARM,train,2700,semiquant,Specific Gravity:1.005,Specific Gravity:1.005,,,Specific Gravity,1.005,BATCH_2_WARM_Abnormal_2026-03-19T21-02-23-497433_SEMIQUANT_FROM_BINARY.zip,1,1,0,,39.750401,0.075879,0.680648,79.362396,0.068348,0.637991,109.158401,0.066036,0.671542,167.869598,0.090309,0.696056,215.0504,0.093231,0.643344,190.956802,0.016651,0.711511,0.0,0.0,0.0,0.0,0.0,0.0,0.0,0.0,0.0,0.0,0.0,0.0
BATCH_2_WARM_Abnormal_2026-03-19T21-02-23-497433,BATCH 2 WARM,train,2700,semiquant,Ketone:Moderate 4.0,Ketone:Moderate 4.0,,,Ketone,Moderate 4.0,BATCH_2_WARM_Abnormal_2026-03-19T21-02-23-497433_SEMIQUANT_FROM_BINARY.zip,1,1,0,,39.750401,0.075879,0.680648,79.362396,0.068348,0.637991,109.158401,0.066036,0.671542,167.869598,0.090309,0.696056,215.0504,0.093231,0.643344,190.956802,0.016651,0.711511,0.0,0.0,0.0,0.0,0.0,0.0,0.0,0.0,0.0,0.0,0.0,0.0
BATCH_2_WARM_Abnormal_2026-03-19T21-02-23-497433,BATCH 2 WARM,train,2700,semiquant,Bilirubin:Moderate 50,Bilirubin:Moderate 50,,,Bilirubin,Moderate 50,BATCH_2_WARM_Abnormal_2026-03-19T21-02-23-497433_SEMIQUANT_FROM_BINARY.zip,1,1,0,,39.750401,0.075879,0.680648,79.362396,0.068348,0.637991,109.158401,0.066036,0.671542,167.869598,0.090309,0.696056,215.0504,0.093231,0.643344,190.956802,0.016651,0.711511,0.0,0.0,0.0,0.0,0.0,0.0,0.0,0.0,0.0,0.0,0.0,0.0
BATCH_2_WARM_Abnormal_2026-03-19T21-02-23-497433,BATCH 2 WARM,train,2700,semiquant,Glucose:30 ++,Glucose:30 ++,,,Glucose,30 ++,BATCH_2_WARM_Abnormal_2026-03-19T21-02-23-497433_SEMIQUANT_FROM_BINARY.zip,1,1,0,,39.750401,0.075879,0.680648,79.362396,0.068348,0.637991,109.158401,0.066036,0.671542,167.869598,0.090309,0.696056,215.0504,0.093231,0.643344,190.956802,0.016651,0.711511,0.0,0.0,0.0,0.0,0.0,0.0,0.0,0.0,0.0,0.0,0.0,0.0
BATCH_2_WARM_Abnormal_2026-03-19T21-02-23-497433,BATCH 2 WARM,train,2700,semiquant,Leukocytes:Trace 15,Leukocytes:Trace 15,,,Leukocytes,Trace 15,BATCH_2_WARM_Abnormal_2026-03-19T21-02-23-497433_SEMIQUANT_FROM_BINARY.zip,1,1,0,,56.621601,0.079297,0.68006,77.798401,0.069624,0.639035,121.103203,0.065613,0.672372,134.600006,0.086645,0.695587,209.4832,0.087975,0.647159,201.900803,0.016348,0.710114,0.0,0.0,0.0,0.0,0.0,0.0,0.0,0.0,0.0,0.0,0.0,0.0
BATCH_2_WARM_Abnormal_2026-03-19T21-02-23-497433,BATCH 2 WARM,train,2700,semiquant,Nitrite:Positive,Nitrite:Positive,,,Nitrite,Positive,BATCH_2_WARM_Abnormal_2026-03-19T21-02-23-497433_SEMIQUANT_FROM_BINARY.zip,1,1,0,,56.621601,0.079297,0.68006,77.798401,0.069624,0.639035,121.103203,0.065613,0.672372,134.600006,0.086645,0.695587,209.4832,0.087975,0.647159,201.900803,0.016348,0.710114,0.0,0.0,0.0,0.0,0.0,0.0,0.0,0.0,0.0,0.0,0.0,0.0
BATCH_2_WARM_Abnormal_2026-03-19T21-02-23-497433,BATCH 2 WARM,train,2700,semiquant,Urobilinogen:16,Urobilinogen:16,,,Urobilinogen,16,BATCH_2_WARM_Abnormal_2026-03-19T21-02-23-497433_SEMIQUANT_FROM_BINARY.zip,1,1,0,,56.621601,0.079297,0.68006,77.798401,0.069624,0.639035,121.103203,0.065613,0.672372,134.600006,0.086645,0.695587,209.4832,0.087975,0.647159,201.900803,0.016348,0.710114,0.0,0.0,0.0,0.0,0.0,0.0,0.0,0.0,0.0,0.0,0.0,0.0
BATCH_2_WARM_Abnormal_2026-03-19T21-02-23-497433,BATCH 2 WARM,train,2700,semiquant,Protein:3.0,Protein:3.0,,,Protein,3.0,BATCH_2_WARM_Abnormal_2026-03-19T21-02-23-497433_SEMIQUANT_FROM_BINARY.zip,1,1,0,,56.621601,0.079297,0.68006,77.798401,0.069624,0.639035,121.103203,0.065613,0.672372,134.600006,0.086645,0.695587,209.4832,0.087975,0.647159,201.900803,0.016348,0.710114,0.0,0.0,0.0,0.0,0.0,0.0,0.0,0.0,0.0,0.0,0.0,0.0
BATCH_2_WARM_Abnormal_2026-03-19T21-02-23-497433,BATCH 2 WARM,train,2700,semiquant,pH:7.0,pH:7.0,,,pH,7.0,BATCH_2_WARM_Abnormal_2026-03-19T21-02-23-497433_SEMIQUANT_FROM_BINARY.zip,1,1,0,,56.621601,0.079297,0.68006,77.798401,0.069624,0.639035,121.103203,0.065613,0.672372,134.600006,0.086645,0.695587,209.4832,0.087975,0.647159,201.900803,0.016348,0.710114,0.0,0.0,0.0,0.0,0.0,0.0,0.0,0.0,0.0,0.0,0.0,0.0
BATCH_2_WARM_Abnormal_2026-03-19T21-02-23-497433,BATCH 2 WARM,train,2700,semiquant,Blood:Moderate 80,Blood:Moderate 80,,,Blood,Moderate 80,BATCH_2_WARM_Abnormal_2026-03-19T21-02-23-497433_SEMIQUANT_FROM_BINARY.zip,1,1,0,,56.621601,0.079297,0.68006,77.798401,0.069624,0.639035,121.103203,0.065613,0.672372,134.600006,0.086645,0.695587,209.4832,0.087975,0.647159,201.900803,0.016348,0.710114,0.0,0.0,0.0,0.0,0.0,0.0,0.0,0.0,0.0,0.0,0.0,0.0
BATCH_2_WARM_Abnormal_2026-03-19T21-02-23-497433,BATCH 2 WARM,train,2700,semiquant,Specific Gravity:1.010,Specific Gravity:1.010,,,Specific Gravity,1.010,BATCH_2_WARM_Abnormal_2026-03-19T21-02-23-497433_SEMIQUANT_FROM_BINARY.zip,1,1,0,,56.621601,0.079297,0.68006,77.798401,0.069624,0.639035,121.103203,0.065613,0.672372,134.600006,0.086645,0.695587,209.4832,0.087975,0.647159,201.900803,0.016348,0.710114,0.0,0.0,0.0,0.0,0.0,0.0,0.0,0.0,0.0,0.0,0.0,0.0
BATCH_2_WARM_Abnormal_2026-03-19T21-02-23-497433,BATCH 2 WARM,train,2700,semiquant,Ketone:8.0,Ketone:8.0,,,Ketone,8.0,BATCH_2_WARM_Abnormal_2026-03-19T21-02-23-497433_SEMIQUANT_FROM_BINARY.zip,1,1,0,,56.621601,0.079297,0.68006,77.798401,0.069624,0.639035,121.103203,0.065613,0.672372,134.600006,0.086645,0.695587,209.4832,0.087975,0.647159,201.900803,0.016348,0.710114,0.0,0.0,0.0,0.0,0.0,0.0,0.0,0.0,0.0,0.0,0.0,0.0
BATCH_2_WARM_Abnormal_2026-03-19T21-02-23-497433,BATCH 2 WARM,train,2700,semiquant,Bilirubin:Large 100,Bilirubin:Large 100,,,Bilirubin,Large 100,BATCH_2_WARM_Abnormal_2026-03-19T21-02-23-497433_SEMIQUANT_FROM_BINARY.zip,1,1,0,,56.621601,0.079297,0.68006,77.798401,0.069624,0.639035,121.103203,0.065613,0.672372,134.600006,0.086645,0.695587,209.4832,0.087975,0.647159,201.900803,0.016348,0.710114,0.0,0.0,0.0,0.0,0.0,0.0,0.0,0.0,0.0,0.0,0.0,0.0
BATCH_2_WARM_Abnormal_2026-03-19T21-02-23-497433,BATCH 2 WARM,train,2700,semiquant,Glucose:60 +++,Glucose:60 +++,,,Glucose,60 +++,BATCH_2_WARM_Abnormal_2026-03-19T21-02-23-497433_SEMIQUANT_FROM_BINARY.zip,1,1,0,,56.621601,0.079297,0.68006,77.798401,0.069624,0.639035,121.103203,0.065613,0.672372,134.600006,0.086645,0.695587,209.4832,0.087975,0.647159,201.900803,0.016348,0.710114,0.0,0.0,0.0,0.0,0.0,0.0,0.0,0.0,0.0,0.0,0.0,0.0
BATCH_2_WARM_Abnormal_2026-03-19T21-02-23-497433,BATCH 2 WARM,train,2700,semiquant,Leukocytes:Small 70,Leukocytes:Small 70,,,Leukocytes,Small 70,BATCH_2_WARM_Abnormal_2026-03-19T21-02-23-497433_SEMIQUANT_FROM_BINARY.zip,1,1,0,,93.287201,0.077675,0.679628,56.556801,0.066838,0.638715,119.388,0.064696,0.671776,133.744003,0.08258,0.695173,227.178406,0.083925,0.651294,183.5,0.01632,0.708317,0.0,0.0,0.0,0.0,0.0,0.0,0.0,0.0,0.0,0.0,0.0,0.0
BATCH_2_WARM_Abnormal_2026-03-19T21-02-23-497433,BATCH 2 WARM,train,2700,semiquant,Nitrite:Positive,Nitrite:Positive,,,Nitrite,Positive,BATCH_2_WARM_Abnormal_2026-03-19T21-02-23-497433_SEMIQUANT_FROM_BINARY.zip,1,1,0,,93.287201,0.077675,0.679628,56.556801,0.066838,0.638715,119.388,0.064696,0.671776,133.744003,0.08258,0.695173,227.178406,0.083925,0.651294,183.5,0.01632,0.708317,0.0,0.0,0.0,0.0,0.0,0.0,0.0,0.0,0.0,0.0,0.0,0.0
BATCH_2_WARM_Abnormal_2026-03-19T21-02-23-497433,BATCH 2 WARM,train,2700,semiquant,Urobilinogen:32,Urobilinogen:32,,,Urobilinogen,32,BATCH_2_WARM_Abnormal_2026-03-19T21-02-23-497433_SEMIQUANT_FROM_BINARY.zip,1,1,0,,93.287201,0.077675,0.679628,56.556801,0.066838,0.638715,119.388,0.064696,0.671776,133.744003,0.08258,0.695173,227.178406,0.083925,0.651294,183.5,0.01632,0.708317,0.0,0.0,0.0,0.0,0.0,0.0,0.0,0.0,0.0,0.0,0.0,0.0
BATCH_2_WARM_Abnormal_2026-03-19T21-02-23-497433,BATCH 2 WARM,train,2700,semiquant,Protein:>=20.0,Protein:>=20.0,,,Protein,>=20.0,BATCH_2_WARM_Abnormal_2026-03-19T21-02-23-497433_SEMIQUANT_FROM_BINARY.zip,1,1,0,,93.287201,0.077675,0.679628,56.556801,0.066838,0.638715,119.388,0.064696,0.671776,133.744003,0.08258,0.695173,227.178406,0.083925,0.651294,183.5,0.01632,0.708317,0.0,0.0,0.0,0.0,0.0,0.0,0.0,0.0,0.0,0.0,0.0,0.0
BATCH_2_WARM_Abnormal_2026-03-19T21-02-23-497433,BATCH 2 WARM,train,2700,semiquant,pH:7.5,pH:7.5,,,pH,7.5,BATCH_2_WARM_Abnormal_2026-03-19T21-02-23-497433_SEMIQUANT_FROM_BINARY.zip,1,1,0,,93.287201,0.077675,0.679628,56.556801,0.066838,0.638715,119.388,0.064696,0.671776,133.744003,0.08258,0.695173,227.178406,0.083925,0.651294,183.5,0.01632,0.708317,0.0,0.0,0.0,0.0,0.0,0.0,0.0,0.0,0.0,0.0,0.0,0.0
BATCH_2_WARM_Abnormal_2026-03-19T21-02-23-497433,BATCH 2 WARM,train,2700,semiquant,Blood:Large 200,Blood:Large 200,,,Blood,Large 200,BATCH_2_WARM_Abnormal_2026-03-19T21-02-23-497433_SEMIQUANT_FROM_BINARY.zip,1,1,0,,93.287201,0.077675,0.679628,56.556801,0.066838,0.638715,119.388,0.064696,0.671776,133.744003,0.08258,0.695173,227.178406,0.083925,0.651294,183.5,0.01632,0.708317,0.0,0.0,0.0,0.0,0.0,0.0,0.0,0.0,0.0,0.0,0.0,0.0
BATCH_2_WARM_Abnormal_2026-03-19T21-02-23-497433,BATCH 2 WARM,train,2700,semiquant,Specific Gravity:1.020,Specific Gravity:1.020,,,Specific Gravity,1.020,BATCH_2_WARM_Abnormal_2026-03-19T21-02-23-497433_SEMIQUANT_FROM_BINARY.zip,1,1,0,,93.287201,0.077675,0.679628,56.556801,0.066838,0.638715,119.388,0.064696,0.671776,133.744003,0.08258,0.695173,227.178406,0.083925,0.651294,183.5,0.01632,0.708317,0.0,0.0,0.0,0.0,0.0,0.0,0.0,0.0,0.0,0.0,0.0,0.0
BATCH_2_WARM_Abnormal_2026-03-19T21-02-23-497433,BATCH 2 WARM,train,2700,semiquant,Ketone:Large 16,Ketone:Large 16,,,Ketone,Large 16,BATCH_2_WARM_Abnormal_2026-03-19T21-02-23-497433_SEMIQUANT_FROM_BINARY.zip,1,1,0,,93.287201,0.077675,0.679628,56.556801,0.066838,0.638715,119.388,0.064696,0.671776,133.744003,0.08258,0.695173,227.178406,0.083925,0.651294,183.5,0.01632,0.708317,0.0,0.0,0.0,0.0,0.0,0.0,0.0,0.0,0.0,0.0,0.0,0.0
BATCH_2_WARM_Abnormal_2026-03-19T21-02-23-497433,BATCH 2 WARM,train,2700,semiquant,Bilirubin:Small 17,Bilirubin:Small 17,,,Bilirubin,Small 17,BATCH_2_WARM_Abnormal_2026-03-19T21-02-23-497433_SEMIQUANT_FROM_BINARY.zip,1,1,0,,93.287201,0.077675,0.679628,56.556801,0.066838,0.638715,119.388,0.064696,0.671776,133.744003,0.08258,0.695173,227.178406,0.083925,0.651294,183.5,0.01632,0.708317,0.0,0.0,0.0,0.0,0.0,0.0,0.0,0.0,0.0,0.0,0.0,0.0
BATCH_2_WARM_Abnormal_2026-03-19T21-02-23-497433,BATCH 2 WARM,train,2700,semiquant,Glucose:110 ++++,Glucose:110 ++++,,,Glucose,110 ++++,BATCH_2_WARM_Abnormal_2026-03-19T21-02-23-497433_SEMIQUANT_FROM_BINARY.zip,1,1,0,,93.287201,0.077675,0.679628,56.556801,0.066838,0.638715,119.388,0.064696,0.671776,133.744003,0.08258,0.695173,227.178406,0.083925,0.651294,183.5,0.01632,0.708317,0.0,0.0,0.0,0.0,0.0,0.0,0.0,0.0,0.0,0.0,0.0,0.0
BATCH_2_WARM_Abnormal_2026-03-19T21-02-23-497433,BATCH 2 WARM,train,2700,semiquant,Leukocytes:Moderate 125,Leukocytes:Moderate 125,,,Leukocytes,Moderate 125,BATCH_2_WARM_Abnormal_2026-03-19T21-02-23-497433_SEMIQUANT_FROM_BINARY.zip,1,1,0,,169.630402,0.082662,0.679678,193.820801,0.069467,0.638257,196.872803,0.061854,0.672836,193.024002,0.07822,0.695918,240.456802,0.076331,0.657685,227.133606,0.018317,0.708841,0.0,0.0,0.0,0.0,0.0,0.0,0.0,0.0,0.0,0.0,0.0,0.0
BATCH_2_WARM_Abnormal_2026-03-19T21-02-23-497433,BATCH 2 WARM,train,2700,semiquant,Nitrite:Positive,Nitrite:Positive,,,Nitrite,Positive,BATCH_2_WARM_Abnormal_2026-03-19T21-02-23-497433_SEMIQUANT_FROM_BINARY.zip,1,1,0,,169.630402,0.082662,0.679678,193.820801,0.069467,0.638257,196.872803,0.061854,0.672836,193.024002,0.07822,0.695918,240.456802,0.076331,0.657685,227.133606,0.018317,0.708841,0.0,0.0,0.0,0.0,0.0,0.0,0.0,0.0,0.0,0.0,0.0,0.0
BATCH_2_WARM_Abnormal_2026-03-19T21-02-23-497433,BATCH 2 WARM,train,2700,semiquant,Urobilinogen:64,Urobilinogen:64,,,Urobilinogen,64,BATCH_2_WARM_Abnormal_2026-03-19T21-02-23-497433_SEMIQUANT_FROM_BINARY.zip,1,1,0,,169.630402,0.082662,0.679678,193.820801,0.069467,0.638257,196.872803,0.061854,0.672836,193.024002,0.07822,0.695918,240.456802,0.076331,0.657685,227.133606,0.018317,0.708841,0.0,0.0,0.0,0.0,0.0,0.0,0.0,0.0,0.0,0.0,0.0,0.0
BATCH_2_WARM_Abnormal_2026-03-19T21-02-23-497433,BATCH 2 WARM,train,2700,semiquant,Protein:Trace,Protein:Trace,,,Protein,Trace,BATCH_2_WARM_Abnormal_2026-03-19T21-02-23-497433_SEMIQUANT_FROM_BINARY.zip,1,1,0,,169.630402,0.082662,0.679678,193.820801,0.069467,0.638257,196.872803,0.061854,0.672836,193.024002,0.07822,0.695918,240.456802,0.076331,0.657685,227.133606,0.018317,0.708841,0.0,0.0,0.0,0.0,0.0,0.0,0.0,0.0,0.0,0.0,0.0,0.0
BATCH_2_WARM_Abnormal_2026-03-19T21-02-23-497433,BATCH 2 WARM,train,2700,semiquant,pH:8.0,pH:8.0,,,pH,8.0,BATCH_2_WARM_Abnormal_2026-03-19T21-02-23-497433_SEMIQUANT_FROM_BINARY.zip,1,1,0,,169.630402,0.082662,0.679678,193.820801,0.069467,0.638257,196.872803,0.061854,0.672836,193.024002,0.07822,0.695918,240.456802,0.076331,0.657685,227.133606,0.018317,0.708841,0.0,0.0,0.0,0.0,0.0,0.0,0.0,0.0,0.0,0.0,0.0,0.0
BATCH_2_WARM_Abnormal_2026-03-19T21-02-23-497433,BATCH 2 WARM,train,2700,semiquant,Blood:Non-hemolyzed 10,Blood:Non-hemolyzed 10,,,Blood,Non-hemolyzed 10,BATCH_2_WARM_Abnormal_2026-03-19T21-02-23-497433_SEMIQUANT_FROM_BINARY.zip,1,1,0,,169.630402,0.082662,0.679678,193.820801,0.069467,0.638257,196.872803,0.061854,0.672836,193.024002,0.07822,0.695918,240.456802,0.076331,0.657685,227.133606,0.018317,0.708841,0.0,0.0,0.0,0.0,0.0,0.0,0.0,0.0,0.0,0.0,0.0,0.0
BATCH_2_WARM_Abnormal_2026-03-19T21-02-23-497433,BATCH 2 WARM,train,2700,semiquant,Specific Gravity:1.025,Specific Gravity:1.025,,,Specific Gravity,1.025,BATCH_2_WARM_Abnormal_2026-03-19T21-02-23-497433_SEMIQUANT_FROM_BINARY.zip,1,1,0,,169.630402,0.082662,0.679678,193.820801,0.069467,0.638257,196.872803,0.061854,0.672836,193.024002,0.07822,0.695918,240.456802,0.076331,0.657685,227.133606,0.018317,0.708841,0.0,0.0,0.0,0.0,0.0,0.0,0.0,0.0,0.0,0.0,0.0,0.0
BATCH_2_WARM_Abnormal_2026-03-19T21-02-23-497433,BATCH 2 WARM,train,2700,semiquant,Ketone:Trace 0.5,Ketone:Trace 0.5,,,Ketone,Trace 0.5,BATCH_2_WARM_Abnormal_2026-03-19T21-02-23-497433_SEMIQUANT_FROM_BINARY.zip,1,1,0,,169.630402,0.082662,0.679678,193.820801,0.069467,0.638257,196.872803,0.061854,0.672836,193.024002,0.07822,0.695918,240.456802,0.076331,0.657685,227.133606,0.018317,0.708841,0.0,0.0,0.0,0.0,0.0,0.0,0.0,0.0,0.0,0.0,0.0,0.0
BATCH_2_WARM_Abnormal_2026-03-19T21-02-23-497433,BATCH 2 WARM,train,2700,semiquant,Bilirubin:Moderate 50,Bilirubin:Moderate 50,,,Bilirubin,Moderate 50,BATCH_2_WARM_Abnormal_2026-03-19T21-02-23-497433_SEMIQUANT_FROM_BINARY.zip,1,1,0,,169.630402,0.082662,0.679678,193.820801,0.069467,0.638257,196.872803,0.061854,0.672836,193.024002,0.07822,0.695918,240.456802,0.076331,0.657685,227.133606,0.018317,0.708841,0.0,0.0,0.0,0.0,0.0,0.0,0.0,0.0,0.0,0.0,0.0,0.0
BATCH_2_WARM_Abnormal_2026-03-19T21-02-23-497433,BATCH 2 WARM,train,2700,semiquant,Glucose:Trace 5,Glucose:Trace 5,,,Glucose,Trace 5,BATCH_2_WARM_Abnormal_2026-03-19T21-02-23-497433_SEMIQUANT_FROM_BINARY.zip,1,1,0,,169.630402,0.082662,0.679678,193.820801,0.069467,0.638257,196.872803,0.061854,0.672836,193.024002,0.07822,0.695918,240.456802,0.076331,0.657685,227.133606,0.018317,0.708841,0.0,0.0,0.0,0.0,0.0,0.0,0.0,0.0,0.0,0.0,0.0,0.0
BATCH_2_WARM_Abnormal_2026-03-19T21-02-23-497433,BATCH 2 WARM,train,2700,semiquant,Leukocytes:Large 500,Leukocytes:Large 500,,,Leukocytes,Large 500,BATCH_2_WARM_Abnormal_2026-03-19T21-02-23-497433_SEMIQUANT_FROM_BINARY.zip,1,1,0,,230.778397,0.073352,0.680819,216.919998,0.064052,0.642962,200.767197,0.061649,0.672695,178.739197,0.078301,0.695162,220.218399,0.081909,0.6516,225.049606,0.015288,0.708213,0.0,0.0,0.0,0.0,0.0,0.0,0.0,0.0,0.0,0.0,0.0,0.0
BATCH_2_WARM_Abnormal_2026-03-19T21-02-23-497433,BATCH 2 WARM,train,2700,semiquant,Nitrite:Positive,Nitrite:Positive,,,Nitrite,Positive,BATCH_2_WARM_Abnormal_2026-03-19T21-02-23-497433_SEMIQUANT_FROM_BINARY.zip,1,1,0,,230.778397,0.073352,0.680819,216.919998,0.064052,0.642962,200.767197,0.061649,0.672695,178.739197,0.078301,0.695162,220.218399,0.081909,0.6516,225.049606,0.015288,0.708213,0.0,0.0,0.0,0.0,0.0,0.0,0.0,0.0,0.0,0.0,0.0,0.0
BATCH_2_WARM_Abnormal_2026-03-19T21-02-23-497433,BATCH 2 WARM,train,2700,semiquant,Urobilinogen:128,Urobilinogen:128,,,Urobilinogen,128,BATCH_2_WARM_Abnormal_2026-03-19T21-02-23-497433_SEMIQUANT_FROM_BINARY.zip,1,1,0,,230.778397,0.073352,0.680819,216.919998,0.064052,0.642962,200.767197,0.061649,0.672695,178.739197,0.078301,0.695162,220.218399,0.081909,0.6516,225.049606,0.015288,0.708213,0.0,0.0,0.0,0.0,0.0,0.0,0.0,0.0,0.0,0.0,0.0,0.0
BATCH_2_WARM_Abnormal_2026-03-19T21-02-23-497433,BATCH 2 WARM,train,2700,semiquant,Protein:0.3,Protein:0.3,,,Protein,0.3,BATCH_2_WARM_Abnormal_2026-03-19T21-02-23-497433_SEMIQUANT_FROM_BINARY.zip,1,1,0,,230.778397,0.073352,0.680819,216.919998,0.064052,0.642962,200.767197,0.061649,0.672695,178.739197,0.078301,0.695162,220.218399,0.081909,0.6516,225.049606,0.015288,0.708213,0.0,0.0,0.0,0.0,0.0,0.0,0.0,0.0,0.0,0.0,0.0,0.0
BATCH_2_WARM_Abnormal_2026-03-19T21-02-23-497433,BATCH 2 WARM,train,2700,semiquant,pH:8.5,pH:8.5,,,pH,8.5,BATCH_2_WARM_Abnormal_2026-03-19T21-02-23-497433_SEMIQUANT_FROM_BINARY.zip,1,1,0,,230.778397,0.073352,0.680819,216.919998,0.064052,0.642962,200.767197,0.061649,0.672695,178.739197,0.078301,0.695162,220.218399,0.081909,0.6516,225.049606,0.015288,0.708213,0.0,0.0,0.0,0.0,0.0,0.0,0.0,0.0,0.0,0.0,0.0,0.0
BATCH_2_WARM_Abnormal_2026-03-19T21-02-23-497433,BATCH 2 WARM,train,2700,semiquant,Blood:Hemolyzed 10,Blood:Hemolyzed 10,,,Blood,Hemolyzed 10,BATCH_2_WARM_Abnormal_2026-03-19T21-02-23-497433_SEMIQUANT_FROM_BINARY.zip,1,1,0,,230.778397,0.073352,0.680819,216.919998,0.064052,0.642962,200.767197,0.061649,0.672695,178.739197,0.078301,0.695162,220.218399,0.081909,0.6516,225.049606,0.015288,0.708213,0.0,0.0,0.0,0.0,0.0,0.0,0.0,0.0,0.0,0.0,0.0,0.0
BATCH_2_WARM_Abnormal_2026-03-19T21-02-23-497433,BATCH 2 WARM,train,2700,semiquant,Specific Gravity:1.030,Specific Gravity:1.030,,,Specific Gravity,1.030,BATCH_2_WARM_Abnormal_2026-03-19T21-02-23-497433_SEMIQUANT_FROM_BINARY.zip,1,1,0,,230.778397,0.073352,0.680819,216.919998,0.064052,0.642962,200.767197,0.061649,0.672695,178.739197,0.078301,0.695162,220.218399,0.081909,0.6516,225.049606,0.015288,0.708213,0.0,0.0,0.0,0.0,0.0,0.0,0.0,0.0,0.0,0.0,0.0,0.0
BATCH_2_WARM_Abnormal_2026-03-19T21-02-23-497433,BATCH 2 WARM,train,2700,semiquant,Ketone:Small 1.5,Ketone:Small 1.5,,,Ketone,Small 1.5,BATCH_2_WARM_Abnormal_2026-03-19T21-02-23-497433_SEMIQUANT_FROM_BINARY.zip,1,1,0,,230.778397,0.073352,0.680819,216.919998,0.064052,0.642962,200.767197,0.061649,0.672695,178.739197,0.078301,0.695162,220.218399,0.081909,0.6516,225.049606,0.015288,0.708213,0.0,0.0,0.0,0.0,0.0,0.0,0.0,0.0,0.0,0.0,0.0,0.0
BATCH_2_WARM_Abnormal_2026-03-19T21-02-23-497433,BATCH 2 WARM,train,2700,semiquant,Bilirubin:Large 100,Bilirubin:Large 100,,,Bilirubin,Large 100,BATCH_2_WARM_Abnormal_2026-03-19T21-02-23-497433_SEMIQUANT_FROM_BINARY.zip,1,1,0,,230.778397,0.073352,0.680819,216.919998,0.064052,0.642962,200.767197,0.061649,0.672695,178.739197,0.078301,0.695162,220.218399,0.081909,0.6516,225.049606,0.015288,0.708213,0.0,0.0,0.0,0.0,0.0,0.0,0.0,0.0,0.0,0.0,0.0,0.0
BATCH_2_WARM_Abnormal_2026-03-19T21-02-23-497433,BATCH 2 WARM,train,2700,semiquant,Glucose:15 +,Glucose:15 +,,,Glucose,15 +,BATCH_2_WARM_Abnormal_2026-03-19T21-02-23-497433_SEMIQUANT_FROM_BINARY.zip,1,1,0,,230.778397,0.073352,0.680819,216.919998,0.064052,0.642962,200.767197,0.061649,0.672695,178.739197,0.078301,0.695162,220.218399,0.081909,0.6516,225.049606,0.015288,0.708213,0.0,0.0,0.0,0.0,0.0,0.0,0.0,0.0,0.0,0.0,0.0,0.0
BATCH_2_WARM_Abnormal_2026-03-19T21-02-23-497433,BATCH 2 WARM,train,2700,semiquant,Leukocytes:Trace 15,Leukocytes:Trace 15,,,Leukocytes,Trace 15,BATCH_2_WARM_Abnormal_2026-03-19T21-02-23-497433_SEMIQUANT_FROM_BINARY.zip,1,1,0,,44.149601,0.077495,0.679191,47.755199,0.062439,0.638246,103.2024,0.060765,0.671384,142.113602,0.078002,0.694431,226.254395,0.077492,0.651635,156.699203,0.012806,0.707131,0.0,0.0,0.0,0.0,0.0,0.0,0.0,0.0,0.0,0.0,0.0,0.0
BATCH_2_WARM_Abnormal_2026-03-19T21-02-23-497433,BATCH 2 WARM,train,2700,semiquant,Nitrite:Positive,Nitrite:Positive,,,Nitrite,Positive,BATCH_2_WARM_Abnormal_2026-03-19T21-02-23-497433_SEMIQUANT_FROM_BINARY.zip,1,1,0,,44.149601,0.077495,0.679191,47.755199,0.062439,0.638246,103.2024,0.060765,0.671384,142.113602,0.078002,0.694431,226.254395,0.077492,0.651635,156.699203,0.012806,0.707131,0.0,0.0,0.0,0.0,0.0,0.0,0.0,0.0,0.0,0.0,0.0,0.0
BATCH_2_WARM_Abnormal_2026-03-19T21-02-23-497433,BATCH 2 WARM,train,2700,semiquant,Urobilinogen:16,Urobilinogen:16,,,Urobilinogen,16,BATCH_2_WARM_Abnormal_2026-03-19T21-02-23-497433_SEMIQUANT_FROM_BINARY.zip,1,1,0,,44.149601,0.077495,0.679191,47.755199,0.062439,0.638246,103.2024,0.060765,0.671384,142.113602,0.078002,0.694431,226.254395,0.077492,0.651635,156.699203,0.012806,0.707131,0.0,0.0,0.0,0.0,0.0,0.0,0.0,0.0,0.0,0.0,0.0,0.0
BATCH_2_WARM_Abnormal_2026-03-19T21-02-23-497433,BATCH 2 WARM,train,2700,semiquant,Protein:1.0,Protein:1.0,,,Protein,1.0,BATCH_2_WARM_Abnormal_2026-03-19T21-02-23-497433_SEMIQUANT_FROM_BINARY.zip,1,1,0,,44.149601,0.077495,0.679191,47.755199,0.062439,0.638246,103.2024,0.060765,0.671384,142.113602,0.078002,0.694431,226.254395,0.077492,0.651635,156.699203,0.012806,0.707131,0.0,0.0,0.0,0.0,0.0,0.0,0.0,0.0,0.0,0.0,0.0,0.0
BATCH_2_WARM_Abnormal_2026-03-19T21-02-23-497433,BATCH 2 WARM,train,2700,semiquant,pH:5.0,pH:5.0,,,pH,5.0,BATCH_2_WARM_Abnormal_2026-03-19T21-02-23-497433_SEMIQUANT_FROM_BINARY.zip,1,1,0,,44.149601,0.077495,0.679191,47.755199,0.062439,0.638246,103.2024,0.060765,0.671384,142.113602,0.078002,0.694431,226.254395,0.077492,0.651635,156.699203,0.012806,0.707131,0.0,0.0,0.0,0.0,0.0,0.0,0.0,0.0,0.0,0.0,0.0,0.0
BATCH_2_WARM_Abnormal_2026-03-19T21-02-23-497433,BATCH 2 WARM,train,2700,semiquant,Blood:Small 25,Blood:Small 25,,,Blood,Small 25,BATCH_2_WARM_Abnormal_2026-03-19T21-02-23-497433_SEMIQUANT_FROM_BINARY.zip,1,1,0,,44.149601,0.077495,0.679191,47.755199,0.062439,0.638246,103.2024,0.060765,0.671384,142.113602,0.078002,0.694431,226.254395,0.077492,0.651635,156.699203,0.012806,0.707131,0.0,0.0,0.0,0.0,0.0,0.0,0.0,0.0,0.0,0.0,0.0,0.0
BATCH_2_WARM_Abnormal_2026-03-19T21-02-23-497433,BATCH 2 WARM,train,2700,semiquant,Specific Gravity:1.000,Specific Gravity:1.000,,,Specific Gravity,1.000,BATCH_2_WARM_Abnormal_2026-03-19T21-02-23-497433_SEMIQUANT_FROM_BINARY.zip,1,1,0,,44.149601,0.077495,0.679191,47.755199,0.062439,0.638246,103.2024,0.060765,0.671384,142.113602,0.078002,0.694431,226.254395,0.077492,0.651635,156.699203,0.012806,0.707131,0.0,0.0,0.0,0.0,0.0,0.0,0.0,0.0,0.0,0.0,0.0,0.0
BATCH_2_WARM_Abnormal_2026-03-19T21-02-23-497433,BATCH 2 WARM,train,2700,semiquant,Ketone:Moderate 4.0,Ketone:Moderate 4.0,,,Ketone,Moderate 4.0,BATCH_2_WARM_Abnormal_2026-03-19T21-02-23-497433_SEMIQUANT_FROM_BINARY.zip,1,1,0,,44.149601,0.077495,0.679191,47.755199,0.062439,0.638246,103.2024,0.060765,0.671384,142.113602,0.078002,0.694431,226.254395,0.077492,0.651635,156.699203,0.012806,0.707131,0.0,0.0,0.0,0.0,0.0,0.0,0.0,0.0,0.0,0.0,0.0,0.0
BATCH_2_WARM_Abnormal_2026-03-19T21-02-23-497433,BATCH 2 WARM,train,2700,semiquant,Bilirubin:Small 17,Bilirubin:Small 17,,,Bilirubin,Small 17,BATCH_2_WARM_Abnormal_2026-03-19T21-02-23-497433_SEMIQUANT_FROM_BINARY.zip,1,1,0,,44.149601,0.077495,0.679191,47.755199,0.062439,0.638246,103.2024,0.060765,0.671384,142.113602,0.078002,0.694431,226.254395,0.077492,0.651635,156.699203,0.012806,0.707131,0.0,0.0,0.0,0.0,0.0,0.0,0.0,0.0,0.0,0.0,0.0,0.0
BATCH_2_WARM_Abnormal_2026-03-19T21-02-23-497433,BATCH 2 WARM,train,2700,semiquant,Glucose:30 ++,Glucose:30 ++,,,Glucose,30 ++,BATCH_2_WARM_Abnormal_2026-03-19T21-02-23-497433_SEMIQUANT_FROM_BINARY.zip,1,1,0,,44.149601,0.077495,0.679191,47.755199,0.062439,0.638246,103.2024,0.060765,0.671384,142.113602,0.078002,0.694431,226.254395,0.077492,0.651635,156.699203,0.012806,0.707131,0.0,0.0,0.0,0.0,0.0,0.0,0.0,0.0,0.0,0.0,0.0,0.0
BATCH_2_WARM_Abnormal_2026-03-19T21-02-23-497433,BATCH 2 WARM,train,2700,semiquant,Leukocytes:Small 70,Leukocytes:Small 70,,,Leukocytes,Small 70,BATCH_2_WARM_Abnormal_2026-03-19T21-02-23-497433_SEMIQUANT_FROM_BINARY.zip,1,1,0,,29.7264,0.081111,0.68093,30.395201,0.068445,0.636202,38.701599,0.068118,0.66938,84.989601,0.092938,0.694813,146.941605,0.098447,0.635134,37.645599,0.012822,0.70858,2.4344,0.000982,0.020604,0.0,0.0,0.0,0.0,0.0,0.0,0.0,0.0,0.0
BATCH_2_WARM_Abnormal_2026-03-19T21-02-23-497433,BATCH 2 WARM,train,2700,semiquant,Nitrite:Positive,Nitrite:Positive,,,Nitrite,Positive,BATCH_2_WARM_Abnormal_2026-03-19T21-02-23-497433_SEMIQUANT_FROM_BINARY.zip,1,1,0,,29.7264,0.081111,0.68093,30.395201,0.068445,0.636202,38.701599,0.068118,0.66938,84.989601,0.092938,0.694813,146.941605,0.098447,0.635134,37.645599,0.012822,0.70858,2.4344,0.000982,0.020604,0.0,0.0,0.0,0.0,0.0,0.0,0.0,0.0,0.0
BATCH_2_WARM_Abnormal_2026-03-19T21-02-23-497433,BATCH 2 WARM,train,2700,semiquant,Urobilinogen:32,Urobilinogen:32,,,Urobilinogen,32,BATCH_2_WARM_Abnormal_2026-03-19T21-02-23-497433_SEMIQUANT_FROM_BINARY.zip,1,1,0,,29.7264,0.081111,0.68093,30.395201,0.068445,0.636202,38.701599,0.068118,0.66938,84.989601,0.092938,0.694813,146.941605,0.098447,0.635134,37.645599,0.012822,0.70858,2.4344,0.000982,0.020604,0.0,0.0,0.0,0.0,0.0,0.0,0.0,0.0,0.0
BATCH_2_WARM_Abnormal_2026-03-19T21-02-23-497433,BATCH 2 WARM,train,2700,semiquant,Protein:3.0,Protein:3.0,,,Protein,3.0,BATCH_2_WARM_Abnormal_2026-03-19T21-02-23-497433_SEMIQUANT_FROM_BINARY.zip,1,1,0,,29.7264,0.081111,0.68093,30.395201,0.068445,0.636202,38.701599,0.068118,0.66938,84.989601,0.092938,0.694813,146.941605,0.098447,0.635134,37.645599,0.012822,0.70858,2.4344,0.000982,0.020604,0.0,0.0,0.0,0.0,0.0,0.0,0.0,0.0,0.0
BATCH_2_WARM_Abnormal_2026-03-19T21-02-23-497433,BATCH 2 WARM,train,2700,semiquant,pH:6.5,pH:6.5,,,pH,6.5,BATCH_2_WARM_Abnormal_2026-03-19T21-02-23-497433_SEMIQUANT_FROM_BINARY.zip,1,1,0,,29.7264,0.081111,0.68093,30.395201,0.068445,0.636202,38.701599,0.068118,0.66938,84.989601,0.092938,0.694813,146.941605,0.098447,0.635134,37.645599,0.012822,0.70858,2.4344,0.000982,0.020604,0.0,0.0,0.0,0.0,0.0,0.0,0.0,0.0,0.0
BATCH_2_WARM_Abnormal_2026-03-19T21-02-23-497433,BATCH 2 WARM,train,2700,semiquant,Blood:Moderate 80,Blood:Moderate 80,,,Blood,Moderate 80,BATCH_2_WARM_Abnormal_2026-03-19T21-02-23-497433_SEMIQUANT_FROM_BINARY.zip,1,1,0,,29.7264,0.081111,0.68093,30.395201,0.068445,0.636202,38.701599,0.068118,0.66938,84.989601,0.092938,0.694813,146.941605,0.098447,0.635134,37.645599,0.012822,0.70858,2.4344,0.000982,0.020604,0.0,0.0,0.0,0.0,0.0,0.0,0.0,0.0,0.0
BATCH_2_WARM_Abnormal_2026-03-19T21-02-23-497433,BATCH 2 WARM,train,2700,semiquant,Specific Gravity:1.005,Specific Gravity:1.005,,,Specific Gravity,1.005,BATCH_2_WARM_Abnormal_2026-03-19T21-02-23-497433_SEMIQUANT_FROM_BINARY.zip,1,1,0,,29.7264,0.081111,0.68093,30.395201,0.068445,0.636202,38.701599,0.068118,0.66938,84.989601,0.092938,0.694813,146.941605,0.098447,0.635134,37.645599,0.012822,0.70858,2.4344,0.000982,0.020604,0.0,0.0,0.0,0.0,0.0,0.0,0.0,0.0,0.0
BATCH_2_WARM_Abnormal_2026-03-19T21-02-23-497433,BATCH 2 WARM,train,2700,semiquant,Ketone:8.0,Ketone:8.0,,,Ketone,8.0,BATCH_2_WARM_Abnormal_2026-03-19T21-02-23-497433_SEMIQUANT_FROM_BINARY.zip,1,1,0,,29.7264,0.081111,0.68093,30.395201,0.068445,0.636202,38.701599,0.068118,0.66938,84.989601,0.092938,0.694813,146.941605,0.098447,0.635134,37.645599,0.012822,0.70858,2.4344,0.000982,0.020604,0.0,0.0,0.0,0.0,0.0,0.0,0.0,0.0,0.0
BATCH_2_WARM_Abnormal_2026-03-19T21-02-23-497433,BATCH 2 WARM,train,2700,semiquant,Bilirubin:Moderate 50,Bilirubin:Moderate 50,,,Bilirubin,Moderate 50,BATCH_2_WARM_Abnormal_2026-03-19T21-02-23-497433_SEMIQUANT_FROM_BINARY.zip,1,1,0,,29.7264,0.081111,0.68093,30.395201,0.068445,0.636202,38.701599,0.068118,0.66938,84.989601,0.092938,0.694813,146.941605,0.098447,0.635134,37.645599,0.012822,0.70858,2.4344,0.000982,0.020604,0.0,0.0,0.0,0.0,0.0,0.0,0.0,0.0,0.0
BATCH_2_WARM_Abnormal_2026-03-19T21-02-23-497433,BATCH 2 WARM,train,2700,semiquant,Glucose:60 +++,Glucose:60 +++,,,Glucose,60 +++,BATCH_2_WARM_Abnormal_2026-03-19T21-02-23-497433_SEMIQUANT_FROM_BINARY.zip,1,1,0,,29.7264,0.081111,0.68093,30.395201,0.068445,0.636202,38.701599,0.068118,0.66938,84.989601,0.092938,0.694813,146.941605,0.098447,0.635134,37.645599,0.012822,0.70858,2.4344,0.000982,0.020604,0.0,0.0,0.0,0.0,0.0,0.0,0.0,0.0,0.0
BATCH_2_WARM_Abnormal_2026-03-19T21-02-23-497433,BATCH 2 WARM,train,2700,semiquant,Leukocytes:Moderate 125,Leukocytes:Moderate 125,,,Leukocytes,Moderate 125,BATCH_2_WARM_Abnormal_2026-03-19T21-02-23-497433_SEMIQUANT_FROM_BINARY.zip,1,1,0,,25.069599,0.081107,0.680703,31.3792,0.068638,0.638005,36.906399,0.063031,0.670427,82.221603,0.082533,0.695032,113.002403,0.080472,0.64886,63.771999,0.01318,0.70624,0.0,0.0,0.0,0.0,0.0,0.0,0.0,0.0,0.0,0.0,0.0,0.0
BATCH_2_WARM_Abnormal_2026-03-19T21-02-23-497433,BATCH 2 WARM,train,2700,semiquant,Nitrite:Positive,Nitrite:Positive,,,Nitrite,Positive,BATCH_2_WARM_Abnormal_2026-03-19T21-02-23-497433_SEMIQUANT_FROM_BINARY.zip,1,1,0,,25.069599,0.081107,0.680703,31.3792,0.068638,0.638005,36.906399,0.063031,0.670427,82.221603,0.082533,0.695032,113.002403,0.080472,0.64886,63.771999,0.01318,0.70624,0.0,0.0,0.0,0.0,0.0,0.0,0.0,0.0,0.0,0.0,0.0,0.0
BATCH_2_WARM_Abnormal_2026-03-19T21-02-23-497433,BATCH 2 WARM,train,2700,semiquant,Urobilinogen:64,Urobilinogen:64,,,Urobilinogen,64,BATCH_2_WARM_Abnormal_2026-03-19T21-02-23-497433_SEMIQUANT_FROM_BINARY.zip,1,1,0,,25.069599,0.081107,0.680703,31.3792,0.068638,0.638005,36.906399,0.063031,0.670427,82.221603,0.082533,0.695032,113.002403,0.080472,0.64886,63.771999,0.01318,0.70624,0.0,0.0,0.0,0.0,0.0,0.0,0.0,0.0,0.0,0.0,0.0,0.0
BATCH_2_WARM_Abnormal_2026-03-19T21-02-23-497433,BATCH 2 WARM,train,2700,semiquant,Protein:>=20.0,Protein:>=20.0,,,Protein,>=20.0,BATCH_2_WARM_Abnormal_2026-03-19T21-02-23-497433_SEMIQUANT_FROM_BINARY.zip,1,1,0,,25.069599,0.081107,0.680703,31.3792,0.068638,0.638005,36.906399,0.063031,0.670427,82.221603,0.082533,0.695032,113.002403,0.080472,0.64886,63.771999,0.01318,0.70624,0.0,0.0,0.0,0.0,0.0,0.0,0.0,0.0,0.0,0.0,0.0,0.0
BATCH_2_WARM_Abnormal_2026-03-19T21-02-23-497433,BATCH 2 WARM,train,2700,semiquant,pH:7.0,pH:7.0,,,pH,7.0,BATCH_2_WARM_Abnormal_2026-03-19T21-02-23-497433_SEMIQUANT_FROM_BINARY.zip,1,1,0,,25.069599,0.081107,0.680703,31.3792,0.068638,0.638005,36.906399,0.063031,0.670427,82.221603,0.082533,0.695032,113.002403,0.080472,0.64886,63.771999,0.01318,0.70624,0.0,0.0,0.0,0.0,0.0,0.0,0.0,0.0,0.0,0.0,0.0,0.0
BATCH_2_WARM_Abnormal_2026-03-19T21-02-23-497433,BATCH 2 WARM,train,2700,semiquant,Blood:Large 200,Blood:Large 200,,,Blood,Large 200,BATCH_2_WARM_Abnormal_2026-03-19T21-02-23-497433_SEMIQUANT_FROM_BINARY.zip,1,1,0,,25.069599,0.081107,0.680703,31.3792,0.068638,0.638005,36.906399,0.063031,0.670427,82.221603,0.082533,0.695032,113.002403,0.080472,0.64886,63.771999,0.01318,0.70624,0.0,0.0,0.0,0.0,0.0,0.0,0.0,0.0,0.0,0.0,0.0,0.0
BATCH_2_WARM_Abnormal_2026-03-19T21-02-23-497433,BATCH 2 WARM,train,2700,semiquant,Specific Gravity:1.010,Specific Gravity:1.010,,,Specific Gravity,1.010,BATCH_2_WARM_Abnormal_2026-03-19T21-02-23-497433_SEMIQUANT_FROM_BINARY.zip,1,1,0,,25.069599,0.081107,0.680703,31.3792,0.068638,0.638005,36.906399,0.063031,0.670427,82.221603,0.082533,0.695032,113.002403,0.080472,0.64886,63.771999,0.01318,0.70624,0.0,0.0,0.0,0.0,0.0,0.0,0.0,0.0,0.0,0.0,0.0,0.0
BATCH_2_WARM_Abnormal_2026-03-19T21-02-23-497433,BATCH 2 WARM,train,2700,semiquant,Ketone:Large 16,Ketone:Large 16,,,Ketone,Large 16,BATCH_2_WARM_Abnormal_2026-03-19T21-02-23-497433_SEMIQUANT_FROM_BINARY.zip,1,1,0,,25.069599,0.081107,0.680703,31.3792,0.068638,0.638005,36.906399,0.063031,0.670427,82.221603,0.082533,0.695032,113.002403,0.080472,0.64886,63.771999,0.01318,0.70624,0.0,0.0,0.0,0.0,0.0,0.0,0.0,0.0,0.0,0.0,0.0,0.0
BATCH_2_WARM_Abnormal_2026-03-19T21-02-23-497433,BATCH 2 WARM,train,2700,semiquant,Bilirubin:Large 100,Bilirubin:Large 100,,,Bilirubin,Large 100,BATCH_2_WARM_Abnormal_2026-03-19T21-02-23-497433_SEMIQUANT_FROM_BINARY.zip,1,1,0,,25.069599,0.081107,0.680703,31.3792,0.068638,0.638005,36.906399,0.063031,0.670427,82.221603,0.082533,0.695032,113.002403,0.080472,0.64886,63.771999,0.01318,0.70624,0.0,0.0,0.0,0.0,0.0,0.0,0.0,0.0,0.0,0.0,0.0,0.0
BATCH_2_WARM_Abnormal_2026-03-19T21-02-23-497433,BATCH 2 WARM,train,2700,semiquant,Glucose:110 ++++,Glucose:110 ++++,,,Glucose,110 ++++,BATCH_2_WARM_Abnormal_2026-03-19T21-02-23-497433_SEMIQUANT_FROM_BINARY.zip,1,1,0,,25.069599,0.081107,0.680703,31.3792,0.068638,0.638005,36.906399,0.063031,0.670427,82.221603,0.082533,0.695032,113.002403,0.080472,0.64886,63.771999,0.01318,0.70624,0.0,0.0,0.0,0.0,0.0,0.0,0.0,0.0,0.0,0.0,0.0,0.0
BATCH_2_WARM_Abnormal_2026-03-19T21-02-23-497433,BATCH 2 WARM,train,2700,semiquant,Leukocytes:Large 500,Leukocytes:Large 500,,,Leukocytes,Large 500,BATCH_2_WARM_Abnormal_2026-03-19T21-02-23-497433_SEMIQUANT_FROM_BINARY.zip,1,1,0,,23.752001,0.086554,0.680717,54.3288,0.073315,0.633291,60.388802,0.067175,0.669453,79.997597,0.087437,0.695573,78.651199,0.086242,0.643302,104.8592,0.012569,0.709253,3.8528,0.001084,0.029553,0.0,0.0,0.0,0.0,0.0,0.0,0.0,0.0,0.0
BATCH_2_WARM_Abnormal_2026-03-19T21-02-23-497433,BATCH 2 WARM,train,2700,semiquant,Nitrite:Positive,Nitrite:Positive,,,Nitrite,Positive,BATCH_2_WARM_Abnormal_2026-03-19T21-02-23-497433_SEMIQUANT_FROM_BINARY.zip,1,1,0,,23.752001,0.086554,0.680717,54.3288,0.073315,0.633291,60.388802,0.067175,0.669453,79.997597,0.087437,0.695573,78.651199,0.086242,0.643302,104.8592,0.012569,0.709253,3.8528,0.001084,0.029553,0.0,0.0,0.0,0.0,0.0,0.0,0.0,0.0,0.0
BATCH_2_WARM_Abnormal_2026-03-19T21-02-23-497433,BATCH 2 WARM,train,2700,semiquant,Urobilinogen:128,Urobilinogen:128,,,Urobilinogen,128,BATCH_2_WARM_Abnormal_2026-03-19T21-02-23-497433_SEMIQUANT_FROM_BINARY.zip,1,1,0,,23.752001,0.086554,0.680717,54.3288,0.073315,0.633291,60.388802,0.067175,0.669453,79.997597,0.087437,0.695573,78.651199,0.086242,0.643302,104.8592,0.012569,0.709253,3.8528,0.001084,0.029553,0.0,0.0,0.0,0.0,0.0,0.0,0.0,0.0,0.0
BATCH_2_WARM_Abnormal_2026-03-19T21-02-23-497433,BATCH 2 WARM,train,2700,semiquant,Protein:Trace,Protein:Trace,,,Protein,Trace,BATCH_2_WARM_Abnormal_2026-03-19T21-02-23-497433_SEMIQUANT_FROM_BINARY.zip,1,1,0,,23.752001,0.086554,0.680717,54.3288,0.073315,0.633291,60.388802,0.067175,0.669453,79.997597,0.087437,0.695573,78.651199,0.086242,0.643302,104.8592,0.012569,0.709253,3.8528,0.001084,0.029553,0.0,0.0,0.0,0.0,0.0,0.0,0.0,0.0,0.0
BATCH_2_WARM_Abnormal_2026-03-19T21-02-23-497433,BATCH 2 WARM,train,2700,semiquant,pH:7.5,pH:7.5,,,pH,7.5,BATCH_2_WARM_Abnormal_2026-03-19T21-02-23-497433_SEMIQUANT_FROM_BINARY.zip,1,1,0,,23.752001,0.086554,0.680717,54.3288,0.073315,0.633291,60.388802,0.067175,0.669453,79.997597,0.087437,0.695573,78.651199,0.086242,0.643302,104.8592,0.012569,0.709253,3.8528,0.001084,0.029553,0.0,0.0,0.0,0.0,0.0,0.0,0.0,0.0,0.0
BATCH_2_WARM_Abnormal_2026-03-19T21-02-23-497433,BATCH 2 WARM,train,2700,semiquant,Blood:Non-hemolyzed 10,Blood:Non-hemolyzed 10,,,Blood,Non-hemolyzed 10,BATCH_2_WARM_Abnormal_2026-03-19T21-02-23-497433_SEMIQUANT_FROM_BINARY.zip,1,1,0,,23.752001,0.086554,0.680717,54.3288,0.073315,0.633291,60.388802,0.067175,0.669453,79.997597,0.087437,0.695573,78.651199,0.086242,0.643302,104.8592,0.012569,0.709253,3.8528,0.001084,0.029553,0.0,0.0,0.0,0.0,0.0,0.0,0.0,0.0,0.0
BATCH_2_WARM_Abnormal_2026-03-19T21-02-23-497433,BATCH 2 WARM,train,2700,semiquant,Specific Gravity:1.020,Specific Gravity:1.020,,,Specific Gravity,1.020,BATCH_2_WARM_Abnormal_2026-03-19T21-02-23-497433_SEMIQUANT_FROM_BINARY.zip,1,1,0,,23.752001,0.086554,0.680717,54.3288,0.073315,0.633291,60.388802,0.067175,0.669453,79.997597,0.087437,0.695573,78.651199,0.086242,0.643302,104.8592,0.012569,0.709253,3.8528,0.001084,0.029553,0.0,0.0,0.0,0.0,0.0,0.0,0.0,0.0,0.0
BATCH_2_WARM_Abnormal_2026-03-19T21-02-23-497433,BATCH 2 WARM,train,2700,semiquant,Ketone:Trace 0.5,Ketone:Trace 0.5,,,Ketone,Trace 0.5,BATCH_2_WARM_Abnormal_2026-03-19T21-02-23-497433_SEMIQUANT_FROM_BINARY.zip,1,1,0,,23.752001,0.086554,0.680717,54.3288,0.073315,0.633291,60.388802,0.067175,0.669453,79.997597,0.087437,0.695573,78.651199,0.086242,0.643302,104.8592,0.012569,0.709253,3.8528,0.001084,0.029553,0.0,0.0,0.0,0.0,0.0,0.0,0.0,0.0,0.0
BATCH_2_WARM_Abnormal_2026-03-19T21-02-23-497433,BATCH 2 WARM,train,2700,semiquant,Bilirubin:Small 17,Bilirubin:Small 17,,,Bilirubin,Small 17,BATCH_2_WARM_Abnormal_2026-03-19T21-02-23-497433_SEMIQUANT_FROM_BINARY.zip,1,1,0,,23.752001,0.086554,0.680717,54.3288,0.073315,0.633291,60.388802,0.067175,0.669453,79.997597,0.087437,0.695573,78.651199,0.086242,0.643302,104.8592,0.012569,0.709253,3.8528,0.001084,0.029553,0.0,0.0,0.0,0.0,0.0,0.0,0.0,0.0,0.0
BATCH_2_WARM_Abnormal_2026-03-19T21-02-23-497433,BATCH 2 WARM,train,2700,semiquant,Glucose:Trace 5,Glucose:Trace 5,,,Glucose,Trace 5,BATCH_2_WARM_Abnormal_2026-03-19T21-02-23-497433_SEMIQUANT_FROM_BINARY.zip,1,1,0,,23.752001,0.086554,0.680717,54.3288,0.073315,0.633291,60.388802,0.067175,0.669453,79.997597,0.087437,0.695573,78.651199,0.086242,0.643302,104.8592,0.012569,0.709253,3.8528,0.001084,0.029553,0.0,0.0,0.0,0.0,0.0,0.0,0.0,0.0,0.0
BATCH_2_WARM_Abnormal_2026-03-19T21-02-23-497433,BATCH 2 WARM,train,2700,semiquant,Leukocytes:Trace 15,Leukocytes:Trace 15,,,Leukocytes,Trace 15,BATCH_2_WARM_Abnormal_2026-03-19T21-02-23-497433_SEMIQUANT_FROM_BINARY.zip,1,1,0,,23.752001,0.086554,0.680717,54.3288,0.073315,0.633291,60.388802,0.067175,0.669453,79.997597,0.087437,0.695573,78.651199,0.086242,0.643302,104.8592,0.012569,0.709253,3.8528,0.001084,0.029553,0.0,0.0,0.0,0.0,0.0,0.0,0.0,0.0,0.0
BATCH_2_WARM_Abnormal_2026-03-19T21-02-23-497433,BATCH 2 WARM,train,2700,semiquant,Nitrite:Positive,Nitrite:Positive,,,Nitrite,Positive,BATCH_2_WARM_Abnormal_2026-03-19T21-02-23-497433_SEMIQUANT_FROM_BINARY.zip,1,1,0,,23.752001,0.086554,0.680717,54.3288,0.073315,0.633291,60.388802,0.067175,0.669453,79.997597,0.087437,0.695573,78.651199,0.086242,0.643302,104.8592,0.012569,0.709253,3.8528,0.001084,0.029553,0.0,0.0,0.0,0.0,0.0,0.0,0.0,0.0,0.0
BATCH_2_WARM_Abnormal_2026-03-19T21-02-23-497433,BATCH 2 WARM,train,2700,semiquant,Urobilinogen:16,Urobilinogen:16,,,Urobilinogen,16,BATCH_2_WARM_Abnormal_2026-03-19T21-02-23-497433_SEMIQUANT_FROM_BINARY.zip,1,1,0,,23.752001,0.086554,0.680717,54.3288,0.073315,0.633291,60.388802,0.067175,0.669453,79.997597,0.087437,0.695573,78.651199,0.086242,0.643302,104.8592,0.012569,0.709253,3.8528,0.001084,0.029553,0.0,0.0,0.0,0.0,0.0,0.0,0.0,0.0,0.0
BATCH_2_WARM_Abnormal_2026-03-19T21-02-23-497433,BATCH 2 WARM,train,2700,semiquant,Protein:0.3,Protein:0.3,,,Protein,0.3,BATCH_2_WARM_Abnormal_2026-03-19T21-02-23-497433_SEMIQUANT_FROM_BINARY.zip,1,1,0,,23.752001,0.086554,0.680717,54.3288,0.073315,0.633291,60.388802,0.067175,0.669453,79.997597,0.087437,0.695573,78.651199,0.086242,0.643302,104.8592,0.012569,0.709253,3.8528,0.001084,0.029553,0.0,0.0,0.0,0.0,0.0,0.0,0.0,0.0,0.0
BATCH_2_WARM_Abnormal_2026-03-19T21-02-23-497433,BATCH 2 WARM,train,2700,semiquant,pH:8.0,pH:8.0,,,pH,8.0,BATCH_2_WARM_Abnormal_2026-03-19T21-02-23-497433_SEMIQUANT_FROM_BINARY.zip,1,1,0,,23.752001,0.086554,0.680717,54.3288,0.073315,0.633291,60.388802,0.067175,0.669453,79.997597,0.087437,0.695573,78.651199,0.086242,0.643302,104.8592,0.012569,0.709253,3.8528,0.001084,0.029553,0.0,0.0,0.0,0.0,0.0,0.0,0.0,0.0,0.0
BATCH_2_WARM_Abnormal_2026-03-19T21-02-23-497433,BATCH 2 WARM,train,2700,semiquant,Blood:Hemolyzed 10,Blood:Hemolyzed 10,,,Blood,Hemolyzed 10,BATCH_2_WARM_Abnormal_2026-03-19T21-02-23-497433_SEMIQUANT_FROM_BINARY.zip,1,1,0,,23.752001,0.086554,0.680717,54.3288,0.073315,0.633291,60.388802,0.067175,0.669453,79.997597,0.087437,0.695573,78.651199,0.086242,0.643302,104.8592,0.012569,0.709253,3.8528,0.001084,0.029553,0.0,0.0,0.0,0.0,0.0,0.0,0.0,0.0,0.0
BATCH_2_WARM_Abnormal_2026-03-19T21-02-23-497433,BATCH 2 WARM,train,2700,semiquant,Specific Gravity:1.025,Specific Gravity:1.025,,,Specific Gravity,1.025,BATCH_2_WARM_Abnormal_2026-03-19T21-02-23-497433_SEMIQUANT_FROM_BINARY.zip,1,1,0,,23.752001,0.086554,0.680717,54.3288,0.073315,0.633291,60.388802,0.067175,0.669453,79.997597,0.087437,0.695573,78.651199,0.086242,0.643302,104.8592,0.012569,0.709253,3.8528,0.001084,0.029553,0.0,0.0,0.0,0.0,0.0,0.0,0.0,0.0,0.0
BATCH_2_WARM_Abnormal_2026-03-19T21-02-23-497433,BATCH 2 WARM,train,2700,semiquant,Ketone:Small 1.5,Ketone:Small 1.5,,,Ketone,Small 1.5,BATCH_2_WARM_Abnormal_2026-03-19T21-02-23-497433_SEMIQUANT_FROM_BINARY.zip,1,1,0,,23.752001,0.086554,0.680717,54.3288,0.073315,0.633291,60.388802,0.067175,0.669453,79.997597,0.087437,0.695573,78.651199,0.086242,0.643302,104.8592,0.012569,0.709253,3.8528,0.001084,0.029553,0.0,0.0,0.0,0.0,0.0,0.0,0.0,0.0,0.0
BATCH_2_WARM_Abnormal_2026-03-19T21-02-23-497433,BATCH 2 WARM,train,2700,semiquant,Bilirubin:Moderate 50,Bilirubin:Moderate 50,,,Bilirubin,Moderate 50,BATCH_2_WARM_Abnormal_2026-03-19T21-02-23-497433_SEMIQUANT_FROM_BINARY.zip,1,1,0,,23.752001,0.086554,0.680717,54.3288,0.073315,0.633291,60.388802,0.067175,0.669453,79.997597,0.087437,0.695573,78.651199,0.086242,0.643302,104.8592,0.012569,0.709253,3.8528,0.001084,0.029553,0.0,0.0,0.0,0.0,0.0,0.0,0.0,0.0,0.0
BATCH_2_WARM_Abnormal_2026-03-19T21-02-23-497433,BATCH 2 WARM,train,2700,semiquant,Glucose:15 +,Glucose:15 +,,,Glucose,15 +,BATCH_2_WARM_Abnormal_2026-03-19T21-02-23-497433_SEMIQUANT_FROM_BINARY.zip,1,1,0,,23.752001,0.086554,0.680717,54.3288,0.073315,0.633291,60.388802,0.067175,0.669453,79.997597,0.087437,0.695573,78.651199,0.086242,0.643302,104.8592,0.012569,0.709253,3.8528,0.001084,0.029553,0.0,0.0,0.0,0.0,0.0,0.0,0.0,0.0,0.0
BATCH_2_WARM_Abnormal_2026-03-19T21-02-23-497433,BATCH 2 WARM,train,2700,semiquant,Leukocytes:Small 70,Leukocytes:Small 70,,,Leukocytes,Small 70,BATCH_2_WARM_Abnormal_2026-03-19T21-02-23-497433_SEMIQUANT_FROM_BINARY.zip,1,1,0,,20.579201,0.083369,0.680905,44.9048,0.071581,0.635722,46.4384,0.064867,0.670736,67.718399,0.084317,0.696053,80.782402,0.082345,0.646962,112.864799,0.012667,0.709296,0.024,1.7e-05,3.6e-05,0.0,0.0,0.0,0.0,0.0,0.0,0.0,0.0,0.0
BATCH_2_WARM_Abnormal_2026-03-19T21-02-23-497433,BATCH 2 WARM,train,2700,semiquant,Nitrite:Positive,Nitrite:Positive,,,Nitrite,Positive,BATCH_2_WARM_Abnormal_2026-03-19T21-02-23-497433_SEMIQUANT_FROM_BINARY.zip,1,1,0,,20.579201,0.083369,0.680905,44.9048,0.071581,0.635722,46.4384,0.064867,0.670736,67.718399,0.084317,0.696053,80.782402,0.082345,0.646962,112.864799,0.012667,0.709296,0.024,1.7e-05,3.6e-05,0.0,0.0,0.0,0.0,0.0,0.0,0.0,0.0,0.0
BATCH_2_WARM_Abnormal_2026-03-19T21-02-23-497433,BATCH 2 WARM,train,2700,semiquant,Urobilinogen:32,Urobilinogen:32,,,Urobilinogen,32,BATCH_2_WARM_Abnormal_2026-03-19T21-02-23-497433_SEMIQUANT_FROM_BINARY.zip,1,1,0,,20.579201,0.083369,0.680905,44.9048,0.071581,0.635722,46.4384,0.064867,0.670736,67.718399,0.084317,0.696053,80.782402,0.082345,0.646962,112.864799,0.012667,0.709296,0.024,1.7e-05,3.6e-05,0.0,0.0,0.0,0.0,0.0,0.0,0.0,0.0,0.0
BATCH_2_WARM_Abnormal_2026-03-19T21-02-23-497433,BATCH 2 WARM,train,2700,semiquant,Protein:1.0,Protein:1.0,,,Protein,1.0,BATCH_2_WARM_Abnormal_2026-03-19T21-02-23-497433_SEMIQUANT_FROM_BINARY.zip,1,1,0,,20.579201,0.083369,0.680905,44.9048,0.071581,0.635722,46.4384,0.064867,0.670736,67.718399,0.084317,0.696053,80.782402,0.082345,0.646962,112.864799,0.012667,0.709296,0.024,1.7e-05,3.6e-05,0.0,0.0,0.0,0.0,0.0,0.0,0.0,0.0,0.0
BATCH_2_WARM_Abnormal_2026-03-19T21-02-23-497433,BATCH 2 WARM,train,2700,semiquant,pH:8.5,pH:8.5,,,pH,8.5,BATCH_2_WARM_Abnormal_2026-03-19T21-02-23-497433_SEMIQUANT_FROM_BINARY.zip,1,1,0,,20.579201,0.083369,0.680905,44.9048,0.071581,0.635722,46.4384,0.064867,0.670736,67.718399,0.084317,0.696053,80.782402,0.082345,0.646962,112.864799,0.012667,0.709296,0.024,1.7e-05,3.6e-05,0.0,0.0,0.0,0.0,0.0,0.0,0.0,0.0,0.0
BATCH_2_WARM_Abnormal_2026-03-19T21-02-23-497433,BATCH 2 WARM,train,2700,semiquant,Blood:Small 25,Blood:Small 25,,,Blood,Small 25,BATCH_2_WARM_Abnormal_2026-03-19T21-02-23-497433_SEMIQUANT_FROM_BINARY.zip,1,1,0,,20.579201,0.083369,0.680905,44.9048,0.071581,0.635722,46.4384,0.064867,0.670736,67.718399,0.084317,0.696053,80.782402,0.082345,0.646962,112.864799,0.012667,0.709296,0.024,1.7e-05,3.6e-05,0.0,0.0,0.0,0.0,0.0,0.0,0.0,0.0,0.0
BATCH_2_WARM_Abnormal_2026-03-19T21-02-23-497433,BATCH 2 WARM,train,2700,semiquant,Specific Gravity:1.030,Specific Gravity:1.030,,,Specific Gravity,1.030,BATCH_2_WARM_Abnormal_2026-03-19T21-02-23-497433_SEMIQUANT_FROM_BINARY.zip,1,1,0,,20.579201,0.083369,0.680905,44.9048,0.071581,0.635722,46.4384,0.064867,0.670736,67.718399,0.084317,0.696053,80.782402,0.082345,0.646962,112.864799,0.012667,0.709296,0.024,1.7e-05,3.6e-05,0.0,0.0,0.0,0.0,0.0,0.0,0.0,0.0,0.0
BATCH_2_WARM_Abnormal_2026-03-19T21-02-23-497433,BATCH 2 WARM,train,2700,semiquant,Ketone:Moderate 4.0,Ketone:Moderate 4.0,,,Ketone,Moderate 4.0,BATCH_2_WARM_Abnormal_2026-03-19T21-02-23-497433_SEMIQUANT_FROM_BINARY.zip,1,1,0,,20.579201,0.083369,0.680905,44.9048,0.071581,0.635722,46.4384,0.064867,0.670736,67.718399,0.084317,0.696053,80.782402,0.082345,0.646962,112.864799,0.012667,0.709296,0.024,1.7e-05,3.6e-05,0.0,0.0,0.0,0.0,0.0,0.0,0.0,0.0,0.0
BATCH_2_WARM_Abnormal_2026-03-19T21-02-23-497433,BATCH 2 WARM,train,2700,semiquant,Bilirubin:Large 100,Bilirubin:Large 100,,,Bilirubin,Large 100,BATCH_2_WARM_Abnormal_2026-03-19T21-02-23-497433_SEMIQUANT_FROM_BINARY.zip,1,1,0,,20.579201,0.083369,0.680905,44.9048,0.071581,0.635722,46.4384,0.064867,0.670736,67.718399,0.084317,0.696053,80.782402,0.082345,0.646962,112.864799,0.012667,0.709296,0.024,1.7e-05,3.6e-05,0.0,0.0,0.0,0.0,0.0,0.0,0.0,0.0,0.0
BATCH_2_WARM_Abnormal_2026-03-19T21-02-23-497433,BATCH 2 WARM,train,2700,semiquant,Glucose:30 ++,Glucose:30 ++,,,Glucose,30 ++,BATCH_2_WARM_Abnormal_2026-03-19T21-02-23-497433_SEMIQUANT_FROM_BINARY.zip,1,1,0,,20.579201,0.083369,0.680905,44.9048,0.071581,0.635722,46.4384,0.064867,0.670736,67.718399,0.084317,0.696053,80.782402,0.082345,0.646962,112.864799,0.012667,0.709296,0.024,1.7e-05,3.6e-05,0.0,0.0,0.0,0.0,0.0,0.0,0.0,0.0,0.0
BATCH_2_WARM_Abnormal_2026-03-19T21-02-23-497433,BATCH 2 WARM,train,2700,semiquant,Leukocytes:Moderate 125,Leukocytes:Moderate 125,,,Leukocytes,Moderate 125,BATCH_2_WARM_Abnormal_2026-03-19T21-02-23-497433_SEMIQUANT_FROM_BINARY.zip,1,1,0,,35.805599,0.081264,0.682526,69.661598,0.069352,0.639244,73.3032,0.065565,0.674094,90.192001,0.085432,0.698008,140.879196,0.085758,0.649048,112.4608,0.013413,0.70674,0.0,0.0,0.0,0.0,0.0,0.0,0.0,0.0,0.0,0.0,0.0,0.0
BATCH_2_WARM_Abnormal_2026-03-19T21-02-23-497433,BATCH 2 WARM,train,2700,semiquant,Nitrite:Positive,Nitrite:Positive,,,Nitrite,Positive,BATCH_2_WARM_Abnormal_2026-03-19T21-02-23-497433_SEMIQUANT_FROM_BINARY.zip,1,1,0,,35.805599,0.081264,0.682526,69.661598,0.069352,0.639244,73.3032,0.065565,0.674094,90.192001,0.085432,0.698008,140.879196,0.085758,0.649048,112.4608,0.013413,0.70674,0.0,0.0,0.0,0.0,0.0,0.0,0.0,0.0,0.0,0.0,0.0,0.0
BATCH_2_WARM_Abnormal_2026-03-19T21-02-23-497433,BATCH 2 WARM,train,2700,semiquant,Urobilinogen:64,Urobilinogen:64,,,Urobilinogen,64,BATCH_2_WARM_Abnormal_2026-03-19T21-02-23-497433_SEMIQUANT_FROM_BINARY.zip,1,1,0,,35.805599,0.081264,0.682526,69.661598,0.069352,0.639244,73.3032,0.065565,0.674094,90.192001,0.085432,0.698008,140.879196,0.085758,0.649048,112.4608,0.013413,0.70674,0.0,0.0,0.0,0.0,0.0,0.0,0.0,0.0,0.0,0.0,0.0,0.0
BATCH_2_WARM_Abnormal_2026-03-19T21-02-23-497433,BATCH 2 WARM,train,2700,semiquant,Protein:3.0,Protein:3.0,,,Protein,3.0,BATCH_2_WARM_Abnormal_2026-03-19T21-02-23-497433_SEMIQUANT_FROM_BINARY.zip,1,1,0,,35.805599,0.081264,0.682526,69.661598,0.069352,0.639244,73.3032,0.065565,0.674094,90.192001,0.085432,0.698008,140.879196,0.085758,0.649048,112.4608,0.013413,0.70674,0.0,0.0,0.0,0.0,0.0,0.0,0.0,0.0,0.0,0.0,0.0,0.0
BATCH_2_WARM_Abnormal_2026-03-19T21-02-23-497433,BATCH 2 WARM,train,2700,semiquant,pH:5.0,pH:5.0,,,pH,5.0,BATCH_2_WARM_Abnormal_2026-03-19T21-02-23-497433_SEMIQUANT_FROM_BINARY.zip,1,1,0,,35.805599,0.081264,0.682526,69.661598,0.069352,0.639244,73.3032,0.065565,0.674094,90.192001,0.085432,0.698008,140.879196,0.085758,0.649048,112.4608,0.013413,0.70674,0.0,0.0,0.0,0.0,0.0,0.0,0.0,0.0,0.0,0.0,0.0,0.0
BATCH_2_WARM_Abnormal_2026-03-19T21-02-23-497433,BATCH 2 WARM,train,2700,semiquant,Blood:Moderate 80,Blood:Moderate 80,,,Blood,Moderate 80,BATCH_2_WARM_Abnormal_2026-03-19T21-02-23-497433_SEMIQUANT_FROM_BINARY.zip,1,1,0,,35.805599,0.081264,0.682526,69.661598,0.069352,0.639244,73.3032,0.065565,0.674094,90.192001,0.085432,0.698008,140.879196,0.085758,0.649048,112.4608,0.013413,0.70674,0.0,0.0,0.0,0.0,0.0,0.0,0.0,0.0,0.0,0.0,0.0,0.0
BATCH_2_WARM_Abnormal_2026-03-19T21-02-23-497433,BATCH 2 WARM,train,2700,semiquant,Specific Gravity:1.000,Specific Gravity:1.000,,,Specific Gravity,1.000,BATCH_2_WARM_Abnormal_2026-03-19T21-02-23-497433_SEMIQUANT_FROM_BINARY.zip,1,1,0,,35.805599,0.081264,0.682526,69.661598,0.069352,0.639244,73.3032,0.065565,0.674094,90.192001,0.085432,0.698008,140.879196,0.085758,0.649048,112.4608,0.013413,0.70674,0.0,0.0,0.0,0.0,0.0,0.0,0.0,0.0,0.0,0.0,0.0,0.0
BATCH_2_WARM_Abnormal_2026-03-19T21-02-23-497433,BATCH 2 WARM,train,2700,semiquant,Ketone:8.0,Ketone:8.0,,,Ketone,8.0,BATCH_2_WARM_Abnormal_2026-03-19T21-02-23-497433_SEMIQUANT_FROM_BINARY.zip,1,1,0,,35.805599,0.081264,0.682526,69.661598,0.069352,0.639244,73.3032,0.065565,0.674094,90.192001,0.085432,0.698008,140.879196,0.085758,0.649048,112.4608,0.013413,0.70674,0.0,0.0,0.0,0.0,0.0,0.0,0.0,0.0,0.0,0.0,0.0,0.0
BATCH_2_WARM_Abnormal_2026-03-19T21-02-23-497433,BATCH 2 WARM,train,2700,semiquant,Bilirubin:Small 17,Bilirubin:Small 17,,,Bilirubin,Small 17,BATCH_2_WARM_Abnormal_2026-03-19T21-02-23-497433_SEMIQUANT_FROM_BINARY.zip,1,1,0,,35.805599,0.081264,0.682526,69.661598,0.069352,0.639244,73.3032,0.065565,0.674094,90.192001,0.085432,0.698008,140.879196,0.085758,0.649048,112.4608,0.013413,0.70674,0.0,0.0,0.0,0.0,0.0,0.0,0.0,0.0,0.0,0.0,0.0,0.0
BATCH_2_WARM_Abnormal_2026-03-19T21-02-23-497433,BATCH 2 WARM,train,2700,semiquant,Glucose:60 +++,Glucose:60 +++,,,Glucose,60 +++,BATCH_2_WARM_Abnormal_2026-03-19T21-02-23-497433_SEMIQUANT_FROM_BINARY.zip,1,1,0,,35.805599,0.081264,0.682526,69.661598,0.069352,0.639244,73.3032,0.065565,0.674094,90.192001,0.085432,0.698008,140.879196,0.085758,0.649048,112.4608,0.013413,0.70674,0.0,0.0,0.0,0.0,0.0,0.0,0.0,0.0,0.0,0.0,0.0,0.0
BATCH_2_WARM_Abnormal_2026-03-19T21-02-23-497433,BATCH 2 WARM,train,2700,semiquant,Leukocytes:Large 500,Leukocytes:Large 500,,,Leukocytes,Large 500,BATCH_2_WARM_Abnormal_2026-03-19T21-02-23-497433_SEMIQUANT_FROM_BINARY.zip,1,1,0,,80.447197,0.07776,0.680193,71.218399,0.066841,0.638929,128.184799,0.066466,0.672254,165.895203,0.087078,0.696414,238.454407,0.088091,0.648129,224.009598,0.016654,0.709893,0.0,0.0,0.0,0.0,0.0,0.0,0.0,0.0,0.0,0.0,0.0,0.0
BATCH_2_WARM_Abnormal_2026-03-19T21-02-23-497433,BATCH 2 WARM,train,2700,semiquant,Nitrite:Positive,Nitrite:Positive,,,Nitrite,Positive,BATCH_2_WARM_Abnormal_2026-03-19T21-02-23-497433_SEMIQUANT_FROM_BINARY.zip,1,1,0,,80.447197,0.07776,0.680193,71.218399,0.066841,0.638929,128.184799,0.066466,0.672254,165.895203,0.087078,0.696414,238.454407,0.088091,0.648129,224.009598,0.016654,0.709893,0.0,0.0,0.0,0.0,0.0,0.0,0.0,0.0,0.0,0.0,0.0,0.0
BATCH_2_WARM_Abnormal_2026-03-19T21-02-23-497433,BATCH 2 WARM,train,2700,semiquant,Urobilinogen:128,Urobilinogen:128,,,Urobilinogen,128,BATCH_2_WARM_Abnormal_2026-03-19T21-02-23-497433_SEMIQUANT_FROM_BINARY.zip,1,1,0,,80.447197,0.07776,0.680193,71.218399,0.066841,0.638929,128.184799,0.066466,0.672254,165.895203,0.087078,0.696414,238.454407,0.088091,0.648129,224.009598,0.016654,0.709893,0.0,0.0,0.0,0.0,0.0,0.0,0.0,0.0,0.0,0.0,0.0,0.0
BATCH_2_WARM_Abnormal_2026-03-19T21-02-23-497433,BATCH 2 WARM,train,2700,semiquant,Protein:>=20.0,Protein:>=20.0,,,Protein,>=20.0,BATCH_2_WARM_Abnormal_2026-03-19T21-02-23-497433_SEMIQUANT_FROM_BINARY.zip,1,1,0,,80.447197,0.07776,0.680193,71.218399,0.066841,0.638929,128.184799,0.066466,0.672254,165.895203,0.087078,0.696414,238.454407,0.088091,0.648129,224.009598,0.016654,0.709893,0.0,0.0,0.0,0.0,0.0,0.0,0.0,0.0,0.0,0.0,0.0,0.0
BATCH_2_WARM_Abnormal_2026-03-19T21-02-23-497433,BATCH 2 WARM,train,2700,semiquant,pH:6.5,pH:6.5,,,pH,6.5,BATCH_2_WARM_Abnormal_2026-03-19T21-02-23-497433_SEMIQUANT_FROM_BINARY.zip,1,1,0,,80.447197,0.07776,0.680193,71.218399,0.066841,0.638929,128.184799,0.066466,0.672254,165.895203,0.087078,0.696414,238.454407,0.088091,0.648129,224.009598,0.016654,0.709893,0.0,0.0,0.0,0.0,0.0,0.0,0.0,0.0,0.0,0.0,0.0,0.0
BATCH_2_WARM_Abnormal_2026-03-19T21-02-23-497433,BATCH 2 WARM,train,2700,semiquant,Blood:Large 200,Blood:Large 200,,,Blood,Large 200,BATCH_2_WARM_Abnormal_2026-03-19T21-02-23-497433_SEMIQUANT_FROM_BINARY.zip,1,1,0,,80.447197,0.07776,0.680193,71.218399,0.066841,0.638929,128.184799,0.066466,0.672254,165.895203,0.087078,0.696414,238.454407,0.088091,0.648129,224.009598,0.016654,0.709893,0.0,0.0,0.0,0.0,0.0,0.0,0.0,0.0,0.0,0.0,0.0,0.0
BATCH_2_WARM_Abnormal_2026-03-19T21-02-23-497433,BATCH 2 WARM,train,2700,semiquant,Specific Gravity:1.005,Specific Gravity:1.005,,,Specific Gravity,1.005,BATCH_2_WARM_Abnormal_2026-03-19T21-02-23-497433_SEMIQUANT_FROM_BINARY.zip,1,1,0,,80.447197,0.07776,0.680193,71.218399,0.066841,0.638929,128.184799,0.066466,0.672254,165.895203,0.087078,0.696414,238.454407,0.088091,0.648129,224.009598,0.016654,0.709893,0.0,0.0,0.0,0.0,0.0,0.0,0.0,0.0,0.0,0.0,0.0,0.0
BATCH_2_WARM_Abnormal_2026-03-19T21-02-23-497433,BATCH 2 WARM,train,2700,semiquant,Ketone:Large 16,Ketone:Large 16,,,Ketone,Large 16,BATCH_2_WARM_Abnormal_2026-03-19T21-02-23-497433_SEMIQUANT_FROM_BINARY.zip,1,1,0,,80.447197,0.07776,0.680193,71.218399,0.066841,0.638929,128.184799,0.066466,0.672254,165.895203,0.087078,0.696414,238.454407,0.088091,0.648129,224.009598,0.016654,0.709893,0.0,0.0,0.0,0.0,0.0,0.0,0.0,0.0,0.0,0.0,0.0,0.0
BATCH_2_WARM_Abnormal_2026-03-19T21-02-23-497433,BATCH 2 WARM,train,2700,semiquant,Bilirubin:Moderate 50,Bilirubin:Moderate 50,,,Bilirubin,Moderate 50,BATCH_2_WARM_Abnormal_2026-03-19T21-02-23-497433_SEMIQUANT_FROM_BINARY.zip,1,1,0,,80.447197,0.07776,0.680193,71.218399,0.066841,0.638929,128.184799,0.066466,0.672254,165.895203,0.087078,0.696414,238.454407,0.088091,0.648129,224.009598,0.016654,0.709893,0.0,0.0,0.0,0.0,0.0,0.0,0.0,0.0,0.0,0.0,0.0,0.0
BATCH_2_WARM_Abnormal_2026-03-19T21-02-23-497433,BATCH 2 WARM,train,2700,semiquant,Glucose:110 ++++,Glucose:110 ++++,,,Glucose,110 ++++,BATCH_2_WARM_Abnormal_2026-03-19T21-02-23-497433_SEMIQUANT_FROM_BINARY.zip,1,1,0,,80.447197,0.07776,0.680193,71.218399,0.066841,0.638929,128.184799,0.066466,0.672254,165.895203,0.087078,0.696414,238.454407,0.088091,0.648129,224.009598,0.016654,0.709893,0.0,0.0,0.0,0.0,0.0,0.0,0.0,0.0,0.0,0.0,0.0,0.0
BATCH_2_WARM_Abnormal_2026-03-19T21-02-23-497433,BATCH 2 WARM,train,2700,semiquant,Leukocytes:Trace 15,Leukocytes:Trace 15,,,Leukocytes,Trace 15,BATCH_2_WARM_Abnormal_2026-03-19T21-02-23-497433_SEMIQUANT_FROM_BINARY.zip,1,1,0,,33.4832,0.082188,0.679669,32.9744,0.068762,0.635736,48.811199,0.0641,0.669363,70.389603,0.084786,0.69336,108.644798,0.084121,0.643555,178.004807,0.013625,0.708019,9.9808,0.002384,0.094019,0.0,0.0,0.0,0.0,0.0,0.0,0.0,0.0,0.0
BATCH_2_WARM_Abnormal_2026-03-19T21-02-23-497433,BATCH 2 WARM,train,2700,semiquant,Nitrite:Positive,Nitrite:Positive,,,Nitrite,Positive,BATCH_2_WARM_Abnormal_2026-03-19T21-02-23-497433_SEMIQUANT_FROM_BINARY.zip,1,1,0,,33.4832,0.082188,0.679669,32.9744,0.068762,0.635736,48.811199,0.0641,0.669363,70.389603,0.084786,0.69336,108.644798,0.084121,0.643555,178.004807,0.013625,0.708019,9.9808,0.002384,0.094019,0.0,0.0,0.0,0.0,0.0,0.0,0.0,0.0,0.0
BATCH_2_WARM_Abnormal_2026-03-19T21-02-23-497433,BATCH 2 WARM,train,2700,semiquant,Urobilinogen:16,Urobilinogen:16,,,Urobilinogen,16,BATCH_2_WARM_Abnormal_2026-03-19T21-02-23-497433_SEMIQUANT_FROM_BINARY.zip,1,1,0,,33.4832,0.082188,0.679669,32.9744,0.068762,0.635736,48.811199,0.0641,0.669363,70.389603,0.084786,0.69336,108.644798,0.084121,0.643555,178.004807,0.013625,0.708019,9.9808,0.002384,0.094019,0.0,0.0,0.0,0.0,0.0,0.0,0.0,0.0,0.0
BATCH_2_WARM_Abnormal_2026-03-19T21-02-23-497433,BATCH 2 WARM,train,2700,semiquant,Protein:Trace,Protein:Trace,,,Protein,Trace,BATCH_2_WARM_Abnormal_2026-03-19T21-02-23-497433_SEMIQUANT_FROM_BINARY.zip,1,1,0,,33.4832,0.082188,0.679669,32.9744,0.068762,0.635736,48.811199,0.0641,0.669363,70.389603,0.084786,0.69336,108.644798,0.084121,0.643555,178.004807,0.013625,0.708019,9.9808,0.002384,0.094019,0.0,0.0,0.0,0.0,0.0,0.0,0.0,0.0,0.0
BATCH_2_WARM_Abnormal_2026-03-19T21-02-23-497433,BATCH 2 WARM,train,2700,semiquant,pH:7.0,pH:7.0,,,pH,7.0,BATCH_2_WARM_Abnormal_2026-03-19T21-02-23-497433_SEMIQUANT_FROM_BINARY.zip,1,1,0,,33.4832,0.082188,0.679669,32.9744,0.068762,0.635736,48.811199,0.0641,0.669363,70.389603,0.084786,0.69336,108.644798,0.084121,0.643555,178.004807,0.013625,0.708019,9.9808,0.002384,0.094019,0.0,0.0,0.0,0.0,0.0,0.0,0.0,0.0,0.0
BATCH_2_WARM_Abnormal_2026-03-19T21-02-23-497433,BATCH 2 WARM,train,2700,semiquant,Blood:Non-hemolyzed 10,Blood:Non-hemolyzed 10,,,Blood,Non-hemolyzed 10,BATCH_2_WARM_Abnormal_2026-03-19T21-02-23-497433_SEMIQUANT_FROM_BINARY.zip,1,1,0,,33.4832,0.082188,0.679669,32.9744,0.068762,0.635736,48.811199,0.0641,0.669363,70.389603,0.084786,0.69336,108.644798,0.084121,0.643555,178.004807,0.013625,0.708019,9.9808,0.002384,0.094019,0.0,0.0,0.0,0.0,0.0,0.0,0.0,0.0,0.0
BATCH_2_WARM_Abnormal_2026-03-19T21-02-23-497433,BATCH 2 WARM,train,2700,semiquant,Specific Gravity:1.010,Specific Gravity:1.010,,,Specific Gravity,1.010,BATCH_2_WARM_Abnormal_2026-03-19T21-02-23-497433_SEMIQUANT_FROM_BINARY.zip,1,1,0,,33.4832,0.082188,0.679669,32.9744,0.068762,0.635736,48.811199,0.0641,0.669363,70.389603,0.084786,0.69336,108.644798,0.084121,0.643555,178.004807,0.013625,0.708019,9.9808,0.002384,0.094019,0.0,0.0,0.0,0.0,0.0,0.0,0.0,0.0,0.0
BATCH_2_WARM_Abnormal_2026-03-19T21-02-23-497433,BATCH 2 WARM,train,2700,semiquant,Ketone:Trace 0.5,Ketone:Trace 0.5,,,Ketone,Trace 0.5,BATCH_2_WARM_Abnormal_2026-03-19T21-02-23-497433_SEMIQUANT_FROM_BINARY.zip,1,1,0,,33.4832,0.082188,0.679669,32.9744,0.068762,0.635736,48.811199,0.0641,0.669363,70.389603,0.084786,0.69336,108.644798,0.084121,0.643555,178.004807,0.013625,0.708019,9.9808,0.002384,0.094019,0.0,0.0,0.0,0.0,0.0,0.0,0.0,0.0,0.0
BATCH_2_WARM_Abnormal_2026-03-19T21-02-23-497433,BATCH 2 WARM,train,2700,semiquant,Bilirubin:Large 100,Bilirubin:Large 100,,,Bilirubin,Large 100,BATCH_2_WARM_Abnormal_2026-03-19T21-02-23-497433_SEMIQUANT_FROM_BINARY.zip,1,1,0,,33.4832,0.082188,0.679669,32.9744,0.068762,0.635736,48.811199,0.0641,0.669363,70.389603,0.084786,0.69336,108.644798,0.084121,0.643555,178.004807,0.013625,0.708019,9.9808,0.002384,0.094019,0.0,0.0,0.0,0.0,0.0,0.0,0.0,0.0,0.0
BATCH_2_WARM_Abnormal_2026-03-19T21-02-23-497433,BATCH 2 WARM,train,2700,semiquant,Glucose:Trace 5,Glucose:Trace 5,,,Glucose,Trace 5,BATCH_2_WARM_Abnormal_2026-03-19T21-02-23-497433_SEMIQUANT_FROM_BINARY.zip,1,1,0,,33.4832,0.082188,0.679669,32.9744,0.068762,0.635736,48.811199,0.0641,0.669363,70.389603,0.084786,0.69336,108.644798,0.084121,0.643555,178.004807,0.013625,0.708019,9.9808,0.002384,0.094019,0.0,0.0,0.0,0.0,0.0,0.0,0.0,0.0,0.0
BATCH_COOL_Abnormal_2026-03-19T21-03-18-699329,BATCH COOL,train,4000,semiquant,Leukocytes:Trace 15,Leukocytes:Trace 15,,,Leukocytes,Trace 15,BATCH_COOL_Abnormal_2026-03-19T21-03-18-699329_SEMIQUANT_FROM_BINARY.zip,1,1,0,,69.987198,0.45851,0.25648,41.790401,0.245522,0.654168,26.084801,0.51398,0.68824,61.361599,0.532158,0.255548,47.319199,0.027492,0.723476,44.2952,0.04126,0.63306,0.0,0.0,0.0,0.0,0.0,0.0,0.0,0.0,0.0,0.0,0.0,0.0
BATCH_COOL_Abnormal_2026-03-19T21-03-18-699329,BATCH COOL,train,4000,semiquant,Nitrite:Positive,Nitrite:Positive,,,Nitrite,Positive,BATCH_COOL_Abnormal_2026-03-19T21-03-18-699329_SEMIQUANT_FROM_BINARY.zip,1,1,0,,69.987198,0.45851,0.25648,41.790401,0.245522,0.654168,26.084801,0.51398,0.68824,61.361599,0.532158,0.255548,47.319199,0.027492,0.723476,44.2952,0.04126,0.63306,0.0,0.0,0.0,0.0,0.0,0.0,0.0,0.0,0.0,0.0,0.0,0.0
BATCH_COOL_Abnormal_2026-03-19T21-03-18-699329,BATCH COOL,train,4000,semiquant,Urobilinogen:16,Urobilinogen:16,,,Urobilinogen,16,BATCH_COOL_Abnormal_2026-03-19T21-03-18-699329_SEMIQUANT_FROM_BINARY.zip,1,1,0,,69.987198,0.45851,0.25648,41.790401,0.245522,0.654168,26.084801,0.51398,0.68824,61.361599,0.532158,0.255548,47.319199,0.027492,0.723476,44.2952,0.04126,0.63306,0.0,0.0,0.0,0.0,0.0,0.0,0.0,0.0,0.0,0.0,0.0,0.0
BATCH_COOL_Abnormal_2026-03-19T21-03-18-699329,BATCH COOL,train,4000,semiquant,Protein:Trace,Protein:Trace,,,Protein,Trace,BATCH_COOL_Abnormal_2026-03-19T21-03-18-699329_SEMIQUANT_FROM_BINARY.zip,1,1,0,,69.987198,0.45851,0.25648,41.790401,0.245522,0.654168,26.084801,0.51398,0.68824,61.361599,0.532158,0.255548,47.319199,0.027492,0.723476,44.2952,0.04126,0.63306,0.0,0.0,0.0,0.0,0.0,0.0,0.0,0.0,0.0,0.0,0.0,0.0
BATCH_COOL_Abnormal_2026-03-19T21-03-18-699329,BATCH COOL,train,4000,semiquant,pH:5.0,pH:5.0,,,pH,5.0,BATCH_COOL_Abnormal_2026-03-19T21-03-18-699329_SEMIQUANT_FROM_BINARY.zip,1,1,0,,69.987198,0.45851,0.25648,41.790401,0.245522,0.654168,26.084801,0.51398,0.68824,61.361599,0.532158,0.255548,47.319199,0.027492,0.723476,44.2952,0.04126,0.63306,0.0,0.0,0.0,0.0,0.0,0.0,0.0,0.0,0.0,0.0,0.0,0.0
BATCH_COOL_Abnormal_2026-03-19T21-03-18-699329,BATCH COOL,train,4000,semiquant,Blood:Non-hemolyzed 10,Blood:Non-hemolyzed 10,,,Blood,Non-hemolyzed 10,BATCH_COOL_Abnormal_2026-03-19T21-03-18-699329_SEMIQUANT_FROM_BINARY.zip,1,1,0,,69.987198,0.45851,0.25648,41.790401,0.245522,0.654168,26.084801,0.51398,0.68824,61.361599,0.532158,0.255548,47.319199,0.027492,0.723476,44.2952,0.04126,0.63306,0.0,0.0,0.0,0.0,0.0,0.0,0.0,0.0,0.0,0.0,0.0,0.0
BATCH_COOL_Abnormal_2026-03-19T21-03-18-699329,BATCH COOL,train,4000,semiquant,Specific Gravity:1.000,Specific Gravity:1.000,,,Specific Gravity,1.000,BATCH_COOL_Abnormal_2026-03-19T21-03-18-699329_SEMIQUANT_FROM_BINARY.zip,1,1,0,,69.987198,0.45851,0.25648,41.790401,0.245522,0.654168,26.084801,0.51398,0.68824,61.361599,0.532158,0.255548,47.319199,0.027492,0.723476,44.2952,0.04126,0.63306,0.0,0.0,0.0,0.0,0.0,0.0,0.0,0.0,0.0,0.0,0.0,0.0
BATCH_COOL_Abnormal_2026-03-19T21-03-18-699329,BATCH COOL,train,4000,semiquant,Ketone:Trace 0.5,Ketone:Trace 0.5,,,Ketone,Trace 0.5,BATCH_COOL_Abnormal_2026-03-19T21-03-18-699329_SEMIQUANT_FROM_BINARY.zip,1,1,0,,69.987198,0.45851,0.25648,41.790401,0.245522,0.654168,26.084801,0.51398,0.68824,61.361599,0.532158,0.255548,47.319199,0.027492,0.723476,44.2952,0.04126,0.63306,0.0,0.0,0.0,0.0,0.0,0.0,0.0,0.0,0.0,0.0,0.0,0.0
BATCH_COOL_Abnormal_2026-03-19T21-03-18-699329,BATCH COOL,train,4000,semiquant,Bilirubin:Small 17,Bilirubin:Small 17,,,Bilirubin,Small 17,BATCH_COOL_Abnormal_2026-03-19T21-03-18-699329_SEMIQUANT_FROM_BINARY.zip,1,1,0,,69.987198,0.45851,0.25648,41.790401,0.245522,0.654168,26.084801,0.51398,0.68824,61.361599,0.532158,0.255548,47.319199,0.027492,0.723476,44.2952,0.04126,0.63306,0.0,0.0,0.0,0.0,0.0,0.0,0.0,0.0,0.0,0.0,0.0,0.0
BATCH_COOL_Abnormal_2026-03-19T21-03-18-699329,BATCH COOL,train,4000,semiquant,Glucose:Trace 5,Glucose:Trace 5,,,Glucose,Trace 5,BATCH_COOL_Abnormal_2026-03-19T21-03-18-699329_SEMIQUANT_FROM_BINARY.zip,1,1,0,,69.987198,0.45851,0.25648,41.790401,0.245522,0.654168,26.084801,0.51398,0.68824,61.361599,0.532158,0.255548,47.319199,0.027492,0.723476,44.2952,0.04126,0.63306,0.0,0.0,0.0,0.0,0.0,0.0,0.0,0.0,0.0,0.0,0.0,0.0
BATCH_COOL_Abnormal_2026-03-19T21-03-18-699329,BATCH COOL,train,4000,semiquant,Leukocytes:Small 70,Leukocytes:Small 70,,,Leukocytes,Small 70,BATCH_COOL_Abnormal_2026-03-19T21-03-18-699329_SEMIQUANT_FROM_BINARY.zip,1,1,0,,69.987198,0.45851,0.25648,41.790401,0.245522,0.654168,26.084801,0.51398,0.68824,61.361599,0.532158,0.255548,47.319199,0.027492,0.723476,44.2952,0.04126,0.63306,0.0,0.0,0.0,0.0,0.0,0.0,0.0,0.0,0.0,0.0,0.0,0.0
BATCH_COOL_Abnormal_2026-03-19T21-03-18-699329,BATCH COOL,train,4000,semiquant,Nitrite:Positive,Nitrite:Positive,,,Nitrite,Positive,BATCH_COOL_Abnormal_2026-03-19T21-03-18-699329_SEMIQUANT_FROM_BINARY.zip,1,1,0,,69.987198,0.45851,0.25648,41.790401,0.245522,0.654168,26.084801,0.51398,0.68824,61.361599,0.532158,0.255548,47.319199,0.027492,0.723476,44.2952,0.04126,0.63306,0.0,0.0,0.0,0.0,0.0,0.0,0.0,0.0,0.0,0.0,0.0,0.0
BATCH_COOL_Abnormal_2026-03-19T21-03-18-699329,BATCH COOL,train,4000,semiquant,Urobilinogen:32,Urobilinogen:32,,,Urobilinogen,32,BATCH_COOL_Abnormal_2026-03-19T21-03-18-699329_SEMIQUANT_FROM_BINARY.zip,1,1,0,,69.987198,0.45851,0.25648,41.790401,0.245522,0.654168,26.084801,0.51398,0.68824,61.361599,0.532158,0.255548,47.319199,0.027492,0.723476,44.2952,0.04126,0.63306,0.0,0.0,0.0,0.0,0.0,0.0,0.0,0.0,0.0,0.0,0.0,0.0
BATCH_COOL_Abnormal_2026-03-19T21-03-18-699329,BATCH COOL,train,4000,semiquant,Protein:0.3,Protein:0.3,,,Protein,0.3,BATCH_COOL_Abnormal_2026-03-19T21-03-18-699329_SEMIQUANT_FROM_BINARY.zip,1,1,0,,69.987198,0.45851,0.25648,41.790401,0.245522,0.654168,26.084801,0.51398,0.68824,61.361599,0.532158,0.255548,47.319199,0.027492,0.723476,44.2952,0.04126,0.63306,0.0,0.0,0.0,0.0,0.0,0.0,0.0,0.0,0.0,0.0,0.0,0.0
BATCH_COOL_Abnormal_2026-03-19T21-03-18-699329,BATCH COOL,train,4000,semiquant,pH:6.5,pH:6.5,,,pH,6.5,BATCH_COOL_Abnormal_2026-03-19T21-03-18-699329_SEMIQUANT_FROM_BINARY.zip,1,1,0,,69.987198,0.45851,0.25648,41.790401,0.245522,0.654168,26.084801,0.51398,0.68824,61.361599,0.532158,0.255548,47.319199,0.027492,0.723476,44.2952,0.04126,0.63306,0.0,0.0,0.0,0.0,0.0,0.0,0.0,0.0,0.0,0.0,0.0,0.0
BATCH_COOL_Abnormal_2026-03-19T21-03-18-699329,BATCH COOL,train,4000,semiquant,Blood:Hemolyzed 10,Blood:Hemolyzed 10,,,Blood,Hemolyzed 10,BATCH_COOL_Abnormal_2026-03-19T21-03-18-699329_SEMIQUANT_FROM_BINARY.zip,1,1,0,,69.987198,0.45851,0.25648,41.790401,0.245522,0.654168,26.084801,0.51398,0.68824,61.361599,0.532158,0.255548,47.319199,0.027492,0.723476,44.2952,0.04126,0.63306,0.0,0.0,0.0,0.0,0.0,0.0,0.0,0.0,0.0,0.0,0.0,0.0
BATCH_COOL_Abnormal_2026-03-19T21-03-18-699329,BATCH COOL,train,4000,semiquant,Specific Gravity:1.005,Specific Gravity:1.005,,,Specific Gravity,1.005,BATCH_COOL_Abnormal_2026-03-19T21-03-18-699329_SEMIQUANT_FROM_BINARY.zip,1,1,0,,69.987198,0.45851,0.25648,41.790401,0.245522,0.654168,26.084801,0.51398,0.68824,61.361599,0.532158,0.255548,47.319199,0.027492,0.723476,44.2952,0.04126,0.63306,0.0,0.0,0.0,0.0,0.0,0.0,0.0,0.0,0.0,0.0,0.0,0.0
BATCH_COOL_Abnormal_2026-03-19T21-03-18-699329,BATCH COOL,train,4000,semiquant,Ketone:Small 1.5,Ketone:Small 1.5,,,Ketone,Small 1.5,BATCH_COOL_Abnormal_2026-03-19T21-03-18-699329_SEMIQUANT_FROM_BINARY.zip,1,1,0,,69.987198,0.45851,0.25648,41.790401,0.245522,0.654168,26.084801,0.51398,0.68824,61.361599,0.532158,0.255548,47.319199,0.027492,0.723476,44.2952,0.04126,0.63306,0.0,0.0,0.0,0.0,0.0,0.0,0.0,0.0,0.0,0.0,0.0,0.0
BATCH_COOL_Abnormal_2026-03-19T21-03-18-699329,BATCH COOL,train,4000,semiquant,Bilirubin:Moderate 50,Bilirubin:Moderate 50,,,Bilirubin,Moderate 50,BATCH_COOL_Abnormal_2026-03-19T21-03-18-699329_SEMIQUANT_FROM_BINARY.zip,1,1,0,,69.987198,0.45851,0.25648,41.790401,0.245522,0.654168,26.084801,0.51398,0.68824,61.361599,0.532158,0.255548,47.319199,0.027492,0.723476,44.2952,0.04126,0.63306,0.0,0.0,0.0,0.0,0.0,0.0,0.0,0.0,0.0,0.0,0.0,0.0
BATCH_COOL_Abnormal_2026-03-19T21-03-18-699329,BATCH COOL,train,4000,semiquant,Glucose:15 +,Glucose:15 +,,,Glucose,15 +,BATCH_COOL_Abnormal_2026-03-19T21-03-18-699329_SEMIQUANT_FROM_BINARY.zip,1,1,0,,69.987198,0.45851,0.25648,41.790401,0.245522,0.654168,26.084801,0.51398,0.68824,61.361599,0.532158,0.255548,47.319199,0.027492,0.723476,44.2952,0.04126,0.63306,0.0,0.0,0.0,0.0,0.0,0.0,0.0,0.0,0.0,0.0,0.0,0.0
BATCH_COOL_Abnormal_2026-03-19T21-03-18-699329,BATCH COOL,train,4000,semiquant,Leukocytes:Moderate 125,Leukocytes:Moderate 125,,,Leukocytes,Moderate 125,BATCH_COOL_Abnormal_2026-03-19T21-03-18-699329_SEMIQUANT_FROM_BINARY.zip,1,1,0,,68.304802,0.462513,0.253053,36.4016,0.24715,0.652969,26.5072,0.530485,0.688397,60.996799,0.54774,0.241274,55.422401,0.025136,0.725567,48.608799,0.037412,0.669898,0.0,0.0,0.0,0.0,0.0,0.0,0.0,0.0,0.0,0.0,0.0,0.0
BATCH_COOL_Abnormal_2026-03-19T21-03-18-699329,BATCH COOL,train,4000,semiquant,Nitrite:Positive,Nitrite:Positive,,,Nitrite,Positive,BATCH_COOL_Abnormal_2026-03-19T21-03-18-699329_SEMIQUANT_FROM_BINARY.zip,1,1,0,,68.304802,0.462513,0.253053,36.4016,0.24715,0.652969,26.5072,0.530485,0.688397,60.996799,0.54774,0.241274,55.422401,0.025136,0.725567,48.608799,0.037412,0.669898,0.0,0.0,0.0,0.0,0.0,0.0,0.0,0.0,0.0,0.0,0.0,0.0
BATCH_COOL_Abnormal_2026-03-19T21-03-18-699329,BATCH COOL,train,4000,semiquant,Urobilinogen:64,Urobilinogen:64,,,Urobilinogen,64,BATCH_COOL_Abnormal_2026-03-19T21-03-18-699329_SEMIQUANT_FROM_BINARY.zip,1,1,0,,68.304802,0.462513,0.253053,36.4016,0.24715,0.652969,26.5072,0.530485,0.688397,60.996799,0.54774,0.241274,55.422401,0.025136,0.725567,48.608799,0.037412,0.669898,0.0,0.0,0.0,0.0,0.0,0.0,0.0,0.0,0.0,0.0,0.0,0.0
BATCH_COOL_Abnormal_2026-03-19T21-03-18-699329,BATCH COOL,train,4000,semiquant,Protein:1.0,Protein:1.0,,,Protein,1.0,BATCH_COOL_Abnormal_2026-03-19T21-03-18-699329_SEMIQUANT_FROM_BINARY.zip,1,1,0,,68.304802,0.462513,0.253053,36.4016,0.24715,0.652969,26.5072,0.530485,0.688397,60.996799,0.54774,0.241274,55.422401,0.025136,0.725567,48.608799,0.037412,0.669898,0.0,0.0,0.0,0.0,0.0,0.0,0.0,0.0,0.0,0.0,0.0,0.0
BATCH_COOL_Abnormal_2026-03-19T21-03-18-699329,BATCH COOL,train,4000,semiquant,pH:7.0,pH:7.0,,,pH,7.0,BATCH_COOL_Abnormal_2026-03-19T21-03-18-699329_SEMIQUANT_FROM_BINARY.zip,1,1,0,,68.304802,0.462513,0.253053,36.4016,0.24715,0.652969,26.5072,0.530485,0.688397,60.996799,0.54774,0.241274,55.422401,0.025136,0.725567,48.608799,0.037412,0.669898,0.0,0.0,0.0,0.0,0.0,0.0,0.0,0.0,0.0,0.0,0.0,0.0
BATCH_COOL_Abnormal_2026-03-19T21-03-18-699329,BATCH COOL,train,4000,semiquant,Blood:Small 25,Blood:Small 25,,,Blood,Small 25,BATCH_COOL_Abnormal_2026-03-19T21-03-18-699329_SEMIQUANT_FROM_BINARY.zip,1,1,0,,68.304802,0.462513,0.253053,36.4016,0.24715,0.652969,26.5072,0.530485,0.688397,60.996799,0.54774,0.241274,55.422401,0.025136,0.725567,48.608799,0.037412,0.669898,0.0,0.0,0.0,0.0,0.0,0.0,0.0,0.0,0.0,0.0,0.0,0.0
BATCH_COOL_Abnormal_2026-03-19T21-03-18-699329,BATCH COOL,train,4000,semiquant,Specific Gravity:1.010,Specific Gravity:1.010,,,Specific Gravity,1.010,BATCH_COOL_Abnormal_2026-03-19T21-03-18-699329_SEMIQUANT_FROM_BINARY.zip,1,1,0,,68.304802,0.462513,0.253053,36.4016,0.24715,0.652969,26.5072,0.530485,0.688397,60.996799,0.54774,0.241274,55.422401,0.025136,0.725567,48.608799,0.037412,0.669898,0.0,0.0,0.0,0.0,0.0,0.0,0.0,0.0,0.0,0.0,0.0,0.0
BATCH_COOL_Abnormal_2026-03-19T21-03-18-699329,BATCH COOL,train,4000,semiquant,Ketone:Moderate 4.0,Ketone:Moderate 4.0,,,Ketone,Moderate 4.0,BATCH_COOL_Abnormal_2026-03-19T21-03-18-699329_SEMIQUANT_FROM_BINARY.zip,1,1,0,,68.304802,0.462513,0.253053,36.4016,0.24715,0.652969,26.5072,0.530485,0.688397,60.996799,0.54774,0.241274,55.422401,0.025136,0.725567,48.608799,0.037412,0.669898,0.0,0.0,0.0,0.0,0.0,0.0,0.0,0.0,0.0,0.0,0.0,0.0
BATCH_COOL_Abnormal_2026-03-19T21-03-18-699329,BATCH COOL,train,4000,semiquant,Bilirubin:Large 100,Bilirubin:Large 100,,,Bilirubin,Large 100,BATCH_COOL_Abnormal_2026-03-19T21-03-18-699329_SEMIQUANT_FROM_BINARY.zip,1,1,0,,68.304802,0.462513,0.253053,36.4016,0.24715,0.652969,26.5072,0.530485,0.688397,60.996799,0.54774,0.241274,55.422401,0.025136,0.725567,48.608799,0.037412,0.669898,0.0,0.0,0.0,0.0,0.0,0.0,0.0,0.0,0.0,0.0,0.0,0.0
BATCH_COOL_Abnormal_2026-03-19T21-03-18-699329,BATCH COOL,train,4000,semiquant,Glucose:30 ++,Glucose:30 ++,,,Glucose,30 ++,BATCH_COOL_Abnormal_2026-03-19T21-03-18-699329_SEMIQUANT_FROM_BINARY.zip,1,1,0,,68.304802,0.462513,0.253053,36.4016,0.24715,0.652969,26.5072,0.530485,0.688397,60.996799,0.54774,0.241274,55.422401,0.025136,0.725567,48.608799,0.037412,0.669898,0.0,0.0,0.0,0.0,0.0,0.0,0.0,0.0,0.0,0.0,0.0,0.0
BATCH_COOL_Abnormal_2026-03-19T21-03-18-699329,BATCH COOL,train,4000,semiquant,Leukocytes:Large 500,Leukocytes:Large 500,,,Leukocytes,Large 500,BATCH_COOL_Abnormal_2026-03-19T21-03-18-699329_SEMIQUANT_FROM_BINARY.zip,1,1,0,,253.427994,0.313371,1.0,253.845596,0.315773,1.0,252.703995,0.313172,1.0,252.874405,0.310847,1.0,253.989594,0.308375,1.0,253.053604,0.3096,1.0,253.991196,0.309526,1.0,253.596802,0.311457,1.0,253.933594,0.313984,1.0,253.793594,0.317553,1.0
BATCH_COOL_Abnormal_2026-03-19T21-03-18-699329,BATCH COOL,train,4000,semiquant,Nitrite:Positive,Nitrite:Positive,,,Nitrite,Positive,BATCH_COOL_Abnormal_2026-03-19T21-03-18-699329_SEMIQUANT_FROM_BINARY.zip,1,1,0,,253.427994,0.313371,1.0,253.845596,0.315773,1.0,252.703995,0.313172,1.0,252.874405,0.310847,1.0,253.989594,0.308375,1.0,253.053604,0.3096,1.0,253.991196,0.309526,1.0,253.596802,0.311457,1.0,253.933594,0.313984,1.0,253.793594,0.317553,1.0
BATCH_COOL_Abnormal_2026-03-19T21-03-18-699329,BATCH COOL,train,4000,semiquant,Urobilinogen:128,Urobilinogen:128,,,Urobilinogen,128,BATCH_COOL_Abnormal_2026-03-19T21-03-18-699329_SEMIQUANT_FROM_BINARY.zip,1,1,0,,253.427994,0.313371,1.0,253.845596,0.315773,1.0,252.703995,0.313172,1.0,252.874405,0.310847,1.0,253.989594,0.308375,1.0,253.053604,0.3096,1.0,253.991196,0.309526,1.0,253.596802,0.311457,1.0,253.933594,0.313984,1.0,253.793594,0.317553,1.0
BATCH_COOL_Abnormal_2026-03-19T21-03-18-699329,BATCH COOL,train,4000,semiquant,Protein:3.0,Protein:3.0,,,Protein,3.0,BATCH_COOL_Abnormal_2026-03-19T21-03-18-699329_SEMIQUANT_FROM_BINARY.zip,1,1,0,,253.427994,0.313371,1.0,253.845596,0.315773,1.0,252.703995,0.313172,1.0,252.874405,0.310847,1.0,253.989594,0.308375,1.0,253.053604,0.3096,1.0,253.991196,0.309526,1.0,253.596802,0.311457,1.0,253.933594,0.313984,1.0,253.793594,0.317553,1.0
BATCH_COOL_Abnormal_2026-03-19T21-03-18-699329,BATCH COOL,train,4000,semiquant,pH:7.5,pH:7.5,,,pH,7.5,BATCH_COOL_Abnormal_2026-03-19T21-03-18-699329_SEMIQUANT_FROM_BINARY.zip,1,1,0,,253.427994,0.313371,1.0,253.845596,0.315773,1.0,252.703995,0.313172,1.0,252.874405,0.310847,1.0,253.989594,0.308375,1.0,253.053604,0.3096,1.0,253.991196,0.309526,1.0,253.596802,0.311457,1.0,253.933594,0.313984,1.0,253.793594,0.317553,1.0
BATCH_COOL_Abnormal_2026-03-19T21-03-18-699329,BATCH COOL,train,4000,semiquant,Blood:Moderate 80,Blood:Moderate 80,,,Blood,Moderate 80,BATCH_COOL_Abnormal_2026-03-19T21-03-18-699329_SEMIQUANT_FROM_BINARY.zip,1,1,0,,253.427994,0.313371,1.0,253.845596,0.315773,1.0,252.703995,0.313172,1.0,252.874405,0.310847,1.0,253.989594,0.308375,1.0,253.053604,0.3096,1.0,253.991196,0.309526,1.0,253.596802,0.311457,1.0,253.933594,0.313984,1.0,253.793594,0.317553,1.0
BATCH_COOL_Abnormal_2026-03-19T21-03-18-699329,BATCH COOL,train,4000,semiquant,Specific Gravity:1.020,Specific Gravity:1.020,,,Specific Gravity,1.020,BATCH_COOL_Abnormal_2026-03-19T21-03-18-699329_SEMIQUANT_FROM_BINARY.zip,1,1,0,,253.427994,0.313371,1.0,253.845596,0.315773,1.0,252.703995,0.313172,1.0,252.874405,0.310847,1.0,253.989594,0.308375,1.0,253.053604,0.3096,1.0,253.991196,0.309526,1.0,253.596802,0.311457,1.0,253.933594,0.313984,1.0,253.793594,0.317553,1.0
BATCH_COOL_Abnormal_2026-03-19T21-03-18-699329,BATCH COOL,train,4000,semiquant,Ketone:8.0,Ketone:8.0,,,Ketone,8.0,BATCH_COOL_Abnormal_2026-03-19T21-03-18-699329_SEMIQUANT_FROM_BINARY.zip,1,1,0,,253.427994,0.313371,1.0,253.845596,0.315773,1.0,252.703995,0.313172,1.0,252.874405,0.310847,1.0,253.989594,0.308375,1.0,253.053604,0.3096,1.0,253.991196,0.309526,1.0,253.596802,0.311457,1.0,253.933594,0.313984,1.0,253.793594,0.317553,1.0
BATCH_COOL_Abnormal_2026-03-19T21-03-18-699329,BATCH COOL,train,4000,semiquant,Bilirubin:Small 17,Bilirubin:Small 17,,,Bilirubin,Small 17,BATCH_COOL_Abnormal_2026-03-19T21-03-18-699329_SEMIQUANT_FROM_BINARY.zip,1,1,0,,253.427994,0.313371,1.0,253.845596,0.315773,1.0,252.703995,0.313172,1.0,252.874405,0.310847,1.0,253.989594,0.308375,1.0,253.053604,0.3096,1.0,253.991196,0.309526,1.0,253.596802,0.311457,1.0,253.933594,0.313984,1.0,253.793594,0.317553,1.0
BATCH_COOL_Abnormal_2026-03-19T21-03-18-699329,BATCH COOL,train,4000,semiquant,Glucose:60 +++,Glucose:60 +++,,,Glucose,60 +++,BATCH_COOL_Abnormal_2026-03-19T21-03-18-699329_SEMIQUANT_FROM_BINARY.zip,1,1,0,,253.427994,0.313371,1.0,253.845596,0.315773,1.0,252.703995,0.313172,1.0,252.874405,0.310847,1.0,253.989594,0.308375,1.0,253.053604,0.3096,1.0,253.991196,0.309526,1.0,253.596802,0.311457,1.0,253.933594,0.313984,1.0,253.793594,0.317553,1.0
BATCH_COOL_Abnormal_2026-03-19T21-03-18-699329,BATCH COOL,train,4000,semiquant,Leukocytes:Trace 15,Leukocytes:Trace 15,,,Leukocytes,Trace 15,BATCH_COOL_Abnormal_2026-03-19T21-03-18-699329_SEMIQUANT_FROM_BINARY.zip,1,1,0,,64.203201,0.454376,0.26338,36.8848,0.243329,0.660331,31.510401,0.507787,0.688725,55.818401,0.503128,0.278969,35.084,0.045067,0.715719,20.307199,0.035376,0.386966,0.0,0.0,0.0,0.0,0.0,0.0,0.0,0.0,0.0,0.0,0.0,0.0
BATCH_COOL_Abnormal_2026-03-19T21-03-18-699329,BATCH COOL,train,4000,semiquant,Nitrite:Positive,Nitrite:Positive,,,Nitrite,Positive,BATCH_COOL_Abnormal_2026-03-19T21-03-18-699329_SEMIQUANT_FROM_BINARY.zip,1,1,0,,64.203201,0.454376,0.26338,36.8848,0.243329,0.660331,31.510401,0.507787,0.688725,55.818401,0.503128,0.278969,35.084,0.045067,0.715719,20.307199,0.035376,0.386966,0.0,0.0,0.0,0.0,0.0,0.0,0.0,0.0,0.0,0.0,0.0,0.0
BATCH_COOL_Abnormal_2026-03-19T21-03-18-699329,BATCH COOL,train,4000,semiquant,Urobilinogen:16,Urobilinogen:16,,,Urobilinogen,16,BATCH_COOL_Abnormal_2026-03-19T21-03-18-699329_SEMIQUANT_FROM_BINARY.zip,1,1,0,,64.203201,0.454376,0.26338,36.8848,0.243329,0.660331,31.510401,0.507787,0.688725,55.818401,0.503128,0.278969,35.084,0.045067,0.715719,20.307199,0.035376,0.386966,0.0,0.0,0.0,0.0,0.0,0.0,0.0,0.0,0.0,0.0,0.0,0.0
BATCH_COOL_Abnormal_2026-03-19T21-03-18-699329,BATCH COOL,train,4000,semiquant,Protein:>=20.0,Protein:>=20.0,,,Protein,>=20.0,BATCH_COOL_Abnormal_2026-03-19T21-03-18-699329_SEMIQUANT_FROM_BINARY.zip,1,1,0,,64.203201,0.454376,0.26338,36.8848,0.243329,0.660331,31.510401,0.507787,0.688725,55.818401,0.503128,0.278969,35.084,0.045067,0.715719,20.307199,0.035376,0.386966,0.0,0.0,0.0,0.0,0.0,0.0,0.0,0.0,0.0,0.0,0.0,0.0
BATCH_COOL_Abnormal_2026-03-19T21-03-18-699329,BATCH COOL,train,4000,semiquant,pH:8.0,pH:8.0,,,pH,8.0,BATCH_COOL_Abnormal_2026-03-19T21-03-18-699329_SEMIQUANT_FROM_BINARY.zip,1,1,0,,64.203201,0.454376,0.26338,36.8848,0.243329,0.660331,31.510401,0.507787,0.688725,55.818401,0.503128,0.278969,35.084,0.045067,0.715719,20.307199,0.035376,0.386966,0.0,0.0,0.0,0.0,0.0,0.0,0.0,0.0,0.0,0.0,0.0,0.0
BATCH_COOL_Abnormal_2026-03-19T21-03-18-699329,BATCH COOL,train,4000,semiquant,Blood:Large 200,Blood:Large 200,,,Blood,Large 200,BATCH_COOL_Abnormal_2026-03-19T21-03-18-699329_SEMIQUANT_FROM_BINARY.zip,1,1,0,,64.203201,0.454376,0.26338,36.8848,0.243329,0.660331,31.510401,0.507787,0.688725,55.818401,0.503128,0.278969,35.084,0.045067,0.715719,20.307199,0.035376,0.386966,0.0,0.0,0.0,0.0,0.0,0.0,0.0,0.0,0.0,0.0,0.0,0.0
BATCH_COOL_Abnormal_2026-03-19T21-03-18-699329,BATCH COOL,train,4000,semiquant,Specific Gravity:1.025,Specific Gravity:1.025,,,Specific Gravity,1.025,BATCH_COOL_Abnormal_2026-03-19T21-03-18-699329_SEMIQUANT_FROM_BINARY.zip,1,1,0,,64.203201,0.454376,0.26338,36.8848,0.243329,0.660331,31.510401,0.507787,0.688725,55.818401,0.503128,0.278969,35.084,0.045067,0.715719,20.307199,0.035376,0.386966,0.0,0.0,0.0,0.0,0.0,0.0,0.0,0.0,0.0,0.0,0.0,0.0
BATCH_COOL_Abnormal_2026-03-19T21-03-18-699329,BATCH COOL,train,4000,semiquant,Ketone:Large 16,Ketone:Large 16,,,Ketone,Large 16,BATCH_COOL_Abnormal_2026-03-19T21-03-18-699329_SEMIQUANT_FROM_BINARY.zip,1,1,0,,64.203201,0.454376,0.26338,36.8848,0.243329,0.660331,31.510401,0.507787,0.688725,55.818401,0.503128,0.278969,35.084,0.045067,0.715719,20.307199,0.035376,0.386966,0.0,0.0,0.0,0.0,0.0,0.0,0.0,0.0,0.0,0.0,0.0,0.0
BATCH_COOL_Abnormal_2026-03-19T21-03-18-699329,BATCH COOL,train,4000,semiquant,Bilirubin:Moderate 50,Bilirubin:Moderate 50,,,Bilirubin,Moderate 50,BATCH_COOL_Abnormal_2026-03-19T21-03-18-699329_SEMIQUANT_FROM_BINARY.zip,1,1,0,,64.203201,0.454376,0.26338,36.8848,0.243329,0.660331,31.510401,0.507787,0.688725,55.818401,0.503128,0.278969,35.084,0.045067,0.715719,20.307199,0.035376,0.386966,0.0,0.0,0.0,0.0,0.0,0.0,0.0,0.0,0.0,0.0,0.0,0.0
BATCH_COOL_Abnormal_2026-03-19T21-03-18-699329,BATCH COOL,train,4000,semiquant,Glucose:110 ++++,Glucose:110 ++++,,,Glucose,110 ++++,BATCH_COOL_Abnormal_2026-03-19T21-03-18-699329_SEMIQUANT_FROM_BINARY.zip,1,1,0,,64.203201,0.454376,0.26338,36.8848,0.243329,0.660331,31.510401,0.507787,0.688725,55.818401,0.503128,0.278969,35.084,0.045067,0.715719,20.307199,0.035376,0.386966,0.0,0.0,0.0,0.0,0.0,0.0,0.0,0.0,0.0,0.0,0.0,0.0
BATCH_COOL_Abnormal_2026-03-19T21-03-18-699329,BATCH COOL,train,4000,semiquant,Leukocytes:Small 70,Leukocytes:Small 70,,,Leukocytes,Small 70,BATCH_COOL_Abnormal_2026-03-19T21-03-18-699329_SEMIQUANT_FROM_BINARY.zip,1,1,0,,71.723999,0.466525,0.250907,40.723202,0.248908,0.652811,35.2048,0.537205,0.683493,58.090401,0.561332,0.227355,33.396,0.040323,0.722083,30.656799,0.045956,0.52165,0.0,0.0,0.0,0.0,0.0,0.0,0.0,0.0,0.0,0.0,0.0,0.0
BATCH_COOL_Abnormal_2026-03-19T21-03-18-699329,BATCH COOL,train,4000,semiquant,Nitrite:Positive,Nitrite:Positive,,,Nitrite,Positive,BATCH_COOL_Abnormal_2026-03-19T21-03-18-699329_SEMIQUANT_FROM_BINARY.zip,1,1,0,,71.723999,0.466525,0.250907,40.723202,0.248908,0.652811,35.2048,0.537205,0.683493,58.090401,0.561332,0.227355,33.396,0.040323,0.722083,30.656799,0.045956,0.52165,0.0,0.0,0.0,0.0,0.0,0.0,0.0,0.0,0.0,0.0,0.0,0.0
BATCH_COOL_Abnormal_2026-03-19T21-03-18-699329,BATCH COOL,train,4000,semiquant,Urobilinogen:32,Urobilinogen:32,,,Urobilinogen,32,BATCH_COOL_Abnormal_2026-03-19T21-03-18-699329_SEMIQUANT_FROM_BINARY.zip,1,1,0,,71.723999,0.466525,0.250907,40.723202,0.248908,0.652811,35.2048,0.537205,0.683493,58.090401,0.561332,0.227355,33.396,0.040323,0.722083,30.656799,0.045956,0.52165,0.0,0.0,0.0,0.0,0.0,0.0,0.0,0.0,0.0,0.0,0.0,0.0
BATCH_COOL_Abnormal_2026-03-19T21-03-18-699329,BATCH COOL,train,4000,semiquant,Protein:Trace,Protein:Trace,,,Protein,Trace,BATCH_COOL_Abnormal_2026-03-19T21-03-18-699329_SEMIQUANT_FROM_BINARY.zip,1,1,0,,71.723999,0.466525,0.250907,40.723202,0.248908,0.652811,35.2048,0.537205,0.683493,58.090401,0.561332,0.227355,33.396,0.040323,0.722083,30.656799,0.045956,0.52165,0.0,0.0,0.0,0.0,0.0,0.0,0.0,0.0,0.0,0.0,0.0,0.0
BATCH_COOL_Abnormal_2026-03-19T21-03-18-699329,BATCH COOL,train,4000,semiquant,pH:8.5,pH:8.5,,,pH,8.5,BATCH_COOL_Abnormal_2026-03-19T21-03-18-699329_SEMIQUANT_FROM_BINARY.zip,1,1,0,,71.723999,0.466525,0.250907,40.723202,0.248908,0.652811,35.2048,0.537205,0.683493,58.090401,0.561332,0.227355,33.396,0.040323,0.722083,30.656799,0.045956,0.52165,0.0,0.0,0.0,0.0,0.0,0.0,0.0,0.0,0.0,0.0,0.0,0.0
BATCH_COOL_Abnormal_2026-03-19T21-03-18-699329,BATCH COOL,train,4000,semiquant,Blood:Non-hemolyzed 10,Blood:Non-hemolyzed 10,,,Blood,Non-hemolyzed 10,BATCH_COOL_Abnormal_2026-03-19T21-03-18-699329_SEMIQUANT_FROM_BINARY.zip,1,1,0,,71.723999,0.466525,0.250907,40.723202,0.248908,0.652811,35.2048,0.537205,0.683493,58.090401,0.561332,0.227355,33.396,0.040323,0.722083,30.656799,0.045956,0.52165,0.0,0.0,0.0,0.0,0.0,0.0,0.0,0.0,0.0,0.0,0.0,0.0
BATCH_COOL_Abnormal_2026-03-19T21-03-18-699329,BATCH COOL,train,4000,semiquant,Specific Gravity:1.030,Specific Gravity:1.030,,,Specific Gravity,1.030,BATCH_COOL_Abnormal_2026-03-19T21-03-18-699329_SEMIQUANT_FROM_BINARY.zip,1,1,0,,71.723999,0.466525,0.250907,40.723202,0.248908,0.652811,35.2048,0.537205,0.683493,58.090401,0.561332,0.227355,33.396,0.040323,0.722083,30.656799,0.045956,0.52165,0.0,0.0,0.0,0.0,0.0,0.0,0.0,0.0,0.0,0.0,0.0,0.0
BATCH_COOL_Abnormal_2026-03-19T21-03-18-699329,BATCH COOL,train,4000,semiquant,Ketone:Trace 0.5,Ketone:Trace 0.5,,,Ketone,Trace 0.5,BATCH_COOL_Abnormal_2026-03-19T21-03-18-699329_SEMIQUANT_FROM_BINARY.zip,1,1,0,,71.723999,0.466525,0.250907,40.723202,0.248908,0.652811,35.2048,0.537205,0.683493,58.090401,0.561332,0.227355,33.396,0.040323,0.722083,30.656799,0.045956,0.52165,0.0,0.0,0.0,0.0,0.0,0.0,0.0,0.0,0.0,0.0,0.0,0.0
BATCH_COOL_Abnormal_2026-03-19T21-03-18-699329,BATCH COOL,train,4000,semiquant,Bilirubin:Large 100,Bilirubin:Large 100,,,Bilirubin,Large 100,BATCH_COOL_Abnormal_2026-03-19T21-03-18-699329_SEMIQUANT_FROM_BINARY.zip,1,1,0,,71.723999,0.466525,0.250907,40.723202,0.248908,0.652811,35.2048,0.537205,0.683493,58.090401,0.561332,0.227355,33.396,0.040323,0.722083,30.656799,0.045956,0.52165,0.0,0.0,0.0,0.0,0.0,0.0,0.0,0.0,0.0,0.0,0.0,0.0
BATCH_COOL_Abnormal_2026-03-19T21-03-18-699329,BATCH COOL,train,4000,semiquant,Glucose:Trace 5,Glucose:Trace 5,,,Glucose,Trace 5,BATCH_COOL_Abnormal_2026-03-19T21-03-18-699329_SEMIQUANT_FROM_BINARY.zip,1,1,0,,71.723999,0.466525,0.250907,40.723202,0.248908,0.652811,35.2048,0.537205,0.683493,58.090401,0.561332,0.227355,33.396,0.040323,0.722083,30.656799,0.045956,0.52165,0.0,0.0,0.0,0.0,0.0,0.0,0.0,0.0,0.0,0.0,0.0,0.0
BATCH_COOL_Abnormal_2026-03-19T21-03-18-699329,BATCH COOL,train,4000,semiquant,Leukocytes:Moderate 125,Leukocytes:Moderate 125,,,Leukocytes,Moderate 125,BATCH_COOL_Abnormal_2026-03-19T21-03-18-699329_SEMIQUANT_FROM_BINARY.zip,1,1,0,,252.884796,0.312496,1.0,253.950394,0.3149,1.0,253.881607,0.31434,1.0,253.9832,0.311073,1.0,253.996796,0.309923,1.0,253.989594,0.311327,1.0,254.020004,0.30958,1.0,253.979996,0.310344,1.0,253.956802,0.313475,1.0,253.803207,0.316174,1.0
BATCH_COOL_Abnormal_2026-03-19T21-03-18-699329,BATCH COOL,train,4000,semiquant,Nitrite:Positive,Nitrite:Positive,,,Nitrite,Positive,BATCH_COOL_Abnormal_2026-03-19T21-03-18-699329_SEMIQUANT_FROM_BINARY.zip,1,1,0,,252.884796,0.312496,1.0,253.950394,0.3149,1.0,253.881607,0.31434,1.0,253.9832,0.311073,1.0,253.996796,0.309923,1.0,253.989594,0.311327,1.0,254.020004,0.30958,1.0,253.979996,0.310344,1.0,253.956802,0.313475,1.0,253.803207,0.316174,1.0
BATCH_COOL_Abnormal_2026-03-19T21-03-18-699329,BATCH COOL,train,4000,semiquant,Urobilinogen:64,Urobilinogen:64,,,Urobilinogen,64,BATCH_COOL_Abnormal_2026-03-19T21-03-18-699329_SEMIQUANT_FROM_BINARY.zip,1,1,0,,252.884796,0.312496,1.0,253.950394,0.3149,1.0,253.881607,0.31434,1.0,253.9832,0.311073,1.0,253.996796,0.309923,1.0,253.989594,0.311327,1.0,254.020004,0.30958,1.0,253.979996,0.310344,1.0,253.956802,0.313475,1.0,253.803207,0.316174,1.0
BATCH_COOL_Abnormal_2026-03-19T21-03-18-699329,BATCH COOL,train,4000,semiquant,Protein:0.3,Protein:0.3,,,Protein,0.3,BATCH_COOL_Abnormal_2026-03-19T21-03-18-699329_SEMIQUANT_FROM_BINARY.zip,1,1,0,,252.884796,0.312496,1.0,253.950394,0.3149,1.0,253.881607,0.31434,1.0,253.9832,0.311073,1.0,253.996796,0.309923,1.0,253.989594,0.311327,1.0,254.020004,0.30958,1.0,253.979996,0.310344,1.0,253.956802,0.313475,1.0,253.803207,0.316174,1.0
BATCH_COOL_Abnormal_2026-03-19T21-03-18-699329,BATCH COOL,train,4000,semiquant,pH:5.0,pH:5.0,,,pH,5.0,BATCH_COOL_Abnormal_2026-03-19T21-03-18-699329_SEMIQUANT_FROM_BINARY.zip,1,1,0,,252.884796,0.312496,1.0,253.950394,0.3149,1.0,253.881607,0.31434,1.0,253.9832,0.311073,1.0,253.996796,0.309923,1.0,253.989594,0.311327,1.0,254.020004,0.30958,1.0,253.979996,0.310344,1.0,253.956802,0.313475,1.0,253.803207,0.316174,1.0
BATCH_COOL_Abnormal_2026-03-19T21-03-18-699329,BATCH COOL,train,4000,semiquant,Blood:Hemolyzed 10,Blood:Hemolyzed 10,,,Blood,Hemolyzed 10,BATCH_COOL_Abnormal_2026-03-19T21-03-18-699329_SEMIQUANT_FROM_BINARY.zip,1,1,0,,252.884796,0.312496,1.0,253.950394,0.3149,1.0,253.881607,0.31434,1.0,253.9832,0.311073,1.0,253.996796,0.309923,1.0,253.989594,0.311327,1.0,254.020004,0.30958,1.0,253.979996,0.310344,1.0,253.956802,0.313475,1.0,253.803207,0.316174,1.0
BATCH_COOL_Abnormal_2026-03-19T21-03-18-699329,BATCH COOL,train,4000,semiquant,Specific Gravity:1.000,Specific Gravity:1.000,,,Specific Gravity,1.000,BATCH_COOL_Abnormal_2026-03-19T21-03-18-699329_SEMIQUANT_FROM_BINARY.zip,1,1,0,,252.884796,0.312496,1.0,253.950394,0.3149,1.0,253.881607,0.31434,1.0,253.9832,0.311073,1.0,253.996796,0.309923,1.0,253.989594,0.311327,1.0,254.020004,0.30958,1.0,253.979996,0.310344,1.0,253.956802,0.313475,1.0,253.803207,0.316174,1.0
BATCH_COOL_Abnormal_2026-03-19T21-03-18-699329,BATCH COOL,train,4000,semiquant,Ketone:Small 1.5,Ketone:Small 1.5,,,Ketone,Small 1.5,BATCH_COOL_Abnormal_2026-03-19T21-03-18-699329_SEMIQUANT_FROM_BINARY.zip,1,1,0,,252.884796,0.312496,1.0,253.950394,0.3149,1.0,253.881607,0.31434,1.0,253.9832,0.311073,1.0,253.996796,0.309923,1.0,253.989594,0.311327,1.0,254.020004,0.30958,1.0,253.979996,0.310344,1.0,253.956802,0.313475,1.0,253.803207,0.316174,1.0
BATCH_COOL_Abnormal_2026-03-19T21-03-18-699329,BATCH COOL,train,4000,semiquant,Bilirubin:Small 17,Bilirubin:Small 17,,,Bilirubin,Small 17,BATCH_COOL_Abnormal_2026-03-19T21-03-18-699329_SEMIQUANT_FROM_BINARY.zip,1,1,0,,252.884796,0.312496,1.0,253.950394,0.3149,1.0,253.881607,0.31434,1.0,253.9832,0.311073,1.0,253.996796,0.309923,1.0,253.989594,0.311327,1.0,254.020004,0.30958,1.0,253.979996,0.310344,1.0,253.956802,0.313475,1.0,253.803207,0.316174,1.0
BATCH_COOL_Abnormal_2026-03-19T21-03-18-699329,BATCH COOL,train,4000,semiquant,Glucose:15 +,Glucose:15 +,,,Glucose,15 +,BATCH_COOL_Abnormal_2026-03-19T21-03-18-699329_SEMIQUANT_FROM_BINARY.zip,1,1,0,,252.884796,0.312496,1.0,253.950394,0.3149,1.0,253.881607,0.31434,1.0,253.9832,0.311073,1.0,253.996796,0.309923,1.0,253.989594,0.311327,1.0,254.020004,0.30958,1.0,253.979996,0.310344,1.0,253.956802,0.313475,1.0,253.803207,0.316174,1.0
BATCH_COOL_Abnormal_2026-03-19T21-03-18-699329,BATCH COOL,train,4000,semiquant,Leukocytes:Large 500,Leukocytes:Large 500,,,Leukocytes,Large 500,BATCH_COOL_Abnormal_2026-03-19T21-03-18-699329_SEMIQUANT_FROM_BINARY.zip,1,1,0,,69.491203,0.441492,0.280888,40.309601,0.227901,0.658536,26.624001,0.482478,0.688904,64.077599,0.478585,0.303208,47.756001,0.02755,0.715972,38.770401,0.035253,0.529256,0.0,0.0,0.0,0.0,0.0,0.0,0.0,0.0,0.0,0.0,0.0,0.0
BATCH_COOL_Abnormal_2026-03-19T21-03-18-699329,BATCH COOL,train,4000,semiquant,Nitrite:Positive,Nitrite:Positive,,,Nitrite,Positive,BATCH_COOL_Abnormal_2026-03-19T21-03-18-699329_SEMIQUANT_FROM_BINARY.zip,1,1,0,,69.491203,0.441492,0.280888,40.309601,0.227901,0.658536,26.624001,0.482478,0.688904,64.077599,0.478585,0.303208,47.756001,0.02755,0.715972,38.770401,0.035253,0.529256,0.0,0.0,0.0,0.0,0.0,0.0,0.0,0.0,0.0,0.0,0.0,0.0
BATCH_COOL_Abnormal_2026-03-19T21-03-18-699329,BATCH COOL,train,4000,semiquant,Urobilinogen:128,Urobilinogen:128,,,Urobilinogen,128,BATCH_COOL_Abnormal_2026-03-19T21-03-18-699329_SEMIQUANT_FROM_BINARY.zip,1,1,0,,69.491203,0.441492,0.280888,40.309601,0.227901,0.658536,26.624001,0.482478,0.688904,64.077599,0.478585,0.303208,47.756001,0.02755,0.715972,38.770401,0.035253,0.529256,0.0,0.0,0.0,0.0,0.0,0.0,0.0,0.0,0.0,0.0,0.0,0.0
BATCH_COOL_Abnormal_2026-03-19T21-03-18-699329,BATCH COOL,train,4000,semiquant,Protein:1.0,Protein:1.0,,,Protein,1.0,BATCH_COOL_Abnormal_2026-03-19T21-03-18-699329_SEMIQUANT_FROM_BINARY.zip,1,1,0,,69.491203,0.441492,0.280888,40.309601,0.227901,0.658536,26.624001,0.482478,0.688904,64.077599,0.478585,0.303208,47.756001,0.02755,0.715972,38.770401,0.035253,0.529256,0.0,0.0,0.0,0.0,0.0,0.0,0.0,0.0,0.0,0.0,0.0,0.0
BATCH_COOL_Abnormal_2026-03-19T21-03-18-699329,BATCH COOL,train,4000,semiquant,pH:6.5,pH:6.5,,,pH,6.5,BATCH_COOL_Abnormal_2026-03-19T21-03-18-699329_SEMIQUANT_FROM_BINARY.zip,1,1,0,,69.491203,0.441492,0.280888,40.309601,0.227901,0.658536,26.624001,0.482478,0.688904,64.077599,0.478585,0.303208,47.756001,0.02755,0.715972,38.770401,0.035253,0.529256,0.0,0.0,0.0,0.0,0.0,0.0,0.0,0.0,0.0,0.0,0.0,0.0
BATCH_COOL_Abnormal_2026-03-19T21-03-18-699329,BATCH COOL,train,4000,semiquant,Blood:Small 25,Blood:Small 25,,,Blood,Small 25,BATCH_COOL_Abnormal_2026-03-19T21-03-18-699329_SEMIQUANT_FROM_BINARY.zip,1,1,0,,69.491203,0.441492,0.280888,40.309601,0.227901,0.658536,26.624001,0.482478,0.688904,64.077599,0.478585,0.303208,47.756001,0.02755,0.715972,38.770401,0.035253,0.529256,0.0,0.0,0.0,0.0,0.0,0.0,0.0,0.0,0.0,0.0,0.0,0.0
BATCH_COOL_Abnormal_2026-03-19T21-03-18-699329,BATCH COOL,train,4000,semiquant,Specific Gravity:1.005,Specific Gravity:1.005,,,Specific Gravity,1.005,BATCH_COOL_Abnormal_2026-03-19T21-03-18-699329_SEMIQUANT_FROM_BINARY.zip,1,1,0,,69.491203,0.441492,0.280888,40.309601,0.227901,0.658536,26.624001,0.482478,0.688904,64.077599,0.478585,0.303208,47.756001,0.02755,0.715972,38.770401,0.035253,0.529256,0.0,0.0,0.0,0.0,0.0,0.0,0.0,0.0,0.0,0.0,0.0,0.0
BATCH_COOL_Abnormal_2026-03-19T21-03-18-699329,BATCH COOL,train,4000,semiquant,Ketone:Moderate 4.0,Ketone:Moderate 4.0,,,Ketone,Moderate 4.0,BATCH_COOL_Abnormal_2026-03-19T21-03-18-699329_SEMIQUANT_FROM_BINARY.zip,1,1,0,,69.491203,0.441492,0.280888,40.309601,0.227901,0.658536,26.624001,0.482478,0.688904,64.077599,0.478585,0.303208,47.756001,0.02755,0.715972,38.770401,0.035253,0.529256,0.0,0.0,0.0,0.0,0.0,0.0,0.0,0.0,0.0,0.0,0.0,0.0
BATCH_COOL_Abnormal_2026-03-19T21-03-18-699329,BATCH COOL,train,4000,semiquant,Bilirubin:Moderate 50,Bilirubin:Moderate 50,,,Bilirubin,Moderate 50,BATCH_COOL_Abnormal_2026-03-19T21-03-18-699329_SEMIQUANT_FROM_BINARY.zip,1,1,0,,69.491203,0.441492,0.280888,40.309601,0.227901,0.658536,26.624001,0.482478,0.688904,64.077599,0.478585,0.303208,47.756001,0.02755,0.715972,38.770401,0.035253,0.529256,0.0,0.0,0.0,0.0,0.0,0.0,0.0,0.0,0.0,0.0,0.0,0.0
BATCH_COOL_Abnormal_2026-03-19T21-03-18-699329,BATCH COOL,train,4000,semiquant,Glucose:30 ++,Glucose:30 ++,,,Glucose,30 ++,BATCH_COOL_Abnormal_2026-03-19T21-03-18-699329_SEMIQUANT_FROM_BINARY.zip,1,1,0,,69.491203,0.441492,0.280888,40.309601,0.227901,0.658536,26.624001,0.482478,0.688904,64.077599,0.478585,0.303208,47.756001,0.02755,0.715972,38.770401,0.035253,0.529256,0.0,0.0,0.0,0.0,0.0,0.0,0.0,0.0,0.0,0.0,0.0,0.0
BATCH_COOL_Abnormal_2026-03-19T21-03-18-699329,BATCH COOL,train,4000,semiquant,Leukocytes:Trace 15,Leukocytes:Trace 15,,,Leukocytes,Trace 15,BATCH_COOL_Abnormal_2026-03-19T21-03-18-699329_SEMIQUANT_FROM_BINARY.zip,1,1,0,,61.5,0.464182,0.257658,36.090401,0.258659,0.651987,24.766399,0.532507,0.685186,57.0536,0.553405,0.236806,32.6152,0.049335,0.721282,35.195999,0.0629,0.657016,0.0,0.0,0.0,0.0,0.0,0.0,0.0,0.0,0.0,0.0,0.0,0.0
BATCH_COOL_Abnormal_2026-03-19T21-03-18-699329,BATCH COOL,train,4000,semiquant,Nitrite:Positive,Nitrite:Positive,,,Nitrite,Positive,BATCH_COOL_Abnormal_2026-03-19T21-03-18-699329_SEMIQUANT_FROM_BINARY.zip,1,1,0,,61.5,0.464182,0.257658,36.090401,0.258659,0.651987,24.766399,0.532507,0.685186,57.0536,0.553405,0.236806,32.6152,0.049335,0.721282,35.195999,0.0629,0.657016,0.0,0.0,0.0,0.0,0.0,0.0,0.0,0.0,0.0,0.0,0.0,0.0
BATCH_COOL_Abnormal_2026-03-19T21-03-18-699329,BATCH COOL,train,4000,semiquant,Urobilinogen:16,Urobilinogen:16,,,Urobilinogen,16,BATCH_COOL_Abnormal_2026-03-19T21-03-18-699329_SEMIQUANT_FROM_BINARY.zip,1,1,0,,61.5,0.464182,0.257658,36.090401,0.258659,0.651987,24.766399,0.532507,0.685186,57.0536,0.553405,0.236806,32.6152,0.049335,0.721282,35.195999,0.0629,0.657016,0.0,0.0,0.0,0.0,0.0,0.0,0.0,0.0,0.0,0.0,0.0,0.0
BATCH_COOL_Abnormal_2026-03-19T21-03-18-699329,BATCH COOL,train,4000,semiquant,Protein:3.0,Protein:3.0,,,Protein,3.0,BATCH_COOL_Abnormal_2026-03-19T21-03-18-699329_SEMIQUANT_FROM_BINARY.zip,1,1,0,,61.5,0.464182,0.257658,36.090401,0.258659,0.651987,24.766399,0.532507,0.685186,57.0536,0.553405,0.236806,32.6152,0.049335,0.721282,35.195999,0.0629,0.657016,0.0,0.0,0.0,0.0,0.0,0.0,0.0,0.0,0.0,0.0,0.0,0.0
BATCH_COOL_Abnormal_2026-03-19T21-03-18-699329,BATCH COOL,train,4000,semiquant,pH:7.0,pH:7.0,,,pH,7.0,BATCH_COOL_Abnormal_2026-03-19T21-03-18-699329_SEMIQUANT_FROM_BINARY.zip,1,1,0,,61.5,0.464182,0.257658,36.090401,0.258659,0.651987,24.766399,0.532507,0.685186,57.0536,0.553405,0.236806,32.6152,0.049335,0.721282,35.195999,0.0629,0.657016,0.0,0.0,0.0,0.0,0.0,0.0,0.0,0.0,0.0,0.0,0.0,0.0
BATCH_COOL_Abnormal_2026-03-19T21-03-18-699329,BATCH COOL,train,4000,semiquant,Blood:Moderate 80,Blood:Moderate 80,,,Blood,Moderate 80,BATCH_COOL_Abnormal_2026-03-19T21-03-18-699329_SEMIQUANT_FROM_BINARY.zip,1,1,0,,61.5,0.464182,0.257658,36.090401,0.258659,0.651987,24.766399,0.532507,0.685186,57.0536,0.553405,0.236806,32.6152,0.049335,0.721282,35.195999,0.0629,0.657016,0.0,0.0,0.0,0.0,0.0,0.0,0.0,0.0,0.0,0.0,0.0,0.0
BATCH_COOL_Abnormal_2026-03-19T21-03-18-699329,BATCH COOL,train,4000,semiquant,Specific Gravity:1.010,Specific Gravity:1.010,,,Specific Gravity,1.010,BATCH_COOL_Abnormal_2026-03-19T21-03-18-699329_SEMIQUANT_FROM_BINARY.zip,1,1,0,,61.5,0.464182,0.257658,36.090401,0.258659,0.651987,24.766399,0.532507,0.685186,57.0536,0.553405,0.236806,32.6152,0.049335,0.721282,35.195999,0.0629,0.657016,0.0,0.0,0.0,0.0,0.0,0.0,0.0,0.0,0.0,0.0,0.0,0.0
BATCH_COOL_Abnormal_2026-03-19T21-03-18-699329,BATCH COOL,train,4000,semiquant,Ketone:8.0,Ketone:8.0,,,Ketone,8.0,BATCH_COOL_Abnormal_2026-03-19T21-03-18-699329_SEMIQUANT_FROM_BINARY.zip,1,1,0,,61.5,0.464182,0.257658,36.090401,0.258659,0.651987,24.766399,0.532507,0.685186,57.0536,0.553405,0.236806,32.6152,0.049335,0.721282,35.195999,0.0629,0.657016,0.0,0.0,0.0,0.0,0.0,0.0,0.0,0.0,0.0,0.0,0.0,0.0
BATCH_COOL_Abnormal_2026-03-19T21-03-18-699329,BATCH COOL,train,4000,semiquant,Bilirubin:Large 100,Bilirubin:Large 100,,,Bilirubin,Large 100,BATCH_COOL_Abnormal_2026-03-19T21-03-18-699329_SEMIQUANT_FROM_BINARY.zip,1,1,0,,61.5,0.464182,0.257658,36.090401,0.258659,0.651987,24.766399,0.532507,0.685186,57.0536,0.553405,0.236806,32.6152,0.049335,0.721282,35.195999,0.0629,0.657016,0.0,0.0,0.0,0.0,0.0,0.0,0.0,0.0,0.0,0.0,0.0,0.0
BATCH_COOL_Abnormal_2026-03-19T21-03-18-699329,BATCH COOL,train,4000,semiquant,Glucose:60 +++,Glucose:60 +++,,,Glucose,60 +++,BATCH_COOL_Abnormal_2026-03-19T21-03-18-699329_SEMIQUANT_FROM_BINARY.zip,1,1,0,,61.5,0.464182,0.257658,36.090401,0.258659,0.651987,24.766399,0.532507,0.685186,57.0536,0.553405,0.236806,32.6152,0.049335,0.721282,35.195999,0.0629,0.657016,0.0,0.0,0.0,0.0,0.0,0.0,0.0,0.0,0.0,0.0,0.0,0.0
BATCH_COOL_Abnormal_2026-03-19T21-03-18-699329,BATCH COOL,train,4000,semiquant,Leukocytes:Small 70,Leukocytes:Small 70,,,Leukocytes,Small 70,BATCH_COOL_Abnormal_2026-03-19T21-03-18-699329_SEMIQUANT_FROM_BINARY.zip,1,1,0,,212.651993,0.031016,0.745161,214.695999,0.031376,0.749733,222.9216,0.031592,0.755614,226.529602,0.029027,0.751485,253.192795,0.019707,0.74258,190.419205,0.016091,0.728704,138.000793,0.01518,0.714938,221.240799,0.016127,0.701257,65.1912,0.016522,0.670982,99.697601,0.021351,0.620725
BATCH_COOL_Abnormal_2026-03-19T21-03-18-699329,BATCH COOL,train,4000,semiquant,Nitrite:Positive,Nitrite:Positive,,,Nitrite,Positive,BATCH_COOL_Abnormal_2026-03-19T21-03-18-699329_SEMIQUANT_FROM_BINARY.zip,1,1,0,,212.651993,0.031016,0.745161,214.695999,0.031376,0.749733,222.9216,0.031592,0.755614,226.529602,0.029027,0.751485,253.192795,0.019707,0.74258,190.419205,0.016091,0.728704,138.000793,0.01518,0.714938,221.240799,0.016127,0.701257,65.1912,0.016522,0.670982,99.697601,0.021351,0.620725
BATCH_COOL_Abnormal_2026-03-19T21-03-18-699329,BATCH COOL,train,4000,semiquant,Urobilinogen:32,Urobilinogen:32,,,Urobilinogen,32,BATCH_COOL_Abnormal_2026-03-19T21-03-18-699329_SEMIQUANT_FROM_BINARY.zip,1,1,0,,212.651993,0.031016,0.745161,214.695999,0.031376,0.749733,222.9216,0.031592,0.755614,226.529602,0.029027,0.751485,253.192795,0.019707,0.74258,190.419205,0.016091,0.728704,138.000793,0.01518,0.714938,221.240799,0.016127,0.701257,65.1912,0.016522,0.670982,99.697601,0.021351,0.620725
BATCH_COOL_Abnormal_2026-03-19T21-03-18-699329,BATCH COOL,train,4000,semiquant,Protein:>=20.0,Protein:>=20.0,,,Protein,>=20.0,BATCH_COOL_Abnormal_2026-03-19T21-03-18-699329_SEMIQUANT_FROM_BINARY.zip,1,1,0,,212.651993,0.031016,0.745161,214.695999,0.031376,0.749733,222.9216,0.031592,0.755614,226.529602,0.029027,0.751485,253.192795,0.019707,0.74258,190.419205,0.016091,0.728704,138.000793,0.01518,0.714938,221.240799,0.016127,0.701257,65.1912,0.016522,0.670982,99.697601,0.021351,0.620725
BATCH_COOL_Abnormal_2026-03-19T21-03-18-699329,BATCH COOL,train,4000,semiquant,pH:7.5,pH:7.5,,,pH,7.5,BATCH_COOL_Abnormal_2026-03-19T21-03-18-699329_SEMIQUANT_FROM_BINARY.zip,1,1,0,,212.651993,0.031016,0.745161,214.695999,0.031376,0.749733,222.9216,0.031592,0.755614,226.529602,0.029027,0.751485,253.192795,0.019707,0.74258,190.419205,0.016091,0.728704,138.000793,0.01518,0.714938,221.240799,0.016127,0.701257,65.1912,0.016522,0.670982,99.697601,0.021351,0.620725
BATCH_COOL_Abnormal_2026-03-19T21-03-18-699329,BATCH COOL,train,4000,semiquant,Blood:Large 200,Blood:Large 200,,,Blood,Large 200,BATCH_COOL_Abnormal_2026-03-19T21-03-18-699329_SEMIQUANT_FROM_BINARY.zip,1,1,0,,212.651993,0.031016,0.745161,214.695999,0.031376,0.749733,222.9216,0.031592,0.755614,226.529602,0.029027,0.751485,253.192795,0.019707,0.74258,190.419205,0.016091,0.728704,138.000793,0.01518,0.714938,221.240799,0.016127,0.701257,65.1912,0.016522,0.670982,99.697601,0.021351,0.620725
BATCH_COOL_Abnormal_2026-03-19T21-03-18-699329,BATCH COOL,train,4000,semiquant,Specific Gravity:1.020,Specific Gravity:1.020,,,Specific Gravity,1.020,BATCH_COOL_Abnormal_2026-03-19T21-03-18-699329_SEMIQUANT_FROM_BINARY.zip,1,1,0,,212.651993,0.031016,0.745161,214.695999,0.031376,0.749733,222.9216,0.031592,0.755614,226.529602,0.029027,0.751485,253.192795,0.019707,0.74258,190.419205,0.016091,0.728704,138.000793,0.01518,0.714938,221.240799,0.016127,0.701257,65.1912,0.016522,0.670982,99.697601,0.021351,0.620725
BATCH_COOL_Abnormal_2026-03-19T21-03-18-699329,BATCH COOL,train,4000,semiquant,Ketone:Large 16,Ketone:Large 16,,,Ketone,Large 16,BATCH_COOL_Abnormal_2026-03-19T21-03-18-699329_SEMIQUANT_FROM_BINARY.zip,1,1,0,,212.651993,0.031016,0.745161,214.695999,0.031376,0.749733,222.9216,0.031592,0.755614,226.529602,0.029027,0.751485,253.192795,0.019707,0.74258,190.419205,0.016091,0.728704,138.000793,0.01518,0.714938,221.240799,0.016127,0.701257,65.1912,0.016522,0.670982,99.697601,0.021351,0.620725
BATCH_COOL_Abnormal_2026-03-19T21-03-18-699329,BATCH COOL,train,4000,semiquant,Bilirubin:Small 17,Bilirubin:Small 17,,,Bilirubin,Small 17,BATCH_COOL_Abnormal_2026-03-19T21-03-18-699329_SEMIQUANT_FROM_BINARY.zip,1,1,0,,212.651993,0.031016,0.745161,214.695999,0.031376,0.749733,222.9216,0.031592,0.755614,226.529602,0.029027,0.751485,253.192795,0.019707,0.74258,190.419205,0.016091,0.728704,138.000793,0.01518,0.714938,221.240799,0.016127,0.701257,65.1912,0.016522,0.670982,99.697601,0.021351,0.620725
BATCH_COOL_Abnormal_2026-03-19T21-03-18-699329,BATCH COOL,train,4000,semiquant,Glucose:110 ++++,Glucose:110 ++++,,,Glucose,110 ++++,BATCH_COOL_Abnormal_2026-03-19T21-03-18-699329_SEMIQUANT_FROM_BINARY.zip,1,1,0,,212.651993,0.031016,0.745161,214.695999,0.031376,0.749733,222.9216,0.031592,0.755614,226.529602,0.029027,0.751485,253.192795,0.019707,0.74258,190.419205,0.016091,0.728704,138.000793,0.01518,0.714938,221.240799,0.016127,0.701257,65.1912,0.016522,0.670982,99.697601,0.021351,0.620725
BATCH_COOL_Abnormal_2026-03-19T21-03-18-699329,BATCH COOL,train,4000,semiquant,Leukocytes:Moderate 125,Leukocytes:Moderate 125,,,Leukocytes,Moderate 125,BATCH_COOL_Abnormal_2026-03-19T21-03-18-699329_SEMIQUANT_FROM_BINARY.zip,1,1,0,,71.664803,0.449887,0.257751,44.385601,0.244496,0.649432,31.1728,0.524085,0.683944,58.677601,0.549164,0.232737,37.7584,0.033438,0.717238,30.7848,0.045084,0.534955,0.0,0.0,0.0,0.0,0.0,0.0,0.0,0.0,0.0,0.0,0.0,0.0
BATCH_COOL_Abnormal_2026-03-19T21-03-18-699329,BATCH COOL,train,4000,semiquant,Nitrite:Positive,Nitrite:Positive,,,Nitrite,Positive,BATCH_COOL_Abnormal_2026-03-19T21-03-18-699329_SEMIQUANT_FROM_BINARY.zip,1,1,0,,71.664803,0.449887,0.257751,44.385601,0.244496,0.649432,31.1728,0.524085,0.683944,58.677601,0.549164,0.232737,37.7584,0.033438,0.717238,30.7848,0.045084,0.534955,0.0,0.0,0.0,0.0,0.0,0.0,0.0,0.0,0.0,0.0,0.0,0.0
BATCH_COOL_Abnormal_2026-03-19T21-03-18-699329,BATCH COOL,train,4000,semiquant,Urobilinogen:64,Urobilinogen:64,,,Urobilinogen,64,BATCH_COOL_Abnormal_2026-03-19T21-03-18-699329_SEMIQUANT_FROM_BINARY.zip,1,1,0,,71.664803,0.449887,0.257751,44.385601,0.244496,0.649432,31.1728,0.524085,0.683944,58.677601,0.549164,0.232737,37.7584,0.033438,0.717238,30.7848,0.045084,0.534955,0.0,0.0,0.0,0.0,0.0,0.0,0.0,0.0,0.0,0.0,0.0,0.0
BATCH_COOL_Abnormal_2026-03-19T21-03-18-699329,BATCH COOL,train,4000,semiquant,Protein:Trace,Protein:Trace,,,Protein,Trace,BATCH_COOL_Abnormal_2026-03-19T21-03-18-699329_SEMIQUANT_FROM_BINARY.zip,1,1,0,,71.664803,0.449887,0.257751,44.385601,0.244496,0.649432,31.1728,0.524085,0.683944,58.677601,0.549164,0.232737,37.7584,0.033438,0.717238,30.7848,0.045084,0.534955,0.0,0.0,0.0,0.0,0.0,0.0,0.0,0.0,0.0,0.0,0.0,0.0
BATCH_COOL_Abnormal_2026-03-19T21-03-18-699329,BATCH COOL,train,4000,semiquant,pH:8.0,pH:8.0,,,pH,8.0,BATCH_COOL_Abnormal_2026-03-19T21-03-18-699329_SEMIQUANT_FROM_BINARY.zip,1,1,0,,71.664803,0.449887,0.257751,44.385601,0.244496,0.649432,31.1728,0.524085,0.683944,58.677601,0.549164,0.232737,37.7584,0.033438,0.717238,30.7848,0.045084,0.534955,0.0,0.0,0.0,0.0,0.0,0.0,0.0,0.0,0.0,0.0,0.0,0.0
BATCH_COOL_Abnormal_2026-03-19T21-03-18-699329,BATCH COOL,train,4000,semiquant,Blood:Non-hemolyzed 10,Blood:Non-hemolyzed 10,,,Blood,Non-hemolyzed 10,BATCH_COOL_Abnormal_2026-03-19T21-03-18-699329_SEMIQUANT_FROM_BINARY.zip,1,1,0,,71.664803,0.449887,0.257751,44.385601,0.244496,0.649432,31.1728,0.524085,0.683944,58.677601,0.549164,0.232737,37.7584,0.033438,0.717238,30.7848,0.045084,0.534955,0.0,0.0,0.0,0.0,0.0,0.0,0.0,0.0,0.0,0.0,0.0,0.0
BATCH_COOL_Abnormal_2026-03-19T21-03-18-699329,BATCH COOL,train,4000,semiquant,Specific Gravity:1.025,Specific Gravity:1.025,,,Specific Gravity,1.025,BATCH_COOL_Abnormal_2026-03-19T21-03-18-699329_SEMIQUANT_FROM_BINARY.zip,1,1,0,,71.664803,0.449887,0.257751,44.385601,0.244496,0.649432,31.1728,0.524085,0.683944,58.677601,0.549164,0.232737,37.7584,0.033438,0.717238,30.7848,0.045084,0.534955,0.0,0.0,0.0,0.0,0.0,0.0,0.0,0.0,0.0,0.0,0.0,0.0
BATCH_COOL_Abnormal_2026-03-19T21-03-18-699329,BATCH COOL,train,4000,semiquant,Ketone:Trace 0.5,Ketone:Trace 0.5,,,Ketone,Trace 0.5,BATCH_COOL_Abnormal_2026-03-19T21-03-18-699329_SEMIQUANT_FROM_BINARY.zip,1,1,0,,71.664803,0.449887,0.257751,44.385601,0.244496,0.649432,31.1728,0.524085,0.683944,58.677601,0.549164,0.232737,37.7584,0.033438,0.717238,30.7848,0.045084,0.534955,0.0,0.0,0.0,0.0,0.0,0.0,0.0,0.0,0.0,0.0,0.0,0.0
BATCH_COOL_Abnormal_2026-03-19T21-03-18-699329,BATCH COOL,train,4000,semiquant,Bilirubin:Moderate 50,Bilirubin:Moderate 50,,,Bilirubin,Moderate 50,BATCH_COOL_Abnormal_2026-03-19T21-03-18-699329_SEMIQUANT_FROM_BINARY.zip,1,1,0,,71.664803,0.449887,0.257751,44.385601,0.244496,0.649432,31.1728,0.524085,0.683944,58.677601,0.549164,0.232737,37.7584,0.033438,0.717238,30.7848,0.045084,0.534955,0.0,0.0,0.0,0.0,0.0,0.0,0.0,0.0,0.0,0.0,0.0,0.0
BATCH_COOL_Abnormal_2026-03-19T21-03-18-699329,BATCH COOL,train,4000,semiquant,Glucose:Trace 5,Glucose:Trace 5,,,Glucose,Trace 5,BATCH_COOL_Abnormal_2026-03-19T21-03-18-699329_SEMIQUANT_FROM_BINARY.zip,1,1,0,,71.664803,0.449887,0.257751,44.385601,0.244496,0.649432,31.1728,0.524085,0.683944,58.677601,0.549164,0.232737,37.7584,0.033438,0.717238,30.7848,0.045084,0.534955,0.0,0.0,0.0,0.0,0.0,0.0,0.0,0.0,0.0,0.0,0.0,0.0
BATCH_COOL_Abnormal_2026-03-19T21-03-18-699329,BATCH COOL,train,4000,semiquant,Leukocytes:Large 500,Leukocytes:Large 500,,,Leukocytes,Large 500,BATCH_COOL_Abnormal_2026-03-19T21-03-18-699329_SEMIQUANT_FROM_BINARY.zip,1,1,0,,217.238403,0.029934,0.743882,213.811996,0.031929,0.749302,217.1064,0.033664,0.754384,224.866394,0.029037,0.75222,169.5784,0.014787,0.738584,185.614395,0.015445,0.729432,118.833603,0.013674,0.716929,170.801605,0.015186,0.70266,33.166401,0.013529,0.681136,45.173599,0.020386,0.643782
BATCH_COOL_Abnormal_2026-03-19T21-03-18-699329,BATCH COOL,train,4000,semiquant,Nitrite:Positive,Nitrite:Positive,,,Nitrite,Positive,BATCH_COOL_Abnormal_2026-03-19T21-03-18-699329_SEMIQUANT_FROM_BINARY.zip,1,1,0,,217.238403,0.029934,0.743882,213.811996,0.031929,0.749302,217.1064,0.033664,0.754384,224.866394,0.029037,0.75222,169.5784,0.014787,0.738584,185.614395,0.015445,0.729432,118.833603,0.013674,0.716929,170.801605,0.015186,0.70266,33.166401,0.013529,0.681136,45.173599,0.020386,0.643782
BATCH_COOL_Abnormal_2026-03-19T21-03-18-699329,BATCH COOL,train,4000,semiquant,Urobilinogen:128,Urobilinogen:128,,,Urobilinogen,128,BATCH_COOL_Abnormal_2026-03-19T21-03-18-699329_SEMIQUANT_FROM_BINARY.zip,1,1,0,,217.238403,0.029934,0.743882,213.811996,0.031929,0.749302,217.1064,0.033664,0.754384,224.866394,0.029037,0.75222,169.5784,0.014787,0.738584,185.614395,0.015445,0.729432,118.833603,0.013674,0.716929,170.801605,0.015186,0.70266,33.166401,0.013529,0.681136,45.173599,0.020386,0.643782
BATCH_COOL_Abnormal_2026-03-19T21-03-18-699329,BATCH COOL,train,4000,semiquant,Protein:0.3,Protein:0.3,,,Protein,0.3,BATCH_COOL_Abnormal_2026-03-19T21-03-18-699329_SEMIQUANT_FROM_BINARY.zip,1,1,0,,217.238403,0.029934,0.743882,213.811996,0.031929,0.749302,217.1064,0.033664,0.754384,224.866394,0.029037,0.75222,169.5784,0.014787,0.738584,185.614395,0.015445,0.729432,118.833603,0.013674,0.716929,170.801605,0.015186,0.70266,33.166401,0.013529,0.681136,45.173599,0.020386,0.643782
BATCH_COOL_Abnormal_2026-03-19T21-03-18-699329,BATCH COOL,train,4000,semiquant,pH:8.5,pH:8.5,,,pH,8.5,BATCH_COOL_Abnormal_2026-03-19T21-03-18-699329_SEMIQUANT_FROM_BINARY.zip,1,1,0,,217.238403,0.029934,0.743882,213.811996,0.031929,0.749302,217.1064,0.033664,0.754384,224.866394,0.029037,0.75222,169.5784,0.014787,0.738584,185.614395,0.015445,0.729432,118.833603,0.013674,0.716929,170.801605,0.015186,0.70266,33.166401,0.013529,0.681136,45.173599,0.020386,0.643782
BATCH_COOL_Abnormal_2026-03-19T21-03-18-699329,BATCH COOL,train,4000,semiquant,Blood:Hemolyzed 10,Blood:Hemolyzed 10,,,Blood,Hemolyzed 10,BATCH_COOL_Abnormal_2026-03-19T21-03-18-699329_SEMIQUANT_FROM_BINARY.zip,1,1,0,,217.238403,0.029934,0.743882,213.811996,0.031929,0.749302,217.1064,0.033664,0.754384,224.866394,0.029037,0.75222,169.5784,0.014787,0.738584,185.614395,0.015445,0.729432,118.833603,0.013674,0.716929,170.801605,0.015186,0.70266,33.166401,0.013529,0.681136,45.173599,0.020386,0.643782
BATCH_COOL_Abnormal_2026-03-19T21-03-18-699329,BATCH COOL,train,4000,semiquant,Specific Gravity:1.030,Specific Gravity:1.030,,,Specific Gravity,1.030,BATCH_COOL_Abnormal_2026-03-19T21-03-18-699329_SEMIQUANT_FROM_BINARY.zip,1,1,0,,217.238403,0.029934,0.743882,213.811996,0.031929,0.749302,217.1064,0.033664,0.754384,224.866394,0.029037,0.75222,169.5784,0.014787,0.738584,185.614395,0.015445,0.729432,118.833603,0.013674,0.716929,170.801605,0.015186,0.70266,33.166401,0.013529,0.681136,45.173599,0.020386,0.643782
BATCH_COOL_Abnormal_2026-03-19T21-03-18-699329,BATCH COOL,train,4000,semiquant,Ketone:Small 1.5,Ketone:Small 1.5,,,Ketone,Small 1.5,BATCH_COOL_Abnormal_2026-03-19T21-03-18-699329_SEMIQUANT_FROM_BINARY.zip,1,1,0,,217.238403,0.029934,0.743882,213.811996,0.031929,0.749302,217.1064,0.033664,0.754384,224.866394,0.029037,0.75222,169.5784,0.014787,0.738584,185.614395,0.015445,0.729432,118.833603,0.013674,0.716929,170.801605,0.015186,0.70266,33.166401,0.013529,0.681136,45.173599,0.020386,0.643782
BATCH_COOL_Abnormal_2026-03-19T21-03-18-699329,BATCH COOL,train,4000,semiquant,Bilirubin:Large 100,Bilirubin:Large 100,,,Bilirubin,Large 100,BATCH_COOL_Abnormal_2026-03-19T21-03-18-699329_SEMIQUANT_FROM_BINARY.zip,1,1,0,,217.238403,0.029934,0.743882,213.811996,0.031929,0.749302,217.1064,0.033664,0.754384,224.866394,0.029037,0.75222,169.5784,0.014787,0.738584,185.614395,0.015445,0.729432,118.833603,0.013674,0.716929,170.801605,0.015186,0.70266,33.166401,0.013529,0.681136,45.173599,0.020386,0.643782
BATCH_COOL_Abnormal_2026-03-19T21-03-18-699329,BATCH COOL,train,4000,semiquant,Glucose:15 +,Glucose:15 +,,,Glucose,15 +,BATCH_COOL_Abnormal_2026-03-19T21-03-18-699329_SEMIQUANT_FROM_BINARY.zip,1,1,0,,217.238403,0.029934,0.743882,213.811996,0.031929,0.749302,217.1064,0.033664,0.754384,224.866394,0.029037,0.75222,169.5784,0.014787,0.738584,185.614395,0.015445,0.729432,118.833603,0.013674,0.716929,170.801605,0.015186,0.70266,33.166401,0.013529,0.681136,45.173599,0.020386,0.643782
BATCH_COOL_Abnormal_2026-03-19T21-03-18-699329,BATCH COOL,train,4000,semiquant,Leukocytes:Trace 15,Leukocytes:Trace 15,,,Leukocytes,Trace 15,BATCH_COOL_Abnormal_2026-03-19T21-03-18-699329_SEMIQUANT_FROM_BINARY.zip,1,1,0,,70.624802,0.462784,0.257137,36.9744,0.237186,0.652617,27.8088,0.513544,0.684505,59.9776,0.529512,0.257507,50.891998,0.025763,0.718875,34.625599,0.03032,0.492205,0.0,0.0,0.0,0.0,0.0,0.0,0.0,0.0,0.0,0.0,0.0,0.0
BATCH_COOL_Abnormal_2026-03-19T21-03-18-699329,BATCH COOL,train,4000,semiquant,Nitrite:Positive,Nitrite:Positive,,,Nitrite,Positive,BATCH_COOL_Abnormal_2026-03-19T21-03-18-699329_SEMIQUANT_FROM_BINARY.zip,1,1,0,,70.624802,0.462784,0.257137,36.9744,0.237186,0.652617,27.8088,0.513544,0.684505,59.9776,0.529512,0.257507,50.891998,0.025763,0.718875,34.625599,0.03032,0.492205,0.0,0.0,0.0,0.0,0.0,0.0,0.0,0.0,0.0,0.0,0.0,0.0
BATCH_COOL_Abnormal_2026-03-19T21-03-18-699329,BATCH COOL,train,4000,semiquant,Urobilinogen:16,Urobilinogen:16,,,Urobilinogen,16,BATCH_COOL_Abnormal_2026-03-19T21-03-18-699329_SEMIQUANT_FROM_BINARY.zip,1,1,0,,70.624802,0.462784,0.257137,36.9744,0.237186,0.652617,27.8088,0.513544,0.684505,59.9776,0.529512,0.257507,50.891998,0.025763,0.718875,34.625599,0.03032,0.492205,0.0,0.0,0.0,0.0,0.0,0.0,0.0,0.0,0.0,0.0,0.0,0.0
BATCH_COOL_Abnormal_2026-03-19T21-03-18-699329,BATCH COOL,train,4000,semiquant,Protein:1.0,Protein:1.0,,,Protein,1.0,BATCH_COOL_Abnormal_2026-03-19T21-03-18-699329_SEMIQUANT_FROM_BINARY.zip,1,1,0,,70.624802,0.462784,0.257137,36.9744,0.237186,0.652617,27.8088,0.513544,0.684505,59.9776,0.529512,0.257507,50.891998,0.025763,0.718875,34.625599,0.03032,0.492205,0.0,0.0,0.0,0.0,0.0,0.0,0.0,0.0,0.0,0.0,0.0,0.0
BATCH_COOL_Abnormal_2026-03-19T21-03-18-699329,BATCH COOL,train,4000,semiquant,pH:5.0,pH:5.0,,,pH,5.0,BATCH_COOL_Abnormal_2026-03-19T21-03-18-699329_SEMIQUANT_FROM_BINARY.zip,1,1,0,,70.624802,0.462784,0.257137,36.9744,0.237186,0.652617,27.8088,0.513544,0.684505,59.9776,0.529512,0.257507,50.891998,0.025763,0.718875,34.625599,0.03032,0.492205,0.0,0.0,0.0,0.0,0.0,0.0,0.0,0.0,0.0,0.0,0.0,0.0
BATCH_COOL_Abnormal_2026-03-19T21-03-18-699329,BATCH COOL,train,4000,semiquant,Blood:Small 25,Blood:Small 25,,,Blood,Small 25,BATCH_COOL_Abnormal_2026-03-19T21-03-18-699329_SEMIQUANT_FROM_BINARY.zip,1,1,0,,70.624802,0.462784,0.257137,36.9744,0.237186,0.652617,27.8088,0.513544,0.684505,59.9776,0.529512,0.257507,50.891998,0.025763,0.718875,34.625599,0.03032,0.492205,0.0,0.0,0.0,0.0,0.0,0.0,0.0,0.0,0.0,0.0,0.0,0.0
BATCH_COOL_Abnormal_2026-03-19T21-03-18-699329,BATCH COOL,train,4000,semiquant,Specific Gravity:1.000,Specific Gravity:1.000,,,Specific Gravity,1.000,BATCH_COOL_Abnormal_2026-03-19T21-03-18-699329_SEMIQUANT_FROM_BINARY.zip,1,1,0,,70.624802,0.462784,0.257137,36.9744,0.237186,0.652617,27.8088,0.513544,0.684505,59.9776,0.529512,0.257507,50.891998,0.025763,0.718875,34.625599,0.03032,0.492205,0.0,0.0,0.0,0.0,0.0,0.0,0.0,0.0,0.0,0.0,0.0,0.0
BATCH_COOL_Abnormal_2026-03-19T21-03-18-699329,BATCH COOL,train,4000,semiquant,Ketone:Moderate 4.0,Ketone:Moderate 4.0,,,Ketone,Moderate 4.0,BATCH_COOL_Abnormal_2026-03-19T21-03-18-699329_SEMIQUANT_FROM_BINARY.zip,1,1,0,,70.624802,0.462784,0.257137,36.9744,0.237186,0.652617,27.8088,0.513544,0.684505,59.9776,0.529512,0.257507,50.891998,0.025763,0.718875,34.625599,0.03032,0.492205,0.0,0.0,0.0,0.0,0.0,0.0,0.0,0.0,0.0,0.0,0.0,0.0
BATCH_COOL_Abnormal_2026-03-19T21-03-18-699329,BATCH COOL,train,4000,semiquant,Bilirubin:Small 17,Bilirubin:Small 17,,,Bilirubin,Small 17,BATCH_COOL_Abnormal_2026-03-19T21-03-18-699329_SEMIQUANT_FROM_BINARY.zip,1,1,0,,70.624802,0.462784,0.257137,36.9744,0.237186,0.652617,27.8088,0.513544,0.684505,59.9776,0.529512,0.257507,50.891998,0.025763,0.718875,34.625599,0.03032,0.492205,0.0,0.0,0.0,0.0,0.0,0.0,0.0,0.0,0.0,0.0,0.0,0.0
BATCH_COOL_Abnormal_2026-03-19T21-03-18-699329,BATCH COOL,train,4000,semiquant,Glucose:30 ++,Glucose:30 ++,,,Glucose,30 ++,BATCH_COOL_Abnormal_2026-03-19T21-03-18-699329_SEMIQUANT_FROM_BINARY.zip,1,1,0,,70.624802,0.462784,0.257137,36.9744,0.237186,0.652617,27.8088,0.513544,0.684505,59.9776,0.529512,0.257507,50.891998,0.025763,0.718875,34.625599,0.03032,0.492205,0.0,0.0,0.0,0.0,0.0,0.0,0.0,0.0,0.0,0.0,0.0,0.0
BATCH_COOL_Abnormal_2026-03-19T21-03-18-699329,BATCH COOL,train,4000,semiquant,Leukocytes:Small 70,Leukocytes:Small 70,,,Leukocytes,Small 70,BATCH_COOL_Abnormal_2026-03-19T21-03-18-699329_SEMIQUANT_FROM_BINARY.zip,1,1,0,,70.127998,0.477024,0.242428,35.419201,0.244488,0.650955,26.475201,0.528518,0.682447,60.2048,0.547884,0.237972,52.408001,0.033989,0.720359,34.5368,0.036403,0.491244,0.0,0.0,0.0,0.0,0.0,0.0,0.0,0.0,0.0,0.0,0.0,0.0
BATCH_COOL_Abnormal_2026-03-19T21-03-18-699329,BATCH COOL,train,4000,semiquant,Nitrite:Positive,Nitrite:Positive,,,Nitrite,Positive,BATCH_COOL_Abnormal_2026-03-19T21-03-18-699329_SEMIQUANT_FROM_BINARY.zip,1,1,0,,70.127998,0.477024,0.242428,35.419201,0.244488,0.650955,26.475201,0.528518,0.682447,60.2048,0.547884,0.237972,52.408001,0.033989,0.720359,34.5368,0.036403,0.491244,0.0,0.0,0.0,0.0,0.0,0.0,0.0,0.0,0.0,0.0,0.0,0.0
BATCH_COOL_Abnormal_2026-03-19T21-03-18-699329,BATCH COOL,train,4000,semiquant,Urobilinogen:32,Urobilinogen:32,,,Urobilinogen,32,BATCH_COOL_Abnormal_2026-03-19T21-03-18-699329_SEMIQUANT_FROM_BINARY.zip,1,1,0,,70.127998,0.477024,0.242428,35.419201,0.244488,0.650955,26.475201,0.528518,0.682447,60.2048,0.547884,0.237972,52.408001,0.033989,0.720359,34.5368,0.036403,0.491244,0.0,0.0,0.0,0.0,0.0,0.0,0.0,0.0,0.0,0.0,0.0,0.0
BATCH_COOL_Abnormal_2026-03-19T21-03-18-699329,BATCH COOL,train,4000,semiquant,Protein:3.0,Protein:3.0,,,Protein,3.0,BATCH_COOL_Abnormal_2026-03-19T21-03-18-699329_SEMIQUANT_FROM_BINARY.zip,1,1,0,,70.127998,0.477024,0.242428,35.419201,0.244488,0.650955,26.475201,0.528518,0.682447,60.2048,0.547884,0.237972,52.408001,0.033989,0.720359,34.5368,0.036403,0.491244,0.0,0.0,0.0,0.0,0.0,0.0,0.0,0.0,0.0,0.0,0.0,0.0
BATCH_COOL_Abnormal_2026-03-19T21-03-18-699329,BATCH COOL,train,4000,semiquant,pH:6.5,pH:6.5,,,pH,6.5,BATCH_COOL_Abnormal_2026-03-19T21-03-18-699329_SEMIQUANT_FROM_BINARY.zip,1,1,0,,70.127998,0.477024,0.242428,35.419201,0.244488,0.650955,26.475201,0.528518,0.682447,60.2048,0.547884,0.237972,52.408001,0.033989,0.720359,34.5368,0.036403,0.491244,0.0,0.0,0.0,0.0,0.0,0.0,0.0,0.0,0.0,0.0,0.0,0.0
BATCH_COOL_Abnormal_2026-03-19T21-03-18-699329,BATCH COOL,train,4000,semiquant,Blood:Moderate 80,Blood:Moderate 80,,,Blood,Moderate 80,BATCH_COOL_Abnormal_2026-03-19T21-03-18-699329_SEMIQUANT_FROM_BINARY.zip,1,1,0,,70.127998,0.477024,0.242428,35.419201,0.244488,0.650955,26.475201,0.528518,0.682447,60.2048,0.547884,0.237972,52.408001,0.033989,0.720359,34.5368,0.036403,0.491244,0.0,0.0,0.0,0.0,0.0,0.0,0.0,0.0,0.0,0.0,0.0,0.0
BATCH_COOL_Abnormal_2026-03-19T21-03-18-699329,BATCH COOL,train,4000,semiquant,Specific Gravity:1.005,Specific Gravity:1.005,,,Specific Gravity,1.005,BATCH_COOL_Abnormal_2026-03-19T21-03-18-699329_SEMIQUANT_FROM_BINARY.zip,1,1,0,,70.127998,0.477024,0.242428,35.419201,0.244488,0.650955,26.475201,0.528518,0.682447,60.2048,0.547884,0.237972,52.408001,0.033989,0.720359,34.5368,0.036403,0.491244,0.0,0.0,0.0,0.0,0.0,0.0,0.0,0.0,0.0,0.0,0.0,0.0
BATCH_COOL_Abnormal_2026-03-19T21-03-18-699329,BATCH COOL,train,4000,semiquant,Ketone:8.0,Ketone:8.0,,,Ketone,8.0,BATCH_COOL_Abnormal_2026-03-19T21-03-18-699329_SEMIQUANT_FROM_BINARY.zip,1,1,0,,70.127998,0.477024,0.242428,35.419201,0.244488,0.650955,26.475201,0.528518,0.682447,60.2048,0.547884,0.237972,52.408001,0.033989,0.720359,34.5368,0.036403,0.491244,0.0,0.0,0.0,0.0,0.0,0.0,0.0,0.0,0.0,0.0,0.0,0.0
BATCH_COOL_Abnormal_2026-03-19T21-03-18-699329,BATCH COOL,train,4000,semiquant,Bilirubin:Moderate 50,Bilirubin:Moderate 50,,,Bilirubin,Moderate 50,BATCH_COOL_Abnormal_2026-03-19T21-03-18-699329_SEMIQUANT_FROM_BINARY.zip,1,1,0,,70.127998,0.477024,0.242428,35.419201,0.244488,0.650955,26.475201,0.528518,0.682447,60.2048,0.547884,0.237972,52.408001,0.033989,0.720359,34.5368,0.036403,0.491244,0.0,0.0,0.0,0.0,0.0,0.0,0.0,0.0,0.0,0.0,0.0,0.0
BATCH_COOL_Abnormal_2026-03-19T21-03-18-699329,BATCH COOL,train,4000,semiquant,Glucose:60 +++,Glucose:60 +++,,,Glucose,60 +++,BATCH_COOL_Abnormal_2026-03-19T21-03-18-699329_SEMIQUANT_FROM_BINARY.zip,1,1,0,,70.127998,0.477024,0.242428,35.419201,0.244488,0.650955,26.475201,0.528518,0.682447,60.2048,0.547884,0.237972,52.408001,0.033989,0.720359,34.5368,0.036403,0.491244,0.0,0.0,0.0,0.0,0.0,0.0,0.0,0.0,0.0,0.0,0.0,0.0
BATCH_COOL_Abnormal_2026-03-19T21-03-18-699329,BATCH COOL,train,4000,semiquant,Leukocytes:Moderate 125,Leukocytes:Moderate 125,,,Leukocytes,Moderate 125,BATCH_COOL_Abnormal_2026-03-19T21-03-18-699329_SEMIQUANT_FROM_BINARY.zip,1,1,0,,68.435997,0.473515,0.247247,40.311199,0.244623,0.652627,26.547199,0.529305,0.683537,61.062401,0.547344,0.234684,55.830399,0.02699,0.71909,38.548801,0.029046,0.490394,0.0,0.0,0.0,0.0,0.0,0.0,0.0,0.0,0.0,0.0,0.0,0.0
BATCH_COOL_Abnormal_2026-03-19T21-03-18-699329,BATCH COOL,train,4000,semiquant,Nitrite:Positive,Nitrite:Positive,,,Nitrite,Positive,BATCH_COOL_Abnormal_2026-03-19T21-03-18-699329_SEMIQUANT_FROM_BINARY.zip,1,1,0,,68.435997,0.473515,0.247247,40.311199,0.244623,0.652627,26.547199,0.529305,0.683537,61.062401,0.547344,0.234684,55.830399,0.02699,0.71909,38.548801,0.029046,0.490394,0.0,0.0,0.0,0.0,0.0,0.0,0.0,0.0,0.0,0.0,0.0,0.0
BATCH_COOL_Abnormal_2026-03-19T21-03-18-699329,BATCH COOL,train,4000,semiquant,Urobilinogen:64,Urobilinogen:64,,,Urobilinogen,64,BATCH_COOL_Abnormal_2026-03-19T21-03-18-699329_SEMIQUANT_FROM_BINARY.zip,1,1,0,,68.435997,0.473515,0.247247,40.311199,0.244623,0.652627,26.547199,0.529305,0.683537,61.062401,0.547344,0.234684,55.830399,0.02699,0.71909,38.548801,0.029046,0.490394,0.0,0.0,0.0,0.0,0.0,0.0,0.0,0.0,0.0,0.0,0.0,0.0
BATCH_COOL_Abnormal_2026-03-19T21-03-18-699329,BATCH COOL,train,4000,semiquant,Protein:>=20.0,Protein:>=20.0,,,Protein,>=20.0,BATCH_COOL_Abnormal_2026-03-19T21-03-18-699329_SEMIQUANT_FROM_BINARY.zip,1,1,0,,68.435997,0.473515,0.247247,40.311199,0.244623,0.652627,26.547199,0.529305,0.683537,61.062401,0.547344,0.234684,55.830399,0.02699,0.71909,38.548801,0.029046,0.490394,0.0,0.0,0.0,0.0,0.0,0.0,0.0,0.0,0.0,0.0,0.0,0.0
BATCH_COOL_Abnormal_2026-03-19T21-03-18-699329,BATCH COOL,train,4000,semiquant,pH:7.0,pH:7.0,,,pH,7.0,BATCH_COOL_Abnormal_2026-03-19T21-03-18-699329_SEMIQUANT_FROM_BINARY.zip,1,1,0,,68.435997,0.473515,0.247247,40.311199,0.244623,0.652627,26.547199,0.529305,0.683537,61.062401,0.547344,0.234684,55.830399,0.02699,0.71909,38.548801,0.029046,0.490394,0.0,0.0,0.0,0.0,0.0,0.0,0.0,0.0,0.0,0.0,0.0,0.0
BATCH_COOL_Abnormal_2026-03-19T21-03-18-699329,BATCH COOL,train,4000,semiquant,Blood:Large 200,Blood:Large 200,,,Blood,Large 200,BATCH_COOL_Abnormal_2026-03-19T21-03-18-699329_SEMIQUANT_FROM_BINARY.zip,1,1,0,,68.435997,0.473515,0.247247,40.311199,0.244623,0.652627,26.547199,0.529305,0.683537,61.062401,0.547344,0.234684,55.830399,0.02699,0.71909,38.548801,0.029046,0.490394,0.0,0.0,0.0,0.0,0.0,0.0,0.0,0.0,0.0,0.0,0.0,0.0
BATCH_COOL_Abnormal_2026-03-19T21-03-18-699329,BATCH COOL,train,4000,semiquant,Specific Gravity:1.010,Specific Gravity:1.010,,,Specific Gravity,1.010,BATCH_COOL_Abnormal_2026-03-19T21-03-18-699329_SEMIQUANT_FROM_BINARY.zip,1,1,0,,68.435997,0.473515,0.247247,40.311199,0.244623,0.652627,26.547199,0.529305,0.683537,61.062401,0.547344,0.234684,55.830399,0.02699,0.71909,38.548801,0.029046,0.490394,0.0,0.0,0.0,0.0,0.0,0.0,0.0,0.0,0.0,0.0,0.0,0.0
BATCH_COOL_Abnormal_2026-03-19T21-03-18-699329,BATCH COOL,train,4000,semiquant,Ketone:Large 16,Ketone:Large 16,,,Ketone,Large 16,BATCH_COOL_Abnormal_2026-03-19T21-03-18-699329_SEMIQUANT_FROM_BINARY.zip,1,1,0,,68.435997,0.473515,0.247247,40.311199,0.244623,0.652627,26.547199,0.529305,0.683537,61.062401,0.547344,0.234684,55.830399,0.02699,0.71909,38.548801,0.029046,0.490394,0.0,0.0,0.0,0.0,0.0,0.0,0.0,0.0,0.0,0.0,0.0,0.0
BATCH_COOL_Abnormal_2026-03-19T21-03-18-699329,BATCH COOL,train,4000,semiquant,Bilirubin:Large 100,Bilirubin:Large 100,,,Bilirubin,Large 100,BATCH_COOL_Abnormal_2026-03-19T21-03-18-699329_SEMIQUANT_FROM_BINARY.zip,1,1,0,,68.435997,0.473515,0.247247,40.311199,0.244623,0.652627,26.547199,0.529305,0.683537,61.062401,0.547344,0.234684,55.830399,0.02699,0.71909,38.548801,0.029046,0.490394,0.0,0.0,0.0,0.0,0.0,0.0,0.0,0.0,0.0,0.0,0.0,0.0
BATCH_COOL_Abnormal_2026-03-19T21-03-18-699329,BATCH COOL,train,4000,semiquant,Glucose:110 ++++,Glucose:110 ++++,,,Glucose,110 ++++,BATCH_COOL_Abnormal_2026-03-19T21-03-18-699329_SEMIQUANT_FROM_BINARY.zip,1,1,0,,68.435997,0.473515,0.247247,40.311199,0.244623,0.652627,26.547199,0.529305,0.683537,61.062401,0.547344,0.234684,55.830399,0.02699,0.71909,38.548801,0.029046,0.490394,0.0,0.0,0.0,0.0,0.0,0.0,0.0,0.0,0.0,0.0,0.0,0.0
BATCH_COOL_Abnormal_2026-03-19T21-03-18-699329,BATCH COOL,train,4000,semiquant,Leukocytes:Large 500,Leukocytes:Large 500,,,Leukocytes,Large 500,BATCH_COOL_Abnormal_2026-03-19T21-03-18-699329_SEMIQUANT_FROM_BINARY.zip,1,1,0,,67.120003,0.459705,0.254954,45.709599,0.248359,0.656963,28.3792,0.518711,0.686042,63.729599,0.521901,0.25848,48.110401,0.046463,0.717131,20.835199,0.036802,0.406524,0.0,0.0,0.0,0.0,0.0,0.0,0.0,0.0,0.0,0.0,0.0,0.0
BATCH_COOL_Abnormal_2026-03-19T21-03-18-699329,BATCH COOL,train,4000,semiquant,Nitrite:Positive,Nitrite:Positive,,,Nitrite,Positive,BATCH_COOL_Abnormal_2026-03-19T21-03-18-699329_SEMIQUANT_FROM_BINARY.zip,1,1,0,,67.120003,0.459705,0.254954,45.709599,0.248359,0.656963,28.3792,0.518711,0.686042,63.729599,0.521901,0.25848,48.110401,0.046463,0.717131,20.835199,0.036802,0.406524,0.0,0.0,0.0,0.0,0.0,0.0,0.0,0.0,0.0,0.0,0.0,0.0
BATCH_COOL_Abnormal_2026-03-19T21-03-18-699329,BATCH COOL,train,4000,semiquant,Urobilinogen:128,Urobilinogen:128,,,Urobilinogen,128,BATCH_COOL_Abnormal_2026-03-19T21-03-18-699329_SEMIQUANT_FROM_BINARY.zip,1,1,0,,67.120003,0.459705,0.254954,45.709599,0.248359,0.656963,28.3792,0.518711,0.686042,63.729599,0.521901,0.25848,48.110401,0.046463,0.717131,20.835199,0.036802,0.406524,0.0,0.0,0.0,0.0,0.0,0.0,0.0,0.0,0.0,0.0,0.0,0.0
BATCH_COOL_Abnormal_2026-03-19T21-03-18-699329,BATCH COOL,train,4000,semiquant,Protein:Trace,Protein:Trace,,,Protein,Trace,BATCH_COOL_Abnormal_2026-03-19T21-03-18-699329_SEMIQUANT_FROM_BINARY.zip,1,1,0,,67.120003,0.459705,0.254954,45.709599,0.248359,0.656963,28.3792,0.518711,0.686042,63.729599,0.521901,0.25848,48.110401,0.046463,0.717131,20.835199,0.036802,0.406524,0.0,0.0,0.0,0.0,0.0,0.0,0.0,0.0,0.0,0.0,0.0,0.0
BATCH_COOL_Abnormal_2026-03-19T21-03-18-699329,BATCH COOL,train,4000,semiquant,pH:7.5,pH:7.5,,,pH,7.5,BATCH_COOL_Abnormal_2026-03-19T21-03-18-699329_SEMIQUANT_FROM_BINARY.zip,1,1,0,,67.120003,0.459705,0.254954,45.709599,0.248359,0.656963,28.3792,0.518711,0.686042,63.729599,0.521901,0.25848,48.110401,0.046463,0.717131,20.835199,0.036802,0.406524,0.0,0.0,0.0,0.0,0.0,0.0,0.0,0.0,0.0,0.0,0.0,0.0
BATCH_COOL_Abnormal_2026-03-19T21-03-18-699329,BATCH COOL,train,4000,semiquant,Blood:Non-hemolyzed 10,Blood:Non-hemolyzed 10,,,Blood,Non-hemolyzed 10,BATCH_COOL_Abnormal_2026-03-19T21-03-18-699329_SEMIQUANT_FROM_BINARY.zip,1,1,0,,67.120003,0.459705,0.254954,45.709599,0.248359,0.656963,28.3792,0.518711,0.686042,63.729599,0.521901,0.25848,48.110401,0.046463,0.717131,20.835199,0.036802,0.406524,0.0,0.0,0.0,0.0,0.0,0.0,0.0,0.0,0.0,0.0,0.0,0.0
BATCH_COOL_Abnormal_2026-03-19T21-03-18-699329,BATCH COOL,train,4000,semiquant,Specific Gravity:1.020,Specific Gravity:1.020,,,Specific Gravity,1.020,BATCH_COOL_Abnormal_2026-03-19T21-03-18-699329_SEMIQUANT_FROM_BINARY.zip,1,1,0,,67.120003,0.459705,0.254954,45.709599,0.248359,0.656963,28.3792,0.518711,0.686042,63.729599,0.521901,0.25848,48.110401,0.046463,0.717131,20.835199,0.036802,0.406524,0.0,0.0,0.0,0.0,0.0,0.0,0.0,0.0,0.0,0.0,0.0,0.0
BATCH_COOL_Abnormal_2026-03-19T21-03-18-699329,BATCH COOL,train,4000,semiquant,Ketone:Trace 0.5,Ketone:Trace 0.5,,,Ketone,Trace 0.5,BATCH_COOL_Abnormal_2026-03-19T21-03-18-699329_SEMIQUANT_FROM_BINARY.zip,1,1,0,,67.120003,0.459705,0.254954,45.709599,0.248359,0.656963,28.3792,0.518711,0.686042,63.729599,0.521901,0.25848,48.110401,0.046463,0.717131,20.835199,0.036802,0.406524,0.0,0.0,0.0,0.0,0.0,0.0,0.0,0.0,0.0,0.0,0.0,0.0
BATCH_COOL_Abnormal_2026-03-19T21-03-18-699329,BATCH COOL,train,4000,semiquant,Bilirubin:Small 17,Bilirubin:Small 17,,,Bilirubin,Small 17,BATCH_COOL_Abnormal_2026-03-19T21-03-18-699329_SEMIQUANT_FROM_BINARY.zip,1,1,0,,67.120003,0.459705,0.254954,45.709599,0.248359,0.656963,28.3792,0.518711,0.686042,63.729599,0.521901,0.25848,48.110401,0.046463,0.717131,20.835199,0.036802,0.406524,0.0,0.0,0.0,0.0,0.0,0.0,0.0,0.0,0.0,0.0,0.0,0.0
BATCH_COOL_Abnormal_2026-03-19T21-03-18-699329,BATCH COOL,train,4000,semiquant,Glucose:Trace 5,Glucose:Trace 5,,,Glucose,Trace 5,BATCH_COOL_Abnormal_2026-03-19T21-03-18-699329_SEMIQUANT_FROM_BINARY.zip,1,1,0,,67.120003,0.459705,0.254954,45.709599,0.248359,0.656963,28.3792,0.518711,0.686042,63.729599,0.521901,0.25848,48.110401,0.046463,0.717131,20.835199,0.036802,0.406524,0.0,0.0,0.0,0.0,0.0,0.0,0.0,0.0,0.0,0.0,0.0,0.0
BATCH_COOL_Abnormal_2026-03-19T21-03-18-699329,BATCH COOL,train,4000,semiquant,Leukocytes:Trace 15,Leukocytes:Trace 15,,,Leukocytes,Trace 15,BATCH_COOL_Abnormal_2026-03-19T21-03-18-699329_SEMIQUANT_FROM_BINARY.zip,1,1,0,,66.075996,0.453352,0.25696,48.256001,0.24835,0.658342,44.749599,0.515694,0.686803,72.145599,0.516756,0.266136,49.707199,0.042595,0.717187,25.7808,0.043434,0.50965,0.0,0.0,0.0,0.0,0.0,0.0,0.0,0.0,0.0,0.0,0.0,0.0
BATCH_COOL_Abnormal_2026-03-19T21-03-18-699329,BATCH COOL,train,4000,semiquant,Nitrite:Positive,Nitrite:Positive,,,Nitrite,Positive,BATCH_COOL_Abnormal_2026-03-19T21-03-18-699329_SEMIQUANT_FROM_BINARY.zip,1,1,0,,66.075996,0.453352,0.25696,48.256001,0.24835,0.658342,44.749599,0.515694,0.686803,72.145599,0.516756,0.266136,49.707199,0.042595,0.717187,25.7808,0.043434,0.50965,0.0,0.0,0.0,0.0,0.0,0.0,0.0,0.0,0.0,0.0,0.0,0.0
BATCH_COOL_Abnormal_2026-03-19T21-03-18-699329,BATCH COOL,train,4000,semiquant,Urobilinogen:16,Urobilinogen:16,,,Urobilinogen,16,BATCH_COOL_Abnormal_2026-03-19T21-03-18-699329_SEMIQUANT_FROM_BINARY.zip,1,1,0,,66.075996,0.453352,0.25696,48.256001,0.24835,0.658342,44.749599,0.515694,0.686803,72.145599,0.516756,0.266136,49.707199,0.042595,0.717187,25.7808,0.043434,0.50965,0.0,0.0,0.0,0.0,0.0,0.0,0.0,0.0,0.0,0.0,0.0,0.0
BATCH_COOL_Abnormal_2026-03-19T21-03-18-699329,BATCH COOL,train,4000,semiquant,Protein:0.3,Protein:0.3,,,Protein,0.3,BATCH_COOL_Abnormal_2026-03-19T21-03-18-699329_SEMIQUANT_FROM_BINARY.zip,1,1,0,,66.075996,0.453352,0.25696,48.256001,0.24835,0.658342,44.749599,0.515694,0.686803,72.145599,0.516756,0.266136,49.707199,0.042595,0.717187,25.7808,0.043434,0.50965,0.0,0.0,0.0,0.0,0.0,0.0,0.0,0.0,0.0,0.0,0.0,0.0
BATCH_COOL_Abnormal_2026-03-19T21-03-18-699329,BATCH COOL,train,4000,semiquant,pH:8.0,pH:8.0,,,pH,8.0,BATCH_COOL_Abnormal_2026-03-19T21-03-18-699329_SEMIQUANT_FROM_BINARY.zip,1,1,0,,66.075996,0.453352,0.25696,48.256001,0.24835,0.658342,44.749599,0.515694,0.686803,72.145599,0.516756,0.266136,49.707199,0.042595,0.717187,25.7808,0.043434,0.50965,0.0,0.0,0.0,0.0,0.0,0.0,0.0,0.0,0.0,0.0,0.0,0.0
BATCH_COOL_Abnormal_2026-03-19T21-03-18-699329,BATCH COOL,train,4000,semiquant,Blood:Hemolyzed 10,Blood:Hemolyzed 10,,,Blood,Hemolyzed 10,BATCH_COOL_Abnormal_2026-03-19T21-03-18-699329_SEMIQUANT_FROM_BINARY.zip,1,1,0,,66.075996,0.453352,0.25696,48.256001,0.24835,0.658342,44.749599,0.515694,0.686803,72.145599,0.516756,0.266136,49.707199,0.042595,0.717187,25.7808,0.043434,0.50965,0.0,0.0,0.0,0.0,0.0,0.0,0.0,0.0,0.0,0.0,0.0,0.0
BATCH_COOL_Abnormal_2026-03-19T21-03-18-699329,BATCH COOL,train,4000,semiquant,Specific Gravity:1.025,Specific Gravity:1.025,,,Specific Gravity,1.025,BATCH_COOL_Abnormal_2026-03-19T21-03-18-699329_SEMIQUANT_FROM_BINARY.zip,1,1,0,,66.075996,0.453352,0.25696,48.256001,0.24835,0.658342,44.749599,0.515694,0.686803,72.145599,0.516756,0.266136,49.707199,0.042595,0.717187,25.7808,0.043434,0.50965,0.0,0.0,0.0,0.0,0.0,0.0,0.0,0.0,0.0,0.0,0.0,0.0
BATCH_COOL_Abnormal_2026-03-19T21-03-18-699329,BATCH COOL,train,4000,semiquant,Ketone:Small 1.5,Ketone:Small 1.5,,,Ketone,Small 1.5,BATCH_COOL_Abnormal_2026-03-19T21-03-18-699329_SEMIQUANT_FROM_BINARY.zip,1,1,0,,66.075996,0.453352,0.25696,48.256001,0.24835,0.658342,44.749599,0.515694,0.686803,72.145599,0.516756,0.266136,49.707199,0.042595,0.717187,25.7808,0.043434,0.50965,0.0,0.0,0.0,0.0,0.0,0.0,0.0,0.0,0.0,0.0,0.0,0.0
BATCH_COOL_Abnormal_2026-03-19T21-03-18-699329,BATCH COOL,train,4000,semiquant,Bilirubin:Moderate 50,Bilirubin:Moderate 50,,,Bilirubin,Moderate 50,BATCH_COOL_Abnormal_2026-03-19T21-03-18-699329_SEMIQUANT_FROM_BINARY.zip,1,1,0,,66.075996,0.453352,0.25696,48.256001,0.24835,0.658342,44.749599,0.515694,0.686803,72.145599,0.516756,0.266136,49.707199,0.042595,0.717187,25.7808,0.043434,0.50965,0.0,0.0,0.0,0.0,0.0,0.0,0.0,0.0,0.0,0.0,0.0,0.0
BATCH_COOL_Abnormal_2026-03-19T21-03-18-699329,BATCH COOL,train,4000,semiquant,Glucose:15 +,Glucose:15 +,,,Glucose,15 +,BATCH_COOL_Abnormal_2026-03-19T21-03-18-699329_SEMIQUANT_FROM_BINARY.zip,1,1,0,,66.075996,0.453352,0.25696,48.256001,0.24835,0.658342,44.749599,0.515694,0.686803,72.145599,0.516756,0.266136,49.707199,0.042595,0.717187,25.7808,0.043434,0.50965,0.0,0.0,0.0,0.0,0.0,0.0,0.0,0.0,0.0,0.0,0.0,0.0
BATCH_COOL_Abnormal_2026-03-19T21-03-18-699329,BATCH COOL,train,4000,semiquant,Leukocytes:Small 70,Leukocytes:Small 70,,,Leukocytes,Small 70,BATCH_COOL_Abnormal_2026-03-19T21-03-18-699329_SEMIQUANT_FROM_BINARY.zip,1,1,0,,62.616798,0.468088,0.252008,33.439999,0.257304,0.652875,26.3272,0.530435,0.685768,57.339199,0.540651,0.245235,34.279999,0.04448,0.72152,30.1784,0.059377,0.645744,0.0,0.0,0.0,0.0,0.0,0.0,0.0,0.0,0.0,0.0,0.0,0.0
BATCH_COOL_Abnormal_2026-03-19T21-03-18-699329,BATCH COOL,train,4000,semiquant,Nitrite:Positive,Nitrite:Positive,,,Nitrite,Positive,BATCH_COOL_Abnormal_2026-03-19T21-03-18-699329_SEMIQUANT_FROM_BINARY.zip,1,1,0,,62.616798,0.468088,0.252008,33.439999,0.257304,0.652875,26.3272,0.530435,0.685768,57.339199,0.540651,0.245235,34.279999,0.04448,0.72152,30.1784,0.059377,0.645744,0.0,0.0,0.0,0.0,0.0,0.0,0.0,0.0,0.0,0.0,0.0,0.0
BATCH_COOL_Abnormal_2026-03-19T21-03-18-699329,BATCH COOL,train,4000,semiquant,Urobilinogen:32,Urobilinogen:32,,,Urobilinogen,32,BATCH_COOL_Abnormal_2026-03-19T21-03-18-699329_SEMIQUANT_FROM_BINARY.zip,1,1,0,,62.616798,0.468088,0.252008,33.439999,0.257304,0.652875,26.3272,0.530435,0.685768,57.339199,0.540651,0.245235,34.279999,0.04448,0.72152,30.1784,0.059377,0.645744,0.0,0.0,0.0,0.0,0.0,0.0,0.0,0.0,0.0,0.0,0.0,0.0
BATCH_COOL_Abnormal_2026-03-19T21-03-18-699329,BATCH COOL,train,4000,semiquant,Protein:1.0,Protein:1.0,,,Protein,1.0,BATCH_COOL_Abnormal_2026-03-19T21-03-18-699329_SEMIQUANT_FROM_BINARY.zip,1,1,0,,62.616798,0.468088,0.252008,33.439999,0.257304,0.652875,26.3272,0.530435,0.685768,57.339199,0.540651,0.245235,34.279999,0.04448,0.72152,30.1784,0.059377,0.645744,0.0,0.0,0.0,0.0,0.0,0.0,0.0,0.0,0.0,0.0,0.0,0.0
BATCH_COOL_Abnormal_2026-03-19T21-03-18-699329,BATCH COOL,train,4000,semiquant,pH:8.5,pH:8.5,,,pH,8.5,BATCH_COOL_Abnormal_2026-03-19T21-03-18-699329_SEMIQUANT_FROM_BINARY.zip,1,1,0,,62.616798,0.468088,0.252008,33.439999,0.257304,0.652875,26.3272,0.530435,0.685768,57.339199,0.540651,0.245235,34.279999,0.04448,0.72152,30.1784,0.059377,0.645744,0.0,0.0,0.0,0.0,0.0,0.0,0.0,0.0,0.0,0.0,0.0,0.0
BATCH_COOL_Abnormal_2026-03-19T21-03-18-699329,BATCH COOL,train,4000,semiquant,Blood:Small 25,Blood:Small 25,,,Blood,Small 25,BATCH_COOL_Abnormal_2026-03-19T21-03-18-699329_SEMIQUANT_FROM_BINARY.zip,1,1,0,,62.616798,0.468088,0.252008,33.439999,0.257304,0.652875,26.3272,0.530435,0.685768,57.339199,0.540651,0.245235,34.279999,0.04448,0.72152,30.1784,0.059377,0.645744,0.0,0.0,0.0,0.0,0.0,0.0,0.0,0.0,0.0,0.0,0.0,0.0
BATCH_COOL_Abnormal_2026-03-19T21-03-18-699329,BATCH COOL,train,4000,semiquant,Specific Gravity:1.030,Specific Gravity:1.030,,,Specific Gravity,1.030,BATCH_COOL_Abnormal_2026-03-19T21-03-18-699329_SEMIQUANT_FROM_BINARY.zip,1,1,0,,62.616798,0.468088,0.252008,33.439999,0.257304,0.652875,26.3272,0.530435,0.685768,57.339199,0.540651,0.245235,34.279999,0.04448,0.72152,30.1784,0.059377,0.645744,0.0,0.0,0.0,0.0,0.0,0.0,0.0,0.0,0.0,0.0,0.0,0.0
BATCH_COOL_Abnormal_2026-03-19T21-03-18-699329,BATCH COOL,train,4000,semiquant,Ketone:Moderate 4.0,Ketone:Moderate 4.0,,,Ketone,Moderate 4.0,BATCH_COOL_Abnormal_2026-03-19T21-03-18-699329_SEMIQUANT_FROM_BINARY.zip,1,1,0,,62.616798,0.468088,0.252008,33.439999,0.257304,0.652875,26.3272,0.530435,0.685768,57.339199,0.540651,0.245235,34.279999,0.04448,0.72152,30.1784,0.059377,0.645744,0.0,0.0,0.0,0.0,0.0,0.0,0.0,0.0,0.0,0.0,0.0,0.0
BATCH_COOL_Abnormal_2026-03-19T21-03-18-699329,BATCH COOL,train,4000,semiquant,Bilirubin:Large 100,Bilirubin:Large 100,,,Bilirubin,Large 100,BATCH_COOL_Abnormal_2026-03-19T21-03-18-699329_SEMIQUANT_FROM_BINARY.zip,1,1,0,,62.616798,0.468088,0.252008,33.439999,0.257304,0.652875,26.3272,0.530435,0.685768,57.339199,0.540651,0.245235,34.279999,0.04448,0.72152,30.1784,0.059377,0.645744,0.0,0.0,0.0,0.0,0.0,0.0,0.0,0.0,0.0,0.0,0.0,0.0
BATCH_COOL_Abnormal_2026-03-19T21-03-18-699329,BATCH COOL,train,4000,semiquant,Glucose:30 ++,Glucose:30 ++,,,Glucose,30 ++,BATCH_COOL_Abnormal_2026-03-19T21-03-18-699329_SEMIQUANT_FROM_BINARY.zip,1,1,0,,62.616798,0.468088,0.252008,33.439999,0.257304,0.652875,26.3272,0.530435,0.685768,57.339199,0.540651,0.245235,34.279999,0.04448,0.72152,30.1784,0.059377,0.645744,0.0,0.0,0.0,0.0,0.0,0.0,0.0,0.0,0.0,0.0,0.0,0.0
BATCH_COOL_Abnormal_2026-03-19T21-03-18-699329,BATCH COOL,train,4000,semiquant,Leukocytes:Moderate 125,Leukocytes:Moderate 125,,,Leukocytes,Moderate 125,BATCH_COOL_Abnormal_2026-03-19T21-03-18-699329_SEMIQUANT_FROM_BINARY.zip,1,1,0,,60.783199,0.457732,0.253056,34.484001,0.255699,0.655377,23.798401,0.521962,0.688573,59.335201,0.533646,0.255015,27.302401,0.04674,0.720949,38.824001,0.059606,0.647065,0.0,0.0,0.0,0.0,0.0,0.0,0.0,0.0,0.0,0.0,0.0,0.0
BATCH_COOL_Abnormal_2026-03-19T21-03-18-699329,BATCH COOL,train,4000,semiquant,Nitrite:Positive,Nitrite:Positive,,,Nitrite,Positive,BATCH_COOL_Abnormal_2026-03-19T21-03-18-699329_SEMIQUANT_FROM_BINARY.zip,1,1,0,,60.783199,0.457732,0.253056,34.484001,0.255699,0.655377,23.798401,0.521962,0.688573,59.335201,0.533646,0.255015,27.302401,0.04674,0.720949,38.824001,0.059606,0.647065,0.0,0.0,0.0,0.0,0.0,0.0,0.0,0.0,0.0,0.0,0.0,0.0
BATCH_COOL_Abnormal_2026-03-19T21-03-18-699329,BATCH COOL,train,4000,semiquant,Urobilinogen:64,Urobilinogen:64,,,Urobilinogen,64,BATCH_COOL_Abnormal_2026-03-19T21-03-18-699329_SEMIQUANT_FROM_BINARY.zip,1,1,0,,60.783199,0.457732,0.253056,34.484001,0.255699,0.655377,23.798401,0.521962,0.688573,59.335201,0.533646,0.255015,27.302401,0.04674,0.720949,38.824001,0.059606,0.647065,0.0,0.0,0.0,0.0,0.0,0.0,0.0,0.0,0.0,0.0,0.0,0.0
BATCH_COOL_Abnormal_2026-03-19T21-03-18-699329,BATCH COOL,train,4000,semiquant,Protein:3.0,Protein:3.0,,,Protein,3.0,BATCH_COOL_Abnormal_2026-03-19T21-03-18-699329_SEMIQUANT_FROM_BINARY.zip,1,1,0,,60.783199,0.457732,0.253056,34.484001,0.255699,0.655377,23.798401,0.521962,0.688573,59.335201,0.533646,0.255015,27.302401,0.04674,0.720949,38.824001,0.059606,0.647065,0.0,0.0,0.0,0.0,0.0,0.0,0.0,0.0,0.0,0.0,0.0,0.0
BATCH_COOL_Abnormal_2026-03-19T21-03-18-699329,BATCH COOL,train,4000,semiquant,pH:5.0,pH:5.0,,,pH,5.0,BATCH_COOL_Abnormal_2026-03-19T21-03-18-699329_SEMIQUANT_FROM_BINARY.zip,1,1,0,,60.783199,0.457732,0.253056,34.484001,0.255699,0.655377,23.798401,0.521962,0.688573,59.335201,0.533646,0.255015,27.302401,0.04674,0.720949,38.824001,0.059606,0.647065,0.0,0.0,0.0,0.0,0.0,0.0,0.0,0.0,0.0,0.0,0.0,0.0
BATCH_COOL_Abnormal_2026-03-19T21-03-18-699329,BATCH COOL,train,4000,semiquant,Blood:Moderate 80,Blood:Moderate 80,,,Blood,Moderate 80,BATCH_COOL_Abnormal_2026-03-19T21-03-18-699329_SEMIQUANT_FROM_BINARY.zip,1,1,0,,60.783199,0.457732,0.253056,34.484001,0.255699,0.655377,23.798401,0.521962,0.688573,59.335201,0.533646,0.255015,27.302401,0.04674,0.720949,38.824001,0.059606,0.647065,0.0,0.0,0.0,0.0,0.0,0.0,0.0,0.0,0.0,0.0,0.0,0.0
BATCH_COOL_Abnormal_2026-03-19T21-03-18-699329,BATCH COOL,train,4000,semiquant,Specific Gravity:1.000,Specific Gravity:1.000,,,Specific Gravity,1.000,BATCH_COOL_Abnormal_2026-03-19T21-03-18-699329_SEMIQUANT_FROM_BINARY.zip,1,1,0,,60.783199,0.457732,0.253056,34.484001,0.255699,0.655377,23.798401,0.521962,0.688573,59.335201,0.533646,0.255015,27.302401,0.04674,0.720949,38.824001,0.059606,0.647065,0.0,0.0,0.0,0.0,0.0,0.0,0.0,0.0,0.0,0.0,0.0,0.0
BATCH_COOL_Abnormal_2026-03-19T21-03-18-699329,BATCH COOL,train,4000,semiquant,Ketone:8.0,Ketone:8.0,,,Ketone,8.0,BATCH_COOL_Abnormal_2026-03-19T21-03-18-699329_SEMIQUANT_FROM_BINARY.zip,1,1,0,,60.783199,0.457732,0.253056,34.484001,0.255699,0.655377,23.798401,0.521962,0.688573,59.335201,0.533646,0.255015,27.302401,0.04674,0.720949,38.824001,0.059606,0.647065,0.0,0.0,0.0,0.0,0.0,0.0,0.0,0.0,0.0,0.0,0.0,0.0
BATCH_COOL_Abnormal_2026-03-19T21-03-18-699329,BATCH COOL,train,4000,semiquant,Bilirubin:Small 17,Bilirubin:Small 17,,,Bilirubin,Small 17,BATCH_COOL_Abnormal_2026-03-19T21-03-18-699329_SEMIQUANT_FROM_BINARY.zip,1,1,0,,60.783199,0.457732,0.253056,34.484001,0.255699,0.655377,23.798401,0.521962,0.688573,59.335201,0.533646,0.255015,27.302401,0.04674,0.720949,38.824001,0.059606,0.647065,0.0,0.0,0.0,0.0,0.0,0.0,0.0,0.0,0.0,0.0,0.0,0.0
BATCH_COOL_Abnormal_2026-03-19T21-03-18-699329,BATCH COOL,train,4000,semiquant,Glucose:60 +++,Glucose:60 +++,,,Glucose,60 +++,BATCH_COOL_Abnormal_2026-03-19T21-03-18-699329_SEMIQUANT_FROM_BINARY.zip,1,1,0,,60.783199,0.457732,0.253056,34.484001,0.255699,0.655377,23.798401,0.521962,0.688573,59.335201,0.533646,0.255015,27.302401,0.04674,0.720949,38.824001,0.059606,0.647065,0.0,0.0,0.0,0.0,0.0,0.0,0.0,0.0,0.0,0.0,0.0,0.0
BATCH_COOL_Abnormal_2026-03-19T21-03-18-699329,BATCH COOL,train,4000,semiquant,Leukocytes:Large 500,Leukocytes:Large 500,,,Leukocytes,Large 500,BATCH_COOL_Abnormal_2026-03-19T21-03-18-699329_SEMIQUANT_FROM_BINARY.zip,1,1,0,,112.440804,0.011995,0.725613,84.182404,0.009989,0.728767,94.760803,0.01059,0.733067,239.1064,0.020303,0.734524,320.86319,0.028621,0.728838,285.673615,0.029987,0.717826,300.824799,0.029851,0.704613,80.807999,0.040649,0.685849,22.153601,0.051038,0.645622,10.6984,0.029937,0.263404
BATCH_COOL_Abnormal_2026-03-19T21-03-18-699329,BATCH COOL,train,4000,semiquant,Nitrite:Positive,Nitrite:Positive,,,Nitrite,Positive,BATCH_COOL_Abnormal_2026-03-19T21-03-18-699329_SEMIQUANT_FROM_BINARY.zip,1,1,0,,112.440804,0.011995,0.725613,84.182404,0.009989,0.728767,94.760803,0.01059,0.733067,239.1064,0.020303,0.734524,320.86319,0.028621,0.728838,285.673615,0.029987,0.717826,300.824799,0.029851,0.704613,80.807999,0.040649,0.685849,22.153601,0.051038,0.645622,10.6984,0.029937,0.263404
BATCH_COOL_Abnormal_2026-03-19T21-03-18-699329,BATCH COOL,train,4000,semiquant,Urobilinogen:128,Urobilinogen:128,,,Urobilinogen,128,BATCH_COOL_Abnormal_2026-03-19T21-03-18-699329_SEMIQUANT_FROM_BINARY.zip,1,1,0,,112.440804,0.011995,0.725613,84.182404,0.009989,0.728767,94.760803,0.01059,0.733067,239.1064,0.020303,0.734524,320.86319,0.028621,0.728838,285.673615,0.029987,0.717826,300.824799,0.029851,0.704613,80.807999,0.040649,0.685849,22.153601,0.051038,0.645622,10.6984,0.029937,0.263404
BATCH_COOL_Abnormal_2026-03-19T21-03-18-699329,BATCH COOL,train,4000,semiquant,Protein:>=20.0,Protein:>=20.0,,,Protein,>=20.0,BATCH_COOL_Abnormal_2026-03-19T21-03-18-699329_SEMIQUANT_FROM_BINARY.zip,1,1,0,,112.440804,0.011995,0.725613,84.182404,0.009989,0.728767,94.760803,0.01059,0.733067,239.1064,0.020303,0.734524,320.86319,0.028621,0.728838,285.673615,0.029987,0.717826,300.824799,0.029851,0.704613,80.807999,0.040649,0.685849,22.153601,0.051038,0.645622,10.6984,0.029937,0.263404
BATCH_COOL_Abnormal_2026-03-19T21-03-18-699329,BATCH COOL,train,4000,semiquant,pH:6.5,pH:6.5,,,pH,6.5,BATCH_COOL_Abnormal_2026-03-19T21-03-18-699329_SEMIQUANT_FROM_BINARY.zip,1,1,0,,112.440804,0.011995,0.725613,84.182404,0.009989,0.728767,94.760803,0.01059,0.733067,239.1064,0.020303,0.734524,320.86319,0.028621,0.728838,285.673615,0.029987,0.717826,300.824799,0.029851,0.704613,80.807999,0.040649,0.685849,22.153601,0.051038,0.645622,10.6984,0.029937,0.263404
BATCH_COOL_Abnormal_2026-03-19T21-03-18-699329,BATCH COOL,train,4000,semiquant,Blood:Large 200,Blood:Large 200,,,Blood,Large 200,BATCH_COOL_Abnormal_2026-03-19T21-03-18-699329_SEMIQUANT_FROM_BINARY.zip,1,1,0,,112.440804,0.011995,0.725613,84.182404,0.009989,0.728767,94.760803,0.01059,0.733067,239.1064,0.020303,0.734524,320.86319,0.028621,0.728838,285.673615,0.029987,0.717826,300.824799,0.029851,0.704613,80.807999,0.040649,0.685849,22.153601,0.051038,0.645622,10.6984,0.029937,0.263404
BATCH_COOL_Abnormal_2026-03-19T21-03-18-699329,BATCH COOL,train,4000,semiquant,Specific Gravity:1.005,Specific Gravity:1.005,,,Specific Gravity,1.005,BATCH_COOL_Abnormal_2026-03-19T21-03-18-699329_SEMIQUANT_FROM_BINARY.zip,1,1,0,,112.440804,0.011995,0.725613,84.182404,0.009989,0.728767,94.760803,0.01059,0.733067,239.1064,0.020303,0.734524,320.86319,0.028621,0.728838,285.673615,0.029987,0.717826,300.824799,0.029851,0.704613,80.807999,0.040649,0.685849,22.153601,0.051038,0.645622,10.6984,0.029937,0.263404
BATCH_COOL_Abnormal_2026-03-19T21-03-18-699329,BATCH COOL,train,4000,semiquant,Ketone:Large 16,Ketone:Large 16,,,Ketone,Large 16,BATCH_COOL_Abnormal_2026-03-19T21-03-18-699329_SEMIQUANT_FROM_BINARY.zip,1,1,0,,112.440804,0.011995,0.725613,84.182404,0.009989,0.728767,94.760803,0.01059,0.733067,239.1064,0.020303,0.734524,320.86319,0.028621,0.728838,285.673615,0.029987,0.717826,300.824799,0.029851,0.704613,80.807999,0.040649,0.685849,22.153601,0.051038,0.645622,10.6984,0.029937,0.263404
BATCH_COOL_Abnormal_2026-03-19T21-03-18-699329,BATCH COOL,train,4000,semiquant,Bilirubin:Moderate 50,Bilirubin:Moderate 50,,,Bilirubin,Moderate 50,BATCH_COOL_Abnormal_2026-03-19T21-03-18-699329_SEMIQUANT_FROM_BINARY.zip,1,1,0,,112.440804,0.011995,0.725613,84.182404,0.009989,0.728767,94.760803,0.01059,0.733067,239.1064,0.020303,0.734524,320.86319,0.028621,0.728838,285.673615,0.029987,0.717826,300.824799,0.029851,0.704613,80.807999,0.040649,0.685849,22.153601,0.051038,0.645622,10.6984,0.029937,0.263404
BATCH_COOL_Abnormal_2026-03-19T21-03-18-699329,BATCH COOL,train,4000,semiquant,Glucose:110 ++++,Glucose:110 ++++,,,Glucose,110 ++++,BATCH_COOL_Abnormal_2026-03-19T21-03-18-699329_SEMIQUANT_FROM_BINARY.zip,1,1,0,,112.440804,0.011995,0.725613,84.182404,0.009989,0.728767,94.760803,0.01059,0.733067,239.1064,0.020303,0.734524,320.86319,0.028621,0.728838,285.673615,0.029987,0.717826,300.824799,0.029851,0.704613,80.807999,0.040649,0.685849,22.153601,0.051038,0.645622,10.6984,0.029937,0.263404
BATCH_COOL_Abnormal_2026-03-19T21-03-18-699329,BATCH COOL,train,4000,semiquant,Leukocytes:Trace 15,Leukocytes:Trace 15,,,Leukocytes,Trace 15,BATCH_COOL_Abnormal_2026-03-19T21-03-18-699329_SEMIQUANT_FROM_BINARY.zip,1,1,0,,69.485603,0.473228,0.235796,36.766399,0.250758,0.647405,26.3088,0.546169,0.683369,60.872799,0.561627,0.226008,53.318401,0.026802,0.719864,44.5056,0.040507,0.595736,0.0,0.0,0.0,0.0,0.0,0.0,0.0,0.0,0.0,0.0,0.0,0.0
BATCH_COOL_Abnormal_2026-03-19T21-03-18-699329,BATCH COOL,train,4000,semiquant,Nitrite:Positive,Nitrite:Positive,,,Nitrite,Positive,BATCH_COOL_Abnormal_2026-03-19T21-03-18-699329_SEMIQUANT_FROM_BINARY.zip,1,1,0,,69.485603,0.473228,0.235796,36.766399,0.250758,0.647405,26.3088,0.546169,0.683369,60.872799,0.561627,0.226008,53.318401,0.026802,0.719864,44.5056,0.040507,0.595736,0.0,0.0,0.0,0.0,0.0,0.0,0.0,0.0,0.0,0.0,0.0,0.0
BATCH_COOL_Abnormal_2026-03-19T21-03-18-699329,BATCH COOL,train,4000,semiquant,Urobilinogen:16,Urobilinogen:16,,,Urobilinogen,16,BATCH_COOL_Abnormal_2026-03-19T21-03-18-699329_SEMIQUANT_FROM_BINARY.zip,1,1,0,,69.485603,0.473228,0.235796,36.766399,0.250758,0.647405,26.3088,0.546169,0.683369,60.872799,0.561627,0.226008,53.318401,0.026802,0.719864,44.5056,0.040507,0.595736,0.0,0.0,0.0,0.0,0.0,0.0,0.0,0.0,0.0,0.0,0.0,0.0
BATCH_COOL_Abnormal_2026-03-19T21-03-18-699329,BATCH COOL,train,4000,semiquant,Protein:Trace,Protein:Trace,,,Protein,Trace,BATCH_COOL_Abnormal_2026-03-19T21-03-18-699329_SEMIQUANT_FROM_BINARY.zip,1,1,0,,69.485603,0.473228,0.235796,36.766399,0.250758,0.647405,26.3088,0.546169,0.683369,60.872799,0.561627,0.226008,53.318401,0.026802,0.719864,44.5056,0.040507,0.595736,0.0,0.0,0.0,0.0,0.0,0.0,0.0,0.0,0.0,0.0,0.0,0.0
BATCH_COOL_Abnormal_2026-03-19T21-03-18-699329,BATCH COOL,train,4000,semiquant,pH:7.0,pH:7.0,,,pH,7.0,BATCH_COOL_Abnormal_2026-03-19T21-03-18-699329_SEMIQUANT_FROM_BINARY.zip,1,1,0,,69.485603,0.473228,0.235796,36.766399,0.250758,0.647405,26.3088,0.546169,0.683369,60.872799,0.561627,0.226008,53.318401,0.026802,0.719864,44.5056,0.040507,0.595736,0.0,0.0,0.0,0.0,0.0,0.0,0.0,0.0,0.0,0.0,0.0,0.0
BATCH_COOL_Abnormal_2026-03-19T21-03-18-699329,BATCH COOL,train,4000,semiquant,Blood:Non-hemolyzed 10,Blood:Non-hemolyzed 10,,,Blood,Non-hemolyzed 10,BATCH_COOL_Abnormal_2026-03-19T21-03-18-699329_SEMIQUANT_FROM_BINARY.zip,1,1,0,,69.485603,0.473228,0.235796,36.766399,0.250758,0.647405,26.3088,0.546169,0.683369,60.872799,0.561627,0.226008,53.318401,0.026802,0.719864,44.5056,0.040507,0.595736,0.0,0.0,0.0,0.0,0.0,0.0,0.0,0.0,0.0,0.0,0.0,0.0
BATCH_COOL_Abnormal_2026-03-19T21-03-18-699329,BATCH COOL,train,4000,semiquant,Specific Gravity:1.010,Specific Gravity:1.010,,,Specific Gravity,1.010,BATCH_COOL_Abnormal_2026-03-19T21-03-18-699329_SEMIQUANT_FROM_BINARY.zip,1,1,0,,69.485603,0.473228,0.235796,36.766399,0.250758,0.647405,26.3088,0.546169,0.683369,60.872799,0.561627,0.226008,53.318401,0.026802,0.719864,44.5056,0.040507,0.595736,0.0,0.0,0.0,0.0,0.0,0.0,0.0,0.0,0.0,0.0,0.0,0.0
BATCH_COOL_Abnormal_2026-03-19T21-03-18-699329,BATCH COOL,train,4000,semiquant,Ketone:Trace 0.5,Ketone:Trace 0.5,,,Ketone,Trace 0.5,BATCH_COOL_Abnormal_2026-03-19T21-03-18-699329_SEMIQUANT_FROM_BINARY.zip,1,1,0,,69.485603,0.473228,0.235796,36.766399,0.250758,0.647405,26.3088,0.546169,0.683369,60.872799,0.561627,0.226008,53.318401,0.026802,0.719864,44.5056,0.040507,0.595736,0.0,0.0,0.0,0.0,0.0,0.0,0.0,0.0,0.0,0.0,0.0,0.0
BATCH_COOL_Abnormal_2026-03-19T21-03-18-699329,BATCH COOL,train,4000,semiquant,Bilirubin:Large 100,Bilirubin:Large 100,,,Bilirubin,Large 100,BATCH_COOL_Abnormal_2026-03-19T21-03-18-699329_SEMIQUANT_FROM_BINARY.zip,1,1,0,,69.485603,0.473228,0.235796,36.766399,0.250758,0.647405,26.3088,0.546169,0.683369,60.872799,0.561627,0.226008,53.318401,0.026802,0.719864,44.5056,0.040507,0.595736,0.0,0.0,0.0,0.0,0.0,0.0,0.0,0.0,0.0,0.0,0.0,0.0
BATCH_COOL_Abnormal_2026-03-19T21-03-18-699329,BATCH COOL,train,4000,semiquant,Glucose:Trace 5,Glucose:Trace 5,,,Glucose,Trace 5,BATCH_COOL_Abnormal_2026-03-19T21-03-18-699329_SEMIQUANT_FROM_BINARY.zip,1,1,0,,69.485603,0.473228,0.235796,36.766399,0.250758,0.647405,26.3088,0.546169,0.683369,60.872799,0.561627,0.226008,53.318401,0.026802,0.719864,44.5056,0.040507,0.595736,0.0,0.0,0.0,0.0,0.0,0.0,0.0,0.0,0.0,0.0,0.0,0.0
BATCH_COOL_Normal_2026-03-19T20-59-49-638439,BATCH COOL,train,4000,semiquant,Leukocytes:Neg,Leukocytes:Neg,,,Leukocytes,Neg,BATCH_COOL_Normal_2026-03-19T20-59-49-638439_SEMIQUANT_FROM_BINARY.zip,21,21,0,,230.063995,0.010471,0.769181,241.068802,0.008173,0.771547,252.567993,0.007688,0.772783,234.964005,0.006591,0.773671,186.507996,0.005788,0.774342,119.223999,0.005409,0.768265,101.484001,0.006278,0.760803,66.968002,0.009561,0.750817,0.0,0.0,0.0,0.0,0.0,0.0
BATCH_COOL_Normal_2026-03-19T20-59-49-638439,BATCH COOL,train,4000,semiquant,Nitrite:Neg,Nitrite:Neg,,,Nitrite,Neg,BATCH_COOL_Normal_2026-03-19T20-59-49-638439_SEMIQUANT_FROM_BINARY.zip,21,21,0,,230.063995,0.010471,0.769181,241.068802,0.008173,0.771547,252.567993,0.007688,0.772783,234.964005,0.006591,0.773671,186.507996,0.005788,0.774342,119.223999,0.005409,0.768265,101.484001,0.006278,0.760803,66.968002,0.009561,0.750817,0.0,0.0,0.0,0.0,0.0,0.0
BATCH_COOL_Normal_2026-03-19T20-59-49-638439,BATCH COOL,train,4000,semiquant,Urobilinogen:3.2,Urobilinogen:3.2,,,Urobilinogen,3.2,BATCH_COOL_Normal_2026-03-19T20-59-49-638439_SEMIQUANT_FROM_BINARY.zip,21,21,0,,230.063995,0.010471,0.769181,241.068802,0.008173,0.771547,252.567993,0.007688,0.772783,234.964005,0.006591,0.773671,186.507996,0.005788,0.774342,119.223999,0.005409,0.768265,101.484001,0.006278,0.760803,66.968002,0.009561,0.750817,0.0,0.0,0.0,0.0,0.0,0.0
BATCH_COOL_Normal_2026-03-19T20-59-49-638439,BATCH COOL,train,4000,semiquant,Protein:Neg,Protein:Neg,,,Protein,Neg,BATCH_COOL_Normal_2026-03-19T20-59-49-638439_SEMIQUANT_FROM_BINARY.zip,21,21,0,,230.063995,0.010471,0.769181,241.068802,0.008173,0.771547,252.567993,0.007688,0.772783,234.964005,0.006591,0.773671,186.507996,0.005788,0.774342,119.223999,0.005409,0.768265,101.484001,0.006278,0.760803,66.968002,0.009561,0.750817,0.0,0.0,0.0,0.0,0.0,0.0
BATCH_COOL_Normal_2026-03-19T20-59-49-638439,BATCH COOL,train,4000,semiquant,pH:6.0,pH:6.0,,,pH,6.0,BATCH_COOL_Normal_2026-03-19T20-59-49-638439_SEMIQUANT_FROM_BINARY.zip,21,21,0,,230.063995,0.010471,0.769181,241.068802,0.008173,0.771547,252.567993,0.007688,0.772783,234.964005,0.006591,0.773671,186.507996,0.005788,0.774342,119.223999,0.005409,0.768265,101.484001,0.006278,0.760803,66.968002,0.009561,0.750817,0.0,0.0,0.0,0.0,0.0,0.0
BATCH_COOL_Normal_2026-03-19T20-59-49-638439,BATCH COOL,train,4000,semiquant,Blood:Neg,Blood:Neg,,,Blood,Neg,BATCH_COOL_Normal_2026-03-19T20-59-49-638439_SEMIQUANT_FROM_BINARY.zip,21,21,0,,230.063995,0.010471,0.769181,241.068802,0.008173,0.771547,252.567993,0.007688,0.772783,234.964005,0.006591,0.773671,186.507996,0.005788,0.774342,119.223999,0.005409,0.768265,101.484001,0.006278,0.760803,66.968002,0.009561,0.750817,0.0,0.0,0.0,0.0,0.0,0.0
BATCH_COOL_Normal_2026-03-19T20-59-49-638439,BATCH COOL,train,4000,semiquant,Specific Gravity:1.015,Specific Gravity:1.015,,,Specific Gravity,1.015,BATCH_COOL_Normal_2026-03-19T20-59-49-638439_SEMIQUANT_FROM_BINARY.zip,21,21,0,,230.063995,0.010471,0.769181,241.068802,0.008173,0.771547,252.567993,0.007688,0.772783,234.964005,0.006591,0.773671,186.507996,0.005788,0.774342,119.223999,0.005409,0.768265,101.484001,0.006278,0.760803,66.968002,0.009561,0.750817,0.0,0.0,0.0,0.0,0.0,0.0
BATCH_COOL_Normal_2026-03-19T20-59-49-638439,BATCH COOL,train,4000,semiquant,Ketone:Neg,Ketone:Neg,,,Ketone,Neg,BATCH_COOL_Normal_2026-03-19T20-59-49-638439_SEMIQUANT_FROM_BINARY.zip,21,21,0,,230.063995,0.010471,0.769181,241.068802,0.008173,0.771547,252.567993,0.007688,0.772783,234.964005,0.006591,0.773671,186.507996,0.005788,0.774342,119.223999,0.005409,0.768265,101.484001,0.006278,0.760803,66.968002,0.009561,0.750817,0.0,0.0,0.0,0.0,0.0,0.0
BATCH_COOL_Normal_2026-03-19T20-59-49-638439,BATCH COOL,train,4000,semiquant,Bilirubin:Neg,Bilirubin:Neg,,,Bilirubin,Neg,BATCH_COOL_Normal_2026-03-19T20-59-49-638439_SEMIQUANT_FROM_BINARY.zip,21,21,0,,230.063995,0.010471,0.769181,241.068802,0.008173,0.771547,252.567993,0.007688,0.772783,234.964005,0.006591,0.773671,186.507996,0.005788,0.774342,119.223999,0.005409,0.768265,101.484001,0.006278,0.760803,66.968002,0.009561,0.750817,0.0,0.0,0.0,0.0,0.0,0.0
BATCH_COOL_Normal_2026-03-19T20-59-49-638439,BATCH COOL,train,4000,semiquant,Glucose:Neg,Glucose:Neg,,,Glucose,Neg,BATCH_COOL_Normal_2026-03-19T20-59-49-638439_SEMIQUANT_FROM_BINARY.zip,21,21,0,,230.063995,0.010471,0.769181,241.068802,0.008173,0.771547,252.567993,0.007688,0.772783,234.964005,0.006591,0.773671,186.507996,0.005788,0.774342,119.223999,0.005409,0.768265,101.484001,0.006278,0.760803,66.968002,0.009561,0.750817,0.0,0.0,0.0,0.0,0.0,0.0
BATCH_DAYLIGHT_Abnormal_2026-03-19T21-03-56-365521,BATCH DAYLIGHT,train,5500,semiquant,Leukocytes:Trace 15,Leukocytes:Trace 15,,,Leukocytes,Trace 15,BATCH_DAYLIGHT_Abnormal_2026-03-19T21-03-56-365521_SEMIQUANT_FROM_BINARY.zip,1,1,0,,71.443199,0.169313,0.705304,96.711998,0.155929,0.558938,73.379997,0.138618,0.655862,66.700798,0.215925,0.71589,134.957596,0.291136,0.506522,62.568001,0.023169,0.733638,32.639198,0.023245,0.60731,0.0,0.0,0.0,0.0,0.0,0.0,0.0,0.0,0.0
BATCH_DAYLIGHT_Abnormal_2026-03-19T21-03-56-365521,BATCH DAYLIGHT,train,5500,semiquant,Nitrite:Positive,Nitrite:Positive,,,Nitrite,Positive,BATCH_DAYLIGHT_Abnormal_2026-03-19T21-03-56-365521_SEMIQUANT_FROM_BINARY.zip,1,1,0,,71.443199,0.169313,0.705304,96.711998,0.155929,0.558938,73.379997,0.138618,0.655862,66.700798,0.215925,0.71589,134.957596,0.291136,0.506522,62.568001,0.023169,0.733638,32.639198,0.023245,0.60731,0.0,0.0,0.0,0.0,0.0,0.0,0.0,0.0,0.0
BATCH_DAYLIGHT_Abnormal_2026-03-19T21-03-56-365521,BATCH DAYLIGHT,train,5500,semiquant,Urobilinogen:16,Urobilinogen:16,,,Urobilinogen,16,BATCH_DAYLIGHT_Abnormal_2026-03-19T21-03-56-365521_SEMIQUANT_FROM_BINARY.zip,1,1,0,,71.443199,0.169313,0.705304,96.711998,0.155929,0.558938,73.379997,0.138618,0.655862,66.700798,0.215925,0.71589,134.957596,0.291136,0.506522,62.568001,0.023169,0.733638,32.639198,0.023245,0.60731,0.0,0.0,0.0,0.0,0.0,0.0,0.0,0.0,0.0
BATCH_DAYLIGHT_Abnormal_2026-03-19T21-03-56-365521,BATCH DAYLIGHT,train,5500,semiquant,Protein:Trace,Protein:Trace,,,Protein,Trace,BATCH_DAYLIGHT_Abnormal_2026-03-19T21-03-56-365521_SEMIQUANT_FROM_BINARY.zip,1,1,0,,71.443199,0.169313,0.705304,96.711998,0.155929,0.558938,73.379997,0.138618,0.655862,66.700798,0.215925,0.71589,134.957596,0.291136,0.506522,62.568001,0.023169,0.733638,32.639198,0.023245,0.60731,0.0,0.0,0.0,0.0,0.0,0.0,0.0,0.0,0.0
BATCH_DAYLIGHT_Abnormal_2026-03-19T21-03-56-365521,BATCH DAYLIGHT,train,5500,semiquant,pH:5.0,pH:5.0,,,pH,5.0,BATCH_DAYLIGHT_Abnormal_2026-03-19T21-03-56-365521_SEMIQUANT_FROM_BINARY.zip,1,1,0,,71.443199,0.169313,0.705304,96.711998,0.155929,0.558938,73.379997,0.138618,0.655862,66.700798,0.215925,0.71589,134.957596,0.291136,0.506522,62.568001,0.023169,0.733638,32.639198,0.023245,0.60731,0.0,0.0,0.0,0.0,0.0,0.0,0.0,0.0,0.0
BATCH_DAYLIGHT_Abnormal_2026-03-19T21-03-56-365521,BATCH DAYLIGHT,train,5500,semiquant,Blood:Non-hemolyzed 10,Blood:Non-hemolyzed 10,,,Blood,Non-hemolyzed 10,BATCH_DAYLIGHT_Abnormal_2026-03-19T21-03-56-365521_SEMIQUANT_FROM_BINARY.zip,1,1,0,,71.443199,0.169313,0.705304,96.711998,0.155929,0.558938,73.379997,0.138618,0.655862,66.700798,0.215925,0.71589,134.957596,0.291136,0.506522,62.568001,0.023169,0.733638,32.639198,0.023245,0.60731,0.0,0.0,0.0,0.0,0.0,0.0,0.0,0.0,0.0
BATCH_DAYLIGHT_Abnormal_2026-03-19T21-03-56-365521,BATCH DAYLIGHT,train,5500,semiquant,Specific Gravity:1.000,Specific Gravity:1.000,,,Specific Gravity,1.000,BATCH_DAYLIGHT_Abnormal_2026-03-19T21-03-56-365521_SEMIQUANT_FROM_BINARY.zip,1,1,0,,71.443199,0.169313,0.705304,96.711998,0.155929,0.558938,73.379997,0.138618,0.655862,66.700798,0.215925,0.71589,134.957596,0.291136,0.506522,62.568001,0.023169,0.733638,32.639198,0.023245,0.60731,0.0,0.0,0.0,0.0,0.0,0.0,0.0,0.0,0.0
BATCH_DAYLIGHT_Abnormal_2026-03-19T21-03-56-365521,BATCH DAYLIGHT,train,5500,semiquant,Ketone:Trace 0.5,Ketone:Trace 0.5,,,Ketone,Trace 0.5,BATCH_DAYLIGHT_Abnormal_2026-03-19T21-03-56-365521_SEMIQUANT_FROM_BINARY.zip,1,1,0,,71.443199,0.169313,0.705304,96.711998,0.155929,0.558938,73.379997,0.138618,0.655862,66.700798,0.215925,0.71589,134.957596,0.291136,0.506522,62.568001,0.023169,0.733638,32.639198,0.023245,0.60731,0.0,0.0,0.0,0.0,0.0,0.0,0.0,0.0,0.0
BATCH_DAYLIGHT_Abnormal_2026-03-19T21-03-56-365521,BATCH DAYLIGHT,train,5500,semiquant,Bilirubin:Small 17,Bilirubin:Small 17,,,Bilirubin,Small 17,BATCH_DAYLIGHT_Abnormal_2026-03-19T21-03-56-365521_SEMIQUANT_FROM_BINARY.zip,1,1,0,,71.443199,0.169313,0.705304,96.711998,0.155929,0.558938,73.379997,0.138618,0.655862,66.700798,0.215925,0.71589,134.957596,0.291136,0.506522,62.568001,0.023169,0.733638,32.639198,0.023245,0.60731,0.0,0.0,0.0,0.0,0.0,0.0,0.0,0.0,0.0
BATCH_DAYLIGHT_Abnormal_2026-03-19T21-03-56-365521,BATCH DAYLIGHT,train,5500,semiquant,Glucose:Trace 5,Glucose:Trace 5,,,Glucose,Trace 5,BATCH_DAYLIGHT_Abnormal_2026-03-19T21-03-56-365521_SEMIQUANT_FROM_BINARY.zip,1,1,0,,71.443199,0.169313,0.705304,96.711998,0.155929,0.558938,73.379997,0.138618,0.655862,66.700798,0.215925,0.71589,134.957596,0.291136,0.506522,62.568001,0.023169,0.733638,32.639198,0.023245,0.60731,0.0,0.0,0.0,0.0,0.0,0.0,0.0,0.0,0.0
BATCH_DAYLIGHT_Abnormal_2026-03-19T21-03-56-365521,BATCH DAYLIGHT,train,5500,semiquant,Leukocytes:Small 70,Leukocytes:Small 70,,,Leukocytes,Small 70,BATCH_DAYLIGHT_Abnormal_2026-03-19T21-03-56-365521_SEMIQUANT_FROM_BINARY.zip,1,1,0,,71.443199,0.169313,0.705304,96.711998,0.155929,0.558938,73.379997,0.138618,0.655862,66.700798,0.215925,0.71589,134.957596,0.291136,0.506522,62.568001,0.023169,0.733638,32.639198,0.023245,0.60731,0.0,0.0,0.0,0.0,0.0,0.0,0.0,0.0,0.0
BATCH_DAYLIGHT_Abnormal_2026-03-19T21-03-56-365521,BATCH DAYLIGHT,train,5500,semiquant,Nitrite:Positive,Nitrite:Positive,,,Nitrite,Positive,BATCH_DAYLIGHT_Abnormal_2026-03-19T21-03-56-365521_SEMIQUANT_FROM_BINARY.zip,1,1,0,,71.443199,0.169313,0.705304,96.711998,0.155929,0.558938,73.379997,0.138618,0.655862,66.700798,0.215925,0.71589,134.957596,0.291136,0.506522,62.568001,0.023169,0.733638,32.639198,0.023245,0.60731,0.0,0.0,0.0,0.0,0.0,0.0,0.0,0.0,0.0
BATCH_DAYLIGHT_Abnormal_2026-03-19T21-03-56-365521,BATCH DAYLIGHT,train,5500,semiquant,Urobilinogen:32,Urobilinogen:32,,,Urobilinogen,32,BATCH_DAYLIGHT_Abnormal_2026-03-19T21-03-56-365521_SEMIQUANT_FROM_BINARY.zip,1,1,0,,71.443199,0.169313,0.705304,96.711998,0.155929,0.558938,73.379997,0.138618,0.655862,66.700798,0.215925,0.71589,134.957596,0.291136,0.506522,62.568001,0.023169,0.733638,32.639198,0.023245,0.60731,0.0,0.0,0.0,0.0,0.0,0.0,0.0,0.0,0.0
BATCH_DAYLIGHT_Abnormal_2026-03-19T21-03-56-365521,BATCH DAYLIGHT,train,5500,semiquant,Protein:0.3,Protein:0.3,,,Protein,0.3,BATCH_DAYLIGHT_Abnormal_2026-03-19T21-03-56-365521_SEMIQUANT_FROM_BINARY.zip,1,1,0,,71.443199,0.169313,0.705304,96.711998,0.155929,0.558938,73.379997,0.138618,0.655862,66.700798,0.215925,0.71589,134.957596,0.291136,0.506522,62.568001,0.023169,0.733638,32.639198,0.023245,0.60731,0.0,0.0,0.0,0.0,0.0,0.0,0.0,0.0,0.0
BATCH_DAYLIGHT_Abnormal_2026-03-19T21-03-56-365521,BATCH DAYLIGHT,train,5500,semiquant,pH:6.5,pH:6.5,,,pH,6.5,BATCH_DAYLIGHT_Abnormal_2026-03-19T21-03-56-365521_SEMIQUANT_FROM_BINARY.zip,1,1,0,,71.443199,0.169313,0.705304,96.711998,0.155929,0.558938,73.379997,0.138618,0.655862,66.700798,0.215925,0.71589,134.957596,0.291136,0.506522,62.568001,0.023169,0.733638,32.639198,0.023245,0.60731,0.0,0.0,0.0,0.0,0.0,0.0,0.0,0.0,0.0
BATCH_DAYLIGHT_Abnormal_2026-03-19T21-03-56-365521,BATCH DAYLIGHT,train,5500,semiquant,Blood:Hemolyzed 10,Blood:Hemolyzed 10,,,Blood,Hemolyzed 10,BATCH_DAYLIGHT_Abnormal_2026-03-19T21-03-56-365521_SEMIQUANT_FROM_BINARY.zip,1,1,0,,71.443199,0.169313,0.705304,96.711998,0.155929,0.558938,73.379997,0.138618,0.655862,66.700798,0.215925,0.71589,134.957596,0.291136,0.506522,62.568001,0.023169,0.733638,32.639198,0.023245,0.60731,0.0,0.0,0.0,0.0,0.0,0.0,0.0,0.0,0.0
BATCH_DAYLIGHT_Abnormal_2026-03-19T21-03-56-365521,BATCH DAYLIGHT,train,5500,semiquant,Specific Gravity:1.005,Specific Gravity:1.005,,,Specific Gravity,1.005,BATCH_DAYLIGHT_Abnormal_2026-03-19T21-03-56-365521_SEMIQUANT_FROM_BINARY.zip,1,1,0,,71.443199,0.169313,0.705304,96.711998,0.155929,0.558938,73.379997,0.138618,0.655862,66.700798,0.215925,0.71589,134.957596,0.291136,0.506522,62.568001,0.023169,0.733638,32.639198,0.023245,0.60731,0.0,0.0,0.0,0.0,0.0,0.0,0.0,0.0,0.0
BATCH_DAYLIGHT_Abnormal_2026-03-19T21-03-56-365521,BATCH DAYLIGHT,train,5500,semiquant,Ketone:Small 1.5,Ketone:Small 1.5,,,Ketone,Small 1.5,BATCH_DAYLIGHT_Abnormal_2026-03-19T21-03-56-365521_SEMIQUANT_FROM_BINARY.zip,1,1,0,,71.443199,0.169313,0.705304,96.711998,0.155929,0.558938,73.379997,0.138618,0.655862,66.700798,0.215925,0.71589,134.957596,0.291136,0.506522,62.568001,0.023169,0.733638,32.639198,0.023245,0.60731,0.0,0.0,0.0,0.0,0.0,0.0,0.0,0.0,0.0
BATCH_DAYLIGHT_Abnormal_2026-03-19T21-03-56-365521,BATCH DAYLIGHT,train,5500,semiquant,Bilirubin:Moderate 50,Bilirubin:Moderate 50,,,Bilirubin,Moderate 50,BATCH_DAYLIGHT_Abnormal_2026-03-19T21-03-56-365521_SEMIQUANT_FROM_BINARY.zip,1,1,0,,71.443199,0.169313,0.705304,96.711998,0.155929,0.558938,73.379997,0.138618,0.655862,66.700798,0.215925,0.71589,134.957596,0.291136,0.506522,62.568001,0.023169,0.733638,32.639198,0.023245,0.60731,0.0,0.0,0.0,0.0,0.0,0.0,0.0,0.0,0.0
BATCH_DAYLIGHT_Abnormal_2026-03-19T21-03-56-365521,BATCH DAYLIGHT,train,5500,semiquant,Glucose:15 +,Glucose:15 +,,,Glucose,15 +,BATCH_DAYLIGHT_Abnormal_2026-03-19T21-03-56-365521_SEMIQUANT_FROM_BINARY.zip,1,1,0,,71.443199,0.169313,0.705304,96.711998,0.155929,0.558938,73.379997,0.138618,0.655862,66.700798,0.215925,0.71589,134.957596,0.291136,0.506522,62.568001,0.023169,0.733638,32.639198,0.023245,0.60731,0.0,0.0,0.0,0.0,0.0,0.0,0.0,0.0,0.0
BATCH_DAYLIGHT_Abnormal_2026-03-19T21-03-56-365521,BATCH DAYLIGHT,train,5500,semiquant,Leukocytes:Moderate 125,Leukocytes:Moderate 125,,,Leukocytes,Moderate 125,BATCH_DAYLIGHT_Abnormal_2026-03-19T21-03-56-365521_SEMIQUANT_FROM_BINARY.zip,1,1,0,,65.631203,0.179576,0.704668,93.753601,0.159635,0.555195,60.625599,0.135594,0.656347,77.542397,0.206786,0.715644,119.450401,0.268936,0.523355,62.066399,0.022036,0.732569,47.922401,0.02014,0.634195,0.0,0.0,0.0,0.0,0.0,0.0,0.0,0.0,0.0
BATCH_DAYLIGHT_Abnormal_2026-03-19T21-03-56-365521,BATCH DAYLIGHT,train,5500,semiquant,Nitrite:Positive,Nitrite:Positive,,,Nitrite,Positive,BATCH_DAYLIGHT_Abnormal_2026-03-19T21-03-56-365521_SEMIQUANT_FROM_BINARY.zip,1,1,0,,65.631203,0.179576,0.704668,93.753601,0.159635,0.555195,60.625599,0.135594,0.656347,77.542397,0.206786,0.715644,119.450401,0.268936,0.523355,62.066399,0.022036,0.732569,47.922401,0.02014,0.634195,0.0,0.0,0.0,0.0,0.0,0.0,0.0,0.0,0.0
BATCH_DAYLIGHT_Abnormal_2026-03-19T21-03-56-365521,BATCH DAYLIGHT,train,5500,semiquant,Urobilinogen:64,Urobilinogen:64,,,Urobilinogen,64,BATCH_DAYLIGHT_Abnormal_2026-03-19T21-03-56-365521_SEMIQUANT_FROM_BINARY.zip,1,1,0,,65.631203,0.179576,0.704668,93.753601,0.159635,0.555195,60.625599,0.135594,0.656347,77.542397,0.206786,0.715644,119.450401,0.268936,0.523355,62.066399,0.022036,0.732569,47.922401,0.02014,0.634195,0.0,0.0,0.0,0.0,0.0,0.0,0.0,0.0,0.0
BATCH_DAYLIGHT_Abnormal_2026-03-19T21-03-56-365521,BATCH DAYLIGHT,train,5500,semiquant,Protein:1.0,Protein:1.0,,,Protein,1.0,BATCH_DAYLIGHT_Abnormal_2026-03-19T21-03-56-365521_SEMIQUANT_FROM_BINARY.zip,1,1,0,,65.631203,0.179576,0.704668,93.753601,0.159635,0.555195,60.625599,0.135594,0.656347,77.542397,0.206786,0.715644,119.450401,0.268936,0.523355,62.066399,0.022036,0.732569,47.922401,0.02014,0.634195,0.0,0.0,0.0,0.0,0.0,0.0,0.0,0.0,0.0
BATCH_DAYLIGHT_Abnormal_2026-03-19T21-03-56-365521,BATCH DAYLIGHT,train,5500,semiquant,pH:7.0,pH:7.0,,,pH,7.0,BATCH_DAYLIGHT_Abnormal_2026-03-19T21-03-56-365521_SEMIQUANT_FROM_BINARY.zip,1,1,0,,65.631203,0.179576,0.704668,93.753601,0.159635,0.555195,60.625599,0.135594,0.656347,77.542397,0.206786,0.715644,119.450401,0.268936,0.523355,62.066399,0.022036,0.732569,47.922401,0.02014,0.634195,0.0,0.0,0.0,0.0,0.0,0.0,0.0,0.0,0.0
BATCH_DAYLIGHT_Abnormal_2026-03-19T21-03-56-365521,BATCH DAYLIGHT,train,5500,semiquant,Blood:Small 25,Blood:Small 25,,,Blood,Small 25,BATCH_DAYLIGHT_Abnormal_2026-03-19T21-03-56-365521_SEMIQUANT_FROM_BINARY.zip,1,1,0,,65.631203,0.179576,0.704668,93.753601,0.159635,0.555195,60.625599,0.135594,0.656347,77.542397,0.206786,0.715644,119.450401,0.268936,0.523355,62.066399,0.022036,0.732569,47.922401,0.02014,0.634195,0.0,0.0,0.0,0.0,0.0,0.0,0.0,0.0,0.0
BATCH_DAYLIGHT_Abnormal_2026-03-19T21-03-56-365521,BATCH DAYLIGHT,train,5500,semiquant,Specific Gravity:1.010,Specific Gravity:1.010,,,Specific Gravity,1.010,BATCH_DAYLIGHT_Abnormal_2026-03-19T21-03-56-365521_SEMIQUANT_FROM_BINARY.zip,1,1,0,,65.631203,0.179576,0.704668,93.753601,0.159635,0.555195,60.625599,0.135594,0.656347,77.542397,0.206786,0.715644,119.450401,0.268936,0.523355,62.066399,0.022036,0.732569,47.922401,0.02014,0.634195,0.0,0.0,0.0,0.0,0.0,0.0,0.0,0.0,0.0
BATCH_DAYLIGHT_Abnormal_2026-03-19T21-03-56-365521,BATCH DAYLIGHT,train,5500,semiquant,Ketone:Moderate 4.0,Ketone:Moderate 4.0,,,Ketone,Moderate 4.0,BATCH_DAYLIGHT_Abnormal_2026-03-19T21-03-56-365521_SEMIQUANT_FROM_BINARY.zip,1,1,0,,65.631203,0.179576,0.704668,93.753601,0.159635,0.555195,60.625599,0.135594,0.656347,77.542397,0.206786,0.715644,119.450401,0.268936,0.523355,62.066399,0.022036,0.732569,47.922401,0.02014,0.634195,0.0,0.0,0.0,0.0,0.0,0.0,0.0,0.0,0.0
BATCH_DAYLIGHT_Abnormal_2026-03-19T21-03-56-365521,BATCH DAYLIGHT,train,5500,semiquant,Bilirubin:Large 100,Bilirubin:Large 100,,,Bilirubin,Large 100,BATCH_DAYLIGHT_Abnormal_2026-03-19T21-03-56-365521_SEMIQUANT_FROM_BINARY.zip,1,1,0,,65.631203,0.179576,0.704668,93.753601,0.159635,0.555195,60.625599,0.135594,0.656347,77.542397,0.206786,0.715644,119.450401,0.268936,0.523355,62.066399,0.022036,0.732569,47.922401,0.02014,0.634195,0.0,0.0,0.0,0.0,0.0,0.0,0.0,0.0,0.0
BATCH_DAYLIGHT_Abnormal_2026-03-19T21-03-56-365521,BATCH DAYLIGHT,train,5500,semiquant,Glucose:30 ++,Glucose:30 ++,,,Glucose,30 ++,BATCH_DAYLIGHT_Abnormal_2026-03-19T21-03-56-365521_SEMIQUANT_FROM_BINARY.zip,1,1,0,,65.631203,0.179576,0.704668,93.753601,0.159635,0.555195,60.625599,0.135594,0.656347,77.542397,0.206786,0.715644,119.450401,0.268936,0.523355,62.066399,0.022036,0.732569,47.922401,0.02014,0.634195,0.0,0.0,0.0,0.0,0.0,0.0,0.0,0.0,0.0
BATCH_DAYLIGHT_Abnormal_2026-03-19T21-03-56-365521,BATCH DAYLIGHT,train,5500,semiquant,Leukocytes:Large 500,Leukocytes:Large 500,,,Leukocytes,Large 500,BATCH_DAYLIGHT_Abnormal_2026-03-19T21-03-56-365521_SEMIQUANT_FROM_BINARY.zip,1,1,0,,65.583199,0.182947,0.704097,95.603996,0.165565,0.549736,52.7672,0.141396,0.653589,49.402401,0.217076,0.715335,121.610397,0.285217,0.512121,61.532799,0.022791,0.733515,49.877602,0.01891,0.59208,0.0,0.0,0.0,0.0,0.0,0.0,0.0,0.0,0.0
BATCH_DAYLIGHT_Abnormal_2026-03-19T21-03-56-365521,BATCH DAYLIGHT,train,5500,semiquant,Nitrite:Positive,Nitrite:Positive,,,Nitrite,Positive,BATCH_DAYLIGHT_Abnormal_2026-03-19T21-03-56-365521_SEMIQUANT_FROM_BINARY.zip,1,1,0,,65.583199,0.182947,0.704097,95.603996,0.165565,0.549736,52.7672,0.141396,0.653589,49.402401,0.217076,0.715335,121.610397,0.285217,0.512121,61.532799,0.022791,0.733515,49.877602,0.01891,0.59208,0.0,0.0,0.0,0.0,0.0,0.0,0.0,0.0,0.0
BATCH_DAYLIGHT_Abnormal_2026-03-19T21-03-56-365521,BATCH DAYLIGHT,train,5500,semiquant,Urobilinogen:128,Urobilinogen:128,,,Urobilinogen,128,BATCH_DAYLIGHT_Abnormal_2026-03-19T21-03-56-365521_SEMIQUANT_FROM_BINARY.zip,1,1,0,,65.583199,0.182947,0.704097,95.603996,0.165565,0.549736,52.7672,0.141396,0.653589,49.402401,0.217076,0.715335,121.610397,0.285217,0.512121,61.532799,0.022791,0.733515,49.877602,0.01891,0.59208,0.0,0.0,0.0,0.0,0.0,0.0,0.0,0.0,0.0
BATCH_DAYLIGHT_Abnormal_2026-03-19T21-03-56-365521,BATCH DAYLIGHT,train,5500,semiquant,Protein:3.0,Protein:3.0,,,Protein,3.0,BATCH_DAYLIGHT_Abnormal_2026-03-19T21-03-56-365521_SEMIQUANT_FROM_BINARY.zip,1,1,0,,65.583199,0.182947,0.704097,95.603996,0.165565,0.549736,52.7672,0.141396,0.653589,49.402401,0.217076,0.715335,121.610397,0.285217,0.512121,61.532799,0.022791,0.733515,49.877602,0.01891,0.59208,0.0,0.0,0.0,0.0,0.0,0.0,0.0,0.0,0.0
BATCH_DAYLIGHT_Abnormal_2026-03-19T21-03-56-365521,BATCH DAYLIGHT,train,5500,semiquant,pH:7.5,pH:7.5,,,pH,7.5,BATCH_DAYLIGHT_Abnormal_2026-03-19T21-03-56-365521_SEMIQUANT_FROM_BINARY.zip,1,1,0,,65.583199,0.182947,0.704097,95.603996,0.165565,0.549736,52.7672,0.141396,0.653589,49.402401,0.217076,0.715335,121.610397,0.285217,0.512121,61.532799,0.022791,0.733515,49.877602,0.01891,0.59208,0.0,0.0,0.0,0.0,0.0,0.0,0.0,0.0,0.0
BATCH_DAYLIGHT_Abnormal_2026-03-19T21-03-56-365521,BATCH DAYLIGHT,train,5500,semiquant,Blood:Moderate 80,Blood:Moderate 80,,,Blood,Moderate 80,BATCH_DAYLIGHT_Abnormal_2026-03-19T21-03-56-365521_SEMIQUANT_FROM_BINARY.zip,1,1,0,,65.583199,0.182947,0.704097,95.603996,0.165565,0.549736,52.7672,0.141396,0.653589,49.402401,0.217076,0.715335,121.610397,0.285217,0.512121,61.532799,0.022791,0.733515,49.877602,0.01891,0.59208,0.0,0.0,0.0,0.0,0.0,0.0,0.0,0.0,0.0
BATCH_DAYLIGHT_Abnormal_2026-03-19T21-03-56-365521,BATCH DAYLIGHT,train,5500,semiquant,Specific Gravity:1.020,Specific Gravity:1.020,,,Specific Gravity,1.020,BATCH_DAYLIGHT_Abnormal_2026-03-19T21-03-56-365521_SEMIQUANT_FROM_BINARY.zip,1,1,0,,65.583199,0.182947,0.704097,95.603996,0.165565,0.549736,52.7672,0.141396,0.653589,49.402401,0.217076,0.715335,121.610397,0.285217,0.512121,61.532799,0.022791,0.733515,49.877602,0.01891,0.59208,0.0,0.0,0.0,0.0,0.0,0.0,0.0,0.0,0.0
BATCH_DAYLIGHT_Abnormal_2026-03-19T21-03-56-365521,BATCH DAYLIGHT,train,5500,semiquant,Ketone:8.0,Ketone:8.0,,,Ketone,8.0,BATCH_DAYLIGHT_Abnormal_2026-03-19T21-03-56-365521_SEMIQUANT_FROM_BINARY.zip,1,1,0,,65.583199,0.182947,0.704097,95.603996,0.165565,0.549736,52.7672,0.141396,0.653589,49.402401,0.217076,0.715335,121.610397,0.285217,0.512121,61.532799,0.022791,0.733515,49.877602,0.01891,0.59208,0.0,0.0,0.0,0.0,0.0,0.0,0.0,0.0,0.0
BATCH_DAYLIGHT_Abnormal_2026-03-19T21-03-56-365521,BATCH DAYLIGHT,train,5500,semiquant,Bilirubin:Small 17,Bilirubin:Small 17,,,Bilirubin,Small 17,BATCH_DAYLIGHT_Abnormal_2026-03-19T21-03-56-365521_SEMIQUANT_FROM_BINARY.zip,1,1,0,,65.583199,0.182947,0.704097,95.603996,0.165565,0.549736,52.7672,0.141396,0.653589,49.402401,0.217076,0.715335,121.610397,0.285217,0.512121,61.532799,0.022791,0.733515,49.877602,0.01891,0.59208,0.0,0.0,0.0,0.0,0.0,0.0,0.0,0.0,0.0
BATCH_DAYLIGHT_Abnormal_2026-03-19T21-03-56-365521,BATCH DAYLIGHT,train,5500,semiquant,Glucose:60 +++,Glucose:60 +++,,,Glucose,60 +++,BATCH_DAYLIGHT_Abnormal_2026-03-19T21-03-56-365521_SEMIQUANT_FROM_BINARY.zip,1,1,0,,65.583199,0.182947,0.704097,95.603996,0.165565,0.549736,52.7672,0.141396,0.653589,49.402401,0.217076,0.715335,121.610397,0.285217,0.512121,61.532799,0.022791,0.733515,49.877602,0.01891,0.59208,0.0,0.0,0.0,0.0,0.0,0.0,0.0,0.0,0.0
BATCH_DAYLIGHT_Abnormal_2026-03-19T21-03-56-365521,BATCH DAYLIGHT,train,5500,semiquant,Leukocytes:Trace 15,Leukocytes:Trace 15,,,Leukocytes,Trace 15,BATCH_DAYLIGHT_Abnormal_2026-03-19T21-03-56-365521_SEMIQUANT_FROM_BINARY.zip,1,1,0,,66.3936,0.161544,0.704477,99.694397,0.143892,0.567203,66.9608,0.126198,0.65947,62.880798,0.198318,0.715572,103.3992,0.264878,0.525515,52.937599,0.022588,0.731707,26.244801,0.020651,0.57805,0.0,0.0,0.0,0.0,0.0,0.0,0.0,0.0,0.0
BATCH_DAYLIGHT_Abnormal_2026-03-19T21-03-56-365521,BATCH DAYLIGHT,train,5500,semiquant,Nitrite:Positive,Nitrite:Positive,,,Nitrite,Positive,BATCH_DAYLIGHT_Abnormal_2026-03-19T21-03-56-365521_SEMIQUANT_FROM_BINARY.zip,1,1,0,,66.3936,0.161544,0.704477,99.694397,0.143892,0.567203,66.9608,0.126198,0.65947,62.880798,0.198318,0.715572,103.3992,0.264878,0.525515,52.937599,0.022588,0.731707,26.244801,0.020651,0.57805,0.0,0.0,0.0,0.0,0.0,0.0,0.0,0.0,0.0
BATCH_DAYLIGHT_Abnormal_2026-03-19T21-03-56-365521,BATCH DAYLIGHT,train,5500,semiquant,Urobilinogen:16,Urobilinogen:16,,,Urobilinogen,16,BATCH_DAYLIGHT_Abnormal_2026-03-19T21-03-56-365521_SEMIQUANT_FROM_BINARY.zip,1,1,0,,66.3936,0.161544,0.704477,99.694397,0.143892,0.567203,66.9608,0.126198,0.65947,62.880798,0.198318,0.715572,103.3992,0.264878,0.525515,52.937599,0.022588,0.731707,26.244801,0.020651,0.57805,0.0,0.0,0.0,0.0,0.0,0.0,0.0,0.0,0.0
BATCH_DAYLIGHT_Abnormal_2026-03-19T21-03-56-365521,BATCH DAYLIGHT,train,5500,semiquant,Protein:>=20.0,Protein:>=20.0,,,Protein,>=20.0,BATCH_DAYLIGHT_Abnormal_2026-03-19T21-03-56-365521_SEMIQUANT_FROM_BINARY.zip,1,1,0,,66.3936,0.161544,0.704477,99.694397,0.143892,0.567203,66.9608,0.126198,0.65947,62.880798,0.198318,0.715572,103.3992,0.264878,0.525515,52.937599,0.022588,0.731707,26.244801,0.020651,0.57805,0.0,0.0,0.0,0.0,0.0,0.0,0.0,0.0,0.0
BATCH_DAYLIGHT_Abnormal_2026-03-19T21-03-56-365521,BATCH DAYLIGHT,train,5500,semiquant,pH:8.0,pH:8.0,,,pH,8.0,BATCH_DAYLIGHT_Abnormal_2026-03-19T21-03-56-365521_SEMIQUANT_FROM_BINARY.zip,1,1,0,,66.3936,0.161544,0.704477,99.694397,0.143892,0.567203,66.9608,0.126198,0.65947,62.880798,0.198318,0.715572,103.3992,0.264878,0.525515,52.937599,0.022588,0.731707,26.244801,0.020651,0.57805,0.0,0.0,0.0,0.0,0.0,0.0,0.0,0.0,0.0
BATCH_DAYLIGHT_Abnormal_2026-03-19T21-03-56-365521,BATCH DAYLIGHT,train,5500,semiquant,Blood:Large 200,Blood:Large 200,,,Blood,Large 200,BATCH_DAYLIGHT_Abnormal_2026-03-19T21-03-56-365521_SEMIQUANT_FROM_BINARY.zip,1,1,0,,66.3936,0.161544,0.704477,99.694397,0.143892,0.567203,66.9608,0.126198,0.65947,62.880798,0.198318,0.715572,103.3992,0.264878,0.525515,52.937599,0.022588,0.731707,26.244801,0.020651,0.57805,0.0,0.0,0.0,0.0,0.0,0.0,0.0,0.0,0.0
BATCH_DAYLIGHT_Abnormal_2026-03-19T21-03-56-365521,BATCH DAYLIGHT,train,5500,semiquant,Specific Gravity:1.025,Specific Gravity:1.025,,,Specific Gravity,1.025,BATCH_DAYLIGHT_Abnormal_2026-03-19T21-03-56-365521_SEMIQUANT_FROM_BINARY.zip,1,1,0,,66.3936,0.161544,0.704477,99.694397,0.143892,0.567203,66.9608,0.126198,0.65947,62.880798,0.198318,0.715572,103.3992,0.264878,0.525515,52.937599,0.022588,0.731707,26.244801,0.020651,0.57805,0.0,0.0,0.0,0.0,0.0,0.0,0.0,0.0,0.0
BATCH_DAYLIGHT_Abnormal_2026-03-19T21-03-56-365521,BATCH DAYLIGHT,train,5500,semiquant,Ketone:Large 16,Ketone:Large 16,,,Ketone,Large 16,BATCH_DAYLIGHT_Abnormal_2026-03-19T21-03-56-365521_SEMIQUANT_FROM_BINARY.zip,1,1,0,,66.3936,0.161544,0.704477,99.694397,0.143892,0.567203,66.9608,0.126198,0.65947,62.880798,0.198318,0.715572,103.3992,0.264878,0.525515,52.937599,0.022588,0.731707,26.244801,0.020651,0.57805,0.0,0.0,0.0,0.0,0.0,0.0,0.0,0.0,0.0
BATCH_DAYLIGHT_Abnormal_2026-03-19T21-03-56-365521,BATCH DAYLIGHT,train,5500,semiquant,Bilirubin:Moderate 50,Bilirubin:Moderate 50,,,Bilirubin,Moderate 50,BATCH_DAYLIGHT_Abnormal_2026-03-19T21-03-56-365521_SEMIQUANT_FROM_BINARY.zip,1,1,0,,66.3936,0.161544,0.704477,99.694397,0.143892,0.567203,66.9608,0.126198,0.65947,62.880798,0.198318,0.715572,103.3992,0.264878,0.525515,52.937599,0.022588,0.731707,26.244801,0.020651,0.57805,0.0,0.0,0.0,0.0,0.0,0.0,0.0,0.0,0.0
BATCH_DAYLIGHT_Abnormal_2026-03-19T21-03-56-365521,BATCH DAYLIGHT,train,5500,semiquant,Glucose:110 ++++,Glucose:110 ++++,,,Glucose,110 ++++,BATCH_DAYLIGHT_Abnormal_2026-03-19T21-03-56-365521_SEMIQUANT_FROM_BINARY.zip,1,1,0,,66.3936,0.161544,0.704477,99.694397,0.143892,0.567203,66.9608,0.126198,0.65947,62.880798,0.198318,0.715572,103.3992,0.264878,0.525515,52.937599,0.022588,0.731707,26.244801,0.020651,0.57805,0.0,0.0,0.0,0.0,0.0,0.0,0.0,0.0,0.0
BATCH_DAYLIGHT_Abnormal_2026-03-19T21-03-56-365521,BATCH DAYLIGHT,train,5500,semiquant,Leukocytes:Small 70,Leukocytes:Small 70,,,Leukocytes,Small 70,BATCH_DAYLIGHT_Abnormal_2026-03-19T21-03-56-365521_SEMIQUANT_FROM_BINARY.zip,1,1,0,,63.443199,0.176825,0.704618,97.006401,0.159827,0.553933,61.139198,0.139365,0.652563,55.871201,0.217034,0.714994,111.584801,0.291075,0.506943,44.365601,0.023512,0.732985,27.864799,0.018002,0.535625,0.0,0.0,0.0,0.0,0.0,0.0,0.0,0.0,0.0
BATCH_DAYLIGHT_Abnormal_2026-03-19T21-03-56-365521,BATCH DAYLIGHT,train,5500,semiquant,Nitrite:Positive,Nitrite:Positive,,,Nitrite,Positive,BATCH_DAYLIGHT_Abnormal_2026-03-19T21-03-56-365521_SEMIQUANT_FROM_BINARY.zip,1,1,0,,63.443199,0.176825,0.704618,97.006401,0.159827,0.553933,61.139198,0.139365,0.652563,55.871201,0.217034,0.714994,111.584801,0.291075,0.506943,44.365601,0.023512,0.732985,27.864799,0.018002,0.535625,0.0,0.0,0.0,0.0,0.0,0.0,0.0,0.0,0.0
BATCH_DAYLIGHT_Abnormal_2026-03-19T21-03-56-365521,BATCH DAYLIGHT,train,5500,semiquant,Urobilinogen:32,Urobilinogen:32,,,Urobilinogen,32,BATCH_DAYLIGHT_Abnormal_2026-03-19T21-03-56-365521_SEMIQUANT_FROM_BINARY.zip,1,1,0,,63.443199,0.176825,0.704618,97.006401,0.159827,0.553933,61.139198,0.139365,0.652563,55.871201,0.217034,0.714994,111.584801,0.291075,0.506943,44.365601,0.023512,0.732985,27.864799,0.018002,0.535625,0.0,0.0,0.0,0.0,0.0,0.0,0.0,0.0,0.0
BATCH_DAYLIGHT_Abnormal_2026-03-19T21-03-56-365521,BATCH DAYLIGHT,train,5500,semiquant,Protein:Trace,Protein:Trace,,,Protein,Trace,BATCH_DAYLIGHT_Abnormal_2026-03-19T21-03-56-365521_SEMIQUANT_FROM_BINARY.zip,1,1,0,,63.443199,0.176825,0.704618,97.006401,0.159827,0.553933,61.139198,0.139365,0.652563,55.871201,0.217034,0.714994,111.584801,0.291075,0.506943,44.365601,0.023512,0.732985,27.864799,0.018002,0.535625,0.0,0.0,0.0,0.0,0.0,0.0,0.0,0.0,0.0
BATCH_DAYLIGHT_Abnormal_2026-03-19T21-03-56-365521,BATCH DAYLIGHT,train,5500,semiquant,pH:8.5,pH:8.5,,,pH,8.5,BATCH_DAYLIGHT_Abnormal_2026-03-19T21-03-56-365521_SEMIQUANT_FROM_BINARY.zip,1,1,0,,63.443199,0.176825,0.704618,97.006401,0.159827,0.553933,61.139198,0.139365,0.652563,55.871201,0.217034,0.714994,111.584801,0.291075,0.506943,44.365601,0.023512,0.732985,27.864799,0.018002,0.535625,0.0,0.0,0.0,0.0,0.0,0.0,0.0,0.0,0.0
BATCH_DAYLIGHT_Abnormal_2026-03-19T21-03-56-365521,BATCH DAYLIGHT,train,5500,semiquant,Blood:Non-hemolyzed 10,Blood:Non-hemolyzed 10,,,Blood,Non-hemolyzed 10,BATCH_DAYLIGHT_Abnormal_2026-03-19T21-03-56-365521_SEMIQUANT_FROM_BINARY.zip,1,1,0,,63.443199,0.176825,0.704618,97.006401,0.159827,0.553933,61.139198,0.139365,0.652563,55.871201,0.217034,0.714994,111.584801,0.291075,0.506943,44.365601,0.023512,0.732985,27.864799,0.018002,0.535625,0.0,0.0,0.0,0.0,0.0,0.0,0.0,0.0,0.0
BATCH_DAYLIGHT_Abnormal_2026-03-19T21-03-56-365521,BATCH DAYLIGHT,train,5500,semiquant,Specific Gravity:1.030,Specific Gravity:1.030,,,Specific Gravity,1.030,BATCH_DAYLIGHT_Abnormal_2026-03-19T21-03-56-365521_SEMIQUANT_FROM_BINARY.zip,1,1,0,,63.443199,0.176825,0.704618,97.006401,0.159827,0.553933,61.139198,0.139365,0.652563,55.871201,0.217034,0.714994,111.584801,0.291075,0.506943,44.365601,0.023512,0.732985,27.864799,0.018002,0.535625,0.0,0.0,0.0,0.0,0.0,0.0,0.0,0.0,0.0
BATCH_DAYLIGHT_Abnormal_2026-03-19T21-03-56-365521,BATCH DAYLIGHT,train,5500,semiquant,Ketone:Trace 0.5,Ketone:Trace 0.5,,,Ketone,Trace 0.5,BATCH_DAYLIGHT_Abnormal_2026-03-19T21-03-56-365521_SEMIQUANT_FROM_BINARY.zip,1,1,0,,63.443199,0.176825,0.704618,97.006401,0.159827,0.553933,61.139198,0.139365,0.652563,55.871201,0.217034,0.714994,111.584801,0.291075,0.506943,44.365601,0.023512,0.732985,27.864799,0.018002,0.535625,0.0,0.0,0.0,0.0,0.0,0.0,0.0,0.0,0.0
BATCH_DAYLIGHT_Abnormal_2026-03-19T21-03-56-365521,BATCH DAYLIGHT,train,5500,semiquant,Bilirubin:Large 100,Bilirubin:Large 100,,,Bilirubin,Large 100,BATCH_DAYLIGHT_Abnormal_2026-03-19T21-03-56-365521_SEMIQUANT_FROM_BINARY.zip,1,1,0,,63.443199,0.176825,0.704618,97.006401,0.159827,0.553933,61.139198,0.139365,0.652563,55.871201,0.217034,0.714994,111.584801,0.291075,0.506943,44.365601,0.023512,0.732985,27.864799,0.018002,0.535625,0.0,0.0,0.0,0.0,0.0,0.0,0.0,0.0,0.0
BATCH_DAYLIGHT_Abnormal_2026-03-19T21-03-56-365521,BATCH DAYLIGHT,train,5500,semiquant,Glucose:Trace 5,Glucose:Trace 5,,,Glucose,Trace 5,BATCH_DAYLIGHT_Abnormal_2026-03-19T21-03-56-365521_SEMIQUANT_FROM_BINARY.zip,1,1,0,,63.443199,0.176825,0.704618,97.006401,0.159827,0.553933,61.139198,0.139365,0.652563,55.871201,0.217034,0.714994,111.584801,0.291075,0.506943,44.365601,0.023512,0.732985,27.864799,0.018002,0.535625,0.0,0.0,0.0,0.0,0.0,0.0,0.0,0.0,0.0
BATCH_DAYLIGHT_Abnormal_2026-03-19T21-03-56-365521,BATCH DAYLIGHT,train,5500,semiquant,Leukocytes:Moderate 125,Leukocytes:Moderate 125,,,Leukocytes,Moderate 125,BATCH_DAYLIGHT_Abnormal_2026-03-19T21-03-56-365521_SEMIQUANT_FROM_BINARY.zip,1,1,0,,63.018398,0.166516,0.703773,98.583199,0.153395,0.559118,72.645599,0.135972,0.65496,49.911999,0.213898,0.715672,109.861603,0.288174,0.509669,47.898399,0.023075,0.732893,31.7008,0.015851,0.510276,0.0,0.0,0.0,0.0,0.0,0.0,0.0,0.0,0.0
BATCH_DAYLIGHT_Abnormal_2026-03-19T21-03-56-365521,BATCH DAYLIGHT,train,5500,semiquant,Nitrite:Positive,Nitrite:Positive,,,Nitrite,Positive,BATCH_DAYLIGHT_Abnormal_2026-03-19T21-03-56-365521_SEMIQUANT_FROM_BINARY.zip,1,1,0,,63.018398,0.166516,0.703773,98.583199,0.153395,0.559118,72.645599,0.135972,0.65496,49.911999,0.213898,0.715672,109.861603,0.288174,0.509669,47.898399,0.023075,0.732893,31.7008,0.015851,0.510276,0.0,0.0,0.0,0.0,0.0,0.0,0.0,0.0,0.0
BATCH_DAYLIGHT_Abnormal_2026-03-19T21-03-56-365521,BATCH DAYLIGHT,train,5500,semiquant,Urobilinogen:64,Urobilinogen:64,,,Urobilinogen,64,BATCH_DAYLIGHT_Abnormal_2026-03-19T21-03-56-365521_SEMIQUANT_FROM_BINARY.zip,1,1,0,,63.018398,0.166516,0.703773,98.583199,0.153395,0.559118,72.645599,0.135972,0.65496,49.911999,0.213898,0.715672,109.861603,0.288174,0.509669,47.898399,0.023075,0.732893,31.7008,0.015851,0.510276,0.0,0.0,0.0,0.0,0.0,0.0,0.0,0.0,0.0
BATCH_DAYLIGHT_Abnormal_2026-03-19T21-03-56-365521,BATCH DAYLIGHT,train,5500,semiquant,Protein:0.3,Protein:0.3,,,Protein,0.3,BATCH_DAYLIGHT_Abnormal_2026-03-19T21-03-56-365521_SEMIQUANT_FROM_BINARY.zip,1,1,0,,63.018398,0.166516,0.703773,98.583199,0.153395,0.559118,72.645599,0.135972,0.65496,49.911999,0.213898,0.715672,109.861603,0.288174,0.509669,47.898399,0.023075,0.732893,31.7008,0.015851,0.510276,0.0,0.0,0.0,0.0,0.0,0.0,0.0,0.0,0.0
BATCH_DAYLIGHT_Abnormal_2026-03-19T21-03-56-365521,BATCH DAYLIGHT,train,5500,semiquant,pH:5.0,pH:5.0,,,pH,5.0,BATCH_DAYLIGHT_Abnormal_2026-03-19T21-03-56-365521_SEMIQUANT_FROM_BINARY.zip,1,1,0,,63.018398,0.166516,0.703773,98.583199,0.153395,0.559118,72.645599,0.135972,0.65496,49.911999,0.213898,0.715672,109.861603,0.288174,0.509669,47.898399,0.023075,0.732893,31.7008,0.015851,0.510276,0.0,0.0,0.0,0.0,0.0,0.0,0.0,0.0,0.0
BATCH_DAYLIGHT_Abnormal_2026-03-19T21-03-56-365521,BATCH DAYLIGHT,train,5500,semiquant,Blood:Hemolyzed 10,Blood:Hemolyzed 10,,,Blood,Hemolyzed 10,BATCH_DAYLIGHT_Abnormal_2026-03-19T21-03-56-365521_SEMIQUANT_FROM_BINARY.zip,1,1,0,,63.018398,0.166516,0.703773,98.583199,0.153395,0.559118,72.645599,0.135972,0.65496,49.911999,0.213898,0.715672,109.861603,0.288174,0.509669,47.898399,0.023075,0.732893,31.7008,0.015851,0.510276,0.0,0.0,0.0,0.0,0.0,0.0,0.0,0.0,0.0
BATCH_DAYLIGHT_Abnormal_2026-03-19T21-03-56-365521,BATCH DAYLIGHT,train,5500,semiquant,Specific Gravity:1.000,Specific Gravity:1.000,,,Specific Gravity,1.000,BATCH_DAYLIGHT_Abnormal_2026-03-19T21-03-56-365521_SEMIQUANT_FROM_BINARY.zip,1,1,0,,63.018398,0.166516,0.703773,98.583199,0.153395,0.559118,72.645599,0.135972,0.65496,49.911999,0.213898,0.715672,109.861603,0.288174,0.509669,47.898399,0.023075,0.732893,31.7008,0.015851,0.510276,0.0,0.0,0.0,0.0,0.0,0.0,0.0,0.0,0.0
BATCH_DAYLIGHT_Abnormal_2026-03-19T21-03-56-365521,BATCH DAYLIGHT,train,5500,semiquant,Ketone:Small 1.5,Ketone:Small 1.5,,,Ketone,Small 1.5,BATCH_DAYLIGHT_Abnormal_2026-03-19T21-03-56-365521_SEMIQUANT_FROM_BINARY.zip,1,1,0,,63.018398,0.166516,0.703773,98.583199,0.153395,0.559118,72.645599,0.135972,0.65496,49.911999,0.213898,0.715672,109.861603,0.288174,0.509669,47.898399,0.023075,0.732893,31.7008,0.015851,0.510276,0.0,0.0,0.0,0.0,0.0,0.0,0.0,0.0,0.0
BATCH_DAYLIGHT_Abnormal_2026-03-19T21-03-56-365521,BATCH DAYLIGHT,train,5500,semiquant,Bilirubin:Small 17,Bilirubin:Small 17,,,Bilirubin,Small 17,BATCH_DAYLIGHT_Abnormal_2026-03-19T21-03-56-365521_SEMIQUANT_FROM_BINARY.zip,1,1,0,,63.018398,0.166516,0.703773,98.583199,0.153395,0.559118,72.645599,0.135972,0.65496,49.911999,0.213898,0.715672,109.861603,0.288174,0.509669,47.898399,0.023075,0.732893,31.7008,0.015851,0.510276,0.0,0.0,0.0,0.0,0.0,0.0,0.0,0.0,0.0
BATCH_DAYLIGHT_Abnormal_2026-03-19T21-03-56-365521,BATCH DAYLIGHT,train,5500,semiquant,Glucose:15 +,Glucose:15 +,,,Glucose,15 +,BATCH_DAYLIGHT_Abnormal_2026-03-19T21-03-56-365521_SEMIQUANT_FROM_BINARY.zip,1,1,0,,63.018398,0.166516,0.703773,98.583199,0.153395,0.559118,72.645599,0.135972,0.65496,49.911999,0.213898,0.715672,109.861603,0.288174,0.509669,47.898399,0.023075,0.732893,31.7008,0.015851,0.510276,0.0,0.0,0.0,0.0,0.0,0.0,0.0,0.0,0.0
BATCH_DAYLIGHT_Abnormal_2026-03-19T21-03-56-365521,BATCH DAYLIGHT,train,5500,semiquant,Leukocytes:Large 500,Leukocytes:Large 500,,,Leukocytes,Large 500,BATCH_DAYLIGHT_Abnormal_2026-03-19T21-03-56-365521_SEMIQUANT_FROM_BINARY.zip,1,1,0,,68.9608,0.170819,0.703267,97.015198,0.153142,0.557457,66.716003,0.135462,0.65486,56.692001,0.209586,0.716165,107.698402,0.278885,0.51666,58.6208,0.022712,0.732579,39.1712,0.015536,0.548616,0.0,0.0,0.0,0.0,0.0,0.0,0.0,0.0,0.0
BATCH_DAYLIGHT_Abnormal_2026-03-19T21-03-56-365521,BATCH DAYLIGHT,train,5500,semiquant,Nitrite:Positive,Nitrite:Positive,,,Nitrite,Positive,BATCH_DAYLIGHT_Abnormal_2026-03-19T21-03-56-365521_SEMIQUANT_FROM_BINARY.zip,1,1,0,,68.9608,0.170819,0.703267,97.015198,0.153142,0.557457,66.716003,0.135462,0.65486,56.692001,0.209586,0.716165,107.698402,0.278885,0.51666,58.6208,0.022712,0.732579,39.1712,0.015536,0.548616,0.0,0.0,0.0,0.0,0.0,0.0,0.0,0.0,0.0
BATCH_DAYLIGHT_Abnormal_2026-03-19T21-03-56-365521,BATCH DAYLIGHT,train,5500,semiquant,Urobilinogen:128,Urobilinogen:128,,,Urobilinogen,128,BATCH_DAYLIGHT_Abnormal_2026-03-19T21-03-56-365521_SEMIQUANT_FROM_BINARY.zip,1,1,0,,68.9608,0.170819,0.703267,97.015198,0.153142,0.557457,66.716003,0.135462,0.65486,56.692001,0.209586,0.716165,107.698402,0.278885,0.51666,58.6208,0.022712,0.732579,39.1712,0.015536,0.548616,0.0,0.0,0.0,0.0,0.0,0.0,0.0,0.0,0.0
BATCH_DAYLIGHT_Abnormal_2026-03-19T21-03-56-365521,BATCH DAYLIGHT,train,5500,semiquant,Protein:1.0,Protein:1.0,,,Protein,1.0,BATCH_DAYLIGHT_Abnormal_2026-03-19T21-03-56-365521_SEMIQUANT_FROM_BINARY.zip,1,1,0,,68.9608,0.170819,0.703267,97.015198,0.153142,0.557457,66.716003,0.135462,0.65486,56.692001,0.209586,0.716165,107.698402,0.278885,0.51666,58.6208,0.022712,0.732579,39.1712,0.015536,0.548616,0.0,0.0,0.0,0.0,0.0,0.0,0.0,0.0,0.0
BATCH_DAYLIGHT_Abnormal_2026-03-19T21-03-56-365521,BATCH DAYLIGHT,train,5500,semiquant,pH:6.5,pH:6.5,,,pH,6.5,BATCH_DAYLIGHT_Abnormal_2026-03-19T21-03-56-365521_SEMIQUANT_FROM_BINARY.zip,1,1,0,,68.9608,0.170819,0.703267,97.015198,0.153142,0.557457,66.716003,0.135462,0.65486,56.692001,0.209586,0.716165,107.698402,0.278885,0.51666,58.6208,0.022712,0.732579,39.1712,0.015536,0.548616,0.0,0.0,0.0,0.0,0.0,0.0,0.0,0.0,0.0
BATCH_DAYLIGHT_Abnormal_2026-03-19T21-03-56-365521,BATCH DAYLIGHT,train,5500,semiquant,Blood:Small 25,Blood:Small 25,,,Blood,Small 25,BATCH_DAYLIGHT_Abnormal_2026-03-19T21-03-56-365521_SEMIQUANT_FROM_BINARY.zip,1,1,0,,68.9608,0.170819,0.703267,97.015198,0.153142,0.557457,66.716003,0.135462,0.65486,56.692001,0.209586,0.716165,107.698402,0.278885,0.51666,58.6208,0.022712,0.732579,39.1712,0.015536,0.548616,0.0,0.0,0.0,0.0,0.0,0.0,0.0,0.0,0.0
BATCH_DAYLIGHT_Abnormal_2026-03-19T21-03-56-365521,BATCH DAYLIGHT,train,5500,semiquant,Specific Gravity:1.005,Specific Gravity:1.005,,,Specific Gravity,1.005,BATCH_DAYLIGHT_Abnormal_2026-03-19T21-03-56-365521_SEMIQUANT_FROM_BINARY.zip,1,1,0,,68.9608,0.170819,0.703267,97.015198,0.153142,0.557457,66.716003,0.135462,0.65486,56.692001,0.209586,0.716165,107.698402,0.278885,0.51666,58.6208,0.022712,0.732579,39.1712,0.015536,0.548616,0.0,0.0,0.0,0.0,0.0,0.0,0.0,0.0,0.0
BATCH_DAYLIGHT_Abnormal_2026-03-19T21-03-56-365521,BATCH DAYLIGHT,train,5500,semiquant,Ketone:Moderate 4.0,Ketone:Moderate 4.0,,,Ketone,Moderate 4.0,BATCH_DAYLIGHT_Abnormal_2026-03-19T21-03-56-365521_SEMIQUANT_FROM_BINARY.zip,1,1,0,,68.9608,0.170819,0.703267,97.015198,0.153142,0.557457,66.716003,0.135462,0.65486,56.692001,0.209586,0.716165,107.698402,0.278885,0.51666,58.6208,0.022712,0.732579,39.1712,0.015536,0.548616,0.0,0.0,0.0,0.0,0.0,0.0,0.0,0.0,0.0
BATCH_DAYLIGHT_Abnormal_2026-03-19T21-03-56-365521,BATCH DAYLIGHT,train,5500,semiquant,Bilirubin:Moderate 50,Bilirubin:Moderate 50,,,Bilirubin,Moderate 50,BATCH_DAYLIGHT_Abnormal_2026-03-19T21-03-56-365521_SEMIQUANT_FROM_BINARY.zip,1,1,0,,68.9608,0.170819,0.703267,97.015198,0.153142,0.557457,66.716003,0.135462,0.65486,56.692001,0.209586,0.716165,107.698402,0.278885,0.51666,58.6208,0.022712,0.732579,39.1712,0.015536,0.548616,0.0,0.0,0.0,0.0,0.0,0.0,0.0,0.0,0.0
BATCH_DAYLIGHT_Abnormal_2026-03-19T21-03-56-365521,BATCH DAYLIGHT,train,5500,semiquant,Glucose:30 ++,Glucose:30 ++,,,Glucose,30 ++,BATCH_DAYLIGHT_Abnormal_2026-03-19T21-03-56-365521_SEMIQUANT_FROM_BINARY.zip,1,1,0,,68.9608,0.170819,0.703267,97.015198,0.153142,0.557457,66.716003,0.135462,0.65486,56.692001,0.209586,0.716165,107.698402,0.278885,0.51666,58.6208,0.022712,0.732579,39.1712,0.015536,0.548616,0.0,0.0,0.0,0.0,0.0,0.0,0.0,0.0,0.0
BATCH_DAYLIGHT_Abnormal_2026-03-19T21-03-56-365521,BATCH DAYLIGHT,train,5500,semiquant,Leukocytes:Trace 15,Leukocytes:Trace 15,,,Leukocytes,Trace 15,BATCH_DAYLIGHT_Abnormal_2026-03-19T21-03-56-365521_SEMIQUANT_FROM_BINARY.zip,1,1,0,,77.136803,0.168671,0.702753,97.908798,0.152844,0.559652,67.873596,0.131481,0.656723,51.166401,0.205007,0.716248,113.482399,0.273882,0.522337,49.413601,0.023249,0.73229,35.3256,0.020943,0.599749,0.0,0.0,0.0,0.0,0.0,0.0,0.0,0.0,0.0
BATCH_DAYLIGHT_Abnormal_2026-03-19T21-03-56-365521,BATCH DAYLIGHT,train,5500,semiquant,Nitrite:Positive,Nitrite:Positive,,,Nitrite,Positive,BATCH_DAYLIGHT_Abnormal_2026-03-19T21-03-56-365521_SEMIQUANT_FROM_BINARY.zip,1,1,0,,77.136803,0.168671,0.702753,97.908798,0.152844,0.559652,67.873596,0.131481,0.656723,51.166401,0.205007,0.716248,113.482399,0.273882,0.522337,49.413601,0.023249,0.73229,35.3256,0.020943,0.599749,0.0,0.0,0.0,0.0,0.0,0.0,0.0,0.0,0.0
BATCH_DAYLIGHT_Abnormal_2026-03-19T21-03-56-365521,BATCH DAYLIGHT,train,5500,semiquant,Urobilinogen:16,Urobilinogen:16,,,Urobilinogen,16,BATCH_DAYLIGHT_Abnormal_2026-03-19T21-03-56-365521_SEMIQUANT_FROM_BINARY.zip,1,1,0,,77.136803,0.168671,0.702753,97.908798,0.152844,0.559652,67.873596,0.131481,0.656723,51.166401,0.205007,0.716248,113.482399,0.273882,0.522337,49.413601,0.023249,0.73229,35.3256,0.020943,0.599749,0.0,0.0,0.0,0.0,0.0,0.0,0.0,0.0,0.0
BATCH_DAYLIGHT_Abnormal_2026-03-19T21-03-56-365521,BATCH DAYLIGHT,train,5500,semiquant,Protein:3.0,Protein:3.0,,,Protein,3.0,BATCH_DAYLIGHT_Abnormal_2026-03-19T21-03-56-365521_SEMIQUANT_FROM_BINARY.zip,1,1,0,,77.136803,0.168671,0.702753,97.908798,0.152844,0.559652,67.873596,0.131481,0.656723,51.166401,0.205007,0.716248,113.482399,0.273882,0.522337,49.413601,0.023249,0.73229,35.3256,0.020943,0.599749,0.0,0.0,0.0,0.0,0.0,0.0,0.0,0.0,0.0
BATCH_DAYLIGHT_Abnormal_2026-03-19T21-03-56-365521,BATCH DAYLIGHT,train,5500,semiquant,pH:7.0,pH:7.0,,,pH,7.0,BATCH_DAYLIGHT_Abnormal_2026-03-19T21-03-56-365521_SEMIQUANT_FROM_BINARY.zip,1,1,0,,77.136803,0.168671,0.702753,97.908798,0.152844,0.559652,67.873596,0.131481,0.656723,51.166401,0.205007,0.716248,113.482399,0.273882,0.522337,49.413601,0.023249,0.73229,35.3256,0.020943,0.599749,0.0,0.0,0.0,0.0,0.0,0.0,0.0,0.0,0.0
BATCH_DAYLIGHT_Abnormal_2026-03-19T21-03-56-365521,BATCH DAYLIGHT,train,5500,semiquant,Blood:Moderate 80,Blood:Moderate 80,,,Blood,Moderate 80,BATCH_DAYLIGHT_Abnormal_2026-03-19T21-03-56-365521_SEMIQUANT_FROM_BINARY.zip,1,1,0,,77.136803,0.168671,0.702753,97.908798,0.152844,0.559652,67.873596,0.131481,0.656723,51.166401,0.205007,0.716248,113.482399,0.273882,0.522337,49.413601,0.023249,0.73229,35.3256,0.020943,0.599749,0.0,0.0,0.0,0.0,0.0,0.0,0.0,0.0,0.0
BATCH_DAYLIGHT_Abnormal_2026-03-19T21-03-56-365521,BATCH DAYLIGHT,train,5500,semiquant,Specific Gravity:1.010,Specific Gravity:1.010,,,Specific Gravity,1.010,BATCH_DAYLIGHT_Abnormal_2026-03-19T21-03-56-365521_SEMIQUANT_FROM_BINARY.zip,1,1,0,,77.136803,0.168671,0.702753,97.908798,0.152844,0.559652,67.873596,0.131481,0.656723,51.166401,0.205007,0.716248,113.482399,0.273882,0.522337,49.413601,0.023249,0.73229,35.3256,0.020943,0.599749,0.0,0.0,0.0,0.0,0.0,0.0,0.0,0.0,0.0
BATCH_DAYLIGHT_Abnormal_2026-03-19T21-03-56-365521,BATCH DAYLIGHT,train,5500,semiquant,Ketone:8.0,Ketone:8.0,,,Ketone,8.0,BATCH_DAYLIGHT_Abnormal_2026-03-19T21-03-56-365521_SEMIQUANT_FROM_BINARY.zip,1,1,0,,77.136803,0.168671,0.702753,97.908798,0.152844,0.559652,67.873596,0.131481,0.656723,51.166401,0.205007,0.716248,113.482399,0.273882,0.522337,49.413601,0.023249,0.73229,35.3256,0.020943,0.599749,0.0,0.0,0.0,0.0,0.0,0.0,0.0,0.0,0.0
BATCH_DAYLIGHT_Abnormal_2026-03-19T21-03-56-365521,BATCH DAYLIGHT,train,5500,semiquant,Bilirubin:Large 100,Bilirubin:Large 100,,,Bilirubin,Large 100,BATCH_DAYLIGHT_Abnormal_2026-03-19T21-03-56-365521_SEMIQUANT_FROM_BINARY.zip,1,1,0,,77.136803,0.168671,0.702753,97.908798,0.152844,0.559652,67.873596,0.131481,0.656723,51.166401,0.205007,0.716248,113.482399,0.273882,0.522337,49.413601,0.023249,0.73229,35.3256,0.020943,0.599749,0.0,0.0,0.0,0.0,0.0,0.0,0.0,0.0,0.0
BATCH_DAYLIGHT_Abnormal_2026-03-19T21-03-56-365521,BATCH DAYLIGHT,train,5500,semiquant,Glucose:60 +++,Glucose:60 +++,,,Glucose,60 +++,BATCH_DAYLIGHT_Abnormal_2026-03-19T21-03-56-365521_SEMIQUANT_FROM_BINARY.zip,1,1,0,,77.136803,0.168671,0.702753,97.908798,0.152844,0.559652,67.873596,0.131481,0.656723,51.166401,0.205007,0.716248,113.482399,0.273882,0.522337,49.413601,0.023249,0.73229,35.3256,0.020943,0.599749,0.0,0.0,0.0,0.0,0.0,0.0,0.0,0.0,0.0
BATCH_DAYLIGHT_Abnormal_2026-03-19T21-03-56-365521,BATCH DAYLIGHT,train,5500,semiquant,Leukocytes:Small 70,Leukocytes:Small 70,,,Leukocytes,Small 70,BATCH_DAYLIGHT_Abnormal_2026-03-19T21-03-56-365521_SEMIQUANT_FROM_BINARY.zip,1,1,0,,180.0,0.287736,1.0,180.0,0.290419,1.0,180.0,0.291547,1.0,180.0,0.288831,1.0,180.0,0.285611,1.0,180.0,0.288745,1.0,180.0,0.294594,1.0,180.0,0.298919,1.0,180.0,0.306762,1.0,180.0,0.31517,1.0
BATCH_DAYLIGHT_Abnormal_2026-03-19T21-03-56-365521,BATCH DAYLIGHT,train,5500,semiquant,Nitrite:Positive,Nitrite:Positive,,,Nitrite,Positive,BATCH_DAYLIGHT_Abnormal_2026-03-19T21-03-56-365521_SEMIQUANT_FROM_BINARY.zip,1,1,0,,180.0,0.287736,1.0,180.0,0.290419,1.0,180.0,0.291547,1.0,180.0,0.288831,1.0,180.0,0.285611,1.0,180.0,0.288745,1.0,180.0,0.294594,1.0,180.0,0.298919,1.0,180.0,0.306762,1.0,180.0,0.31517,1.0
BATCH_DAYLIGHT_Abnormal_2026-03-19T21-03-56-365521,BATCH DAYLIGHT,train,5500,semiquant,Urobilinogen:32,Urobilinogen:32,,,Urobilinogen,32,BATCH_DAYLIGHT_Abnormal_2026-03-19T21-03-56-365521_SEMIQUANT_FROM_BINARY.zip,1,1,0,,180.0,0.287736,1.0,180.0,0.290419,1.0,180.0,0.291547,1.0,180.0,0.288831,1.0,180.0,0.285611,1.0,180.0,0.288745,1.0,180.0,0.294594,1.0,180.0,0.298919,1.0,180.0,0.306762,1.0,180.0,0.31517,1.0
BATCH_DAYLIGHT_Abnormal_2026-03-19T21-03-56-365521,BATCH DAYLIGHT,train,5500,semiquant,Protein:>=20.0,Protein:>=20.0,,,Protein,>=20.0,BATCH_DAYLIGHT_Abnormal_2026-03-19T21-03-56-365521_SEMIQUANT_FROM_BINARY.zip,1,1,0,,180.0,0.287736,1.0,180.0,0.290419,1.0,180.0,0.291547,1.0,180.0,0.288831,1.0,180.0,0.285611,1.0,180.0,0.288745,1.0,180.0,0.294594,1.0,180.0,0.298919,1.0,180.0,0.306762,1.0,180.0,0.31517,1.0
BATCH_DAYLIGHT_Abnormal_2026-03-19T21-03-56-365521,BATCH DAYLIGHT,train,5500,semiquant,pH:7.5,pH:7.5,,,pH,7.5,BATCH_DAYLIGHT_Abnormal_2026-03-19T21-03-56-365521_SEMIQUANT_FROM_BINARY.zip,1,1,0,,180.0,0.287736,1.0,180.0,0.290419,1.0,180.0,0.291547,1.0,180.0,0.288831,1.0,180.0,0.285611,1.0,180.0,0.288745,1.0,180.0,0.294594,1.0,180.0,0.298919,1.0,180.0,0.306762,1.0,180.0,0.31517,1.0
BATCH_DAYLIGHT_Abnormal_2026-03-19T21-03-56-365521,BATCH DAYLIGHT,train,5500,semiquant,Blood:Large 200,Blood:Large 200,,,Blood,Large 200,BATCH_DAYLIGHT_Abnormal_2026-03-19T21-03-56-365521_SEMIQUANT_FROM_BINARY.zip,1,1,0,,180.0,0.287736,1.0,180.0,0.290419,1.0,180.0,0.291547,1.0,180.0,0.288831,1.0,180.0,0.285611,1.0,180.0,0.288745,1.0,180.0,0.294594,1.0,180.0,0.298919,1.0,180.0,0.306762,1.0,180.0,0.31517,1.0
BATCH_DAYLIGHT_Abnormal_2026-03-19T21-03-56-365521,BATCH DAYLIGHT,train,5500,semiquant,Specific Gravity:1.020,Specific Gravity:1.020,,,Specific Gravity,1.020,BATCH_DAYLIGHT_Abnormal_2026-03-19T21-03-56-365521_SEMIQUANT_FROM_BINARY.zip,1,1,0,,180.0,0.287736,1.0,180.0,0.290419,1.0,180.0,0.291547,1.0,180.0,0.288831,1.0,180.0,0.285611,1.0,180.0,0.288745,1.0,180.0,0.294594,1.0,180.0,0.298919,1.0,180.0,0.306762,1.0,180.0,0.31517,1.0
BATCH_DAYLIGHT_Abnormal_2026-03-19T21-03-56-365521,BATCH DAYLIGHT,train,5500,semiquant,Ketone:Large 16,Ketone:Large 16,,,Ketone,Large 16,BATCH_DAYLIGHT_Abnormal_2026-03-19T21-03-56-365521_SEMIQUANT_FROM_BINARY.zip,1,1,0,,180.0,0.287736,1.0,180.0,0.290419,1.0,180.0,0.291547,1.0,180.0,0.288831,1.0,180.0,0.285611,1.0,180.0,0.288745,1.0,180.0,0.294594,1.0,180.0,0.298919,1.0,180.0,0.306762,1.0,180.0,0.31517,1.0
BATCH_DAYLIGHT_Abnormal_2026-03-19T21-03-56-365521,BATCH DAYLIGHT,train,5500,semiquant,Bilirubin:Small 17,Bilirubin:Small 17,,,Bilirubin,Small 17,BATCH_DAYLIGHT_Abnormal_2026-03-19T21-03-56-365521_SEMIQUANT_FROM_BINARY.zip,1,1,0,,180.0,0.287736,1.0,180.0,0.290419,1.0,180.0,0.291547,1.0,180.0,0.288831,1.0,180.0,0.285611,1.0,180.0,0.288745,1.0,180.0,0.294594,1.0,180.0,0.298919,1.0,180.0,0.306762,1.0,180.0,0.31517,1.0
BATCH_DAYLIGHT_Abnormal_2026-03-19T21-03-56-365521,BATCH DAYLIGHT,train,5500,semiquant,Glucose:110 ++++,Glucose:110 ++++,,,Glucose,110 ++++,BATCH_DAYLIGHT_Abnormal_2026-03-19T21-03-56-365521_SEMIQUANT_FROM_BINARY.zip,1,1,0,,180.0,0.287736,1.0,180.0,0.290419,1.0,180.0,0.291547,1.0,180.0,0.288831,1.0,180.0,0.285611,1.0,180.0,0.288745,1.0,180.0,0.294594,1.0,180.0,0.298919,1.0,180.0,0.306762,1.0,180.0,0.31517,1.0
BATCH_DAYLIGHT_Abnormal_2026-03-19T21-03-56-365521,BATCH DAYLIGHT,train,5500,semiquant,Leukocytes:Moderate 125,Leukocytes:Moderate 125,,,Leukocytes,Moderate 125,BATCH_DAYLIGHT_Abnormal_2026-03-19T21-03-56-365521_SEMIQUANT_FROM_BINARY.zip,1,1,0,,180.0,0.288565,1.0,180.0,0.291707,1.0,180.0,0.291804,1.0,180.0,0.28928,1.0,180.0,0.286502,1.0,180.0,0.286009,1.0,180.0,0.292042,1.0,180.0,0.298824,1.0,180.0,0.305823,1.0,180.0,0.312119,1.0
BATCH_DAYLIGHT_Abnormal_2026-03-19T21-03-56-365521,BATCH DAYLIGHT,train,5500,semiquant,Nitrite:Positive,Nitrite:Positive,,,Nitrite,Positive,BATCH_DAYLIGHT_Abnormal_2026-03-19T21-03-56-365521_SEMIQUANT_FROM_BINARY.zip,1,1,0,,180.0,0.288565,1.0,180.0,0.291707,1.0,180.0,0.291804,1.0,180.0,0.28928,1.0,180.0,0.286502,1.0,180.0,0.286009,1.0,180.0,0.292042,1.0,180.0,0.298824,1.0,180.0,0.305823,1.0,180.0,0.312119,1.0
BATCH_DAYLIGHT_Abnormal_2026-03-19T21-03-56-365521,BATCH DAYLIGHT,train,5500,semiquant,Urobilinogen:64,Urobilinogen:64,,,Urobilinogen,64,BATCH_DAYLIGHT_Abnormal_2026-03-19T21-03-56-365521_SEMIQUANT_FROM_BINARY.zip,1,1,0,,180.0,0.288565,1.0,180.0,0.291707,1.0,180.0,0.291804,1.0,180.0,0.28928,1.0,180.0,0.286502,1.0,180.0,0.286009,1.0,180.0,0.292042,1.0,180.0,0.298824,1.0,180.0,0.305823,1.0,180.0,0.312119,1.0
BATCH_DAYLIGHT_Abnormal_2026-03-19T21-03-56-365521,BATCH DAYLIGHT,train,5500,semiquant,Protein:Trace,Protein:Trace,,,Protein,Trace,BATCH_DAYLIGHT_Abnormal_2026-03-19T21-03-56-365521_SEMIQUANT_FROM_BINARY.zip,1,1,0,,180.0,0.288565,1.0,180.0,0.291707,1.0,180.0,0.291804,1.0,180.0,0.28928,1.0,180.0,0.286502,1.0,180.0,0.286009,1.0,180.0,0.292042,1.0,180.0,0.298824,1.0,180.0,0.305823,1.0,180.0,0.312119,1.0
BATCH_DAYLIGHT_Abnormal_2026-03-19T21-03-56-365521,BATCH DAYLIGHT,train,5500,semiquant,pH:8.0,pH:8.0,,,pH,8.0,BATCH_DAYLIGHT_Abnormal_2026-03-19T21-03-56-365521_SEMIQUANT_FROM_BINARY.zip,1,1,0,,180.0,0.288565,1.0,180.0,0.291707,1.0,180.0,0.291804,1.0,180.0,0.28928,1.0,180.0,0.286502,1.0,180.0,0.286009,1.0,180.0,0.292042,1.0,180.0,0.298824,1.0,180.0,0.305823,1.0,180.0,0.312119,1.0
BATCH_DAYLIGHT_Abnormal_2026-03-19T21-03-56-365521,BATCH DAYLIGHT,train,5500,semiquant,Blood:Non-hemolyzed 10,Blood:Non-hemolyzed 10,,,Blood,Non-hemolyzed 10,BATCH_DAYLIGHT_Abnormal_2026-03-19T21-03-56-365521_SEMIQUANT_FROM_BINARY.zip,1,1,0,,180.0,0.288565,1.0,180.0,0.291707,1.0,180.0,0.291804,1.0,180.0,0.28928,1.0,180.0,0.286502,1.0,180.0,0.286009,1.0,180.0,0.292042,1.0,180.0,0.298824,1.0,180.0,0.305823,1.0,180.0,0.312119,1.0
BATCH_DAYLIGHT_Abnormal_2026-03-19T21-03-56-365521,BATCH DAYLIGHT,train,5500,semiquant,Specific Gravity:1.025,Specific Gravity:1.025,,,Specific Gravity,1.025,BATCH_DAYLIGHT_Abnormal_2026-03-19T21-03-56-365521_SEMIQUANT_FROM_BINARY.zip,1,1,0,,180.0,0.288565,1.0,180.0,0.291707,1.0,180.0,0.291804,1.0,180.0,0.28928,1.0,180.0,0.286502,1.0,180.0,0.286009,1.0,180.0,0.292042,1.0,180.0,0.298824,1.0,180.0,0.305823,1.0,180.0,0.312119,1.0
BATCH_DAYLIGHT_Abnormal_2026-03-19T21-03-56-365521,BATCH DAYLIGHT,train,5500,semiquant,Ketone:Trace 0.5,Ketone:Trace 0.5,,,Ketone,Trace 0.5,BATCH_DAYLIGHT_Abnormal_2026-03-19T21-03-56-365521_SEMIQUANT_FROM_BINARY.zip,1,1,0,,180.0,0.288565,1.0,180.0,0.291707,1.0,180.0,0.291804,1.0,180.0,0.28928,1.0,180.0,0.286502,1.0,180.0,0.286009,1.0,180.0,0.292042,1.0,180.0,0.298824,1.0,180.0,0.305823,1.0,180.0,0.312119,1.0
BATCH_DAYLIGHT_Abnormal_2026-03-19T21-03-56-365521,BATCH DAYLIGHT,train,5500,semiquant,Bilirubin:Moderate 50,Bilirubin:Moderate 50,,,Bilirubin,Moderate 50,BATCH_DAYLIGHT_Abnormal_2026-03-19T21-03-56-365521_SEMIQUANT_FROM_BINARY.zip,1,1,0,,180.0,0.288565,1.0,180.0,0.291707,1.0,180.0,0.291804,1.0,180.0,0.28928,1.0,180.0,0.286502,1.0,180.0,0.286009,1.0,180.0,0.292042,1.0,180.0,0.298824,1.0,180.0,0.305823,1.0,180.0,0.312119,1.0
BATCH_DAYLIGHT_Abnormal_2026-03-19T21-03-56-365521,BATCH DAYLIGHT,train,5500,semiquant,Glucose:Trace 5,Glucose:Trace 5,,,Glucose,Trace 5,BATCH_DAYLIGHT_Abnormal_2026-03-19T21-03-56-365521_SEMIQUANT_FROM_BINARY.zip,1,1,0,,180.0,0.288565,1.0,180.0,0.291707,1.0,180.0,0.291804,1.0,180.0,0.28928,1.0,180.0,0.286502,1.0,180.0,0.286009,1.0,180.0,0.292042,1.0,180.0,0.298824,1.0,180.0,0.305823,1.0,180.0,0.312119,1.0
BATCH_DAYLIGHT_Abnormal_2026-03-19T21-03-56-365521,BATCH DAYLIGHT,train,5500,semiquant,Leukocytes:Large 500,Leukocytes:Large 500,,,Leukocytes,Large 500,BATCH_DAYLIGHT_Abnormal_2026-03-19T21-03-56-365521_SEMIQUANT_FROM_BINARY.zip,1,1,0,,78.508003,0.174403,0.701373,104.504799,0.157616,0.553382,82.5896,0.136275,0.654168,65.414398,0.211689,0.716513,112.2584,0.280566,0.515308,101.0336,0.019956,0.734893,84.391197,0.017368,0.623663,0.0,0.0,0.0,0.0,0.0,0.0,0.0,0.0,0.0
BATCH_DAYLIGHT_Abnormal_2026-03-19T21-03-56-365521,BATCH DAYLIGHT,train,5500,semiquant,Nitrite:Positive,Nitrite:Positive,,,Nitrite,Positive,BATCH_DAYLIGHT_Abnormal_2026-03-19T21-03-56-365521_SEMIQUANT_FROM_BINARY.zip,1,1,0,,78.508003,0.174403,0.701373,104.504799,0.157616,0.553382,82.5896,0.136275,0.654168,65.414398,0.211689,0.716513,112.2584,0.280566,0.515308,101.0336,0.019956,0.734893,84.391197,0.017368,0.623663,0.0,0.0,0.0,0.0,0.0,0.0,0.0,0.0,0.0
BATCH_DAYLIGHT_Abnormal_2026-03-19T21-03-56-365521,BATCH DAYLIGHT,train,5500,semiquant,Urobilinogen:128,Urobilinogen:128,,,Urobilinogen,128,BATCH_DAYLIGHT_Abnormal_2026-03-19T21-03-56-365521_SEMIQUANT_FROM_BINARY.zip,1,1,0,,78.508003,0.174403,0.701373,104.504799,0.157616,0.553382,82.5896,0.136275,0.654168,65.414398,0.211689,0.716513,112.2584,0.280566,0.515308,101.0336,0.019956,0.734893,84.391197,0.017368,0.623663,0.0,0.0,0.0,0.0,0.0,0.0,0.0,0.0,0.0
BATCH_DAYLIGHT_Abnormal_2026-03-19T21-03-56-365521,BATCH DAYLIGHT,train,5500,semiquant,Protein:0.3,Protein:0.3,,,Protein,0.3,BATCH_DAYLIGHT_Abnormal_2026-03-19T21-03-56-365521_SEMIQUANT_FROM_BINARY.zip,1,1,0,,78.508003,0.174403,0.701373,104.504799,0.157616,0.553382,82.5896,0.136275,0.654168,65.414398,0.211689,0.716513,112.2584,0.280566,0.515308,101.0336,0.019956,0.734893,84.391197,0.017368,0.623663,0.0,0.0,0.0,0.0,0.0,0.0,0.0,0.0,0.0
BATCH_DAYLIGHT_Abnormal_2026-03-19T21-03-56-365521,BATCH DAYLIGHT,train,5500,semiquant,pH:8.5,pH:8.5,,,pH,8.5,BATCH_DAYLIGHT_Abnormal_2026-03-19T21-03-56-365521_SEMIQUANT_FROM_BINARY.zip,1,1,0,,78.508003,0.174403,0.701373,104.504799,0.157616,0.553382,82.5896,0.136275,0.654168,65.414398,0.211689,0.716513,112.2584,0.280566,0.515308,101.0336,0.019956,0.734893,84.391197,0.017368,0.623663,0.0,0.0,0.0,0.0,0.0,0.0,0.0,0.0,0.0
BATCH_DAYLIGHT_Abnormal_2026-03-19T21-03-56-365521,BATCH DAYLIGHT,train,5500,semiquant,Blood:Hemolyzed 10,Blood:Hemolyzed 10,,,Blood,Hemolyzed 10,BATCH_DAYLIGHT_Abnormal_2026-03-19T21-03-56-365521_SEMIQUANT_FROM_BINARY.zip,1,1,0,,78.508003,0.174403,0.701373,104.504799,0.157616,0.553382,82.5896,0.136275,0.654168,65.414398,0.211689,0.716513,112.2584,0.280566,0.515308,101.0336,0.019956,0.734893,84.391197,0.017368,0.623663,0.0,0.0,0.0,0.0,0.0,0.0,0.0,0.0,0.0
BATCH_DAYLIGHT_Abnormal_2026-03-19T21-03-56-365521,BATCH DAYLIGHT,train,5500,semiquant,Specific Gravity:1.030,Specific Gravity:1.030,,,Specific Gravity,1.030,BATCH_DAYLIGHT_Abnormal_2026-03-19T21-03-56-365521_SEMIQUANT_FROM_BINARY.zip,1,1,0,,78.508003,0.174403,0.701373,104.504799,0.157616,0.553382,82.5896,0.136275,0.654168,65.414398,0.211689,0.716513,112.2584,0.280566,0.515308,101.0336,0.019956,0.734893,84.391197,0.017368,0.623663,0.0,0.0,0.0,0.0,0.0,0.0,0.0,0.0,0.0
BATCH_DAYLIGHT_Abnormal_2026-03-19T21-03-56-365521,BATCH DAYLIGHT,train,5500,semiquant,Ketone:Small 1.5,Ketone:Small 1.5,,,Ketone,Small 1.5,BATCH_DAYLIGHT_Abnormal_2026-03-19T21-03-56-365521_SEMIQUANT_FROM_BINARY.zip,1,1,0,,78.508003,0.174403,0.701373,104.504799,0.157616,0.553382,82.5896,0.136275,0.654168,65.414398,0.211689,0.716513,112.2584,0.280566,0.515308,101.0336,0.019956,0.734893,84.391197,0.017368,0.623663,0.0,0.0,0.0,0.0,0.0,0.0,0.0,0.0,0.0
BATCH_DAYLIGHT_Abnormal_2026-03-19T21-03-56-365521,BATCH DAYLIGHT,train,5500,semiquant,Bilirubin:Large 100,Bilirubin:Large 100,,,Bilirubin,Large 100,BATCH_DAYLIGHT_Abnormal_2026-03-19T21-03-56-365521_SEMIQUANT_FROM_BINARY.zip,1,1,0,,78.508003,0.174403,0.701373,104.504799,0.157616,0.553382,82.5896,0.136275,0.654168,65.414398,0.211689,0.716513,112.2584,0.280566,0.515308,101.0336,0.019956,0.734893,84.391197,0.017368,0.623663,0.0,0.0,0.0,0.0,0.0,0.0,0.0,0.0,0.0
BATCH_DAYLIGHT_Abnormal_2026-03-19T21-03-56-365521,BATCH DAYLIGHT,train,5500,semiquant,Glucose:15 +,Glucose:15 +,,,Glucose,15 +,BATCH_DAYLIGHT_Abnormal_2026-03-19T21-03-56-365521_SEMIQUANT_FROM_BINARY.zip,1,1,0,,78.508003,0.174403,0.701373,104.504799,0.157616,0.553382,82.5896,0.136275,0.654168,65.414398,0.211689,0.716513,112.2584,0.280566,0.515308,101.0336,0.019956,0.734893,84.391197,0.017368,0.623663,0.0,0.0,0.0,0.0,0.0,0.0,0.0,0.0,0.0
BATCH_DAYLIGHT_Abnormal_2026-03-19T21-03-56-365521,BATCH DAYLIGHT,train,5500,semiquant,Leukocytes:Trace 15,Leukocytes:Trace 15,,,Leukocytes,Trace 15,BATCH_DAYLIGHT_Abnormal_2026-03-19T21-03-56-365521_SEMIQUANT_FROM_BINARY.zip,1,1,0,,289.141602,0.294289,1.0,289.77359,0.289209,1.0,291.645599,0.289556,1.0,292.155212,0.287652,1.0,292.450409,0.285421,1.0,291.498413,0.286853,1.0,291.777588,0.2891,1.0,292.069611,0.287724,1.0,289.9888,0.295078,1.0,266.006409,0.312414,0.939821
BATCH_DAYLIGHT_Abnormal_2026-03-19T21-03-56-365521,BATCH DAYLIGHT,train,5500,semiquant,Nitrite:Positive,Nitrite:Positive,,,Nitrite,Positive,BATCH_DAYLIGHT_Abnormal_2026-03-19T21-03-56-365521_SEMIQUANT_FROM_BINARY.zip,1,1,0,,289.141602,0.294289,1.0,289.77359,0.289209,1.0,291.645599,0.289556,1.0,292.155212,0.287652,1.0,292.450409,0.285421,1.0,291.498413,0.286853,1.0,291.777588,0.2891,1.0,292.069611,0.287724,1.0,289.9888,0.295078,1.0,266.006409,0.312414,0.939821
BATCH_DAYLIGHT_Abnormal_2026-03-19T21-03-56-365521,BATCH DAYLIGHT,train,5500,semiquant,Urobilinogen:16,Urobilinogen:16,,,Urobilinogen,16,BATCH_DAYLIGHT_Abnormal_2026-03-19T21-03-56-365521_SEMIQUANT_FROM_BINARY.zip,1,1,0,,289.141602,0.294289,1.0,289.77359,0.289209,1.0,291.645599,0.289556,1.0,292.155212,0.287652,1.0,292.450409,0.285421,1.0,291.498413,0.286853,1.0,291.777588,0.2891,1.0,292.069611,0.287724,1.0,289.9888,0.295078,1.0,266.006409,0.312414,0.939821
BATCH_DAYLIGHT_Abnormal_2026-03-19T21-03-56-365521,BATCH DAYLIGHT,train,5500,semiquant,Protein:1.0,Protein:1.0,,,Protein,1.0,BATCH_DAYLIGHT_Abnormal_2026-03-19T21-03-56-365521_SEMIQUANT_FROM_BINARY.zip,1,1,0,,289.141602,0.294289,1.0,289.77359,0.289209,1.0,291.645599,0.289556,1.0,292.155212,0.287652,1.0,292.450409,0.285421,1.0,291.498413,0.286853,1.0,291.777588,0.2891,1.0,292.069611,0.287724,1.0,289.9888,0.295078,1.0,266.006409,0.312414,0.939821
BATCH_DAYLIGHT_Abnormal_2026-03-19T21-03-56-365521,BATCH DAYLIGHT,train,5500,semiquant,pH:5.0,pH:5.0,,,pH,5.0,BATCH_DAYLIGHT_Abnormal_2026-03-19T21-03-56-365521_SEMIQUANT_FROM_BINARY.zip,1,1,0,,289.141602,0.294289,1.0,289.77359,0.289209,1.0,291.645599,0.289556,1.0,292.155212,0.287652,1.0,292.450409,0.285421,1.0,291.498413,0.286853,1.0,291.777588,0.2891,1.0,292.069611,0.287724,1.0,289.9888,0.295078,1.0,266.006409,0.312414,0.939821
BATCH_DAYLIGHT_Abnormal_2026-03-19T21-03-56-365521,BATCH DAYLIGHT,train,5500,semiquant,Blood:Small 25,Blood:Small 25,,,Blood,Small 25,BATCH_DAYLIGHT_Abnormal_2026-03-19T21-03-56-365521_SEMIQUANT_FROM_BINARY.zip,1,1,0,,289.141602,0.294289,1.0,289.77359,0.289209,1.0,291.645599,0.289556,1.0,292.155212,0.287652,1.0,292.450409,0.285421,1.0,291.498413,0.286853,1.0,291.777588,0.2891,1.0,292.069611,0.287724,1.0,289.9888,0.295078,1.0,266.006409,0.312414,0.939821
BATCH_DAYLIGHT_Abnormal_2026-03-19T21-03-56-365521,BATCH DAYLIGHT,train,5500,semiquant,Specific Gravity:1.000,Specific Gravity:1.000,,,Specific Gravity,1.000,BATCH_DAYLIGHT_Abnormal_2026-03-19T21-03-56-365521_SEMIQUANT_FROM_BINARY.zip,1,1,0,,289.141602,0.294289,1.0,289.77359,0.289209,1.0,291.645599,0.289556,1.0,292.155212,0.287652,1.0,292.450409,0.285421,1.0,291.498413,0.286853,1.0,291.777588,0.2891,1.0,292.069611,0.287724,1.0,289.9888,0.295078,1.0,266.006409,0.312414,0.939821
BATCH_DAYLIGHT_Abnormal_2026-03-19T21-03-56-365521,BATCH DAYLIGHT,train,5500,semiquant,Ketone:Moderate 4.0,Ketone:Moderate 4.0,,,Ketone,Moderate 4.0,BATCH_DAYLIGHT_Abnormal_2026-03-19T21-03-56-365521_SEMIQUANT_FROM_BINARY.zip,1,1,0,,289.141602,0.294289,1.0,289.77359,0.289209,1.0,291.645599,0.289556,1.0,292.155212,0.287652,1.0,292.450409,0.285421,1.0,291.498413,0.286853,1.0,291.777588,0.2891,1.0,292.069611,0.287724,1.0,289.9888,0.295078,1.0,266.006409,0.312414,0.939821
BATCH_DAYLIGHT_Abnormal_2026-03-19T21-03-56-365521,BATCH DAYLIGHT,train,5500,semiquant,Bilirubin:Small 17,Bilirubin:Small 17,,,Bilirubin,Small 17,BATCH_DAYLIGHT_Abnormal_2026-03-19T21-03-56-365521_SEMIQUANT_FROM_BINARY.zip,1,1,0,,289.141602,0.294289,1.0,289.77359,0.289209,1.0,291.645599,0.289556,1.0,292.155212,0.287652,1.0,292.450409,0.285421,1.0,291.498413,0.286853,1.0,291.777588,0.2891,1.0,292.069611,0.287724,1.0,289.9888,0.295078,1.0,266.006409,0.312414,0.939821
BATCH_DAYLIGHT_Abnormal_2026-03-19T21-03-56-365521,BATCH DAYLIGHT,train,5500,semiquant,Glucose:30 ++,Glucose:30 ++,,,Glucose,30 ++,BATCH_DAYLIGHT_Abnormal_2026-03-19T21-03-56-365521_SEMIQUANT_FROM_BINARY.zip,1,1,0,,289.141602,0.294289,1.0,289.77359,0.289209,1.0,291.645599,0.289556,1.0,292.155212,0.287652,1.0,292.450409,0.285421,1.0,291.498413,0.286853,1.0,291.777588,0.2891,1.0,292.069611,0.287724,1.0,289.9888,0.295078,1.0,266.006409,0.312414,0.939821
BATCH_DAYLIGHT_Abnormal_2026-03-19T21-03-56-365521,BATCH DAYLIGHT,train,5500,semiquant,Leukocytes:Small 70,Leukocytes:Small 70,,,Leukocytes,Small 70,BATCH_DAYLIGHT_Abnormal_2026-03-19T21-03-56-365521_SEMIQUANT_FROM_BINARY.zip,1,1,0,,80.639999,0.165347,0.701561,106.151199,0.151267,0.559526,64.676003,0.135942,0.654743,32.203999,0.216485,0.716205,106.618401,0.291023,0.507799,89.346397,0.020704,0.735989,76.405602,0.01658,0.585244,0.0,0.0,0.0,0.0,0.0,0.0,0.0,0.0,0.0
BATCH_DAYLIGHT_Abnormal_2026-03-19T21-03-56-365521,BATCH DAYLIGHT,train,5500,semiquant,Nitrite:Positive,Nitrite:Positive,,,Nitrite,Positive,BATCH_DAYLIGHT_Abnormal_2026-03-19T21-03-56-365521_SEMIQUANT_FROM_BINARY.zip,1,1,0,,80.639999,0.165347,0.701561,106.151199,0.151267,0.559526,64.676003,0.135942,0.654743,32.203999,0.216485,0.716205,106.618401,0.291023,0.507799,89.346397,0.020704,0.735989,76.405602,0.01658,0.585244,0.0,0.0,0.0,0.0,0.0,0.0,0.0,0.0,0.0
BATCH_DAYLIGHT_Abnormal_2026-03-19T21-03-56-365521,BATCH DAYLIGHT,train,5500,semiquant,Urobilinogen:32,Urobilinogen:32,,,Urobilinogen,32,BATCH_DAYLIGHT_Abnormal_2026-03-19T21-03-56-365521_SEMIQUANT_FROM_BINARY.zip,1,1,0,,80.639999,0.165347,0.701561,106.151199,0.151267,0.559526,64.676003,0.135942,0.654743,32.203999,0.216485,0.716205,106.618401,0.291023,0.507799,89.346397,0.020704,0.735989,76.405602,0.01658,0.585244,0.0,0.0,0.0,0.0,0.0,0.0,0.0,0.0,0.0
BATCH_DAYLIGHT_Abnormal_2026-03-19T21-03-56-365521,BATCH DAYLIGHT,train,5500,semiquant,Protein:3.0,Protein:3.0,,,Protein,3.0,BATCH_DAYLIGHT_Abnormal_2026-03-19T21-03-56-365521_SEMIQUANT_FROM_BINARY.zip,1,1,0,,80.639999,0.165347,0.701561,106.151199,0.151267,0.559526,64.676003,0.135942,0.654743,32.203999,0.216485,0.716205,106.618401,0.291023,0.507799,89.346397,0.020704,0.735989,76.405602,0.01658,0.585244,0.0,0.0,0.0,0.0,0.0,0.0,0.0,0.0,0.0
BATCH_DAYLIGHT_Abnormal_2026-03-19T21-03-56-365521,BATCH DAYLIGHT,train,5500,semiquant,pH:6.5,pH:6.5,,,pH,6.5,BATCH_DAYLIGHT_Abnormal_2026-03-19T21-03-56-365521_SEMIQUANT_FROM_BINARY.zip,1,1,0,,80.639999,0.165347,0.701561,106.151199,0.151267,0.559526,64.676003,0.135942,0.654743,32.203999,0.216485,0.716205,106.618401,0.291023,0.507799,89.346397,0.020704,0.735989,76.405602,0.01658,0.585244,0.0,0.0,0.0,0.0,0.0,0.0,0.0,0.0,0.0
BATCH_DAYLIGHT_Abnormal_2026-03-19T21-03-56-365521,BATCH DAYLIGHT,train,5500,semiquant,Blood:Moderate 80,Blood:Moderate 80,,,Blood,Moderate 80,BATCH_DAYLIGHT_Abnormal_2026-03-19T21-03-56-365521_SEMIQUANT_FROM_BINARY.zip,1,1,0,,80.639999,0.165347,0.701561,106.151199,0.151267,0.559526,64.676003,0.135942,0.654743,32.203999,0.216485,0.716205,106.618401,0.291023,0.507799,89.346397,0.020704,0.735989,76.405602,0.01658,0.585244,0.0,0.0,0.0,0.0,0.0,0.0,0.0,0.0,0.0
BATCH_DAYLIGHT_Abnormal_2026-03-19T21-03-56-365521,BATCH DAYLIGHT,train,5500,semiquant,Specific Gravity:1.005,Specific Gravity:1.005,,,Specific Gravity,1.005,BATCH_DAYLIGHT_Abnormal_2026-03-19T21-03-56-365521_SEMIQUANT_FROM_BINARY.zip,1,1,0,,80.639999,0.165347,0.701561,106.151199,0.151267,0.559526,64.676003,0.135942,0.654743,32.203999,0.216485,0.716205,106.618401,0.291023,0.507799,89.346397,0.020704,0.735989,76.405602,0.01658,0.585244,0.0,0.0,0.0,0.0,0.0,0.0,0.0,0.0,0.0
BATCH_DAYLIGHT_Abnormal_2026-03-19T21-03-56-365521,BATCH DAYLIGHT,train,5500,semiquant,Ketone:8.0,Ketone:8.0,,,Ketone,8.0,BATCH_DAYLIGHT_Abnormal_2026-03-19T21-03-56-365521_SEMIQUANT_FROM_BINARY.zip,1,1,0,,80.639999,0.165347,0.701561,106.151199,0.151267,0.559526,64.676003,0.135942,0.654743,32.203999,0.216485,0.716205,106.618401,0.291023,0.507799,89.346397,0.020704,0.735989,76.405602,0.01658,0.585244,0.0,0.0,0.0,0.0,0.0,0.0,0.0,0.0,0.0
BATCH_DAYLIGHT_Abnormal_2026-03-19T21-03-56-365521,BATCH DAYLIGHT,train,5500,semiquant,Bilirubin:Moderate 50,Bilirubin:Moderate 50,,,Bilirubin,Moderate 50,BATCH_DAYLIGHT_Abnormal_2026-03-19T21-03-56-365521_SEMIQUANT_FROM_BINARY.zip,1,1,0,,80.639999,0.165347,0.701561,106.151199,0.151267,0.559526,64.676003,0.135942,0.654743,32.203999,0.216485,0.716205,106.618401,0.291023,0.507799,89.346397,0.020704,0.735989,76.405602,0.01658,0.585244,0.0,0.0,0.0,0.0,0.0,0.0,0.0,0.0,0.0
BATCH_DAYLIGHT_Abnormal_2026-03-19T21-03-56-365521,BATCH DAYLIGHT,train,5500,semiquant,Glucose:60 +++,Glucose:60 +++,,,Glucose,60 +++,BATCH_DAYLIGHT_Abnormal_2026-03-19T21-03-56-365521_SEMIQUANT_FROM_BINARY.zip,1,1,0,,80.639999,0.165347,0.701561,106.151199,0.151267,0.559526,64.676003,0.135942,0.654743,32.203999,0.216485,0.716205,106.618401,0.291023,0.507799,89.346397,0.020704,0.735989,76.405602,0.01658,0.585244,0.0,0.0,0.0,0.0,0.0,0.0,0.0,0.0,0.0
BATCH_DAYLIGHT_Abnormal_2026-03-19T21-03-56-365521,BATCH DAYLIGHT,train,5500,semiquant,Leukocytes:Moderate 125,Leukocytes:Moderate 125,,,Leukocytes,Moderate 125,BATCH_DAYLIGHT_Abnormal_2026-03-19T21-03-56-365521_SEMIQUANT_FROM_BINARY.zip,1,1,0,,87.3424,0.165366,0.701619,109.459999,0.151564,0.556513,64.188004,0.13755,0.652888,28.952,0.22139,0.715457,99.860001,0.300612,0.50075,63.107201,0.02128,0.735906,45.622398,0.015382,0.554276,0.0,0.0,0.0,0.0,0.0,0.0,0.0,0.0,0.0
BATCH_DAYLIGHT_Abnormal_2026-03-19T21-03-56-365521,BATCH DAYLIGHT,train,5500,semiquant,Nitrite:Positive,Nitrite:Positive,,,Nitrite,Positive,BATCH_DAYLIGHT_Abnormal_2026-03-19T21-03-56-365521_SEMIQUANT_FROM_BINARY.zip,1,1,0,,87.3424,0.165366,0.701619,109.459999,0.151564,0.556513,64.188004,0.13755,0.652888,28.952,0.22139,0.715457,99.860001,0.300612,0.50075,63.107201,0.02128,0.735906,45.622398,0.015382,0.554276,0.0,0.0,0.0,0.0,0.0,0.0,0.0,0.0,0.0
BATCH_DAYLIGHT_Abnormal_2026-03-19T21-03-56-365521,BATCH DAYLIGHT,train,5500,semiquant,Urobilinogen:64,Urobilinogen:64,,,Urobilinogen,64,BATCH_DAYLIGHT_Abnormal_2026-03-19T21-03-56-365521_SEMIQUANT_FROM_BINARY.zip,1,1,0,,87.3424,0.165366,0.701619,109.459999,0.151564,0.556513,64.188004,0.13755,0.652888,28.952,0.22139,0.715457,99.860001,0.300612,0.50075,63.107201,0.02128,0.735906,45.622398,0.015382,0.554276,0.0,0.0,0.0,0.0,0.0,0.0,0.0,0.0,0.0
BATCH_DAYLIGHT_Abnormal_2026-03-19T21-03-56-365521,BATCH DAYLIGHT,train,5500,semiquant,Protein:>=20.0,Protein:>=20.0,,,Protein,>=20.0,BATCH_DAYLIGHT_Abnormal_2026-03-19T21-03-56-365521_SEMIQUANT_FROM_BINARY.zip,1,1,0,,87.3424,0.165366,0.701619,109.459999,0.151564,0.556513,64.188004,0.13755,0.652888,28.952,0.22139,0.715457,99.860001,0.300612,0.50075,63.107201,0.02128,0.735906,45.622398,0.015382,0.554276,0.0,0.0,0.0,0.0,0.0,0.0,0.0,0.0,0.0
BATCH_DAYLIGHT_Abnormal_2026-03-19T21-03-56-365521,BATCH DAYLIGHT,train,5500,semiquant,pH:7.0,pH:7.0,,,pH,7.0,BATCH_DAYLIGHT_Abnormal_2026-03-19T21-03-56-365521_SEMIQUANT_FROM_BINARY.zip,1,1,0,,87.3424,0.165366,0.701619,109.459999,0.151564,0.556513,64.188004,0.13755,0.652888,28.952,0.22139,0.715457,99.860001,0.300612,0.50075,63.107201,0.02128,0.735906,45.622398,0.015382,0.554276,0.0,0.0,0.0,0.0,0.0,0.0,0.0,0.0,0.0
BATCH_DAYLIGHT_Abnormal_2026-03-19T21-03-56-365521,BATCH DAYLIGHT,train,5500,semiquant,Blood:Large 200,Blood:Large 200,,,Blood,Large 200,BATCH_DAYLIGHT_Abnormal_2026-03-19T21-03-56-365521_SEMIQUANT_FROM_BINARY.zip,1,1,0,,87.3424,0.165366,0.701619,109.459999,0.151564,0.556513,64.188004,0.13755,0.652888,28.952,0.22139,0.715457,99.860001,0.300612,0.50075,63.107201,0.02128,0.735906,45.622398,0.015382,0.554276,0.0,0.0,0.0,0.0,0.0,0.0,0.0,0.0,0.0
BATCH_DAYLIGHT_Abnormal_2026-03-19T21-03-56-365521,BATCH DAYLIGHT,train,5500,semiquant,Specific Gravity:1.010,Specific Gravity:1.010,,,Specific Gravity,1.010,BATCH_DAYLIGHT_Abnormal_2026-03-19T21-03-56-365521_SEMIQUANT_FROM_BINARY.zip,1,1,0,,87.3424,0.165366,0.701619,109.459999,0.151564,0.556513,64.188004,0.13755,0.652888,28.952,0.22139,0.715457,99.860001,0.300612,0.50075,63.107201,0.02128,0.735906,45.622398,0.015382,0.554276,0.0,0.0,0.0,0.0,0.0,0.0,0.0,0.0,0.0
BATCH_DAYLIGHT_Abnormal_2026-03-19T21-03-56-365521,BATCH DAYLIGHT,train,5500,semiquant,Ketone:Large 16,Ketone:Large 16,,,Ketone,Large 16,BATCH_DAYLIGHT_Abnormal_2026-03-19T21-03-56-365521_SEMIQUANT_FROM_BINARY.zip,1,1,0,,87.3424,0.165366,0.701619,109.459999,0.151564,0.556513,64.188004,0.13755,0.652888,28.952,0.22139,0.715457,99.860001,0.300612,0.50075,63.107201,0.02128,0.735906,45.622398,0.015382,0.554276,0.0,0.0,0.0,0.0,0.0,0.0,0.0,0.0,0.0
BATCH_DAYLIGHT_Abnormal_2026-03-19T21-03-56-365521,BATCH DAYLIGHT,train,5500,semiquant,Bilirubin:Large 100,Bilirubin:Large 100,,,Bilirubin,Large 100,BATCH_DAYLIGHT_Abnormal_2026-03-19T21-03-56-365521_SEMIQUANT_FROM_BINARY.zip,1,1,0,,87.3424,0.165366,0.701619,109.459999,0.151564,0.556513,64.188004,0.13755,0.652888,28.952,0.22139,0.715457,99.860001,0.300612,0.50075,63.107201,0.02128,0.735906,45.622398,0.015382,0.554276,0.0,0.0,0.0,0.0,0.0,0.0,0.0,0.0,0.0
BATCH_DAYLIGHT_Abnormal_2026-03-19T21-03-56-365521,BATCH DAYLIGHT,train,5500,semiquant,Glucose:110 ++++,Glucose:110 ++++,,,Glucose,110 ++++,BATCH_DAYLIGHT_Abnormal_2026-03-19T21-03-56-365521_SEMIQUANT_FROM_BINARY.zip,1,1,0,,87.3424,0.165366,0.701619,109.459999,0.151564,0.556513,64.188004,0.13755,0.652888,28.952,0.22139,0.715457,99.860001,0.300612,0.50075,63.107201,0.02128,0.735906,45.622398,0.015382,0.554276,0.0,0.0,0.0,0.0,0.0,0.0,0.0,0.0,0.0
BATCH_DAYLIGHT_Abnormal_2026-03-19T21-03-56-365521,BATCH DAYLIGHT,train,5500,semiquant,Leukocytes:Large 500,Leukocytes:Large 500,,,Leukocytes,Large 500,BATCH_DAYLIGHT_Abnormal_2026-03-19T21-03-56-365521_SEMIQUANT_FROM_BINARY.zip,1,1,0,,64.055199,0.175377,0.704842,95.183998,0.161446,0.554158,49.456001,0.141363,0.653084,22.7104,0.219366,0.714982,38.7616,0.296019,0.504612,37.524799,0.02408,0.733016,41.1768,0.018282,0.546654,0.0,0.0,0.0,0.0,0.0,0.0,0.0,0.0,0.0
BATCH_DAYLIGHT_Abnormal_2026-03-19T21-03-56-365521,BATCH DAYLIGHT,train,5500,semiquant,Nitrite:Positive,Nitrite:Positive,,,Nitrite,Positive,BATCH_DAYLIGHT_Abnormal_2026-03-19T21-03-56-365521_SEMIQUANT_FROM_BINARY.zip,1,1,0,,64.055199,0.175377,0.704842,95.183998,0.161446,0.554158,49.456001,0.141363,0.653084,22.7104,0.219366,0.714982,38.7616,0.296019,0.504612,37.524799,0.02408,0.733016,41.1768,0.018282,0.546654,0.0,0.0,0.0,0.0,0.0,0.0,0.0,0.0,0.0
BATCH_DAYLIGHT_Abnormal_2026-03-19T21-03-56-365521,BATCH DAYLIGHT,train,5500,semiquant,Urobilinogen:128,Urobilinogen:128,,,Urobilinogen,128,BATCH_DAYLIGHT_Abnormal_2026-03-19T21-03-56-365521_SEMIQUANT_FROM_BINARY.zip,1,1,0,,64.055199,0.175377,0.704842,95.183998,0.161446,0.554158,49.456001,0.141363,0.653084,22.7104,0.219366,0.714982,38.7616,0.296019,0.504612,37.524799,0.02408,0.733016,41.1768,0.018282,0.546654,0.0,0.0,0.0,0.0,0.0,0.0,0.0,0.0,0.0
BATCH_DAYLIGHT_Abnormal_2026-03-19T21-03-56-365521,BATCH DAYLIGHT,train,5500,semiquant,Protein:Trace,Protein:Trace,,,Protein,Trace,BATCH_DAYLIGHT_Abnormal_2026-03-19T21-03-56-365521_SEMIQUANT_FROM_BINARY.zip,1,1,0,,64.055199,0.175377,0.704842,95.183998,0.161446,0.554158,49.456001,0.141363,0.653084,22.7104,0.219366,0.714982,38.7616,0.296019,0.504612,37.524799,0.02408,0.733016,41.1768,0.018282,0.546654,0.0,0.0,0.0,0.0,0.0,0.0,0.0,0.0,0.0
BATCH_DAYLIGHT_Abnormal_2026-03-19T21-03-56-365521,BATCH DAYLIGHT,train,5500,semiquant,pH:7.5,pH:7.5,,,pH,7.5,BATCH_DAYLIGHT_Abnormal_2026-03-19T21-03-56-365521_SEMIQUANT_FROM_BINARY.zip,1,1,0,,64.055199,0.175377,0.704842,95.183998,0.161446,0.554158,49.456001,0.141363,0.653084,22.7104,0.219366,0.714982,38.7616,0.296019,0.504612,37.524799,0.02408,0.733016,41.1768,0.018282,0.546654,0.0,0.0,0.0,0.0,0.0,0.0,0.0,0.0,0.0
BATCH_DAYLIGHT_Abnormal_2026-03-19T21-03-56-365521,BATCH DAYLIGHT,train,5500,semiquant,Blood:Non-hemolyzed 10,Blood:Non-hemolyzed 10,,,Blood,Non-hemolyzed 10,BATCH_DAYLIGHT_Abnormal_2026-03-19T21-03-56-365521_SEMIQUANT_FROM_BINARY.zip,1,1,0,,64.055199,0.175377,0.704842,95.183998,0.161446,0.554158,49.456001,0.141363,0.653084,22.7104,0.219366,0.714982,38.7616,0.296019,0.504612,37.524799,0.02408,0.733016,41.1768,0.018282,0.546654,0.0,0.0,0.0,0.0,0.0,0.0,0.0,0.0,0.0
BATCH_DAYLIGHT_Abnormal_2026-03-19T21-03-56-365521,BATCH DAYLIGHT,train,5500,semiquant,Specific Gravity:1.020,Specific Gravity:1.020,,,Specific Gravity,1.020,BATCH_DAYLIGHT_Abnormal_2026-03-19T21-03-56-365521_SEMIQUANT_FROM_BINARY.zip,1,1,0,,64.055199,0.175377,0.704842,95.183998,0.161446,0.554158,49.456001,0.141363,0.653084,22.7104,0.219366,0.714982,38.7616,0.296019,0.504612,37.524799,0.02408,0.733016,41.1768,0.018282,0.546654,0.0,0.0,0.0,0.0,0.0,0.0,0.0,0.0,0.0
BATCH_DAYLIGHT_Abnormal_2026-03-19T21-03-56-365521,BATCH DAYLIGHT,train,5500,semiquant,Ketone:Trace 0.5,Ketone:Trace 0.5,,,Ketone,Trace 0.5,BATCH_DAYLIGHT_Abnormal_2026-03-19T21-03-56-365521_SEMIQUANT_FROM_BINARY.zip,1,1,0,,64.055199,0.175377,0.704842,95.183998,0.161446,0.554158,49.456001,0.141363,0.653084,22.7104,0.219366,0.714982,38.7616,0.296019,0.504612,37.524799,0.02408,0.733016,41.1768,0.018282,0.546654,0.0,0.0,0.0,0.0,0.0,0.0,0.0,0.0,0.0
BATCH_DAYLIGHT_Abnormal_2026-03-19T21-03-56-365521,BATCH DAYLIGHT,train,5500,semiquant,Bilirubin:Small 17,Bilirubin:Small 17,,,Bilirubin,Small 17,BATCH_DAYLIGHT_Abnormal_2026-03-19T21-03-56-365521_SEMIQUANT_FROM_BINARY.zip,1,1,0,,64.055199,0.175377,0.704842,95.183998,0.161446,0.554158,49.456001,0.141363,0.653084,22.7104,0.219366,0.714982,38.7616,0.296019,0.504612,37.524799,0.02408,0.733016,41.1768,0.018282,0.546654,0.0,0.0,0.0,0.0,0.0,0.0,0.0,0.0,0.0
BATCH_DAYLIGHT_Abnormal_2026-03-19T21-03-56-365521,BATCH DAYLIGHT,train,5500,semiquant,Glucose:Trace 5,Glucose:Trace 5,,,Glucose,Trace 5,BATCH_DAYLIGHT_Abnormal_2026-03-19T21-03-56-365521_SEMIQUANT_FROM_BINARY.zip,1,1,0,,64.055199,0.175377,0.704842,95.183998,0.161446,0.554158,49.456001,0.141363,0.653084,22.7104,0.219366,0.714982,38.7616,0.296019,0.504612,37.524799,0.02408,0.733016,41.1768,0.018282,0.546654,0.0,0.0,0.0,0.0,0.0,0.0,0.0,0.0,0.0
BATCH_DAYLIGHT_Abnormal_2026-03-19T21-03-56-365521,BATCH DAYLIGHT,train,5500,semiquant,Leukocytes:Trace 15,Leukocytes:Trace 15,,,Leukocytes,Trace 15,BATCH_DAYLIGHT_Abnormal_2026-03-19T21-03-56-365521_SEMIQUANT_FROM_BINARY.zip,1,1,0,,62.679199,0.181699,0.704213,96.903999,0.161693,0.550118,59.266399,0.141078,0.651453,52.504002,0.219489,0.714206,122.731201,0.292111,0.505928,57.34,0.02296,0.733172,26.770399,0.017569,0.549114,0.0,0.0,0.0,0.0,0.0,0.0,0.0,0.0,0.0
BATCH_DAYLIGHT_Abnormal_2026-03-19T21-03-56-365521,BATCH DAYLIGHT,train,5500,semiquant,Nitrite:Positive,Nitrite:Positive,,,Nitrite,Positive,BATCH_DAYLIGHT_Abnormal_2026-03-19T21-03-56-365521_SEMIQUANT_FROM_BINARY.zip,1,1,0,,62.679199,0.181699,0.704213,96.903999,0.161693,0.550118,59.266399,0.141078,0.651453,52.504002,0.219489,0.714206,122.731201,0.292111,0.505928,57.34,0.02296,0.733172,26.770399,0.017569,0.549114,0.0,0.0,0.0,0.0,0.0,0.0,0.0,0.0,0.0
BATCH_DAYLIGHT_Abnormal_2026-03-19T21-03-56-365521,BATCH DAYLIGHT,train,5500,semiquant,Urobilinogen:16,Urobilinogen:16,,,Urobilinogen,16,BATCH_DAYLIGHT_Abnormal_2026-03-19T21-03-56-365521_SEMIQUANT_FROM_BINARY.zip,1,1,0,,62.679199,0.181699,0.704213,96.903999,0.161693,0.550118,59.266399,0.141078,0.651453,52.504002,0.219489,0.714206,122.731201,0.292111,0.505928,57.34,0.02296,0.733172,26.770399,0.017569,0.549114,0.0,0.0,0.0,0.0,0.0,0.0,0.0,0.0,0.0
BATCH_DAYLIGHT_Abnormal_2026-03-19T21-03-56-365521,BATCH DAYLIGHT,train,5500,semiquant,Protein:0.3,Protein:0.3,,,Protein,0.3,BATCH_DAYLIGHT_Abnormal_2026-03-19T21-03-56-365521_SEMIQUANT_FROM_BINARY.zip,1,1,0,,62.679199,0.181699,0.704213,96.903999,0.161693,0.550118,59.266399,0.141078,0.651453,52.504002,0.219489,0.714206,122.731201,0.292111,0.505928,57.34,0.02296,0.733172,26.770399,0.017569,0.549114,0.0,0.0,0.0,0.0,0.0,0.0,0.0,0.0,0.0
BATCH_DAYLIGHT_Abnormal_2026-03-19T21-03-56-365521,BATCH DAYLIGHT,train,5500,semiquant,pH:8.0,pH:8.0,,,pH,8.0,BATCH_DAYLIGHT_Abnormal_2026-03-19T21-03-56-365521_SEMIQUANT_FROM_BINARY.zip,1,1,0,,62.679199,0.181699,0.704213,96.903999,0.161693,0.550118,59.266399,0.141078,0.651453,52.504002,0.219489,0.714206,122.731201,0.292111,0.505928,57.34,0.02296,0.733172,26.770399,0.017569,0.549114,0.0,0.0,0.0,0.0,0.0,0.0,0.0,0.0,0.0
BATCH_DAYLIGHT_Abnormal_2026-03-19T21-03-56-365521,BATCH DAYLIGHT,train,5500,semiquant,Blood:Hemolyzed 10,Blood:Hemolyzed 10,,,Blood,Hemolyzed 10,BATCH_DAYLIGHT_Abnormal_2026-03-19T21-03-56-365521_SEMIQUANT_FROM_BINARY.zip,1,1,0,,62.679199,0.181699,0.704213,96.903999,0.161693,0.550118,59.266399,0.141078,0.651453,52.504002,0.219489,0.714206,122.731201,0.292111,0.505928,57.34,0.02296,0.733172,26.770399,0.017569,0.549114,0.0,0.0,0.0,0.0,0.0,0.0,0.0,0.0,0.0
BATCH_DAYLIGHT_Abnormal_2026-03-19T21-03-56-365521,BATCH DAYLIGHT,train,5500,semiquant,Specific Gravity:1.025,Specific Gravity:1.025,,,Specific Gravity,1.025,BATCH_DAYLIGHT_Abnormal_2026-03-19T21-03-56-365521_SEMIQUANT_FROM_BINARY.zip,1,1,0,,62.679199,0.181699,0.704213,96.903999,0.161693,0.550118,59.266399,0.141078,0.651453,52.504002,0.219489,0.714206,122.731201,0.292111,0.505928,57.34,0.02296,0.733172,26.770399,0.017569,0.549114,0.0,0.0,0.0,0.0,0.0,0.0,0.0,0.0,0.0
BATCH_DAYLIGHT_Abnormal_2026-03-19T21-03-56-365521,BATCH DAYLIGHT,train,5500,semiquant,Ketone:Small 1.5,Ketone:Small 1.5,,,Ketone,Small 1.5,BATCH_DAYLIGHT_Abnormal_2026-03-19T21-03-56-365521_SEMIQUANT_FROM_BINARY.zip,1,1,0,,62.679199,0.181699,0.704213,96.903999,0.161693,0.550118,59.266399,0.141078,0.651453,52.504002,0.219489,0.714206,122.731201,0.292111,0.505928,57.34,0.02296,0.733172,26.770399,0.017569,0.549114,0.0,0.0,0.0,0.0,0.0,0.0,0.0,0.0,0.0
BATCH_DAYLIGHT_Abnormal_2026-03-19T21-03-56-365521,BATCH DAYLIGHT,train,5500,semiquant,Bilirubin:Moderate 50,Bilirubin:Moderate 50,,,Bilirubin,Moderate 50,BATCH_DAYLIGHT_Abnormal_2026-03-19T21-03-56-365521_SEMIQUANT_FROM_BINARY.zip,1,1,0,,62.679199,0.181699,0.704213,96.903999,0.161693,0.550118,59.266399,0.141078,0.651453,52.504002,0.219489,0.714206,122.731201,0.292111,0.505928,57.34,0.02296,0.733172,26.770399,0.017569,0.549114,0.0,0.0,0.0,0.0,0.0,0.0,0.0,0.0,0.0
BATCH_DAYLIGHT_Abnormal_2026-03-19T21-03-56-365521,BATCH DAYLIGHT,train,5500,semiquant,Glucose:15 +,Glucose:15 +,,,Glucose,15 +,BATCH_DAYLIGHT_Abnormal_2026-03-19T21-03-56-365521_SEMIQUANT_FROM_BINARY.zip,1,1,0,,62.679199,0.181699,0.704213,96.903999,0.161693,0.550118,59.266399,0.141078,0.651453,52.504002,0.219489,0.714206,122.731201,0.292111,0.505928,57.34,0.02296,0.733172,26.770399,0.017569,0.549114,0.0,0.0,0.0,0.0,0.0,0.0,0.0,0.0,0.0
BATCH_DAYLIGHT_Abnormal_2026-03-19T21-03-56-365521,BATCH DAYLIGHT,train,5500,semiquant,Leukocytes:Small 70,Leukocytes:Small 70,,,Leukocytes,Small 70,BATCH_DAYLIGHT_Abnormal_2026-03-19T21-03-56-365521_SEMIQUANT_FROM_BINARY.zip,1,1,0,,76.236801,0.174913,0.702276,98.734398,0.160303,0.552245,69.043198,0.140551,0.652119,46.716801,0.219358,0.71442,103.136002,0.292678,0.504784,68.028801,0.021586,0.734348,42.950401,0.018265,0.621787,0.0,0.0,0.0,0.0,0.0,0.0,0.0,0.0,0.0
BATCH_DAYLIGHT_Abnormal_2026-03-19T21-03-56-365521,BATCH DAYLIGHT,train,5500,semiquant,Nitrite:Positive,Nitrite:Positive,,,Nitrite,Positive,BATCH_DAYLIGHT_Abnormal_2026-03-19T21-03-56-365521_SEMIQUANT_FROM_BINARY.zip,1,1,0,,76.236801,0.174913,0.702276,98.734398,0.160303,0.552245,69.043198,0.140551,0.652119,46.716801,0.219358,0.71442,103.136002,0.292678,0.504784,68.028801,0.021586,0.734348,42.950401,0.018265,0.621787,0.0,0.0,0.0,0.0,0.0,0.0,0.0,0.0,0.0
BATCH_DAYLIGHT_Abnormal_2026-03-19T21-03-56-365521,BATCH DAYLIGHT,train,5500,semiquant,Urobilinogen:32,Urobilinogen:32,,,Urobilinogen,32,BATCH_DAYLIGHT_Abnormal_2026-03-19T21-03-56-365521_SEMIQUANT_FROM_BINARY.zip,1,1,0,,76.236801,0.174913,0.702276,98.734398,0.160303,0.552245,69.043198,0.140551,0.652119,46.716801,0.219358,0.71442,103.136002,0.292678,0.504784,68.028801,0.021586,0.734348,42.950401,0.018265,0.621787,0.0,0.0,0.0,0.0,0.0,0.0,0.0,0.0,0.0
BATCH_DAYLIGHT_Abnormal_2026-03-19T21-03-56-365521,BATCH DAYLIGHT,train,5500,semiquant,Protein:1.0,Protein:1.0,,,Protein,1.0,BATCH_DAYLIGHT_Abnormal_2026-03-19T21-03-56-365521_SEMIQUANT_FROM_BINARY.zip,1,1,0,,76.236801,0.174913,0.702276,98.734398,0.160303,0.552245,69.043198,0.140551,0.652119,46.716801,0.219358,0.71442,103.136002,0.292678,0.504784,68.028801,0.021586,0.734348,42.950401,0.018265,0.621787,0.0,0.0,0.0,0.0,0.0,0.0,0.0,0.0,0.0
BATCH_DAYLIGHT_Abnormal_2026-03-19T21-03-56-365521,BATCH DAYLIGHT,train,5500,semiquant,pH:8.5,pH:8.5,,,pH,8.5,BATCH_DAYLIGHT_Abnormal_2026-03-19T21-03-56-365521_SEMIQUANT_FROM_BINARY.zip,1,1,0,,76.236801,0.174913,0.702276,98.734398,0.160303,0.552245,69.043198,0.140551,0.652119,46.716801,0.219358,0.71442,103.136002,0.292678,0.504784,68.028801,0.021586,0.734348,42.950401,0.018265,0.621787,0.0,0.0,0.0,0.0,0.0,0.0,0.0,0.0,0.0
BATCH_DAYLIGHT_Abnormal_2026-03-19T21-03-56-365521,BATCH DAYLIGHT,train,5500,semiquant,Blood:Small 25,Blood:Small 25,,,Blood,Small 25,BATCH_DAYLIGHT_Abnormal_2026-03-19T21-03-56-365521_SEMIQUANT_FROM_BINARY.zip,1,1,0,,76.236801,0.174913,0.702276,98.734398,0.160303,0.552245,69.043198,0.140551,0.652119,46.716801,0.219358,0.71442,103.136002,0.292678,0.504784,68.028801,0.021586,0.734348,42.950401,0.018265,0.621787,0.0,0.0,0.0,0.0,0.0,0.0,0.0,0.0,0.0
BATCH_DAYLIGHT_Abnormal_2026-03-19T21-03-56-365521,BATCH DAYLIGHT,train,5500,semiquant,Specific Gravity:1.030,Specific Gravity:1.030,,,Specific Gravity,1.030,BATCH_DAYLIGHT_Abnormal_2026-03-19T21-03-56-365521_SEMIQUANT_FROM_BINARY.zip,1,1,0,,76.236801,0.174913,0.702276,98.734398,0.160303,0.552245,69.043198,0.140551,0.652119,46.716801,0.219358,0.71442,103.136002,0.292678,0.504784,68.028801,0.021586,0.734348,42.950401,0.018265,0.621787,0.0,0.0,0.0,0.0,0.0,0.0,0.0,0.0,0.0
BATCH_DAYLIGHT_Abnormal_2026-03-19T21-03-56-365521,BATCH DAYLIGHT,train,5500,semiquant,Ketone:Moderate 4.0,Ketone:Moderate 4.0,,,Ketone,Moderate 4.0,BATCH_DAYLIGHT_Abnormal_2026-03-19T21-03-56-365521_SEMIQUANT_FROM_BINARY.zip,1,1,0,,76.236801,0.174913,0.702276,98.734398,0.160303,0.552245,69.043198,0.140551,0.652119,46.716801,0.219358,0.71442,103.136002,0.292678,0.504784,68.028801,0.021586,0.734348,42.950401,0.018265,0.621787,0.0,0.0,0.0,0.0,0.0,0.0,0.0,0.0,0.0
BATCH_DAYLIGHT_Abnormal_2026-03-19T21-03-56-365521,BATCH DAYLIGHT,train,5500,semiquant,Bilirubin:Large 100,Bilirubin:Large 100,,,Bilirubin,Large 100,BATCH_DAYLIGHT_Abnormal_2026-03-19T21-03-56-365521_SEMIQUANT_FROM_BINARY.zip,1,1,0,,76.236801,0.174913,0.702276,98.734398,0.160303,0.552245,69.043198,0.140551,0.652119,46.716801,0.219358,0.71442,103.136002,0.292678,0.504784,68.028801,0.021586,0.734348,42.950401,0.018265,0.621787,0.0,0.0,0.0,0.0,0.0,0.0,0.0,0.0,0.0
BATCH_DAYLIGHT_Abnormal_2026-03-19T21-03-56-365521,BATCH DAYLIGHT,train,5500,semiquant,Glucose:30 ++,Glucose:30 ++,,,Glucose,30 ++,BATCH_DAYLIGHT_Abnormal_2026-03-19T21-03-56-365521_SEMIQUANT_FROM_BINARY.zip,1,1,0,,76.236801,0.174913,0.702276,98.734398,0.160303,0.552245,69.043198,0.140551,0.652119,46.716801,0.219358,0.71442,103.136002,0.292678,0.504784,68.028801,0.021586,0.734348,42.950401,0.018265,0.621787,0.0,0.0,0.0,0.0,0.0,0.0,0.0,0.0,0.0
BATCH_DAYLIGHT_Abnormal_2026-03-19T21-03-56-365521,BATCH DAYLIGHT,train,5500,semiquant,Leukocytes:Moderate 125,Leukocytes:Moderate 125,,,Leukocytes,Moderate 125,BATCH_DAYLIGHT_Abnormal_2026-03-19T21-03-56-365521_SEMIQUANT_FROM_BINARY.zip,1,1,0,,209.877594,0.01214,0.709953,209.189606,0.012563,0.710775,210.128006,0.01181,0.713015,208.179993,0.011796,0.71629,201.304001,0.011224,0.716562,181.259995,0.009562,0.717901,177.552002,0.009962,0.720312,143.996002,0.006976,0.721142,135.503998,0.00872,0.726842,42.012001,0.005479,0.718791
BATCH_DAYLIGHT_Abnormal_2026-03-19T21-03-56-365521,BATCH DAYLIGHT,train,5500,semiquant,Nitrite:Positive,Nitrite:Positive,,,Nitrite,Positive,BATCH_DAYLIGHT_Abnormal_2026-03-19T21-03-56-365521_SEMIQUANT_FROM_BINARY.zip,1,1,0,,209.877594,0.01214,0.709953,209.189606,0.012563,0.710775,210.128006,0.01181,0.713015,208.179993,0.011796,0.71629,201.304001,0.011224,0.716562,181.259995,0.009562,0.717901,177.552002,0.009962,0.720312,143.996002,0.006976,0.721142,135.503998,0.00872,0.726842,42.012001,0.005479,0.718791
BATCH_DAYLIGHT_Abnormal_2026-03-19T21-03-56-365521,BATCH DAYLIGHT,train,5500,semiquant,Urobilinogen:64,Urobilinogen:64,,,Urobilinogen,64,BATCH_DAYLIGHT_Abnormal_2026-03-19T21-03-56-365521_SEMIQUANT_FROM_BINARY.zip,1,1,0,,209.877594,0.01214,0.709953,209.189606,0.012563,0.710775,210.128006,0.01181,0.713015,208.179993,0.011796,0.71629,201.304001,0.011224,0.716562,181.259995,0.009562,0.717901,177.552002,0.009962,0.720312,143.996002,0.006976,0.721142,135.503998,0.00872,0.726842,42.012001,0.005479,0.718791
BATCH_DAYLIGHT_Abnormal_2026-03-19T21-03-56-365521,BATCH DAYLIGHT,train,5500,semiquant,Protein:3.0,Protein:3.0,,,Protein,3.0,BATCH_DAYLIGHT_Abnormal_2026-03-19T21-03-56-365521_SEMIQUANT_FROM_BINARY.zip,1,1,0,,209.877594,0.01214,0.709953,209.189606,0.012563,0.710775,210.128006,0.01181,0.713015,208.179993,0.011796,0.71629,201.304001,0.011224,0.716562,181.259995,0.009562,0.717901,177.552002,0.009962,0.720312,143.996002,0.006976,0.721142,135.503998,0.00872,0.726842,42.012001,0.005479,0.718791
BATCH_DAYLIGHT_Abnormal_2026-03-19T21-03-56-365521,BATCH DAYLIGHT,train,5500,semiquant,pH:5.0,pH:5.0,,,pH,5.0,BATCH_DAYLIGHT_Abnormal_2026-03-19T21-03-56-365521_SEMIQUANT_FROM_BINARY.zip,1,1,0,,209.877594,0.01214,0.709953,209.189606,0.012563,0.710775,210.128006,0.01181,0.713015,208.179993,0.011796,0.71629,201.304001,0.011224,0.716562,181.259995,0.009562,0.717901,177.552002,0.009962,0.720312,143.996002,0.006976,0.721142,135.503998,0.00872,0.726842,42.012001,0.005479,0.718791
BATCH_DAYLIGHT_Abnormal_2026-03-19T21-03-56-365521,BATCH DAYLIGHT,train,5500,semiquant,Blood:Moderate 80,Blood:Moderate 80,,,Blood,Moderate 80,BATCH_DAYLIGHT_Abnormal_2026-03-19T21-03-56-365521_SEMIQUANT_FROM_BINARY.zip,1,1,0,,209.877594,0.01214,0.709953,209.189606,0.012563,0.710775,210.128006,0.01181,0.713015,208.179993,0.011796,0.71629,201.304001,0.011224,0.716562,181.259995,0.009562,0.717901,177.552002,0.009962,0.720312,143.996002,0.006976,0.721142,135.503998,0.00872,0.726842,42.012001,0.005479,0.718791
BATCH_DAYLIGHT_Abnormal_2026-03-19T21-03-56-365521,BATCH DAYLIGHT,train,5500,semiquant,Specific Gravity:1.000,Specific Gravity:1.000,,,Specific Gravity,1.000,BATCH_DAYLIGHT_Abnormal_2026-03-19T21-03-56-365521_SEMIQUANT_FROM_BINARY.zip,1,1,0,,209.877594,0.01214,0.709953,209.189606,0.012563,0.710775,210.128006,0.01181,0.713015,208.179993,0.011796,0.71629,201.304001,0.011224,0.716562,181.259995,0.009562,0.717901,177.552002,0.009962,0.720312,143.996002,0.006976,0.721142,135.503998,0.00872,0.726842,42.012001,0.005479,0.718791
BATCH_DAYLIGHT_Abnormal_2026-03-19T21-03-56-365521,BATCH DAYLIGHT,train,5500,semiquant,Ketone:8.0,Ketone:8.0,,,Ketone,8.0,BATCH_DAYLIGHT_Abnormal_2026-03-19T21-03-56-365521_SEMIQUANT_FROM_BINARY.zip,1,1,0,,209.877594,0.01214,0.709953,209.189606,0.012563,0.710775,210.128006,0.01181,0.713015,208.179993,0.011796,0.71629,201.304001,0.011224,0.716562,181.259995,0.009562,0.717901,177.552002,0.009962,0.720312,143.996002,0.006976,0.721142,135.503998,0.00872,0.726842,42.012001,0.005479,0.718791
BATCH_DAYLIGHT_Abnormal_2026-03-19T21-03-56-365521,BATCH DAYLIGHT,train,5500,semiquant,Bilirubin:Small 17,Bilirubin:Small 17,,,Bilirubin,Small 17,BATCH_DAYLIGHT_Abnormal_2026-03-19T21-03-56-365521_SEMIQUANT_FROM_BINARY.zip,1,1,0,,209.877594,0.01214,0.709953,209.189606,0.012563,0.710775,210.128006,0.01181,0.713015,208.179993,0.011796,0.71629,201.304001,0.011224,0.716562,181.259995,0.009562,0.717901,177.552002,0.009962,0.720312,143.996002,0.006976,0.721142,135.503998,0.00872,0.726842,42.012001,0.005479,0.718791
BATCH_DAYLIGHT_Abnormal_2026-03-19T21-03-56-365521,BATCH DAYLIGHT,train,5500,semiquant,Glucose:60 +++,Glucose:60 +++,,,Glucose,60 +++,BATCH_DAYLIGHT_Abnormal_2026-03-19T21-03-56-365521_SEMIQUANT_FROM_BINARY.zip,1,1,0,,209.877594,0.01214,0.709953,209.189606,0.012563,0.710775,210.128006,0.01181,0.713015,208.179993,0.011796,0.71629,201.304001,0.011224,0.716562,181.259995,0.009562,0.717901,177.552002,0.009962,0.720312,143.996002,0.006976,0.721142,135.503998,0.00872,0.726842,42.012001,0.005479,0.718791
BATCH_DAYLIGHT_Abnormal_2026-03-19T21-03-56-365521,BATCH DAYLIGHT,train,5500,semiquant,Leukocytes:Large 500,Leukocytes:Large 500,,,Leukocytes,Large 500,BATCH_DAYLIGHT_Abnormal_2026-03-19T21-03-56-365521_SEMIQUANT_FROM_BINARY.zip,1,1,0,,77.984001,0.176066,0.700968,100.307999,0.158383,0.552124,66.503998,0.138367,0.652387,56.322399,0.214827,0.715846,118.6064,0.282985,0.51371,95.660797,0.019639,0.735409,82.255997,0.016957,0.619203,0.0,0.0,0.0,0.0,0.0,0.0,0.0,0.0,0.0
BATCH_DAYLIGHT_Abnormal_2026-03-19T21-03-56-365521,BATCH DAYLIGHT,train,5500,semiquant,Nitrite:Positive,Nitrite:Positive,,,Nitrite,Positive,BATCH_DAYLIGHT_Abnormal_2026-03-19T21-03-56-365521_SEMIQUANT_FROM_BINARY.zip,1,1,0,,77.984001,0.176066,0.700968,100.307999,0.158383,0.552124,66.503998,0.138367,0.652387,56.322399,0.214827,0.715846,118.6064,0.282985,0.51371,95.660797,0.019639,0.735409,82.255997,0.016957,0.619203,0.0,0.0,0.0,0.0,0.0,0.0,0.0,0.0,0.0
BATCH_DAYLIGHT_Abnormal_2026-03-19T21-03-56-365521,BATCH DAYLIGHT,train,5500,semiquant,Urobilinogen:128,Urobilinogen:128,,,Urobilinogen,128,BATCH_DAYLIGHT_Abnormal_2026-03-19T21-03-56-365521_SEMIQUANT_FROM_BINARY.zip,1,1,0,,77.984001,0.176066,0.700968,100.307999,0.158383,0.552124,66.503998,0.138367,0.652387,56.322399,0.214827,0.715846,118.6064,0.282985,0.51371,95.660797,0.019639,0.735409,82.255997,0.016957,0.619203,0.0,0.0,0.0,0.0,0.0,0.0,0.0,0.0,0.0
BATCH_DAYLIGHT_Abnormal_2026-03-19T21-03-56-365521,BATCH DAYLIGHT,train,5500,semiquant,Protein:>=20.0,Protein:>=20.0,,,Protein,>=20.0,BATCH_DAYLIGHT_Abnormal_2026-03-19T21-03-56-365521_SEMIQUANT_FROM_BINARY.zip,1,1,0,,77.984001,0.176066,0.700968,100.307999,0.158383,0.552124,66.503998,0.138367,0.652387,56.322399,0.214827,0.715846,118.6064,0.282985,0.51371,95.660797,0.019639,0.735409,82.255997,0.016957,0.619203,0.0,0.0,0.0,0.0,0.0,0.0,0.0,0.0,0.0
BATCH_DAYLIGHT_Abnormal_2026-03-19T21-03-56-365521,BATCH DAYLIGHT,train,5500,semiquant,pH:6.5,pH:6.5,,,pH,6.5,BATCH_DAYLIGHT_Abnormal_2026-03-19T21-03-56-365521_SEMIQUANT_FROM_BINARY.zip,1,1,0,,77.984001,0.176066,0.700968,100.307999,0.158383,0.552124,66.503998,0.138367,0.652387,56.322399,0.214827,0.715846,118.6064,0.282985,0.51371,95.660797,0.019639,0.735409,82.255997,0.016957,0.619203,0.0,0.0,0.0,0.0,0.0,0.0,0.0,0.0,0.0
BATCH_DAYLIGHT_Abnormal_2026-03-19T21-03-56-365521,BATCH DAYLIGHT,train,5500,semiquant,Blood:Large 200,Blood:Large 200,,,Blood,Large 200,BATCH_DAYLIGHT_Abnormal_2026-03-19T21-03-56-365521_SEMIQUANT_FROM_BINARY.zip,1,1,0,,77.984001,0.176066,0.700968,100.307999,0.158383,0.552124,66.503998,0.138367,0.652387,56.322399,0.214827,0.715846,118.6064,0.282985,0.51371,95.660797,0.019639,0.735409,82.255997,0.016957,0.619203,0.0,0.0,0.0,0.0,0.0,0.0,0.0,0.0,0.0
BATCH_DAYLIGHT_Abnormal_2026-03-19T21-03-56-365521,BATCH DAYLIGHT,train,5500,semiquant,Specific Gravity:1.005,Specific Gravity:1.005,,,Specific Gravity,1.005,BATCH_DAYLIGHT_Abnormal_2026-03-19T21-03-56-365521_SEMIQUANT_FROM_BINARY.zip,1,1,0,,77.984001,0.176066,0.700968,100.307999,0.158383,0.552124,66.503998,0.138367,0.652387,56.322399,0.214827,0.715846,118.6064,0.282985,0.51371,95.660797,0.019639,0.735409,82.255997,0.016957,0.619203,0.0,0.0,0.0,0.0,0.0,0.0,0.0,0.0,0.0
BATCH_DAYLIGHT_Abnormal_2026-03-19T21-03-56-365521,BATCH DAYLIGHT,train,5500,semiquant,Ketone:Large 16,Ketone:Large 16,,,Ketone,Large 16,BATCH_DAYLIGHT_Abnormal_2026-03-19T21-03-56-365521_SEMIQUANT_FROM_BINARY.zip,1,1,0,,77.984001,0.176066,0.700968,100.307999,0.158383,0.552124,66.503998,0.138367,0.652387,56.322399,0.214827,0.715846,118.6064,0.282985,0.51371,95.660797,0.019639,0.735409,82.255997,0.016957,0.619203,0.0,0.0,0.0,0.0,0.0,0.0,0.0,0.0,0.0
BATCH_DAYLIGHT_Abnormal_2026-03-19T21-03-56-365521,BATCH DAYLIGHT,train,5500,semiquant,Bilirubin:Moderate 50,Bilirubin:Moderate 50,,,Bilirubin,Moderate 50,BATCH_DAYLIGHT_Abnormal_2026-03-19T21-03-56-365521_SEMIQUANT_FROM_BINARY.zip,1,1,0,,77.984001,0.176066,0.700968,100.307999,0.158383,0.552124,66.503998,0.138367,0.652387,56.322399,0.214827,0.715846,118.6064,0.282985,0.51371,95.660797,0.019639,0.735409,82.255997,0.016957,0.619203,0.0,0.0,0.0,0.0,0.0,0.0,0.0,0.0,0.0
BATCH_DAYLIGHT_Abnormal_2026-03-19T21-03-56-365521,BATCH DAYLIGHT,train,5500,semiquant,Glucose:110 ++++,Glucose:110 ++++,,,Glucose,110 ++++,BATCH_DAYLIGHT_Abnormal_2026-03-19T21-03-56-365521_SEMIQUANT_FROM_BINARY.zip,1,1,0,,77.984001,0.176066,0.700968,100.307999,0.158383,0.552124,66.503998,0.138367,0.652387,56.322399,0.214827,0.715846,118.6064,0.282985,0.51371,95.660797,0.019639,0.735409,82.255997,0.016957,0.619203,0.0,0.0,0.0,0.0,0.0,0.0,0.0,0.0,0.0
BATCH_DAYLIGHT_Abnormal_2026-03-19T21-03-56-365521,BATCH DAYLIGHT,train,5500,semiquant,Leukocytes:Trace 15,Leukocytes:Trace 15,,,Leukocytes,Trace 15,BATCH_DAYLIGHT_Abnormal_2026-03-19T21-03-56-365521_SEMIQUANT_FROM_BINARY.zip,1,1,0,,76.580803,0.171986,0.701208,105.998398,0.152907,0.555363,71.239998,0.133638,0.655501,48.532799,0.210155,0.716736,115.364799,0.279501,0.520518,59.766399,0.019495,0.734116,57.689602,0.015592,0.596846,0.0,0.0,0.0,0.0,0.0,0.0,0.0,0.0,0.0
BATCH_DAYLIGHT_Abnormal_2026-03-19T21-03-56-365521,BATCH DAYLIGHT,train,5500,semiquant,Nitrite:Positive,Nitrite:Positive,,,Nitrite,Positive,BATCH_DAYLIGHT_Abnormal_2026-03-19T21-03-56-365521_SEMIQUANT_FROM_BINARY.zip,1,1,0,,76.580803,0.171986,0.701208,105.998398,0.152907,0.555363,71.239998,0.133638,0.655501,48.532799,0.210155,0.716736,115.364799,0.279501,0.520518,59.766399,0.019495,0.734116,57.689602,0.015592,0.596846,0.0,0.0,0.0,0.0,0.0,0.0,0.0,0.0,0.0
BATCH_DAYLIGHT_Abnormal_2026-03-19T21-03-56-365521,BATCH DAYLIGHT,train,5500,semiquant,Urobilinogen:16,Urobilinogen:16,,,Urobilinogen,16,BATCH_DAYLIGHT_Abnormal_2026-03-19T21-03-56-365521_SEMIQUANT_FROM_BINARY.zip,1,1,0,,76.580803,0.171986,0.701208,105.998398,0.152907,0.555363,71.239998,0.133638,0.655501,48.532799,0.210155,0.716736,115.364799,0.279501,0.520518,59.766399,0.019495,0.734116,57.689602,0.015592,0.596846,0.0,0.0,0.0,0.0,0.0,0.0,0.0,0.0,0.0
BATCH_DAYLIGHT_Abnormal_2026-03-19T21-03-56-365521,BATCH DAYLIGHT,train,5500,semiquant,Protein:Trace,Protein:Trace,,,Protein,Trace,BATCH_DAYLIGHT_Abnormal_2026-03-19T21-03-56-365521_SEMIQUANT_FROM_BINARY.zip,1,1,0,,76.580803,0.171986,0.701208,105.998398,0.152907,0.555363,71.239998,0.133638,0.655501,48.532799,0.210155,0.716736,115.364799,0.279501,0.520518,59.766399,0.019495,0.734116,57.689602,0.015592,0.596846,0.0,0.0,0.0,0.0,0.0,0.0,0.0,0.0,0.0
BATCH_DAYLIGHT_Abnormal_2026-03-19T21-03-56-365521,BATCH DAYLIGHT,train,5500,semiquant,pH:7.0,pH:7.0,,,pH,7.0,BATCH_DAYLIGHT_Abnormal_2026-03-19T21-03-56-365521_SEMIQUANT_FROM_BINARY.zip,1,1,0,,76.580803,0.171986,0.701208,105.998398,0.152907,0.555363,71.239998,0.133638,0.655501,48.532799,0.210155,0.716736,115.364799,0.279501,0.520518,59.766399,0.019495,0.734116,57.689602,0.015592,0.596846,0.0,0.0,0.0,0.0,0.0,0.0,0.0,0.0,0.0
BATCH_DAYLIGHT_Abnormal_2026-03-19T21-03-56-365521,BATCH DAYLIGHT,train,5500,semiquant,Blood:Non-hemolyzed 10,Blood:Non-hemolyzed 10,,,Blood,Non-hemolyzed 10,BATCH_DAYLIGHT_Abnormal_2026-03-19T21-03-56-365521_SEMIQUANT_FROM_BINARY.zip,1,1,0,,76.580803,0.171986,0.701208,105.998398,0.152907,0.555363,71.239998,0.133638,0.655501,48.532799,0.210155,0.716736,115.364799,0.279501,0.520518,59.766399,0.019495,0.734116,57.689602,0.015592,0.596846,0.0,0.0,0.0,0.0,0.0,0.0,0.0,0.0,0.0
BATCH_DAYLIGHT_Abnormal_2026-03-19T21-03-56-365521,BATCH DAYLIGHT,train,5500,semiquant,Specific Gravity:1.010,Specific Gravity:1.010,,,Specific Gravity,1.010,BATCH_DAYLIGHT_Abnormal_2026-03-19T21-03-56-365521_SEMIQUANT_FROM_BINARY.zip,1,1,0,,76.580803,0.171986,0.701208,105.998398,0.152907,0.555363,71.239998,0.133638,0.655501,48.532799,0.210155,0.716736,115.364799,0.279501,0.520518,59.766399,0.019495,0.734116,57.689602,0.015592,0.596846,0.0,0.0,0.0,0.0,0.0,0.0,0.0,0.0,0.0
BATCH_DAYLIGHT_Abnormal_2026-03-19T21-03-56-365521,BATCH DAYLIGHT,train,5500,semiquant,Ketone:Trace 0.5,Ketone:Trace 0.5,,,Ketone,Trace 0.5,BATCH_DAYLIGHT_Abnormal_2026-03-19T21-03-56-365521_SEMIQUANT_FROM_BINARY.zip,1,1,0,,76.580803,0.171986,0.701208,105.998398,0.152907,0.555363,71.239998,0.133638,0.655501,48.532799,0.210155,0.716736,115.364799,0.279501,0.520518,59.766399,0.019495,0.734116,57.689602,0.015592,0.596846,0.0,0.0,0.0,0.0,0.0,0.0,0.0,0.0,0.0
BATCH_DAYLIGHT_Abnormal_2026-03-19T21-03-56-365521,BATCH DAYLIGHT,train,5500,semiquant,Bilirubin:Large 100,Bilirubin:Large 100,,,Bilirubin,Large 100,BATCH_DAYLIGHT_Abnormal_2026-03-19T21-03-56-365521_SEMIQUANT_FROM_BINARY.zip,1,1,0,,76.580803,0.171986,0.701208,105.998398,0.152907,0.555363,71.239998,0.133638,0.655501,48.532799,0.210155,0.716736,115.364799,0.279501,0.520518,59.766399,0.019495,0.734116,57.689602,0.015592,0.596846,0.0,0.0,0.0,0.0,0.0,0.0,0.0,0.0,0.0
BATCH_DAYLIGHT_Abnormal_2026-03-19T21-03-56-365521,BATCH DAYLIGHT,train,5500,semiquant,Glucose:Trace 5,Glucose:Trace 5,,,Glucose,Trace 5,BATCH_DAYLIGHT_Abnormal_2026-03-19T21-03-56-365521_SEMIQUANT_FROM_BINARY.zip,1,1,0,,76.580803,0.171986,0.701208,105.998398,0.152907,0.555363,71.239998,0.133638,0.655501,48.532799,0.210155,0.716736,115.364799,0.279501,0.520518,59.766399,0.019495,0.734116,57.689602,0.015592,0.596846,0.0,0.0,0.0,0.0,0.0,0.0,0.0,0.0,0.0
BATCH_DAYLIGHT_Normal_2026-03-19T21-00-50-242154,BATCH DAYLIGHT,train,5500,semiquant,Leukocytes:Neg,Leukocytes:Neg,,,Leukocytes,Neg,BATCH_DAYLIGHT_Normal_2026-03-19T21-00-50-242154_SEMIQUANT_FROM_BINARY.zip,20,19,1,frame_8: Macro-Marker with 4-corner contour was not detected.,219.340805,0.282353,1.0,218.753601,0.279912,1.0,218.122406,0.277118,1.0,217.843201,0.277693,1.0,217.794403,0.269983,1.0,217.872803,0.269192,1.0,217.731995,0.268755,1.0,217.212006,0.267765,1.0,217.158401,0.270301,1.0,217.296799,0.272918,1.0
BATCH_DAYLIGHT_Normal_2026-03-19T21-00-50-242154,BATCH DAYLIGHT,train,5500,semiquant,Nitrite:Neg,Nitrite:Neg,,,Nitrite,Neg,BATCH_DAYLIGHT_Normal_2026-03-19T21-00-50-242154_SEMIQUANT_FROM_BINARY.zip,20,19,1,frame_8: Macro-Marker with 4-corner contour was not detected.,219.340805,0.282353,1.0,218.753601,0.279912,1.0,218.122406,0.277118,1.0,217.843201,0.277693,1.0,217.794403,0.269983,1.0,217.872803,0.269192,1.0,217.731995,0.268755,1.0,217.212006,0.267765,1.0,217.158401,0.270301,1.0,217.296799,0.272918,1.0
BATCH_DAYLIGHT_Normal_2026-03-19T21-00-50-242154,BATCH DAYLIGHT,train,5500,semiquant,Urobilinogen:3.2,Urobilinogen:3.2,,,Urobilinogen,3.2,BATCH_DAYLIGHT_Normal_2026-03-19T21-00-50-242154_SEMIQUANT_FROM_BINARY.zip,20,19,1,frame_8: Macro-Marker with 4-corner contour was not detected.,219.340805,0.282353,1.0,218.753601,0.279912,1.0,218.122406,0.277118,1.0,217.843201,0.277693,1.0,217.794403,0.269983,1.0,217.872803,0.269192,1.0,217.731995,0.268755,1.0,217.212006,0.267765,1.0,217.158401,0.270301,1.0,217.296799,0.272918,1.0
BATCH_DAYLIGHT_Normal_2026-03-19T21-00-50-242154,BATCH DAYLIGHT,train,5500,semiquant,Protein:Neg,Protein:Neg,,,Protein,Neg,BATCH_DAYLIGHT_Normal_2026-03-19T21-00-50-242154_SEMIQUANT_FROM_BINARY.zip,20,19,1,frame_8: Macro-Marker with 4-corner contour was not detected.,219.340805,0.282353,1.0,218.753601,0.279912,1.0,218.122406,0.277118,1.0,217.843201,0.277693,1.0,217.794403,0.269983,1.0,217.872803,0.269192,1.0,217.731995,0.268755,1.0,217.212006,0.267765,1.0,217.158401,0.270301,1.0,217.296799,0.272918,1.0
BATCH_DAYLIGHT_Normal_2026-03-19T21-00-50-242154,BATCH DAYLIGHT,train,5500,semiquant,pH:6.0,pH:6.0,,,pH,6.0,BATCH_DAYLIGHT_Normal_2026-03-19T21-00-50-242154_SEMIQUANT_FROM_BINARY.zip,20,19,1,frame_8: Macro-Marker with 4-corner contour was not detected.,219.340805,0.282353,1.0,218.753601,0.279912,1.0,218.122406,0.277118,1.0,217.843201,0.277693,1.0,217.794403,0.269983,1.0,217.872803,0.269192,1.0,217.731995,0.268755,1.0,217.212006,0.267765,1.0,217.158401,0.270301,1.0,217.296799,0.272918,1.0
BATCH_DAYLIGHT_Normal_2026-03-19T21-00-50-242154,BATCH DAYLIGHT,train,5500,semiquant,Blood:Neg,Blood:Neg,,,Blood,Neg,BATCH_DAYLIGHT_Normal_2026-03-19T21-00-50-242154_SEMIQUANT_FROM_BINARY.zip,20,19,1,frame_8: Macro-Marker with 4-corner contour was not detected.,219.340805,0.282353,1.0,218.753601,0.279912,1.0,218.122406,0.277118,1.0,217.843201,0.277693,1.0,217.794403,0.269983,1.0,217.872803,0.269192,1.0,217.731995,0.268755,1.0,217.212006,0.267765,1.0,217.158401,0.270301,1.0,217.296799,0.272918,1.0
BATCH_DAYLIGHT_Normal_2026-03-19T21-00-50-242154,BATCH DAYLIGHT,train,5500,semiquant,Specific Gravity:1.015,Specific Gravity:1.015,,,Specific Gravity,1.015,BATCH_DAYLIGHT_Normal_2026-03-19T21-00-50-242154_SEMIQUANT_FROM_BINARY.zip,20,19,1,frame_8: Macro-Marker with 4-corner contour was not detected.,219.340805,0.282353,1.0,218.753601,0.279912,1.0,218.122406,0.277118,1.0,217.843201,0.277693,1.0,217.794403,0.269983,1.0,217.872803,0.269192,1.0,217.731995,0.268755,1.0,217.212006,0.267765,1.0,217.158401,0.270301,1.0,217.296799,0.272918,1.0
BATCH_DAYLIGHT_Normal_2026-03-19T21-00-50-242154,BATCH DAYLIGHT,train,5500,semiquant,Ketone:Neg,Ketone:Neg,,,Ketone,Neg,BATCH_DAYLIGHT_Normal_2026-03-19T21-00-50-242154_SEMIQUANT_FROM_BINARY.zip,20,19,1,frame_8: Macro-Marker with 4-corner contour was not detected.,219.340805,0.282353,1.0,218.753601,0.279912,1.0,218.122406,0.277118,1.0,217.843201,0.277693,1.0,217.794403,0.269983,1.0,217.872803,0.269192,1.0,217.731995,0.268755,1.0,217.212006,0.267765,1.0,217.158401,0.270301,1.0,217.296799,0.272918,1.0
BATCH_DAYLIGHT_Normal_2026-03-19T21-00-50-242154,BATCH DAYLIGHT,train,5500,semiquant,Bilirubin:Neg,Bilirubin:Neg,,,Bilirubin,Neg,BATCH_DAYLIGHT_Normal_2026-03-19T21-00-50-242154_SEMIQUANT_FROM_BINARY.zip,20,19,1,frame_8: Macro-Marker with 4-corner contour was not detected.,219.340805,0.282353,1.0,218.753601,0.279912,1.0,218.122406,0.277118,1.0,217.843201,0.277693,1.0,217.794403,0.269983,1.0,217.872803,0.269192,1.0,217.731995,0.268755,1.0,217.212006,0.267765,1.0,217.158401,0.270301,1.0,217.296799,0.272918,1.0
BATCH_DAYLIGHT_Normal_2026-03-19T21-00-50-242154,BATCH DAYLIGHT,train,5500,semiquant,Glucose:Neg,Glucose:Neg,,,Glucose,Neg,BATCH_DAYLIGHT_Normal_2026-03-19T21-00-50-242154_SEMIQUANT_FROM_BINARY.zip,20,19,1,frame_8: Macro-Marker with 4-corner contour was not detected.,219.340805,0.282353,1.0,218.753601,0.279912,1.0,218.122406,0.277118,1.0,217.843201,0.277693,1.0,217.794403,0.269983,1.0,217.872803,0.269192,1.0,217.731995,0.268755,1.0,217.212006,0.267765,1.0,217.158401,0.270301,1.0,217.296799,0.272918,1.0
BATCH_WARM_2_Normal_2026-03-19T20-55-25-431051,BATCH WARM 2,train,2700,semiquant,Leukocytes:Neg,Leukocytes:Neg,,,Leukocytes,Neg,BATCH_WARM_2_Normal_2026-03-19T20-55-25-431051_SEMIQUANT_FROM_BINARY.zip,21,21,0,,49.360802,0.272198,0.739934,53.1912,0.329214,0.593536,48.346401,0.161556,0.663642,46.049599,0.219396,0.719873,97.365601,0.200623,0.624453,66.908798,0.021464,0.742927,52.586399,0.015912,0.596624,0.0,0.0,0.0,0.0,0.0,0.0,0.0,0.0,0.0
BATCH_WARM_2_Normal_2026-03-19T20-55-25-431051,BATCH WARM 2,train,2700,semiquant,Nitrite:Neg,Nitrite:Neg,,,Nitrite,Neg,BATCH_WARM_2_Normal_2026-03-19T20-55-25-431051_SEMIQUANT_FROM_BINARY.zip,21,21,0,,49.360802,0.272198,0.739934,53.1912,0.329214,0.593536,48.346401,0.161556,0.663642,46.049599,0.219396,0.719873,97.365601,0.200623,0.624453,66.908798,0.021464,0.742927,52.586399,0.015912,0.596624,0.0,0.0,0.0,0.0,0.0,0.0,0.0,0.0,0.0
BATCH_WARM_2_Normal_2026-03-19T20-55-25-431051,BATCH WARM 2,train,2700,semiquant,Urobilinogen:3.2,Urobilinogen:3.2,,,Urobilinogen,3.2,BATCH_WARM_2_Normal_2026-03-19T20-55-25-431051_SEMIQUANT_FROM_BINARY.zip,21,21,0,,49.360802,0.272198,0.739934,53.1912,0.329214,0.593536,48.346401,0.161556,0.663642,46.049599,0.219396,0.719873,97.365601,0.200623,0.624453,66.908798,0.021464,0.742927,52.586399,0.015912,0.596624,0.0,0.0,0.0,0.0,0.0,0.0,0.0,0.0,0.0
BATCH_WARM_2_Normal_2026-03-19T20-55-25-431051,BATCH WARM 2,train,2700,semiquant,Protein:Neg,Protein:Neg,,,Protein,Neg,BATCH_WARM_2_Normal_2026-03-19T20-55-25-431051_SEMIQUANT_FROM_BINARY.zip,21,21,0,,49.360802,0.272198,0.739934,53.1912,0.329214,0.593536,48.346401,0.161556,0.663642,46.049599,0.219396,0.719873,97.365601,0.200623,0.624453,66.908798,0.021464,0.742927,52.586399,0.015912,0.596624,0.0,0.0,0.0,0.0,0.0,0.0,0.0,0.0,0.0
BATCH_WARM_2_Normal_2026-03-19T20-55-25-431051,BATCH WARM 2,train,2700,semiquant,pH:6.0,pH:6.0,,,pH,6.0,BATCH_WARM_2_Normal_2026-03-19T20-55-25-431051_SEMIQUANT_FROM_BINARY.zip,21,21,0,,49.360802,0.272198,0.739934,53.1912,0.329214,0.593536,48.346401,0.161556,0.663642,46.049599,0.219396,0.719873,97.365601,0.200623,0.624453,66.908798,0.021464,0.742927,52.586399,0.015912,0.596624,0.0,0.0,0.0,0.0,0.0,0.0,0.0,0.0,0.0
BATCH_WARM_2_Normal_2026-03-19T20-55-25-431051,BATCH WARM 2,train,2700,semiquant,Blood:Neg,Blood:Neg,,,Blood,Neg,BATCH_WARM_2_Normal_2026-03-19T20-55-25-431051_SEMIQUANT_FROM_BINARY.zip,21,21,0,,49.360802,0.272198,0.739934,53.1912,0.329214,0.593536,48.346401,0.161556,0.663642,46.049599,0.219396,0.719873,97.365601,0.200623,0.624453,66.908798,0.021464,0.742927,52.586399,0.015912,0.596624,0.0,0.0,0.0,0.0,0.0,0.0,0.0,0.0,0.0
BATCH_WARM_2_Normal_2026-03-19T20-55-25-431051,BATCH WARM 2,train,2700,semiquant,Specific Gravity:1.015,Specific Gravity:1.015,,,Specific Gravity,1.015,BATCH_WARM_2_Normal_2026-03-19T20-55-25-431051_SEMIQUANT_FROM_BINARY.zip,21,21,0,,49.360802,0.272198,0.739934,53.1912,0.329214,0.593536,48.346401,0.161556,0.663642,46.049599,0.219396,0.719873,97.365601,0.200623,0.624453,66.908798,0.021464,0.742927,52.586399,0.015912,0.596624,0.0,0.0,0.0,0.0,0.0,0.0,0.0,0.0,0.0
BATCH_WARM_2_Normal_2026-03-19T20-55-25-431051,BATCH WARM 2,train,2700,semiquant,Ketone:Neg,Ketone:Neg,,,Ketone,Neg,BATCH_WARM_2_Normal_2026-03-19T20-55-25-431051_SEMIQUANT_FROM_BINARY.zip,21,21,0,,49.360802,0.272198,0.739934,53.1912,0.329214,0.593536,48.346401,0.161556,0.663642,46.049599,0.219396,0.719873,97.365601,0.200623,0.624453,66.908798,0.021464,0.742927,52.586399,0.015912,0.596624,0.0,0.0,0.0,0.0,0.0,0.0,0.0,0.0,0.0
BATCH_WARM_2_Normal_2026-03-19T20-55-25-431051,BATCH WARM 2,train,2700,semiquant,Bilirubin:Neg,Bilirubin:Neg,,,Bilirubin,Neg,BATCH_WARM_2_Normal_2026-03-19T20-55-25-431051_SEMIQUANT_FROM_BINARY.zip,21,21,0,,49.360802,0.272198,0.739934,53.1912,0.329214,0.593536,48.346401,0.161556,0.663642,46.049599,0.219396,0.719873,97.365601,0.200623,0.624453,66.908798,0.021464,0.742927,52.586399,0.015912,0.596624,0.0,0.0,0.0,0.0,0.0,0.0,0.0,0.0,0.0
BATCH_WARM_2_Normal_2026-03-19T20-55-25-431051,BATCH WARM 2,train,2700,semiquant,Glucose:Neg,Glucose:Neg,,,Glucose,Neg,BATCH_WARM_2_Normal_2026-03-19T20-55-25-431051_SEMIQUANT_FROM_BINARY.zip,21,21,0,,49.360802,0.272198,0.739934,53.1912,0.329214,0.593536,48.346401,0.161556,0.663642,46.049599,0.219396,0.719873,97.365601,0.200623,0.624453,66.908798,0.021464,0.742927,52.586399,0.015912,0.596624,0.0,0.0,0.0,0.0,0.0,0.0,0.0,0.0,0.0
BATCH_WARM_Abnormal_2026-03-19T21-01-37-824819,BATCH WARM,train,2700,semiquant,Leukocytes:Trace 15,Leukocytes:Trace 15,,,Leukocytes,Trace 15,BATCH_WARM_Abnormal_2026-03-19T21-01-37-824819_SEMIQUANT_FROM_BINARY.zip,1,1,0,,96.767197,0.113967,0.680582,97.879204,0.087696,0.617611,115.179199,0.051987,0.679962,103.542397,0.057023,0.70414,110.618401,0.051325,0.669111,268.9104,0.016839,0.70424,284.438385,0.019219,0.693004,0.0,0.0,0.0,0.0,0.0,0.0,0.0,0.0,0.0
BATCH_WARM_Abnormal_2026-03-19T21-01-37-824819,BATCH WARM,train,2700,semiquant,Nitrite:Positive,Nitrite:Positive,,,Nitrite,Positive,BATCH_WARM_Abnormal_2026-03-19T21-01-37-824819_SEMIQUANT_FROM_BINARY.zip,1,1,0,,96.767197,0.113967,0.680582,97.879204,0.087696,0.617611,115.179199,0.051987,0.679962,103.542397,0.057023,0.70414,110.618401,0.051325,0.669111,268.9104,0.016839,0.70424,284.438385,0.019219,0.693004,0.0,0.0,0.0,0.0,0.0,0.0,0.0,0.0,0.0
BATCH_WARM_Abnormal_2026-03-19T21-01-37-824819,BATCH WARM,train,2700,semiquant,Urobilinogen:16,Urobilinogen:16,,,Urobilinogen,16,BATCH_WARM_Abnormal_2026-03-19T21-01-37-824819_SEMIQUANT_FROM_BINARY.zip,1,1,0,,96.767197,0.113967,0.680582,97.879204,0.087696,0.617611,115.179199,0.051987,0.679962,103.542397,0.057023,0.70414,110.618401,0.051325,0.669111,268.9104,0.016839,0.70424,284.438385,0.019219,0.693004,0.0,0.0,0.0,0.0,0.0,0.0,0.0,0.0,0.0
BATCH_WARM_Abnormal_2026-03-19T21-01-37-824819,BATCH WARM,train,2700,semiquant,Protein:Trace,Protein:Trace,,,Protein,Trace,BATCH_WARM_Abnormal_2026-03-19T21-01-37-824819_SEMIQUANT_FROM_BINARY.zip,1,1,0,,96.767197,0.113967,0.680582,97.879204,0.087696,0.617611,115.179199,0.051987,0.679962,103.542397,0.057023,0.70414,110.618401,0.051325,0.669111,268.9104,0.016839,0.70424,284.438385,0.019219,0.693004,0.0,0.0,0.0,0.0,0.0,0.0,0.0,0.0,0.0
BATCH_WARM_Abnormal_2026-03-19T21-01-37-824819,BATCH WARM,train,2700,semiquant,pH:5.0,pH:5.0,,,pH,5.0,BATCH_WARM_Abnormal_2026-03-19T21-01-37-824819_SEMIQUANT_FROM_BINARY.zip,1,1,0,,96.767197,0.113967,0.680582,97.879204,0.087696,0.617611,115.179199,0.051987,0.679962,103.542397,0.057023,0.70414,110.618401,0.051325,0.669111,268.9104,0.016839,0.70424,284.438385,0.019219,0.693004,0.0,0.0,0.0,0.0,0.0,0.0,0.0,0.0,0.0
BATCH_WARM_Abnormal_2026-03-19T21-01-37-824819,BATCH WARM,train,2700,semiquant,Blood:Non-hemolyzed 10,Blood:Non-hemolyzed 10,,,Blood,Non-hemolyzed 10,BATCH_WARM_Abnormal_2026-03-19T21-01-37-824819_SEMIQUANT_FROM_BINARY.zip,1,1,0,,96.767197,0.113967,0.680582,97.879204,0.087696,0.617611,115.179199,0.051987,0.679962,103.542397,0.057023,0.70414,110.618401,0.051325,0.669111,268.9104,0.016839,0.70424,284.438385,0.019219,0.693004,0.0,0.0,0.0,0.0,0.0,0.0,0.0,0.0,0.0
BATCH_WARM_Abnormal_2026-03-19T21-01-37-824819,BATCH WARM,train,2700,semiquant,Specific Gravity:1.000,Specific Gravity:1.000,,,Specific Gravity,1.000,BATCH_WARM_Abnormal_2026-03-19T21-01-37-824819_SEMIQUANT_FROM_BINARY.zip,1,1,0,,96.767197,0.113967,0.680582,97.879204,0.087696,0.617611,115.179199,0.051987,0.679962,103.542397,0.057023,0.70414,110.618401,0.051325,0.669111,268.9104,0.016839,0.70424,284.438385,0.019219,0.693004,0.0,0.0,0.0,0.0,0.0,0.0,0.0,0.0,0.0
BATCH_WARM_Abnormal_2026-03-19T21-01-37-824819,BATCH WARM,train,2700,semiquant,Ketone:Trace 0.5,Ketone:Trace 0.5,,,Ketone,Trace 0.5,BATCH_WARM_Abnormal_2026-03-19T21-01-37-824819_SEMIQUANT_FROM_BINARY.zip,1,1,0,,96.767197,0.113967,0.680582,97.879204,0.087696,0.617611,115.179199,0.051987,0.679962,103.542397,0.057023,0.70414,110.618401,0.051325,0.669111,268.9104,0.016839,0.70424,284.438385,0.019219,0.693004,0.0,0.0,0.0,0.0,0.0,0.0,0.0,0.0,0.0
BATCH_WARM_Abnormal_2026-03-19T21-01-37-824819,BATCH WARM,train,2700,semiquant,Bilirubin:Small 17,Bilirubin:Small 17,,,Bilirubin,Small 17,BATCH_WARM_Abnormal_2026-03-19T21-01-37-824819_SEMIQUANT_FROM_BINARY.zip,1,1,0,,96.767197,0.113967,0.680582,97.879204,0.087696,0.617611,115.179199,0.051987,0.679962,103.542397,0.057023,0.70414,110.618401,0.051325,0.669111,268.9104,0.016839,0.70424,284.438385,0.019219,0.693004,0.0,0.0,0.0,0.0,0.0,0.0,0.0,0.0,0.0
BATCH_WARM_Abnormal_2026-03-19T21-01-37-824819,BATCH WARM,train,2700,semiquant,Glucose:Trace 5,Glucose:Trace 5,,,Glucose,Trace 5,BATCH_WARM_Abnormal_2026-03-19T21-01-37-824819_SEMIQUANT_FROM_BINARY.zip,1,1,0,,96.767197,0.113967,0.680582,97.879204,0.087696,0.617611,115.179199,0.051987,0.679962,103.542397,0.057023,0.70414,110.618401,0.051325,0.669111,268.9104,0.016839,0.70424,284.438385,0.019219,0.693004,0.0,0.0,0.0,0.0,0.0,0.0,0.0,0.0,0.0
BATCH_WARM_Abnormal_2026-03-19T21-01-37-824819,BATCH WARM,train,2700,semiquant,Leukocytes:Small 70,Leukocytes:Small 70,,,Leukocytes,Small 70,BATCH_WARM_Abnormal_2026-03-19T21-01-37-824819_SEMIQUANT_FROM_BINARY.zip,1,1,0,,189.199203,0.111493,0.679544,183.557602,0.085012,0.620525,229.832001,0.048024,0.679997,244.195999,0.051572,0.702844,253.779205,0.04326,0.678074,292.73999,0.021484,0.703073,294.059204,0.022066,0.691689,0.0,0.0,0.0,0.0,0.0,0.0,0.0,0.0,0.0
BATCH_WARM_Abnormal_2026-03-19T21-01-37-824819,BATCH WARM,train,2700,semiquant,Nitrite:Positive,Nitrite:Positive,,,Nitrite,Positive,BATCH_WARM_Abnormal_2026-03-19T21-01-37-824819_SEMIQUANT_FROM_BINARY.zip,1,1,0,,189.199203,0.111493,0.679544,183.557602,0.085012,0.620525,229.832001,0.048024,0.679997,244.195999,0.051572,0.702844,253.779205,0.04326,0.678074,292.73999,0.021484,0.703073,294.059204,0.022066,0.691689,0.0,0.0,0.0,0.0,0.0,0.0,0.0,0.0,0.0
BATCH_WARM_Abnormal_2026-03-19T21-01-37-824819,BATCH WARM,train,2700,semiquant,Urobilinogen:32,Urobilinogen:32,,,Urobilinogen,32,BATCH_WARM_Abnormal_2026-03-19T21-01-37-824819_SEMIQUANT_FROM_BINARY.zip,1,1,0,,189.199203,0.111493,0.679544,183.557602,0.085012,0.620525,229.832001,0.048024,0.679997,244.195999,0.051572,0.702844,253.779205,0.04326,0.678074,292.73999,0.021484,0.703073,294.059204,0.022066,0.691689,0.0,0.0,0.0,0.0,0.0,0.0,0.0,0.0,0.0
BATCH_WARM_Abnormal_2026-03-19T21-01-37-824819,BATCH WARM,train,2700,semiquant,Protein:0.3,Protein:0.3,,,Protein,0.3,BATCH_WARM_Abnormal_2026-03-19T21-01-37-824819_SEMIQUANT_FROM_BINARY.zip,1,1,0,,189.199203,0.111493,0.679544,183.557602,0.085012,0.620525,229.832001,0.048024,0.679997,244.195999,0.051572,0.702844,253.779205,0.04326,0.678074,292.73999,0.021484,0.703073,294.059204,0.022066,0.691689,0.0,0.0,0.0,0.0,0.0,0.0,0.0,0.0,0.0
BATCH_WARM_Abnormal_2026-03-19T21-01-37-824819,BATCH WARM,train,2700,semiquant,pH:6.5,pH:6.5,,,pH,6.5,BATCH_WARM_Abnormal_2026-03-19T21-01-37-824819_SEMIQUANT_FROM_BINARY.zip,1,1,0,,189.199203,0.111493,0.679544,183.557602,0.085012,0.620525,229.832001,0.048024,0.679997,244.195999,0.051572,0.702844,253.779205,0.04326,0.678074,292.73999,0.021484,0.703073,294.059204,0.022066,0.691689,0.0,0.0,0.0,0.0,0.0,0.0,0.0,0.0,0.0
BATCH_WARM_Abnormal_2026-03-19T21-01-37-824819,BATCH WARM,train,2700,semiquant,Blood:Hemolyzed 10,Blood:Hemolyzed 10,,,Blood,Hemolyzed 10,BATCH_WARM_Abnormal_2026-03-19T21-01-37-824819_SEMIQUANT_FROM_BINARY.zip,1,1,0,,189.199203,0.111493,0.679544,183.557602,0.085012,0.620525,229.832001,0.048024,0.679997,244.195999,0.051572,0.702844,253.779205,0.04326,0.678074,292.73999,0.021484,0.703073,294.059204,0.022066,0.691689,0.0,0.0,0.0,0.0,0.0,0.0,0.0,0.0,0.0
BATCH_WARM_Abnormal_2026-03-19T21-01-37-824819,BATCH WARM,train,2700,semiquant,Specific Gravity:1.005,Specific Gravity:1.005,,,Specific Gravity,1.005,BATCH_WARM_Abnormal_2026-03-19T21-01-37-824819_SEMIQUANT_FROM_BINARY.zip,1,1,0,,189.199203,0.111493,0.679544,183.557602,0.085012,0.620525,229.832001,0.048024,0.679997,244.195999,0.051572,0.702844,253.779205,0.04326,0.678074,292.73999,0.021484,0.703073,294.059204,0.022066,0.691689,0.0,0.0,0.0,0.0,0.0,0.0,0.0,0.0,0.0
BATCH_WARM_Abnormal_2026-03-19T21-01-37-824819,BATCH WARM,train,2700,semiquant,Ketone:Small 1.5,Ketone:Small 1.5,,,Ketone,Small 1.5,BATCH_WARM_Abnormal_2026-03-19T21-01-37-824819_SEMIQUANT_FROM_BINARY.zip,1,1,0,,189.199203,0.111493,0.679544,183.557602,0.085012,0.620525,229.832001,0.048024,0.679997,244.195999,0.051572,0.702844,253.779205,0.04326,0.678074,292.73999,0.021484,0.703073,294.059204,0.022066,0.691689,0.0,0.0,0.0,0.0,0.0,0.0,0.0,0.0,0.0
BATCH_WARM_Abnormal_2026-03-19T21-01-37-824819,BATCH WARM,train,2700,semiquant,Bilirubin:Moderate 50,Bilirubin:Moderate 50,,,Bilirubin,Moderate 50,BATCH_WARM_Abnormal_2026-03-19T21-01-37-824819_SEMIQUANT_FROM_BINARY.zip,1,1,0,,189.199203,0.111493,0.679544,183.557602,0.085012,0.620525,229.832001,0.048024,0.679997,244.195999,0.051572,0.702844,253.779205,0.04326,0.678074,292.73999,0.021484,0.703073,294.059204,0.022066,0.691689,0.0,0.0,0.0,0.0,0.0,0.0,0.0,0.0,0.0
BATCH_WARM_Abnormal_2026-03-19T21-01-37-824819,BATCH WARM,train,2700,semiquant,Glucose:15 +,Glucose:15 +,,,Glucose,15 +,BATCH_WARM_Abnormal_2026-03-19T21-01-37-824819_SEMIQUANT_FROM_BINARY.zip,1,1,0,,189.199203,0.111493,0.679544,183.557602,0.085012,0.620525,229.832001,0.048024,0.679997,244.195999,0.051572,0.702844,253.779205,0.04326,0.678074,292.73999,0.021484,0.703073,294.059204,0.022066,0.691689,0.0,0.0,0.0,0.0,0.0,0.0,0.0,0.0,0.0
BATCH_WARM_Abnormal_2026-03-19T21-01-37-824819,BATCH WARM,train,2700,semiquant,Leukocytes:Moderate 125,Leukocytes:Moderate 125,,,Leukocytes,Moderate 125,BATCH_WARM_Abnormal_2026-03-19T21-01-37-824819_SEMIQUANT_FROM_BINARY.zip,1,1,0,,186.049606,0.114676,0.677045,208.357605,0.089777,0.615837,244.586395,0.052325,0.68048,232.981598,0.058002,0.703936,250.034393,0.054861,0.669826,267.839996,0.017542,0.702485,238.492798,0.016485,0.591896,0.0,0.0,0.0,0.0,0.0,0.0,0.0,0.0,0.0
BATCH_WARM_Abnormal_2026-03-19T21-01-37-824819,BATCH WARM,train,2700,semiquant,Nitrite:Positive,Nitrite:Positive,,,Nitrite,Positive,BATCH_WARM_Abnormal_2026-03-19T21-01-37-824819_SEMIQUANT_FROM_BINARY.zip,1,1,0,,186.049606,0.114676,0.677045,208.357605,0.089777,0.615837,244.586395,0.052325,0.68048,232.981598,0.058002,0.703936,250.034393,0.054861,0.669826,267.839996,0.017542,0.702485,238.492798,0.016485,0.591896,0.0,0.0,0.0,0.0,0.0,0.0,0.0,0.0,0.0
BATCH_WARM_Abnormal_2026-03-19T21-01-37-824819,BATCH WARM,train,2700,semiquant,Urobilinogen:64,Urobilinogen:64,,,Urobilinogen,64,BATCH_WARM_Abnormal_2026-03-19T21-01-37-824819_SEMIQUANT_FROM_BINARY.zip,1,1,0,,186.049606,0.114676,0.677045,208.357605,0.089777,0.615837,244.586395,0.052325,0.68048,232.981598,0.058002,0.703936,250.034393,0.054861,0.669826,267.839996,0.017542,0.702485,238.492798,0.016485,0.591896,0.0,0.0,0.0,0.0,0.0,0.0,0.0,0.0,0.0
BATCH_WARM_Abnormal_2026-03-19T21-01-37-824819,BATCH WARM,train,2700,semiquant,Protein:1.0,Protein:1.0,,,Protein,1.0,BATCH_WARM_Abnormal_2026-03-19T21-01-37-824819_SEMIQUANT_FROM_BINARY.zip,1,1,0,,186.049606,0.114676,0.677045,208.357605,0.089777,0.615837,244.586395,0.052325,0.68048,232.981598,0.058002,0.703936,250.034393,0.054861,0.669826,267.839996,0.017542,0.702485,238.492798,0.016485,0.591896,0.0,0.0,0.0,0.0,0.0,0.0,0.0,0.0,0.0
BATCH_WARM_Abnormal_2026-03-19T21-01-37-824819,BATCH WARM,train,2700,semiquant,pH:7.0,pH:7.0,,,pH,7.0,BATCH_WARM_Abnormal_2026-03-19T21-01-37-824819_SEMIQUANT_FROM_BINARY.zip,1,1,0,,186.049606,0.114676,0.677045,208.357605,0.089777,0.615837,244.586395,0.052325,0.68048,232.981598,0.058002,0.703936,250.034393,0.054861,0.669826,267.839996,0.017542,0.702485,238.492798,0.016485,0.591896,0.0,0.0,0.0,0.0,0.0,0.0,0.0,0.0,0.0
BATCH_WARM_Abnormal_2026-03-19T21-01-37-824819,BATCH WARM,train,2700,semiquant,Blood:Small 25,Blood:Small 25,,,Blood,Small 25,BATCH_WARM_Abnormal_2026-03-19T21-01-37-824819_SEMIQUANT_FROM_BINARY.zip,1,1,0,,186.049606,0.114676,0.677045,208.357605,0.089777,0.615837,244.586395,0.052325,0.68048,232.981598,0.058002,0.703936,250.034393,0.054861,0.669826,267.839996,0.017542,0.702485,238.492798,0.016485,0.591896,0.0,0.0,0.0,0.0,0.0,0.0,0.0,0.0,0.0
BATCH_WARM_Abnormal_2026-03-19T21-01-37-824819,BATCH WARM,train,2700,semiquant,Specific Gravity:1.010,Specific Gravity:1.010,,,Specific Gravity,1.010,BATCH_WARM_Abnormal_2026-03-19T21-01-37-824819_SEMIQUANT_FROM_BINARY.zip,1,1,0,,186.049606,0.114676,0.677045,208.357605,0.089777,0.615837,244.586395,0.052325,0.68048,232.981598,0.058002,0.703936,250.034393,0.054861,0.669826,267.839996,0.017542,0.702485,238.492798,0.016485,0.591896,0.0,0.0,0.0,0.0,0.0,0.0,0.0,0.0,0.0
BATCH_WARM_Abnormal_2026-03-19T21-01-37-824819,BATCH WARM,train,2700,semiquant,Ketone:Moderate 4.0,Ketone:Moderate 4.0,,,Ketone,Moderate 4.0,BATCH_WARM_Abnormal_2026-03-19T21-01-37-824819_SEMIQUANT_FROM_BINARY.zip,1,1,0,,186.049606,0.114676,0.677045,208.357605,0.089777,0.615837,244.586395,0.052325,0.68048,232.981598,0.058002,0.703936,250.034393,0.054861,0.669826,267.839996,0.017542,0.702485,238.492798,0.016485,0.591896,0.0,0.0,0.0,0.0,0.0,0.0,0.0,0.0,0.0
BATCH_WARM_Abnormal_2026-03-19T21-01-37-824819,BATCH WARM,train,2700,semiquant,Bilirubin:Large 100,Bilirubin:Large 100,,,Bilirubin,Large 100,BATCH_WARM_Abnormal_2026-03-19T21-01-37-824819_SEMIQUANT_FROM_BINARY.zip,1,1,0,,186.049606,0.114676,0.677045,208.357605,0.089777,0.615837,244.586395,0.052325,0.68048,232.981598,0.058002,0.703936,250.034393,0.054861,0.669826,267.839996,0.017542,0.702485,238.492798,0.016485,0.591896,0.0,0.0,0.0,0.0,0.0,0.0,0.0,0.0,0.0
BATCH_WARM_Abnormal_2026-03-19T21-01-37-824819,BATCH WARM,train,2700,semiquant,Glucose:30 ++,Glucose:30 ++,,,Glucose,30 ++,BATCH_WARM_Abnormal_2026-03-19T21-01-37-824819_SEMIQUANT_FROM_BINARY.zip,1,1,0,,186.049606,0.114676,0.677045,208.357605,0.089777,0.615837,244.586395,0.052325,0.68048,232.981598,0.058002,0.703936,250.034393,0.054861,0.669826,267.839996,0.017542,0.702485,238.492798,0.016485,0.591896,0.0,0.0,0.0,0.0,0.0,0.0,0.0,0.0,0.0
BATCH_WARM_Abnormal_2026-03-19T21-01-37-824819,BATCH WARM,train,2700,semiquant,Leukocytes:Large 500,Leukocytes:Large 500,,,Leukocytes,Large 500,BATCH_WARM_Abnormal_2026-03-19T21-01-37-824819_SEMIQUANT_FROM_BINARY.zip,1,1,0,,92.0728,0.111798,0.677366,54.499199,0.085796,0.617989,71.377602,0.049335,0.680651,68.5056,0.052067,0.703228,102.673599,0.04502,0.675202,152.478394,0.011005,0.700874,166.377594,0.010706,0.663631,0.0,0.0,0.0,0.0,0.0,0.0,0.0,0.0,0.0
BATCH_WARM_Abnormal_2026-03-19T21-01-37-824819,BATCH WARM,train,2700,semiquant,Nitrite:Positive,Nitrite:Positive,,,Nitrite,Positive,BATCH_WARM_Abnormal_2026-03-19T21-01-37-824819_SEMIQUANT_FROM_BINARY.zip,1,1,0,,92.0728,0.111798,0.677366,54.499199,0.085796,0.617989,71.377602,0.049335,0.680651,68.5056,0.052067,0.703228,102.673599,0.04502,0.675202,152.478394,0.011005,0.700874,166.377594,0.010706,0.663631,0.0,0.0,0.0,0.0,0.0,0.0,0.0,0.0,0.0
BATCH_WARM_Abnormal_2026-03-19T21-01-37-824819,BATCH WARM,train,2700,semiquant,Urobilinogen:128,Urobilinogen:128,,,Urobilinogen,128,BATCH_WARM_Abnormal_2026-03-19T21-01-37-824819_SEMIQUANT_FROM_BINARY.zip,1,1,0,,92.0728,0.111798,0.677366,54.499199,0.085796,0.617989,71.377602,0.049335,0.680651,68.5056,0.052067,0.703228,102.673599,0.04502,0.675202,152.478394,0.011005,0.700874,166.377594,0.010706,0.663631,0.0,0.0,0.0,0.0,0.0,0.0,0.0,0.0,0.0
BATCH_WARM_Abnormal_2026-03-19T21-01-37-824819,BATCH WARM,train,2700,semiquant,Protein:3.0,Protein:3.0,,,Protein,3.0,BATCH_WARM_Abnormal_2026-03-19T21-01-37-824819_SEMIQUANT_FROM_BINARY.zip,1,1,0,,92.0728,0.111798,0.677366,54.499199,0.085796,0.617989,71.377602,0.049335,0.680651,68.5056,0.052067,0.703228,102.673599,0.04502,0.675202,152.478394,0.011005,0.700874,166.377594,0.010706,0.663631,0.0,0.0,0.0,0.0,0.0,0.0,0.0,0.0,0.0
BATCH_WARM_Abnormal_2026-03-19T21-01-37-824819,BATCH WARM,train,2700,semiquant,pH:7.5,pH:7.5,,,pH,7.5,BATCH_WARM_Abnormal_2026-03-19T21-01-37-824819_SEMIQUANT_FROM_BINARY.zip,1,1,0,,92.0728,0.111798,0.677366,54.499199,0.085796,0.617989,71.377602,0.049335,0.680651,68.5056,0.052067,0.703228,102.673599,0.04502,0.675202,152.478394,0.011005,0.700874,166.377594,0.010706,0.663631,0.0,0.0,0.0,0.0,0.0,0.0,0.0,0.0,0.0
BATCH_WARM_Abnormal_2026-03-19T21-01-37-824819,BATCH WARM,train,2700,semiquant,Blood:Moderate 80,Blood:Moderate 80,,,Blood,Moderate 80,BATCH_WARM_Abnormal_2026-03-19T21-01-37-824819_SEMIQUANT_FROM_BINARY.zip,1,1,0,,92.0728,0.111798,0.677366,54.499199,0.085796,0.617989,71.377602,0.049335,0.680651,68.5056,0.052067,0.703228,102.673599,0.04502,0.675202,152.478394,0.011005,0.700874,166.377594,0.010706,0.663631,0.0,0.0,0.0,0.0,0.0,0.0,0.0,0.0,0.0
BATCH_WARM_Abnormal_2026-03-19T21-01-37-824819,BATCH WARM,train,2700,semiquant,Specific Gravity:1.020,Specific Gravity:1.020,,,Specific Gravity,1.020,BATCH_WARM_Abnormal_2026-03-19T21-01-37-824819_SEMIQUANT_FROM_BINARY.zip,1,1,0,,92.0728,0.111798,0.677366,54.499199,0.085796,0.617989,71.377602,0.049335,0.680651,68.5056,0.052067,0.703228,102.673599,0.04502,0.675202,152.478394,0.011005,0.700874,166.377594,0.010706,0.663631,0.0,0.0,0.0,0.0,0.0,0.0,0.0,0.0,0.0
BATCH_WARM_Abnormal_2026-03-19T21-01-37-824819,BATCH WARM,train,2700,semiquant,Ketone:8.0,Ketone:8.0,,,Ketone,8.0,BATCH_WARM_Abnormal_2026-03-19T21-01-37-824819_SEMIQUANT_FROM_BINARY.zip,1,1,0,,92.0728,0.111798,0.677366,54.499199,0.085796,0.617989,71.377602,0.049335,0.680651,68.5056,0.052067,0.703228,102.673599,0.04502,0.675202,152.478394,0.011005,0.700874,166.377594,0.010706,0.663631,0.0,0.0,0.0,0.0,0.0,0.0,0.0,0.0,0.0
BATCH_WARM_Abnormal_2026-03-19T21-01-37-824819,BATCH WARM,train,2700,semiquant,Bilirubin:Small 17,Bilirubin:Small 17,,,Bilirubin,Small 17,BATCH_WARM_Abnormal_2026-03-19T21-01-37-824819_SEMIQUANT_FROM_BINARY.zip,1,1,0,,92.0728,0.111798,0.677366,54.499199,0.085796,0.617989,71.377602,0.049335,0.680651,68.5056,0.052067,0.703228,102.673599,0.04502,0.675202,152.478394,0.011005,0.700874,166.377594,0.010706,0.663631,0.0,0.0,0.0,0.0,0.0,0.0,0.0,0.0,0.0
BATCH_WARM_Abnormal_2026-03-19T21-01-37-824819,BATCH WARM,train,2700,semiquant,Glucose:60 +++,Glucose:60 +++,,,Glucose,60 +++,BATCH_WARM_Abnormal_2026-03-19T21-01-37-824819_SEMIQUANT_FROM_BINARY.zip,1,1,0,,92.0728,0.111798,0.677366,54.499199,0.085796,0.617989,71.377602,0.049335,0.680651,68.5056,0.052067,0.703228,102.673599,0.04502,0.675202,152.478394,0.011005,0.700874,166.377594,0.010706,0.663631,0.0,0.0,0.0,0.0,0.0,0.0,0.0,0.0,0.0
BATCH_WARM_Abnormal_2026-03-19T21-01-37-824819,BATCH WARM,train,2700,semiquant,Leukocytes:Trace 15,Leukocytes:Trace 15,,,Leukocytes,Trace 15,BATCH_WARM_Abnormal_2026-03-19T21-01-37-824819_SEMIQUANT_FROM_BINARY.zip,1,1,0,,78.653603,0.113161,0.677026,70.524803,0.087685,0.616987,68.861603,0.050063,0.680861,105.358398,0.053442,0.703384,93.162399,0.049934,0.672014,116.995201,0.012086,0.701886,141.020004,0.011186,0.683583,0.0,0.0,0.0,0.0,0.0,0.0,0.0,0.0,0.0
BATCH_WARM_Abnormal_2026-03-19T21-01-37-824819,BATCH WARM,train,2700,semiquant,Nitrite:Positive,Nitrite:Positive,,,Nitrite,Positive,BATCH_WARM_Abnormal_2026-03-19T21-01-37-824819_SEMIQUANT_FROM_BINARY.zip,1,1,0,,78.653603,0.113161,0.677026,70.524803,0.087685,0.616987,68.861603,0.050063,0.680861,105.358398,0.053442,0.703384,93.162399,0.049934,0.672014,116.995201,0.012086,0.701886,141.020004,0.011186,0.683583,0.0,0.0,0.0,0.0,0.0,0.0,0.0,0.0,0.0
BATCH_WARM_Abnormal_2026-03-19T21-01-37-824819,BATCH WARM,train,2700,semiquant,Urobilinogen:16,Urobilinogen:16,,,Urobilinogen,16,BATCH_WARM_Abnormal_2026-03-19T21-01-37-824819_SEMIQUANT_FROM_BINARY.zip,1,1,0,,78.653603,0.113161,0.677026,70.524803,0.087685,0.616987,68.861603,0.050063,0.680861,105.358398,0.053442,0.703384,93.162399,0.049934,0.672014,116.995201,0.012086,0.701886,141.020004,0.011186,0.683583,0.0,0.0,0.0,0.0,0.0,0.0,0.0,0.0,0.0
BATCH_WARM_Abnormal_2026-03-19T21-01-37-824819,BATCH WARM,train,2700,semiquant,Protein:>=20.0,Protein:>=20.0,,,Protein,>=20.0,BATCH_WARM_Abnormal_2026-03-19T21-01-37-824819_SEMIQUANT_FROM_BINARY.zip,1,1,0,,78.653603,0.113161,0.677026,70.524803,0.087685,0.616987,68.861603,0.050063,0.680861,105.358398,0.053442,0.703384,93.162399,0.049934,0.672014,116.995201,0.012086,0.701886,141.020004,0.011186,0.683583,0.0,0.0,0.0,0.0,0.0,0.0,0.0,0.0,0.0
BATCH_WARM_Abnormal_2026-03-19T21-01-37-824819,BATCH WARM,train,2700,semiquant,pH:8.0,pH:8.0,,,pH,8.0,BATCH_WARM_Abnormal_2026-03-19T21-01-37-824819_SEMIQUANT_FROM_BINARY.zip,1,1,0,,78.653603,0.113161,0.677026,70.524803,0.087685,0.616987,68.861603,0.050063,0.680861,105.358398,0.053442,0.703384,93.162399,0.049934,0.672014,116.995201,0.012086,0.701886,141.020004,0.011186,0.683583,0.0,0.0,0.0,0.0,0.0,0.0,0.0,0.0,0.0
BATCH_WARM_Abnormal_2026-03-19T21-01-37-824819,BATCH WARM,train,2700,semiquant,Blood:Large 200,Blood:Large 200,,,Blood,Large 200,BATCH_WARM_Abnormal_2026-03-19T21-01-37-824819_SEMIQUANT_FROM_BINARY.zip,1,1,0,,78.653603,0.113161,0.677026,70.524803,0.087685,0.616987,68.861603,0.050063,0.680861,105.358398,0.053442,0.703384,93.162399,0.049934,0.672014,116.995201,0.012086,0.701886,141.020004,0.011186,0.683583,0.0,0.0,0.0,0.0,0.0,0.0,0.0,0.0,0.0
BATCH_WARM_Abnormal_2026-03-19T21-01-37-824819,BATCH WARM,train,2700,semiquant,Specific Gravity:1.025,Specific Gravity:1.025,,,Specific Gravity,1.025,BATCH_WARM_Abnormal_2026-03-19T21-01-37-824819_SEMIQUANT_FROM_BINARY.zip,1,1,0,,78.653603,0.113161,0.677026,70.524803,0.087685,0.616987,68.861603,0.050063,0.680861,105.358398,0.053442,0.703384,93.162399,0.049934,0.672014,116.995201,0.012086,0.701886,141.020004,0.011186,0.683583,0.0,0.0,0.0,0.0,0.0,0.0,0.0,0.0,0.0
BATCH_WARM_Abnormal_2026-03-19T21-01-37-824819,BATCH WARM,train,2700,semiquant,Ketone:Large 16,Ketone:Large 16,,,Ketone,Large 16,BATCH_WARM_Abnormal_2026-03-19T21-01-37-824819_SEMIQUANT_FROM_BINARY.zip,1,1,0,,78.653603,0.113161,0.677026,70.524803,0.087685,0.616987,68.861603,0.050063,0.680861,105.358398,0.053442,0.703384,93.162399,0.049934,0.672014,116.995201,0.012086,0.701886,141.020004,0.011186,0.683583,0.0,0.0,0.0,0.0,0.0,0.0,0.0,0.0,0.0
BATCH_WARM_Abnormal_2026-03-19T21-01-37-824819,BATCH WARM,train,2700,semiquant,Bilirubin:Moderate 50,Bilirubin:Moderate 50,,,Bilirubin,Moderate 50,BATCH_WARM_Abnormal_2026-03-19T21-01-37-824819_SEMIQUANT_FROM_BINARY.zip,1,1,0,,78.653603,0.113161,0.677026,70.524803,0.087685,0.616987,68.861603,0.050063,0.680861,105.358398,0.053442,0.703384,93.162399,0.049934,0.672014,116.995201,0.012086,0.701886,141.020004,0.011186,0.683583,0.0,0.0,0.0,0.0,0.0,0.0,0.0,0.0,0.0
BATCH_WARM_Abnormal_2026-03-19T21-01-37-824819,BATCH WARM,train,2700,semiquant,Glucose:110 ++++,Glucose:110 ++++,,,Glucose,110 ++++,BATCH_WARM_Abnormal_2026-03-19T21-01-37-824819_SEMIQUANT_FROM_BINARY.zip,1,1,0,,78.653603,0.113161,0.677026,70.524803,0.087685,0.616987,68.861603,0.050063,0.680861,105.358398,0.053442,0.703384,93.162399,0.049934,0.672014,116.995201,0.012086,0.701886,141.020004,0.011186,0.683583,0.0,0.0,0.0,0.0,0.0,0.0,0.0,0.0,0.0
BATCH_WARM_Abnormal_2026-03-19T21-01-37-824819,BATCH WARM,train,2700,semiquant,Leukocytes:Small 70,Leukocytes:Small 70,,,Leukocytes,Small 70,BATCH_WARM_Abnormal_2026-03-19T21-01-37-824819_SEMIQUANT_FROM_BINARY.zip,1,1,0,,39.292,0.121536,0.679289,53.1968,0.095117,0.613809,40.375999,0.059694,0.678182,31.1672,0.067827,0.703416,39.060799,0.065431,0.662185,51.444,0.017402,0.704825,88.027199,0.016936,0.694444,0.0,0.0,0.0,0.0,0.0,0.0,0.0,0.0,0.0
BATCH_WARM_Abnormal_2026-03-19T21-01-37-824819,BATCH WARM,train,2700,semiquant,Nitrite:Positive,Nitrite:Positive,,,Nitrite,Positive,BATCH_WARM_Abnormal_2026-03-19T21-01-37-824819_SEMIQUANT_FROM_BINARY.zip,1,1,0,,39.292,0.121536,0.679289,53.1968,0.095117,0.613809,40.375999,0.059694,0.678182,31.1672,0.067827,0.703416,39.060799,0.065431,0.662185,51.444,0.017402,0.704825,88.027199,0.016936,0.694444,0.0,0.0,0.0,0.0,0.0,0.0,0.0,0.0,0.0
BATCH_WARM_Abnormal_2026-03-19T21-01-37-824819,BATCH WARM,train,2700,semiquant,Urobilinogen:32,Urobilinogen:32,,,Urobilinogen,32,BATCH_WARM_Abnormal_2026-03-19T21-01-37-824819_SEMIQUANT_FROM_BINARY.zip,1,1,0,,39.292,0.121536,0.679289,53.1968,0.095117,0.613809,40.375999,0.059694,0.678182,31.1672,0.067827,0.703416,39.060799,0.065431,0.662185,51.444,0.017402,0.704825,88.027199,0.016936,0.694444,0.0,0.0,0.0,0.0,0.0,0.0,0.0,0.0,0.0
BATCH_WARM_Abnormal_2026-03-19T21-01-37-824819,BATCH WARM,train,2700,semiquant,Protein:Trace,Protein:Trace,,,Protein,Trace,BATCH_WARM_Abnormal_2026-03-19T21-01-37-824819_SEMIQUANT_FROM_BINARY.zip,1,1,0,,39.292,0.121536,0.679289,53.1968,0.095117,0.613809,40.375999,0.059694,0.678182,31.1672,0.067827,0.703416,39.060799,0.065431,0.662185,51.444,0.017402,0.704825,88.027199,0.016936,0.694444,0.0,0.0,0.0,0.0,0.0,0.0,0.0,0.0,0.0
BATCH_WARM_Abnormal_2026-03-19T21-01-37-824819,BATCH WARM,train,2700,semiquant,pH:8.5,pH:8.5,,,pH,8.5,BATCH_WARM_Abnormal_2026-03-19T21-01-37-824819_SEMIQUANT_FROM_BINARY.zip,1,1,0,,39.292,0.121536,0.679289,53.1968,0.095117,0.613809,40.375999,0.059694,0.678182,31.1672,0.067827,0.703416,39.060799,0.065431,0.662185,51.444,0.017402,0.704825,88.027199,0.016936,0.694444,0.0,0.0,0.0,0.0,0.0,0.0,0.0,0.0,0.0
BATCH_WARM_Abnormal_2026-03-19T21-01-37-824819,BATCH WARM,train,2700,semiquant,Blood:Non-hemolyzed 10,Blood:Non-hemolyzed 10,,,Blood,Non-hemolyzed 10,BATCH_WARM_Abnormal_2026-03-19T21-01-37-824819_SEMIQUANT_FROM_BINARY.zip,1,1,0,,39.292,0.121536,0.679289,53.1968,0.095117,0.613809,40.375999,0.059694,0.678182,31.1672,0.067827,0.703416,39.060799,0.065431,0.662185,51.444,0.017402,0.704825,88.027199,0.016936,0.694444,0.0,0.0,0.0,0.0,0.0,0.0,0.0,0.0,0.0
BATCH_WARM_Abnormal_2026-03-19T21-01-37-824819,BATCH WARM,train,2700,semiquant,Specific Gravity:1.030,Specific Gravity:1.030,,,Specific Gravity,1.030,BATCH_WARM_Abnormal_2026-03-19T21-01-37-824819_SEMIQUANT_FROM_BINARY.zip,1,1,0,,39.292,0.121536,0.679289,53.1968,0.095117,0.613809,40.375999,0.059694,0.678182,31.1672,0.067827,0.703416,39.060799,0.065431,0.662185,51.444,0.017402,0.704825,88.027199,0.016936,0.694444,0.0,0.0,0.0,0.0,0.0,0.0,0.0,0.0,0.0
BATCH_WARM_Abnormal_2026-03-19T21-01-37-824819,BATCH WARM,train,2700,semiquant,Ketone:Trace 0.5,Ketone:Trace 0.5,,,Ketone,Trace 0.5,BATCH_WARM_Abnormal_2026-03-19T21-01-37-824819_SEMIQUANT_FROM_BINARY.zip,1,1,0,,39.292,0.121536,0.679289,53.1968,0.095117,0.613809,40.375999,0.059694,0.678182,31.1672,0.067827,0.703416,39.060799,0.065431,0.662185,51.444,0.017402,0.704825,88.027199,0.016936,0.694444,0.0,0.0,0.0,0.0,0.0,0.0,0.0,0.0,0.0
BATCH_WARM_Abnormal_2026-03-19T21-01-37-824819,BATCH WARM,train,2700,semiquant,Bilirubin:Large 100,Bilirubin:Large 100,,,Bilirubin,Large 100,BATCH_WARM_Abnormal_2026-03-19T21-01-37-824819_SEMIQUANT_FROM_BINARY.zip,1,1,0,,39.292,0.121536,0.679289,53.1968,0.095117,0.613809,40.375999,0.059694,0.678182,31.1672,0.067827,0.703416,39.060799,0.065431,0.662185,51.444,0.017402,0.704825,88.027199,0.016936,0.694444,0.0,0.0,0.0,0.0,0.0,0.0,0.0,0.0,0.0
BATCH_WARM_Abnormal_2026-03-19T21-01-37-824819,BATCH WARM,train,2700,semiquant,Glucose:Trace 5,Glucose:Trace 5,,,Glucose,Trace 5,BATCH_WARM_Abnormal_2026-03-19T21-01-37-824819_SEMIQUANT_FROM_BINARY.zip,1,1,0,,39.292,0.121536,0.679289,53.1968,0.095117,0.613809,40.375999,0.059694,0.678182,31.1672,0.067827,0.703416,39.060799,0.065431,0.662185,51.444,0.017402,0.704825,88.027199,0.016936,0.694444,0.0,0.0,0.0,0.0,0.0,0.0,0.0,0.0,0.0
BATCH_WARM_Abnormal_2026-03-19T21-01-37-824819,BATCH WARM,train,2700,semiquant,Leukocytes:Moderate 125,Leukocytes:Moderate 125,,,Leukocytes,Moderate 125,BATCH_WARM_Abnormal_2026-03-19T21-01-37-824819_SEMIQUANT_FROM_BINARY.zip,1,1,0,,39.292,0.121536,0.679289,53.1968,0.095117,0.613809,40.375999,0.059694,0.678182,31.1672,0.067827,0.703416,39.060799,0.065431,0.662185,51.444,0.017402,0.704825,88.027199,0.016936,0.694444,0.0,0.0,0.0,0.0,0.0,0.0,0.0,0.0,0.0
BATCH_WARM_Abnormal_2026-03-19T21-01-37-824819,BATCH WARM,train,2700,semiquant,Nitrite:Positive,Nitrite:Positive,,,Nitrite,Positive,BATCH_WARM_Abnormal_2026-03-19T21-01-37-824819_SEMIQUANT_FROM_BINARY.zip,1,1,0,,39.292,0.121536,0.679289,53.1968,0.095117,0.613809,40.375999,0.059694,0.678182,31.1672,0.067827,0.703416,39.060799,0.065431,0.662185,51.444,0.017402,0.704825,88.027199,0.016936,0.694444,0.0,0.0,0.0,0.0,0.0,0.0,0.0,0.0,0.0
BATCH_WARM_Abnormal_2026-03-19T21-01-37-824819,BATCH WARM,train,2700,semiquant,Urobilinogen:64,Urobilinogen:64,,,Urobilinogen,64,BATCH_WARM_Abnormal_2026-03-19T21-01-37-824819_SEMIQUANT_FROM_BINARY.zip,1,1,0,,39.292,0.121536,0.679289,53.1968,0.095117,0.613809,40.375999,0.059694,0.678182,31.1672,0.067827,0.703416,39.060799,0.065431,0.662185,51.444,0.017402,0.704825,88.027199,0.016936,0.694444,0.0,0.0,0.0,0.0,0.0,0.0,0.0,0.0,0.0
BATCH_WARM_Abnormal_2026-03-19T21-01-37-824819,BATCH WARM,train,2700,semiquant,Protein:0.3,Protein:0.3,,,Protein,0.3,BATCH_WARM_Abnormal_2026-03-19T21-01-37-824819_SEMIQUANT_FROM_BINARY.zip,1,1,0,,39.292,0.121536,0.679289,53.1968,0.095117,0.613809,40.375999,0.059694,0.678182,31.1672,0.067827,0.703416,39.060799,0.065431,0.662185,51.444,0.017402,0.704825,88.027199,0.016936,0.694444,0.0,0.0,0.0,0.0,0.0,0.0,0.0,0.0,0.0
BATCH_WARM_Abnormal_2026-03-19T21-01-37-824819,BATCH WARM,train,2700,semiquant,pH:5.0,pH:5.0,,,pH,5.0,BATCH_WARM_Abnormal_2026-03-19T21-01-37-824819_SEMIQUANT_FROM_BINARY.zip,1,1,0,,39.292,0.121536,0.679289,53.1968,0.095117,0.613809,40.375999,0.059694,0.678182,31.1672,0.067827,0.703416,39.060799,0.065431,0.662185,51.444,0.017402,0.704825,88.027199,0.016936,0.694444,0.0,0.0,0.0,0.0,0.0,0.0,0.0,0.0,0.0
BATCH_WARM_Abnormal_2026-03-19T21-01-37-824819,BATCH WARM,train,2700,semiquant,Blood:Hemolyzed 10,Blood:Hemolyzed 10,,,Blood,Hemolyzed 10,BATCH_WARM_Abnormal_2026-03-19T21-01-37-824819_SEMIQUANT_FROM_BINARY.zip,1,1,0,,39.292,0.121536,0.679289,53.1968,0.095117,0.613809,40.375999,0.059694,0.678182,31.1672,0.067827,0.703416,39.060799,0.065431,0.662185,51.444,0.017402,0.704825,88.027199,0.016936,0.694444,0.0,0.0,0.0,0.0,0.0,0.0,0.0,0.0,0.0
BATCH_WARM_Abnormal_2026-03-19T21-01-37-824819,BATCH WARM,train,2700,semiquant,Specific Gravity:1.000,Specific Gravity:1.000,,,Specific Gravity,1.000,BATCH_WARM_Abnormal_2026-03-19T21-01-37-824819_SEMIQUANT_FROM_BINARY.zip,1,1,0,,39.292,0.121536,0.679289,53.1968,0.095117,0.613809,40.375999,0.059694,0.678182,31.1672,0.067827,0.703416,39.060799,0.065431,0.662185,51.444,0.017402,0.704825,88.027199,0.016936,0.694444,0.0,0.0,0.0,0.0,0.0,0.0,0.0,0.0,0.0
BATCH_WARM_Abnormal_2026-03-19T21-01-37-824819,BATCH WARM,train,2700,semiquant,Ketone:Small 1.5,Ketone:Small 1.5,,,Ketone,Small 1.5,BATCH_WARM_Abnormal_2026-03-19T21-01-37-824819_SEMIQUANT_FROM_BINARY.zip,1,1,0,,39.292,0.121536,0.679289,53.1968,0.095117,0.613809,40.375999,0.059694,0.678182,31.1672,0.067827,0.703416,39.060799,0.065431,0.662185,51.444,0.017402,0.704825,88.027199,0.016936,0.694444,0.0,0.0,0.0,0.0,0.0,0.0,0.0,0.0,0.0
BATCH_WARM_Abnormal_2026-03-19T21-01-37-824819,BATCH WARM,train,2700,semiquant,Bilirubin:Small 17,Bilirubin:Small 17,,,Bilirubin,Small 17,BATCH_WARM_Abnormal_2026-03-19T21-01-37-824819_SEMIQUANT_FROM_BINARY.zip,1,1,0,,39.292,0.121536,0.679289,53.1968,0.095117,0.613809,40.375999,0.059694,0.678182,31.1672,0.067827,0.703416,39.060799,0.065431,0.662185,51.444,0.017402,0.704825,88.027199,0.016936,0.694444,0.0,0.0,0.0,0.0,0.0,0.0,0.0,0.0,0.0
BATCH_WARM_Abnormal_2026-03-19T21-01-37-824819,BATCH WARM,train,2700,semiquant,Glucose:15 +,Glucose:15 +,,,Glucose,15 +,BATCH_WARM_Abnormal_2026-03-19T21-01-37-824819_SEMIQUANT_FROM_BINARY.zip,1,1,0,,39.292,0.121536,0.679289,53.1968,0.095117,0.613809,40.375999,0.059694,0.678182,31.1672,0.067827,0.703416,39.060799,0.065431,0.662185,51.444,0.017402,0.704825,88.027199,0.016936,0.694444,0.0,0.0,0.0,0.0,0.0,0.0,0.0,0.0,0.0
BATCH_WARM_Abnormal_2026-03-19T21-01-37-824819,BATCH WARM,train,2700,semiquant,Leukocytes:Large 500,Leukocytes:Large 500,,,Leukocytes,Large 500,BATCH_WARM_Abnormal_2026-03-19T21-01-37-824819_SEMIQUANT_FROM_BINARY.zip,1,1,0,,242.032806,0.337762,1.0,242.0448,0.334569,1.0,242.059204,0.333807,1.0,242.085602,0.334654,1.0,242.376801,0.331862,1.0,242.154404,0.332835,1.0,242.206406,0.331107,1.0,242.463196,0.326893,1.0,242.271194,0.329525,1.0,242.9552,0.328913,1.0
BATCH_WARM_Abnormal_2026-03-19T21-01-37-824819,BATCH WARM,train,2700,semiquant,Nitrite:Positive,Nitrite:Positive,,,Nitrite,Positive,BATCH_WARM_Abnormal_2026-03-19T21-01-37-824819_SEMIQUANT_FROM_BINARY.zip,1,1,0,,242.032806,0.337762,1.0,242.0448,0.334569,1.0,242.059204,0.333807,1.0,242.085602,0.334654,1.0,242.376801,0.331862,1.0,242.154404,0.332835,1.0,242.206406,0.331107,1.0,242.463196,0.326893,1.0,242.271194,0.329525,1.0,242.9552,0.328913,1.0
BATCH_WARM_Abnormal_2026-03-19T21-01-37-824819,BATCH WARM,train,2700,semiquant,Urobilinogen:128,Urobilinogen:128,,,Urobilinogen,128,BATCH_WARM_Abnormal_2026-03-19T21-01-37-824819_SEMIQUANT_FROM_BINARY.zip,1,1,0,,242.032806,0.337762,1.0,242.0448,0.334569,1.0,242.059204,0.333807,1.0,242.085602,0.334654,1.0,242.376801,0.331862,1.0,242.154404,0.332835,1.0,242.206406,0.331107,1.0,242.463196,0.326893,1.0,242.271194,0.329525,1.0,242.9552,0.328913,1.0
BATCH_WARM_Abnormal_2026-03-19T21-01-37-824819,BATCH WARM,train,2700,semiquant,Protein:1.0,Protein:1.0,,,Protein,1.0,BATCH_WARM_Abnormal_2026-03-19T21-01-37-824819_SEMIQUANT_FROM_BINARY.zip,1,1,0,,242.032806,0.337762,1.0,242.0448,0.334569,1.0,242.059204,0.333807,1.0,242.085602,0.334654,1.0,242.376801,0.331862,1.0,242.154404,0.332835,1.0,242.206406,0.331107,1.0,242.463196,0.326893,1.0,242.271194,0.329525,1.0,242.9552,0.328913,1.0
BATCH_WARM_Abnormal_2026-03-19T21-01-37-824819,BATCH WARM,train,2700,semiquant,pH:6.5,pH:6.5,,,pH,6.5,BATCH_WARM_Abnormal_2026-03-19T21-01-37-824819_SEMIQUANT_FROM_BINARY.zip,1,1,0,,242.032806,0.337762,1.0,242.0448,0.334569,1.0,242.059204,0.333807,1.0,242.085602,0.334654,1.0,242.376801,0.331862,1.0,242.154404,0.332835,1.0,242.206406,0.331107,1.0,242.463196,0.326893,1.0,242.271194,0.329525,1.0,242.9552,0.328913,1.0
BATCH_WARM_Abnormal_2026-03-19T21-01-37-824819,BATCH WARM,train,2700,semiquant,Blood:Small 25,Blood:Small 25,,,Blood,Small 25,BATCH_WARM_Abnormal_2026-03-19T21-01-37-824819_SEMIQUANT_FROM_BINARY.zip,1,1,0,,242.032806,0.337762,1.0,242.0448,0.334569,1.0,242.059204,0.333807,1.0,242.085602,0.334654,1.0,242.376801,0.331862,1.0,242.154404,0.332835,1.0,242.206406,0.331107,1.0,242.463196,0.326893,1.0,242.271194,0.329525,1.0,242.9552,0.328913,1.0
BATCH_WARM_Abnormal_2026-03-19T21-01-37-824819,BATCH WARM,train,2700,semiquant,Specific Gravity:1.005,Specific Gravity:1.005,,,Specific Gravity,1.005,BATCH_WARM_Abnormal_2026-03-19T21-01-37-824819_SEMIQUANT_FROM_BINARY.zip,1,1,0,,242.032806,0.337762,1.0,242.0448,0.334569,1.0,242.059204,0.333807,1.0,242.085602,0.334654,1.0,242.376801,0.331862,1.0,242.154404,0.332835,1.0,242.206406,0.331107,1.0,242.463196,0.326893,1.0,242.271194,0.329525,1.0,242.9552,0.328913,1.0
BATCH_WARM_Abnormal_2026-03-19T21-01-37-824819,BATCH WARM,train,2700,semiquant,Ketone:Moderate 4.0,Ketone:Moderate 4.0,,,Ketone,Moderate 4.0,BATCH_WARM_Abnormal_2026-03-19T21-01-37-824819_SEMIQUANT_FROM_BINARY.zip,1,1,0,,242.032806,0.337762,1.0,242.0448,0.334569,1.0,242.059204,0.333807,1.0,242.085602,0.334654,1.0,242.376801,0.331862,1.0,242.154404,0.332835,1.0,242.206406,0.331107,1.0,242.463196,0.326893,1.0,242.271194,0.329525,1.0,242.9552,0.328913,1.0
BATCH_WARM_Abnormal_2026-03-19T21-01-37-824819,BATCH WARM,train,2700,semiquant,Bilirubin:Moderate 50,Bilirubin:Moderate 50,,,Bilirubin,Moderate 50,BATCH_WARM_Abnormal_2026-03-19T21-01-37-824819_SEMIQUANT_FROM_BINARY.zip,1,1,0,,242.032806,0.337762,1.0,242.0448,0.334569,1.0,242.059204,0.333807,1.0,242.085602,0.334654,1.0,242.376801,0.331862,1.0,242.154404,0.332835,1.0,242.206406,0.331107,1.0,242.463196,0.326893,1.0,242.271194,0.329525,1.0,242.9552,0.328913,1.0
BATCH_WARM_Abnormal_2026-03-19T21-01-37-824819,BATCH WARM,train,2700,semiquant,Glucose:30 ++,Glucose:30 ++,,,Glucose,30 ++,BATCH_WARM_Abnormal_2026-03-19T21-01-37-824819_SEMIQUANT_FROM_BINARY.zip,1,1,0,,242.032806,0.337762,1.0,242.0448,0.334569,1.0,242.059204,0.333807,1.0,242.085602,0.334654,1.0,242.376801,0.331862,1.0,242.154404,0.332835,1.0,242.206406,0.331107,1.0,242.463196,0.326893,1.0,242.271194,0.329525,1.0,242.9552,0.328913,1.0
BATCH_WARM_Abnormal_2026-03-19T21-01-37-824819,BATCH WARM,train,2700,semiquant,Leukocytes:Trace 15,Leukocytes:Trace 15,,,Leukocytes,Trace 15,BATCH_WARM_Abnormal_2026-03-19T21-01-37-824819_SEMIQUANT_FROM_BINARY.zip,1,1,0,,174.0112,0.115261,0.679716,173.332794,0.087183,0.617991,209.090393,0.051842,0.679427,169.199203,0.053315,0.70326,146.338394,0.044759,0.67478,266.144012,0.017763,0.703319,275.515198,0.019296,0.691415,0.0,0.0,0.0,0.0,0.0,0.0,0.0,0.0,0.0
BATCH_WARM_Abnormal_2026-03-19T21-01-37-824819,BATCH WARM,train,2700,semiquant,Nitrite:Positive,Nitrite:Positive,,,Nitrite,Positive,BATCH_WARM_Abnormal_2026-03-19T21-01-37-824819_SEMIQUANT_FROM_BINARY.zip,1,1,0,,174.0112,0.115261,0.679716,173.332794,0.087183,0.617991,209.090393,0.051842,0.679427,169.199203,0.053315,0.70326,146.338394,0.044759,0.67478,266.144012,0.017763,0.703319,275.515198,0.019296,0.691415,0.0,0.0,0.0,0.0,0.0,0.0,0.0,0.0,0.0
BATCH_WARM_Abnormal_2026-03-19T21-01-37-824819,BATCH WARM,train,2700,semiquant,Urobilinogen:16,Urobilinogen:16,,,Urobilinogen,16,BATCH_WARM_Abnormal_2026-03-19T21-01-37-824819_SEMIQUANT_FROM_BINARY.zip,1,1,0,,174.0112,0.115261,0.679716,173.332794,0.087183,0.617991,209.090393,0.051842,0.679427,169.199203,0.053315,0.70326,146.338394,0.044759,0.67478,266.144012,0.017763,0.703319,275.515198,0.019296,0.691415,0.0,0.0,0.0,0.0,0.0,0.0,0.0,0.0,0.0
BATCH_WARM_Abnormal_2026-03-19T21-01-37-824819,BATCH WARM,train,2700,semiquant,Protein:3.0,Protein:3.0,,,Protein,3.0,BATCH_WARM_Abnormal_2026-03-19T21-01-37-824819_SEMIQUANT_FROM_BINARY.zip,1,1,0,,174.0112,0.115261,0.679716,173.332794,0.087183,0.617991,209.090393,0.051842,0.679427,169.199203,0.053315,0.70326,146.338394,0.044759,0.67478,266.144012,0.017763,0.703319,275.515198,0.019296,0.691415,0.0,0.0,0.0,0.0,0.0,0.0,0.0,0.0,0.0
BATCH_WARM_Abnormal_2026-03-19T21-01-37-824819,BATCH WARM,train,2700,semiquant,pH:7.0,pH:7.0,,,pH,7.0,BATCH_WARM_Abnormal_2026-03-19T21-01-37-824819_SEMIQUANT_FROM_BINARY.zip,1,1,0,,174.0112,0.115261,0.679716,173.332794,0.087183,0.617991,209.090393,0.051842,0.679427,169.199203,0.053315,0.70326,146.338394,0.044759,0.67478,266.144012,0.017763,0.703319,275.515198,0.019296,0.691415,0.0,0.0,0.0,0.0,0.0,0.0,0.0,0.0,0.0
BATCH_WARM_Abnormal_2026-03-19T21-01-37-824819,BATCH WARM,train,2700,semiquant,Blood:Moderate 80,Blood:Moderate 80,,,Blood,Moderate 80,BATCH_WARM_Abnormal_2026-03-19T21-01-37-824819_SEMIQUANT_FROM_BINARY.zip,1,1,0,,174.0112,0.115261,0.679716,173.332794,0.087183,0.617991,209.090393,0.051842,0.679427,169.199203,0.053315,0.70326,146.338394,0.044759,0.67478,266.144012,0.017763,0.703319,275.515198,0.019296,0.691415,0.0,0.0,0.0,0.0,0.0,0.0,0.0,0.0,0.0
BATCH_WARM_Abnormal_2026-03-19T21-01-37-824819,BATCH WARM,train,2700,semiquant,Specific Gravity:1.010,Specific Gravity:1.010,,,Specific Gravity,1.010,BATCH_WARM_Abnormal_2026-03-19T21-01-37-824819_SEMIQUANT_FROM_BINARY.zip,1,1,0,,174.0112,0.115261,0.679716,173.332794,0.087183,0.617991,209.090393,0.051842,0.679427,169.199203,0.053315,0.70326,146.338394,0.044759,0.67478,266.144012,0.017763,0.703319,275.515198,0.019296,0.691415,0.0,0.0,0.0,0.0,0.0,0.0,0.0,0.0,0.0
BATCH_WARM_Abnormal_2026-03-19T21-01-37-824819,BATCH WARM,train,2700,semiquant,Ketone:8.0,Ketone:8.0,,,Ketone,8.0,BATCH_WARM_Abnormal_2026-03-19T21-01-37-824819_SEMIQUANT_FROM_BINARY.zip,1,1,0,,174.0112,0.115261,0.679716,173.332794,0.087183,0.617991,209.090393,0.051842,0.679427,169.199203,0.053315,0.70326,146.338394,0.044759,0.67478,266.144012,0.017763,0.703319,275.515198,0.019296,0.691415,0.0,0.0,0.0,0.0,0.0,0.0,0.0,0.0,0.0
BATCH_WARM_Abnormal_2026-03-19T21-01-37-824819,BATCH WARM,train,2700,semiquant,Bilirubin:Large 100,Bilirubin:Large 100,,,Bilirubin,Large 100,BATCH_WARM_Abnormal_2026-03-19T21-01-37-824819_SEMIQUANT_FROM_BINARY.zip,1,1,0,,174.0112,0.115261,0.679716,173.332794,0.087183,0.617991,209.090393,0.051842,0.679427,169.199203,0.053315,0.70326,146.338394,0.044759,0.67478,266.144012,0.017763,0.703319,275.515198,0.019296,0.691415,0.0,0.0,0.0,0.0,0.0,0.0,0.0,0.0,0.0
BATCH_WARM_Abnormal_2026-03-19T21-01-37-824819,BATCH WARM,train,2700,semiquant,Glucose:60 +++,Glucose:60 +++,,,Glucose,60 +++,BATCH_WARM_Abnormal_2026-03-19T21-01-37-824819_SEMIQUANT_FROM_BINARY.zip,1,1,0,,174.0112,0.115261,0.679716,173.332794,0.087183,0.617991,209.090393,0.051842,0.679427,169.199203,0.053315,0.70326,146.338394,0.044759,0.67478,266.144012,0.017763,0.703319,275.515198,0.019296,0.691415,0.0,0.0,0.0,0.0,0.0,0.0,0.0,0.0,0.0
BATCH_WARM_Abnormal_2026-03-19T21-01-37-824819,BATCH WARM,train,2700,semiquant,Leukocytes:Small 70,Leukocytes:Small 70,,,Leukocytes,Small 70,BATCH_WARM_Abnormal_2026-03-19T21-01-37-824819_SEMIQUANT_FROM_BINARY.zip,1,1,0,,306.839996,0.010839,0.696701,305.519989,0.010538,0.69778,303.68399,0.010369,0.698626,304.415985,0.010419,0.698334,303.64801,0.010701,0.698198,305.516815,0.0111,0.697283,303.156006,0.009917,0.699663,300.81601,0.008122,0.703635,300.612,0.007351,0.704944,299.660004,0.006375,0.709528
BATCH_WARM_Abnormal_2026-03-19T21-01-37-824819,BATCH WARM,train,2700,semiquant,Nitrite:Positive,Nitrite:Positive,,,Nitrite,Positive,BATCH_WARM_Abnormal_2026-03-19T21-01-37-824819_SEMIQUANT_FROM_BINARY.zip,1,1,0,,306.839996,0.010839,0.696701,305.519989,0.010538,0.69778,303.68399,0.010369,0.698626,304.415985,0.010419,0.698334,303.64801,0.010701,0.698198,305.516815,0.0111,0.697283,303.156006,0.009917,0.699663,300.81601,0.008122,0.703635,300.612,0.007351,0.704944,299.660004,0.006375,0.709528
BATCH_WARM_Abnormal_2026-03-19T21-01-37-824819,BATCH WARM,train,2700,semiquant,Urobilinogen:32,Urobilinogen:32,,,Urobilinogen,32,BATCH_WARM_Abnormal_2026-03-19T21-01-37-824819_SEMIQUANT_FROM_BINARY.zip,1,1,0,,306.839996,0.010839,0.696701,305.519989,0.010538,0.69778,303.68399,0.010369,0.698626,304.415985,0.010419,0.698334,303.64801,0.010701,0.698198,305.516815,0.0111,0.697283,303.156006,0.009917,0.699663,300.81601,0.008122,0.703635,300.612,0.007351,0.704944,299.660004,0.006375,0.709528
BATCH_WARM_Abnormal_2026-03-19T21-01-37-824819,BATCH WARM,train,2700,semiquant,Protein:>=20.0,Protein:>=20.0,,,Protein,>=20.0,BATCH_WARM_Abnormal_2026-03-19T21-01-37-824819_SEMIQUANT_FROM_BINARY.zip,1,1,0,,306.839996,0.010839,0.696701,305.519989,0.010538,0.69778,303.68399,0.010369,0.698626,304.415985,0.010419,0.698334,303.64801,0.010701,0.698198,305.516815,0.0111,0.697283,303.156006,0.009917,0.699663,300.81601,0.008122,0.703635,300.612,0.007351,0.704944,299.660004,0.006375,0.709528
BATCH_WARM_Abnormal_2026-03-19T21-01-37-824819,BATCH WARM,train,2700,semiquant,pH:7.5,pH:7.5,,,pH,7.5,BATCH_WARM_Abnormal_2026-03-19T21-01-37-824819_SEMIQUANT_FROM_BINARY.zip,1,1,0,,306.839996,0.010839,0.696701,305.519989,0.010538,0.69778,303.68399,0.010369,0.698626,304.415985,0.010419,0.698334,303.64801,0.010701,0.698198,305.516815,0.0111,0.697283,303.156006,0.009917,0.699663,300.81601,0.008122,0.703635,300.612,0.007351,0.704944,299.660004,0.006375,0.709528
BATCH_WARM_Abnormal_2026-03-19T21-01-37-824819,BATCH WARM,train,2700,semiquant,Blood:Large 200,Blood:Large 200,,,Blood,Large 200,BATCH_WARM_Abnormal_2026-03-19T21-01-37-824819_SEMIQUANT_FROM_BINARY.zip,1,1,0,,306.839996,0.010839,0.696701,305.519989,0.010538,0.69778,303.68399,0.010369,0.698626,304.415985,0.010419,0.698334,303.64801,0.010701,0.698198,305.516815,0.0111,0.697283,303.156006,0.009917,0.699663,300.81601,0.008122,0.703635,300.612,0.007351,0.704944,299.660004,0.006375,0.709528
BATCH_WARM_Abnormal_2026-03-19T21-01-37-824819,BATCH WARM,train,2700,semiquant,Specific Gravity:1.020,Specific Gravity:1.020,,,Specific Gravity,1.020,BATCH_WARM_Abnormal_2026-03-19T21-01-37-824819_SEMIQUANT_FROM_BINARY.zip,1,1,0,,306.839996,0.010839,0.696701,305.519989,0.010538,0.69778,303.68399,0.010369,0.698626,304.415985,0.010419,0.698334,303.64801,0.010701,0.698198,305.516815,0.0111,0.697283,303.156006,0.009917,0.699663,300.81601,0.008122,0.703635,300.612,0.007351,0.704944,299.660004,0.006375,0.709528
BATCH_WARM_Abnormal_2026-03-19T21-01-37-824819,BATCH WARM,train,2700,semiquant,Ketone:Large 16,Ketone:Large 16,,,Ketone,Large 16,BATCH_WARM_Abnormal_2026-03-19T21-01-37-824819_SEMIQUANT_FROM_BINARY.zip,1,1,0,,306.839996,0.010839,0.696701,305.519989,0.010538,0.69778,303.68399,0.010369,0.698626,304.415985,0.010419,0.698334,303.64801,0.010701,0.698198,305.516815,0.0111,0.697283,303.156006,0.009917,0.699663,300.81601,0.008122,0.703635,300.612,0.007351,0.704944,299.660004,0.006375,0.709528
BATCH_WARM_Abnormal_2026-03-19T21-01-37-824819,BATCH WARM,train,2700,semiquant,Bilirubin:Small 17,Bilirubin:Small 17,,,Bilirubin,Small 17,BATCH_WARM_Abnormal_2026-03-19T21-01-37-824819_SEMIQUANT_FROM_BINARY.zip,1,1,0,,306.839996,0.010839,0.696701,305.519989,0.010538,0.69778,303.68399,0.010369,0.698626,304.415985,0.010419,0.698334,303.64801,0.010701,0.698198,305.516815,0.0111,0.697283,303.156006,0.009917,0.699663,300.81601,0.008122,0.703635,300.612,0.007351,0.704944,299.660004,0.006375,0.709528
BATCH_WARM_Abnormal_2026-03-19T21-01-37-824819,BATCH WARM,train,2700,semiquant,Glucose:110 ++++,Glucose:110 ++++,,,Glucose,110 ++++,BATCH_WARM_Abnormal_2026-03-19T21-01-37-824819_SEMIQUANT_FROM_BINARY.zip,1,1,0,,306.839996,0.010839,0.696701,305.519989,0.010538,0.69778,303.68399,0.010369,0.698626,304.415985,0.010419,0.698334,303.64801,0.010701,0.698198,305.516815,0.0111,0.697283,303.156006,0.009917,0.699663,300.81601,0.008122,0.703635,300.612,0.007351,0.704944,299.660004,0.006375,0.709528
BATCH_WARM_Abnormal_2026-03-19T21-01-37-824819,BATCH WARM,train,2700,semiquant,Leukocytes:Moderate 125,Leukocytes:Moderate 125,,,Leukocytes,Moderate 125,BATCH_WARM_Abnormal_2026-03-19T21-01-37-824819_SEMIQUANT_FROM_BINARY.zip,1,1,0,,35.854401,0.108984,0.677851,39.173599,0.084629,0.619548,32.839199,0.048748,0.678533,59.849602,0.052491,0.702563,59.860001,0.047649,0.669989,104.305603,0.009911,0.700833,146.852005,0.012254,0.658398,0.0,0.0,0.0,0.0,0.0,0.0,0.0,0.0,0.0
BATCH_WARM_Abnormal_2026-03-19T21-01-37-824819,BATCH WARM,train,2700,semiquant,Nitrite:Positive,Nitrite:Positive,,,Nitrite,Positive,BATCH_WARM_Abnormal_2026-03-19T21-01-37-824819_SEMIQUANT_FROM_BINARY.zip,1,1,0,,35.854401,0.108984,0.677851,39.173599,0.084629,0.619548,32.839199,0.048748,0.678533,59.849602,0.052491,0.702563,59.860001,0.047649,0.669989,104.305603,0.009911,0.700833,146.852005,0.012254,0.658398,0.0,0.0,0.0,0.0,0.0,0.0,0.0,0.0,0.0
BATCH_WARM_Abnormal_2026-03-19T21-01-37-824819,BATCH WARM,train,2700,semiquant,Urobilinogen:64,Urobilinogen:64,,,Urobilinogen,64,BATCH_WARM_Abnormal_2026-03-19T21-01-37-824819_SEMIQUANT_FROM_BINARY.zip,1,1,0,,35.854401,0.108984,0.677851,39.173599,0.084629,0.619548,32.839199,0.048748,0.678533,59.849602,0.052491,0.702563,59.860001,0.047649,0.669989,104.305603,0.009911,0.700833,146.852005,0.012254,0.658398,0.0,0.0,0.0,0.0,0.0,0.0,0.0,0.0,0.0
BATCH_WARM_Abnormal_2026-03-19T21-01-37-824819,BATCH WARM,train,2700,semiquant,Protein:Trace,Protein:Trace,,,Protein,Trace,BATCH_WARM_Abnormal_2026-03-19T21-01-37-824819_SEMIQUANT_FROM_BINARY.zip,1,1,0,,35.854401,0.108984,0.677851,39.173599,0.084629,0.619548,32.839199,0.048748,0.678533,59.849602,0.052491,0.702563,59.860001,0.047649,0.669989,104.305603,0.009911,0.700833,146.852005,0.012254,0.658398,0.0,0.0,0.0,0.0,0.0,0.0,0.0,0.0,0.0
BATCH_WARM_Abnormal_2026-03-19T21-01-37-824819,BATCH WARM,train,2700,semiquant,pH:8.0,pH:8.0,,,pH,8.0,BATCH_WARM_Abnormal_2026-03-19T21-01-37-824819_SEMIQUANT_FROM_BINARY.zip,1,1,0,,35.854401,0.108984,0.677851,39.173599,0.084629,0.619548,32.839199,0.048748,0.678533,59.849602,0.052491,0.702563,59.860001,0.047649,0.669989,104.305603,0.009911,0.700833,146.852005,0.012254,0.658398,0.0,0.0,0.0,0.0,0.0,0.0,0.0,0.0,0.0
BATCH_WARM_Abnormal_2026-03-19T21-01-37-824819,BATCH WARM,train,2700,semiquant,Blood:Non-hemolyzed 10,Blood:Non-hemolyzed 10,,,Blood,Non-hemolyzed 10,BATCH_WARM_Abnormal_2026-03-19T21-01-37-824819_SEMIQUANT_FROM_BINARY.zip,1,1,0,,35.854401,0.108984,0.677851,39.173599,0.084629,0.619548,32.839199,0.048748,0.678533,59.849602,0.052491,0.702563,59.860001,0.047649,0.669989,104.305603,0.009911,0.700833,146.852005,0.012254,0.658398,0.0,0.0,0.0,0.0,0.0,0.0,0.0,0.0,0.0
BATCH_WARM_Abnormal_2026-03-19T21-01-37-824819,BATCH WARM,train,2700,semiquant,Specific Gravity:1.025,Specific Gravity:1.025,,,Specific Gravity,1.025,BATCH_WARM_Abnormal_2026-03-19T21-01-37-824819_SEMIQUANT_FROM_BINARY.zip,1,1,0,,35.854401,0.108984,0.677851,39.173599,0.084629,0.619548,32.839199,0.048748,0.678533,59.849602,0.052491,0.702563,59.860001,0.047649,0.669989,104.305603,0.009911,0.700833,146.852005,0.012254,0.658398,0.0,0.0,0.0,0.0,0.0,0.0,0.0,0.0,0.0
BATCH_WARM_Abnormal_2026-03-19T21-01-37-824819,BATCH WARM,train,2700,semiquant,Ketone:Trace 0.5,Ketone:Trace 0.5,,,Ketone,Trace 0.5,BATCH_WARM_Abnormal_2026-03-19T21-01-37-824819_SEMIQUANT_FROM_BINARY.zip,1,1,0,,35.854401,0.108984,0.677851,39.173599,0.084629,0.619548,32.839199,0.048748,0.678533,59.849602,0.052491,0.702563,59.860001,0.047649,0.669989,104.305603,0.009911,0.700833,146.852005,0.012254,0.658398,0.0,0.0,0.0,0.0,0.0,0.0,0.0,0.0,0.0
BATCH_WARM_Abnormal_2026-03-19T21-01-37-824819,BATCH WARM,train,2700,semiquant,Bilirubin:Moderate 50,Bilirubin:Moderate 50,,,Bilirubin,Moderate 50,BATCH_WARM_Abnormal_2026-03-19T21-01-37-824819_SEMIQUANT_FROM_BINARY.zip,1,1,0,,35.854401,0.108984,0.677851,39.173599,0.084629,0.619548,32.839199,0.048748,0.678533,59.849602,0.052491,0.702563,59.860001,0.047649,0.669989,104.305603,0.009911,0.700833,146.852005,0.012254,0.658398,0.0,0.0,0.0,0.0,0.0,0.0,0.0,0.0,0.0
BATCH_WARM_Abnormal_2026-03-19T21-01-37-824819,BATCH WARM,train,2700,semiquant,Glucose:Trace 5,Glucose:Trace 5,,,Glucose,Trace 5,BATCH_WARM_Abnormal_2026-03-19T21-01-37-824819_SEMIQUANT_FROM_BINARY.zip,1,1,0,,35.854401,0.108984,0.677851,39.173599,0.084629,0.619548,32.839199,0.048748,0.678533,59.849602,0.052491,0.702563,59.860001,0.047649,0.669989,104.305603,0.009911,0.700833,146.852005,0.012254,0.658398,0.0,0.0,0.0,0.0,0.0,0.0,0.0,0.0,0.0
BATCH_WARM_Abnormal_2026-03-19T21-01-37-824819,BATCH WARM,train,2700,semiquant,Leukocytes:Large 500,Leukocytes:Large 500,,,Leukocytes,Large 500,BATCH_WARM_Abnormal_2026-03-19T21-01-37-824819_SEMIQUANT_FROM_BINARY.zip,1,1,0,,41.1656,0.107551,0.678599,42.7272,0.080646,0.62414,50.223202,0.045349,0.68043,48.271198,0.046864,0.70138,32.552799,0.035755,0.679206,105.156799,0.011495,0.699738,164.5056,0.010824,0.674162,0.0,0.0,0.0,0.0,0.0,0.0,0.0,0.0,0.0
BATCH_WARM_Abnormal_2026-03-19T21-01-37-824819,BATCH WARM,train,2700,semiquant,Nitrite:Positive,Nitrite:Positive,,,Nitrite,Positive,BATCH_WARM_Abnormal_2026-03-19T21-01-37-824819_SEMIQUANT_FROM_BINARY.zip,1,1,0,,41.1656,0.107551,0.678599,42.7272,0.080646,0.62414,50.223202,0.045349,0.68043,48.271198,0.046864,0.70138,32.552799,0.035755,0.679206,105.156799,0.011495,0.699738,164.5056,0.010824,0.674162,0.0,0.0,0.0,0.0,0.0,0.0,0.0,0.0,0.0
BATCH_WARM_Abnormal_2026-03-19T21-01-37-824819,BATCH WARM,train,2700,semiquant,Urobilinogen:128,Urobilinogen:128,,,Urobilinogen,128,BATCH_WARM_Abnormal_2026-03-19T21-01-37-824819_SEMIQUANT_FROM_BINARY.zip,1,1,0,,41.1656,0.107551,0.678599,42.7272,0.080646,0.62414,50.223202,0.045349,0.68043,48.271198,0.046864,0.70138,32.552799,0.035755,0.679206,105.156799,0.011495,0.699738,164.5056,0.010824,0.674162,0.0,0.0,0.0,0.0,0.0,0.0,0.0,0.0,0.0
BATCH_WARM_Abnormal_2026-03-19T21-01-37-824819,BATCH WARM,train,2700,semiquant,Protein:0.3,Protein:0.3,,,Protein,0.3,BATCH_WARM_Abnormal_2026-03-19T21-01-37-824819_SEMIQUANT_FROM_BINARY.zip,1,1,0,,41.1656,0.107551,0.678599,42.7272,0.080646,0.62414,50.223202,0.045349,0.68043,48.271198,0.046864,0.70138,32.552799,0.035755,0.679206,105.156799,0.011495,0.699738,164.5056,0.010824,0.674162,0.0,0.0,0.0,0.0,0.0,0.0,0.0,0.0,0.0
BATCH_WARM_Abnormal_2026-03-19T21-01-37-824819,BATCH WARM,train,2700,semiquant,pH:8.5,pH:8.5,,,pH,8.5,BATCH_WARM_Abnormal_2026-03-19T21-01-37-824819_SEMIQUANT_FROM_BINARY.zip,1,1,0,,41.1656,0.107551,0.678599,42.7272,0.080646,0.62414,50.223202,0.045349,0.68043,48.271198,0.046864,0.70138,32.552799,0.035755,0.679206,105.156799,0.011495,0.699738,164.5056,0.010824,0.674162,0.0,0.0,0.0,0.0,0.0,0.0,0.0,0.0,0.0
BATCH_WARM_Abnormal_2026-03-19T21-01-37-824819,BATCH WARM,train,2700,semiquant,Blood:Hemolyzed 10,Blood:Hemolyzed 10,,,Blood,Hemolyzed 10,BATCH_WARM_Abnormal_2026-03-19T21-01-37-824819_SEMIQUANT_FROM_BINARY.zip,1,1,0,,41.1656,0.107551,0.678599,42.7272,0.080646,0.62414,50.223202,0.045349,0.68043,48.271198,0.046864,0.70138,32.552799,0.035755,0.679206,105.156799,0.011495,0.699738,164.5056,0.010824,0.674162,0.0,0.0,0.0,0.0,0.0,0.0,0.0,0.0,0.0
BATCH_WARM_Abnormal_2026-03-19T21-01-37-824819,BATCH WARM,train,2700,semiquant,Specific Gravity:1.030,Specific Gravity:1.030,,,Specific Gravity,1.030,BATCH_WARM_Abnormal_2026-03-19T21-01-37-824819_SEMIQUANT_FROM_BINARY.zip,1,1,0,,41.1656,0.107551,0.678599,42.7272,0.080646,0.62414,50.223202,0.045349,0.68043,48.271198,0.046864,0.70138,32.552799,0.035755,0.679206,105.156799,0.011495,0.699738,164.5056,0.010824,0.674162,0.0,0.0,0.0,0.0,0.0,0.0,0.0,0.0,0.0
BATCH_WARM_Abnormal_2026-03-19T21-01-37-824819,BATCH WARM,train,2700,semiquant,Ketone:Small 1.5,Ketone:Small 1.5,,,Ketone,Small 1.5,BATCH_WARM_Abnormal_2026-03-19T21-01-37-824819_SEMIQUANT_FROM_BINARY.zip,1,1,0,,41.1656,0.107551,0.678599,42.7272,0.080646,0.62414,50.223202,0.045349,0.68043,48.271198,0.046864,0.70138,32.552799,0.035755,0.679206,105.156799,0.011495,0.699738,164.5056,0.010824,0.674162,0.0,0.0,0.0,0.0,0.0,0.0,0.0,0.0,0.0
BATCH_WARM_Abnormal_2026-03-19T21-01-37-824819,BATCH WARM,train,2700,semiquant,Bilirubin:Large 100,Bilirubin:Large 100,,,Bilirubin,Large 100,BATCH_WARM_Abnormal_2026-03-19T21-01-37-824819_SEMIQUANT_FROM_BINARY.zip,1,1,0,,41.1656,0.107551,0.678599,42.7272,0.080646,0.62414,50.223202,0.045349,0.68043,48.271198,0.046864,0.70138,32.552799,0.035755,0.679206,105.156799,0.011495,0.699738,164.5056,0.010824,0.674162,0.0,0.0,0.0,0.0,0.0,0.0,0.0,0.0,0.0
BATCH_WARM_Abnormal_2026-03-19T21-01-37-824819,BATCH WARM,train,2700,semiquant,Glucose:15 +,Glucose:15 +,,,Glucose,15 +,BATCH_WARM_Abnormal_2026-03-19T21-01-37-824819_SEMIQUANT_FROM_BINARY.zip,1,1,0,,41.1656,0.107551,0.678599,42.7272,0.080646,0.62414,50.223202,0.045349,0.68043,48.271198,0.046864,0.70138,32.552799,0.035755,0.679206,105.156799,0.011495,0.699738,164.5056,0.010824,0.674162,0.0,0.0,0.0,0.0,0.0,0.0,0.0,0.0,0.0
BATCH_WARM_Abnormal_2026-03-19T21-01-37-824819,BATCH WARM,train,2700,semiquant,Leukocytes:Trace 15,Leukocytes:Trace 15,,,Leukocytes,Trace 15,BATCH_WARM_Abnormal_2026-03-19T21-01-37-824819_SEMIQUANT_FROM_BINARY.zip,1,1,0,,33.4576,0.112624,0.677387,36.7304,0.086344,0.619073,39.748798,0.047315,0.679165,54.2976,0.047812,0.702053,40.352798,0.039186,0.675515,94.652,0.009032,0.699896,135.637604,0.011048,0.675711,0.0,0.0,0.0,0.0,0.0,0.0,0.0,0.0,0.0
BATCH_WARM_Abnormal_2026-03-19T21-01-37-824819,BATCH WARM,train,2700,semiquant,Nitrite:Positive,Nitrite:Positive,,,Nitrite,Positive,BATCH_WARM_Abnormal_2026-03-19T21-01-37-824819_SEMIQUANT_FROM_BINARY.zip,1,1,0,,33.4576,0.112624,0.677387,36.7304,0.086344,0.619073,39.748798,0.047315,0.679165,54.2976,0.047812,0.702053,40.352798,0.039186,0.675515,94.652,0.009032,0.699896,135.637604,0.011048,0.675711,0.0,0.0,0.0,0.0,0.0,0.0,0.0,0.0,0.0
BATCH_WARM_Abnormal_2026-03-19T21-01-37-824819,BATCH WARM,train,2700,semiquant,Urobilinogen:16,Urobilinogen:16,,,Urobilinogen,16,BATCH_WARM_Abnormal_2026-03-19T21-01-37-824819_SEMIQUANT_FROM_BINARY.zip,1,1,0,,33.4576,0.112624,0.677387,36.7304,0.086344,0.619073,39.748798,0.047315,0.679165,54.2976,0.047812,0.702053,40.352798,0.039186,0.675515,94.652,0.009032,0.699896,135.637604,0.011048,0.675711,0.0,0.0,0.0,0.0,0.0,0.0,0.0,0.0,0.0
BATCH_WARM_Abnormal_2026-03-19T21-01-37-824819,BATCH WARM,train,2700,semiquant,Protein:1.0,Protein:1.0,,,Protein,1.0,BATCH_WARM_Abnormal_2026-03-19T21-01-37-824819_SEMIQUANT_FROM_BINARY.zip,1,1,0,,33.4576,0.112624,0.677387,36.7304,0.086344,0.619073,39.748798,0.047315,0.679165,54.2976,0.047812,0.702053,40.352798,0.039186,0.675515,94.652,0.009032,0.699896,135.637604,0.011048,0.675711,0.0,0.0,0.0,0.0,0.0,0.0,0.0,0.0,0.0
BATCH_WARM_Abnormal_2026-03-19T21-01-37-824819,BATCH WARM,train,2700,semiquant,pH:5.0,pH:5.0,,,pH,5.0,BATCH_WARM_Abnormal_2026-03-19T21-01-37-824819_SEMIQUANT_FROM_BINARY.zip,1,1,0,,33.4576,0.112624,0.677387,36.7304,0.086344,0.619073,39.748798,0.047315,0.679165,54.2976,0.047812,0.702053,40.352798,0.039186,0.675515,94.652,0.009032,0.699896,135.637604,0.011048,0.675711,0.0,0.0,0.0,0.0,0.0,0.0,0.0,0.0,0.0
BATCH_WARM_Abnormal_2026-03-19T21-01-37-824819,BATCH WARM,train,2700,semiquant,Blood:Small 25,Blood:Small 25,,,Blood,Small 25,BATCH_WARM_Abnormal_2026-03-19T21-01-37-824819_SEMIQUANT_FROM_BINARY.zip,1,1,0,,33.4576,0.112624,0.677387,36.7304,0.086344,0.619073,39.748798,0.047315,0.679165,54.2976,0.047812,0.702053,40.352798,0.039186,0.675515,94.652,0.009032,0.699896,135.637604,0.011048,0.675711,0.0,0.0,0.0,0.0,0.0,0.0,0.0,0.0,0.0
BATCH_WARM_Abnormal_2026-03-19T21-01-37-824819,BATCH WARM,train,2700,semiquant,Specific Gravity:1.000,Specific Gravity:1.000,,,Specific Gravity,1.000,BATCH_WARM_Abnormal_2026-03-19T21-01-37-824819_SEMIQUANT_FROM_BINARY.zip,1,1,0,,33.4576,0.112624,0.677387,36.7304,0.086344,0.619073,39.748798,0.047315,0.679165,54.2976,0.047812,0.702053,40.352798,0.039186,0.675515,94.652,0.009032,0.699896,135.637604,0.011048,0.675711,0.0,0.0,0.0,0.0,0.0,0.0,0.0,0.0,0.0
BATCH_WARM_Abnormal_2026-03-19T21-01-37-824819,BATCH WARM,train,2700,semiquant,Ketone:Moderate 4.0,Ketone:Moderate 4.0,,,Ketone,Moderate 4.0,BATCH_WARM_Abnormal_2026-03-19T21-01-37-824819_SEMIQUANT_FROM_BINARY.zip,1,1,0,,33.4576,0.112624,0.677387,36.7304,0.086344,0.619073,39.748798,0.047315,0.679165,54.2976,0.047812,0.702053,40.352798,0.039186,0.675515,94.652,0.009032,0.699896,135.637604,0.011048,0.675711,0.0,0.0,0.0,0.0,0.0,0.0,0.0,0.0,0.0
BATCH_WARM_Abnormal_2026-03-19T21-01-37-824819,BATCH WARM,train,2700,semiquant,Bilirubin:Small 17,Bilirubin:Small 17,,,Bilirubin,Small 17,BATCH_WARM_Abnormal_2026-03-19T21-01-37-824819_SEMIQUANT_FROM_BINARY.zip,1,1,0,,33.4576,0.112624,0.677387,36.7304,0.086344,0.619073,39.748798,0.047315,0.679165,54.2976,0.047812,0.702053,40.352798,0.039186,0.675515,94.652,0.009032,0.699896,135.637604,0.011048,0.675711,0.0,0.0,0.0,0.0,0.0,0.0,0.0,0.0,0.0
BATCH_WARM_Abnormal_2026-03-19T21-01-37-824819,BATCH WARM,train,2700,semiquant,Glucose:30 ++,Glucose:30 ++,,,Glucose,30 ++,BATCH_WARM_Abnormal_2026-03-19T21-01-37-824819_SEMIQUANT_FROM_BINARY.zip,1,1,0,,33.4576,0.112624,0.677387,36.7304,0.086344,0.619073,39.748798,0.047315,0.679165,54.2976,0.047812,0.702053,40.352798,0.039186,0.675515,94.652,0.009032,0.699896,135.637604,0.011048,0.675711,0.0,0.0,0.0,0.0,0.0,0.0,0.0,0.0,0.0
BATCH_WARM_Abnormal_2026-03-19T21-01-37-824819,BATCH WARM,train,2700,semiquant,Leukocytes:Small 70,Leukocytes:Small 70,,,Leukocytes,Small 70,BATCH_WARM_Abnormal_2026-03-19T21-01-37-824819_SEMIQUANT_FROM_BINARY.zip,1,1,0,,41.1712,0.111805,0.67742,42.0672,0.088416,0.618856,48.8456,0.050088,0.679277,54.318401,0.052171,0.702792,52.679199,0.046491,0.671534,117.001602,0.010659,0.700957,169.876801,0.010546,0.647329,0.0,0.0,0.0,0.0,0.0,0.0,0.0,0.0,0.0
BATCH_WARM_Abnormal_2026-03-19T21-01-37-824819,BATCH WARM,train,2700,semiquant,Nitrite:Positive,Nitrite:Positive,,,Nitrite,Positive,BATCH_WARM_Abnormal_2026-03-19T21-01-37-824819_SEMIQUANT_FROM_BINARY.zip,1,1,0,,41.1712,0.111805,0.67742,42.0672,0.088416,0.618856,48.8456,0.050088,0.679277,54.318401,0.052171,0.702792,52.679199,0.046491,0.671534,117.001602,0.010659,0.700957,169.876801,0.010546,0.647329,0.0,0.0,0.0,0.0,0.0,0.0,0.0,0.0,0.0
BATCH_WARM_Abnormal_2026-03-19T21-01-37-824819,BATCH WARM,train,2700,semiquant,Urobilinogen:32,Urobilinogen:32,,,Urobilinogen,32,BATCH_WARM_Abnormal_2026-03-19T21-01-37-824819_SEMIQUANT_FROM_BINARY.zip,1,1,0,,41.1712,0.111805,0.67742,42.0672,0.088416,0.618856,48.8456,0.050088,0.679277,54.318401,0.052171,0.702792,52.679199,0.046491,0.671534,117.001602,0.010659,0.700957,169.876801,0.010546,0.647329,0.0,0.0,0.0,0.0,0.0,0.0,0.0,0.0,0.0
BATCH_WARM_Abnormal_2026-03-19T21-01-37-824819,BATCH WARM,train,2700,semiquant,Protein:3.0,Protein:3.0,,,Protein,3.0,BATCH_WARM_Abnormal_2026-03-19T21-01-37-824819_SEMIQUANT_FROM_BINARY.zip,1,1,0,,41.1712,0.111805,0.67742,42.0672,0.088416,0.618856,48.8456,0.050088,0.679277,54.318401,0.052171,0.702792,52.679199,0.046491,0.671534,117.001602,0.010659,0.700957,169.876801,0.010546,0.647329,0.0,0.0,0.0,0.0,0.0,0.0,0.0,0.0,0.0
BATCH_WARM_Abnormal_2026-03-19T21-01-37-824819,BATCH WARM,train,2700,semiquant,pH:6.5,pH:6.5,,,pH,6.5,BATCH_WARM_Abnormal_2026-03-19T21-01-37-824819_SEMIQUANT_FROM_BINARY.zip,1,1,0,,41.1712,0.111805,0.67742,42.0672,0.088416,0.618856,48.8456,0.050088,0.679277,54.318401,0.052171,0.702792,52.679199,0.046491,0.671534,117.001602,0.010659,0.700957,169.876801,0.010546,0.647329,0.0,0.0,0.0,0.0,0.0,0.0,0.0,0.0,0.0
BATCH_WARM_Abnormal_2026-03-19T21-01-37-824819,BATCH WARM,train,2700,semiquant,Blood:Moderate 80,Blood:Moderate 80,,,Blood,Moderate 80,BATCH_WARM_Abnormal_2026-03-19T21-01-37-824819_SEMIQUANT_FROM_BINARY.zip,1,1,0,,41.1712,0.111805,0.67742,42.0672,0.088416,0.618856,48.8456,0.050088,0.679277,54.318401,0.052171,0.702792,52.679199,0.046491,0.671534,117.001602,0.010659,0.700957,169.876801,0.010546,0.647329,0.0,0.0,0.0,0.0,0.0,0.0,0.0,0.0,0.0
BATCH_WARM_Abnormal_2026-03-19T21-01-37-824819,BATCH WARM,train,2700,semiquant,Specific Gravity:1.005,Specific Gravity:1.005,,,Specific Gravity,1.005,BATCH_WARM_Abnormal_2026-03-19T21-01-37-824819_SEMIQUANT_FROM_BINARY.zip,1,1,0,,41.1712,0.111805,0.67742,42.0672,0.088416,0.618856,48.8456,0.050088,0.679277,54.318401,0.052171,0.702792,52.679199,0.046491,0.671534,117.001602,0.010659,0.700957,169.876801,0.010546,0.647329,0.0,0.0,0.0,0.0,0.0,0.0,0.0,0.0,0.0
BATCH_WARM_Abnormal_2026-03-19T21-01-37-824819,BATCH WARM,train,2700,semiquant,Ketone:8.0,Ketone:8.0,,,Ketone,8.0,BATCH_WARM_Abnormal_2026-03-19T21-01-37-824819_SEMIQUANT_FROM_BINARY.zip,1,1,0,,41.1712,0.111805,0.67742,42.0672,0.088416,0.618856,48.8456,0.050088,0.679277,54.318401,0.052171,0.702792,52.679199,0.046491,0.671534,117.001602,0.010659,0.700957,169.876801,0.010546,0.647329,0.0,0.0,0.0,0.0,0.0,0.0,0.0,0.0,0.0
BATCH_WARM_Abnormal_2026-03-19T21-01-37-824819,BATCH WARM,train,2700,semiquant,Bilirubin:Moderate 50,Bilirubin:Moderate 50,,,Bilirubin,Moderate 50,BATCH_WARM_Abnormal_2026-03-19T21-01-37-824819_SEMIQUANT_FROM_BINARY.zip,1,1,0,,41.1712,0.111805,0.67742,42.0672,0.088416,0.618856,48.8456,0.050088,0.679277,54.318401,0.052171,0.702792,52.679199,0.046491,0.671534,117.001602,0.010659,0.700957,169.876801,0.010546,0.647329,0.0,0.0,0.0,0.0,0.0,0.0,0.0,0.0,0.0
BATCH_WARM_Abnormal_2026-03-19T21-01-37-824819,BATCH WARM,train,2700,semiquant,Glucose:60 +++,Glucose:60 +++,,,Glucose,60 +++,BATCH_WARM_Abnormal_2026-03-19T21-01-37-824819_SEMIQUANT_FROM_BINARY.zip,1,1,0,,41.1712,0.111805,0.67742,42.0672,0.088416,0.618856,48.8456,0.050088,0.679277,54.318401,0.052171,0.702792,52.679199,0.046491,0.671534,117.001602,0.010659,0.700957,169.876801,0.010546,0.647329,0.0,0.0,0.0,0.0,0.0,0.0,0.0,0.0,0.0
BATCH_WARM_Abnormal_2026-03-19T21-01-37-824819,BATCH WARM,train,2700,semiquant,Leukocytes:Moderate 125,Leukocytes:Moderate 125,,,Leukocytes,Moderate 125,BATCH_WARM_Abnormal_2026-03-19T21-01-37-824819_SEMIQUANT_FROM_BINARY.zip,1,1,0,,191.092804,0.111823,0.677948,196.930405,0.082414,0.619652,240.9104,0.048428,0.68038,239.5056,0.051854,0.702957,258.373596,0.045656,0.675438,276.575989,0.016268,0.701547,257.27121,0.015812,0.620284,0.0,0.0,0.0,0.0,0.0,0.0,0.0,0.0,0.0
BATCH_WARM_Abnormal_2026-03-19T21-01-37-824819,BATCH WARM,train,2700,semiquant,Nitrite:Positive,Nitrite:Positive,,,Nitrite,Positive,BATCH_WARM_Abnormal_2026-03-19T21-01-37-824819_SEMIQUANT_FROM_BINARY.zip,1,1,0,,191.092804,0.111823,0.677948,196.930405,0.082414,0.619652,240.9104,0.048428,0.68038,239.5056,0.051854,0.702957,258.373596,0.045656,0.675438,276.575989,0.016268,0.701547,257.27121,0.015812,0.620284,0.0,0.0,0.0,0.0,0.0,0.0,0.0,0.0,0.0
BATCH_WARM_Abnormal_2026-03-19T21-01-37-824819,BATCH WARM,train,2700,semiquant,Urobilinogen:64,Urobilinogen:64,,,Urobilinogen,64,BATCH_WARM_Abnormal_2026-03-19T21-01-37-824819_SEMIQUANT_FROM_BINARY.zip,1,1,0,,191.092804,0.111823,0.677948,196.930405,0.082414,0.619652,240.9104,0.048428,0.68038,239.5056,0.051854,0.702957,258.373596,0.045656,0.675438,276.575989,0.016268,0.701547,257.27121,0.015812,0.620284,0.0,0.0,0.0,0.0,0.0,0.0,0.0,0.0,0.0
BATCH_WARM_Abnormal_2026-03-19T21-01-37-824819,BATCH WARM,train,2700,semiquant,Protein:>=20.0,Protein:>=20.0,,,Protein,>=20.0,BATCH_WARM_Abnormal_2026-03-19T21-01-37-824819_SEMIQUANT_FROM_BINARY.zip,1,1,0,,191.092804,0.111823,0.677948,196.930405,0.082414,0.619652,240.9104,0.048428,0.68038,239.5056,0.051854,0.702957,258.373596,0.045656,0.675438,276.575989,0.016268,0.701547,257.27121,0.015812,0.620284,0.0,0.0,0.0,0.0,0.0,0.0,0.0,0.0,0.0
BATCH_WARM_Abnormal_2026-03-19T21-01-37-824819,BATCH WARM,train,2700,semiquant,pH:7.0,pH:7.0,,,pH,7.0,BATCH_WARM_Abnormal_2026-03-19T21-01-37-824819_SEMIQUANT_FROM_BINARY.zip,1,1,0,,191.092804,0.111823,0.677948,196.930405,0.082414,0.619652,240.9104,0.048428,0.68038,239.5056,0.051854,0.702957,258.373596,0.045656,0.675438,276.575989,0.016268,0.701547,257.27121,0.015812,0.620284,0.0,0.0,0.0,0.0,0.0,0.0,0.0,0.0,0.0
BATCH_WARM_Abnormal_2026-03-19T21-01-37-824819,BATCH WARM,train,2700,semiquant,Blood:Large 200,Blood:Large 200,,,Blood,Large 200,BATCH_WARM_Abnormal_2026-03-19T21-01-37-824819_SEMIQUANT_FROM_BINARY.zip,1,1,0,,191.092804,0.111823,0.677948,196.930405,0.082414,0.619652,240.9104,0.048428,0.68038,239.5056,0.051854,0.702957,258.373596,0.045656,0.675438,276.575989,0.016268,0.701547,257.27121,0.015812,0.620284,0.0,0.0,0.0,0.0,0.0,0.0,0.0,0.0,0.0
BATCH_WARM_Abnormal_2026-03-19T21-01-37-824819,BATCH WARM,train,2700,semiquant,Specific Gravity:1.010,Specific Gravity:1.010,,,Specific Gravity,1.010,BATCH_WARM_Abnormal_2026-03-19T21-01-37-824819_SEMIQUANT_FROM_BINARY.zip,1,1,0,,191.092804,0.111823,0.677948,196.930405,0.082414,0.619652,240.9104,0.048428,0.68038,239.5056,0.051854,0.702957,258.373596,0.045656,0.675438,276.575989,0.016268,0.701547,257.27121,0.015812,0.620284,0.0,0.0,0.0,0.0,0.0,0.0,0.0,0.0,0.0
BATCH_WARM_Abnormal_2026-03-19T21-01-37-824819,BATCH WARM,train,2700,semiquant,Ketone:Large 16,Ketone:Large 16,,,Ketone,Large 16,BATCH_WARM_Abnormal_2026-03-19T21-01-37-824819_SEMIQUANT_FROM_BINARY.zip,1,1,0,,191.092804,0.111823,0.677948,196.930405,0.082414,0.619652,240.9104,0.048428,0.68038,239.5056,0.051854,0.702957,258.373596,0.045656,0.675438,276.575989,0.016268,0.701547,257.27121,0.015812,0.620284,0.0,0.0,0.0,0.0,0.0,0.0,0.0,0.0,0.0
BATCH_WARM_Abnormal_2026-03-19T21-01-37-824819,BATCH WARM,train,2700,semiquant,Bilirubin:Large 100,Bilirubin:Large 100,,,Bilirubin,Large 100,BATCH_WARM_Abnormal_2026-03-19T21-01-37-824819_SEMIQUANT_FROM_BINARY.zip,1,1,0,,191.092804,0.111823,0.677948,196.930405,0.082414,0.619652,240.9104,0.048428,0.68038,239.5056,0.051854,0.702957,258.373596,0.045656,0.675438,276.575989,0.016268,0.701547,257.27121,0.015812,0.620284,0.0,0.0,0.0,0.0,0.0,0.0,0.0,0.0,0.0
BATCH_WARM_Abnormal_2026-03-19T21-01-37-824819,BATCH WARM,train,2700,semiquant,Glucose:110 ++++,Glucose:110 ++++,,,Glucose,110 ++++,BATCH_WARM_Abnormal_2026-03-19T21-01-37-824819_SEMIQUANT_FROM_BINARY.zip,1,1,0,,191.092804,0.111823,0.677948,196.930405,0.082414,0.619652,240.9104,0.048428,0.68038,239.5056,0.051854,0.702957,258.373596,0.045656,0.675438,276.575989,0.016268,0.701547,257.27121,0.015812,0.620284,0.0,0.0,0.0,0.0,0.0,0.0,0.0,0.0,0.0
BATCH_WARM_Abnormal_2026-03-19T21-01-37-824819,BATCH WARM,train,2700,semiquant,Leukocytes:Large 500,Leukocytes:Large 500,,,Leukocytes,Large 500,BATCH_WARM_Abnormal_2026-03-19T21-01-37-824819_SEMIQUANT_FROM_BINARY.zip,1,1,0,,200.451996,0.114941,0.678006,190.591202,0.086417,0.616861,239.144806,0.051944,0.680521,240.441605,0.056358,0.704569,253.663193,0.050813,0.672096,273.337585,0.016072,0.701015,235.741592,0.015128,0.576728,0.0,0.0,0.0,0.0,0.0,0.0,0.0,0.0,0.0
BATCH_WARM_Abnormal_2026-03-19T21-01-37-824819,BATCH WARM,train,2700,semiquant,Nitrite:Positive,Nitrite:Positive,,,Nitrite,Positive,BATCH_WARM_Abnormal_2026-03-19T21-01-37-824819_SEMIQUANT_FROM_BINARY.zip,1,1,0,,200.451996,0.114941,0.678006,190.591202,0.086417,0.616861,239.144806,0.051944,0.680521,240.441605,0.056358,0.704569,253.663193,0.050813,0.672096,273.337585,0.016072,0.701015,235.741592,0.015128,0.576728,0.0,0.0,0.0,0.0,0.0,0.0,0.0,0.0,0.0
BATCH_WARM_Abnormal_2026-03-19T21-01-37-824819,BATCH WARM,train,2700,semiquant,Urobilinogen:128,Urobilinogen:128,,,Urobilinogen,128,BATCH_WARM_Abnormal_2026-03-19T21-01-37-824819_SEMIQUANT_FROM_BINARY.zip,1,1,0,,200.451996,0.114941,0.678006,190.591202,0.086417,0.616861,239.144806,0.051944,0.680521,240.441605,0.056358,0.704569,253.663193,0.050813,0.672096,273.337585,0.016072,0.701015,235.741592,0.015128,0.576728,0.0,0.0,0.0,0.0,0.0,0.0,0.0,0.0,0.0
BATCH_WARM_Abnormal_2026-03-19T21-01-37-824819,BATCH WARM,train,2700,semiquant,Protein:Trace,Protein:Trace,,,Protein,Trace,BATCH_WARM_Abnormal_2026-03-19T21-01-37-824819_SEMIQUANT_FROM_BINARY.zip,1,1,0,,200.451996,0.114941,0.678006,190.591202,0.086417,0.616861,239.144806,0.051944,0.680521,240.441605,0.056358,0.704569,253.663193,0.050813,0.672096,273.337585,0.016072,0.701015,235.741592,0.015128,0.576728,0.0,0.0,0.0,0.0,0.0,0.0,0.0,0.0,0.0
BATCH_WARM_Abnormal_2026-03-19T21-01-37-824819,BATCH WARM,train,2700,semiquant,pH:7.5,pH:7.5,,,pH,7.5,BATCH_WARM_Abnormal_2026-03-19T21-01-37-824819_SEMIQUANT_FROM_BINARY.zip,1,1,0,,200.451996,0.114941,0.678006,190.591202,0.086417,0.616861,239.144806,0.051944,0.680521,240.441605,0.056358,0.704569,253.663193,0.050813,0.672096,273.337585,0.016072,0.701015,235.741592,0.015128,0.576728,0.0,0.0,0.0,0.0,0.0,0.0,0.0,0.0,0.0
BATCH_WARM_Abnormal_2026-03-19T21-01-37-824819,BATCH WARM,train,2700,semiquant,Blood:Non-hemolyzed 10,Blood:Non-hemolyzed 10,,,Blood,Non-hemolyzed 10,BATCH_WARM_Abnormal_2026-03-19T21-01-37-824819_SEMIQUANT_FROM_BINARY.zip,1,1,0,,200.451996,0.114941,0.678006,190.591202,0.086417,0.616861,239.144806,0.051944,0.680521,240.441605,0.056358,0.704569,253.663193,0.050813,0.672096,273.337585,0.016072,0.701015,235.741592,0.015128,0.576728,0.0,0.0,0.0,0.0,0.0,0.0,0.0,0.0,0.0
BATCH_WARM_Abnormal_2026-03-19T21-01-37-824819,BATCH WARM,train,2700,semiquant,Specific Gravity:1.020,Specific Gravity:1.020,,,Specific Gravity,1.020,BATCH_WARM_Abnormal_2026-03-19T21-01-37-824819_SEMIQUANT_FROM_BINARY.zip,1,1,0,,200.451996,0.114941,0.678006,190.591202,0.086417,0.616861,239.144806,0.051944,0.680521,240.441605,0.056358,0.704569,253.663193,0.050813,0.672096,273.337585,0.016072,0.701015,235.741592,0.015128,0.576728,0.0,0.0,0.0,0.0,0.0,0.0,0.0,0.0,0.0
BATCH_WARM_Abnormal_2026-03-19T21-01-37-824819,BATCH WARM,train,2700,semiquant,Ketone:Trace 0.5,Ketone:Trace 0.5,,,Ketone,Trace 0.5,BATCH_WARM_Abnormal_2026-03-19T21-01-37-824819_SEMIQUANT_FROM_BINARY.zip,1,1,0,,200.451996,0.114941,0.678006,190.591202,0.086417,0.616861,239.144806,0.051944,0.680521,240.441605,0.056358,0.704569,253.663193,0.050813,0.672096,273.337585,0.016072,0.701015,235.741592,0.015128,0.576728,0.0,0.0,0.0,0.0,0.0,0.0,0.0,0.0,0.0
BATCH_WARM_Abnormal_2026-03-19T21-01-37-824819,BATCH WARM,train,2700,semiquant,Bilirubin:Small 17,Bilirubin:Small 17,,,Bilirubin,Small 17,BATCH_WARM_Abnormal_2026-03-19T21-01-37-824819_SEMIQUANT_FROM_BINARY.zip,1,1,0,,200.451996,0.114941,0.678006,190.591202,0.086417,0.616861,239.144806,0.051944,0.680521,240.441605,0.056358,0.704569,253.663193,0.050813,0.672096,273.337585,0.016072,0.701015,235.741592,0.015128,0.576728,0.0,0.0,0.0,0.0,0.0,0.0,0.0,0.0,0.0
BATCH_WARM_Abnormal_2026-03-19T21-01-37-824819,BATCH WARM,train,2700,semiquant,Glucose:Trace 5,Glucose:Trace 5,,,Glucose,Trace 5,BATCH_WARM_Abnormal_2026-03-19T21-01-37-824819_SEMIQUANT_FROM_BINARY.zip,1,1,0,,200.451996,0.114941,0.678006,190.591202,0.086417,0.616861,239.144806,0.051944,0.680521,240.441605,0.056358,0.704569,253.663193,0.050813,0.672096,273.337585,0.016072,0.701015,235.741592,0.015128,0.576728,0.0,0.0,0.0,0.0,0.0,0.0,0.0,0.0,0.0
BATCH_WARM_Abnormal_2026-03-19T21-01-37-824819,BATCH WARM,train,2700,semiquant,Leukocytes:Trace 15,Leukocytes:Trace 15,,,Leukocytes,Trace 15,BATCH_WARM_Abnormal_2026-03-19T21-01-37-824819_SEMIQUANT_FROM_BINARY.zip,1,1,0,,93.614403,0.115371,0.677299,117.369598,0.086508,0.616408,179.549606,0.048132,0.680894,167.411194,0.052587,0.704736,153.065598,0.047853,0.67259,192.917603,0.010718,0.701337,229.510406,0.010428,0.581889,0.0,0.0,0.0,0.0,0.0,0.0,0.0,0.0,0.0
BATCH_WARM_Abnormal_2026-03-19T21-01-37-824819,BATCH WARM,train,2700,semiquant,Nitrite:Positive,Nitrite:Positive,,,Nitrite,Positive,BATCH_WARM_Abnormal_2026-03-19T21-01-37-824819_SEMIQUANT_FROM_BINARY.zip,1,1,0,,93.614403,0.115371,0.677299,117.369598,0.086508,0.616408,179.549606,0.048132,0.680894,167.411194,0.052587,0.704736,153.065598,0.047853,0.67259,192.917603,0.010718,0.701337,229.510406,0.010428,0.581889,0.0,0.0,0.0,0.0,0.0,0.0,0.0,0.0,0.0
BATCH_WARM_Abnormal_2026-03-19T21-01-37-824819,BATCH WARM,train,2700,semiquant,Urobilinogen:16,Urobilinogen:16,,,Urobilinogen,16,BATCH_WARM_Abnormal_2026-03-19T21-01-37-824819_SEMIQUANT_FROM_BINARY.zip,1,1,0,,93.614403,0.115371,0.677299,117.369598,0.086508,0.616408,179.549606,0.048132,0.680894,167.411194,0.052587,0.704736,153.065598,0.047853,0.67259,192.917603,0.010718,0.701337,229.510406,0.010428,0.581889,0.0,0.0,0.0,0.0,0.0,0.0,0.0,0.0,0.0
BATCH_WARM_Abnormal_2026-03-19T21-01-37-824819,BATCH WARM,train,2700,semiquant,Protein:0.3,Protein:0.3,,,Protein,0.3,BATCH_WARM_Abnormal_2026-03-19T21-01-37-824819_SEMIQUANT_FROM_BINARY.zip,1,1,0,,93.614403,0.115371,0.677299,117.369598,0.086508,0.616408,179.549606,0.048132,0.680894,167.411194,0.052587,0.704736,153.065598,0.047853,0.67259,192.917603,0.010718,0.701337,229.510406,0.010428,0.581889,0.0,0.0,0.0,0.0,0.0,0.0,0.0,0.0,0.0
BATCH_WARM_Abnormal_2026-03-19T21-01-37-824819,BATCH WARM,train,2700,semiquant,pH:8.0,pH:8.0,,,pH,8.0,BATCH_WARM_Abnormal_2026-03-19T21-01-37-824819_SEMIQUANT_FROM_BINARY.zip,1,1,0,,93.614403,0.115371,0.677299,117.369598,0.086508,0.616408,179.549606,0.048132,0.680894,167.411194,0.052587,0.704736,153.065598,0.047853,0.67259,192.917603,0.010718,0.701337,229.510406,0.010428,0.581889,0.0,0.0,0.0,0.0,0.0,0.0,0.0,0.0,0.0
BATCH_WARM_Abnormal_2026-03-19T21-01-37-824819,BATCH WARM,train,2700,semiquant,Blood:Hemolyzed 10,Blood:Hemolyzed 10,,,Blood,Hemolyzed 10,BATCH_WARM_Abnormal_2026-03-19T21-01-37-824819_SEMIQUANT_FROM_BINARY.zip,1,1,0,,93.614403,0.115371,0.677299,117.369598,0.086508,0.616408,179.549606,0.048132,0.680894,167.411194,0.052587,0.704736,153.065598,0.047853,0.67259,192.917603,0.010718,0.701337,229.510406,0.010428,0.581889,0.0,0.0,0.0,0.0,0.0,0.0,0.0,0.0,0.0
BATCH_WARM_Abnormal_2026-03-19T21-01-37-824819,BATCH WARM,train,2700,semiquant,Specific Gravity:1.025,Specific Gravity:1.025,,,Specific Gravity,1.025,BATCH_WARM_Abnormal_2026-03-19T21-01-37-824819_SEMIQUANT_FROM_BINARY.zip,1,1,0,,93.614403,0.115371,0.677299,117.369598,0.086508,0.616408,179.549606,0.048132,0.680894,167.411194,0.052587,0.704736,153.065598,0.047853,0.67259,192.917603,0.010718,0.701337,229.510406,0.010428,0.581889,0.0,0.0,0.0,0.0,0.0,0.0,0.0,0.0,0.0
BATCH_WARM_Abnormal_2026-03-19T21-01-37-824819,BATCH WARM,train,2700,semiquant,Ketone:Small 1.5,Ketone:Small 1.5,,,Ketone,Small 1.5,BATCH_WARM_Abnormal_2026-03-19T21-01-37-824819_SEMIQUANT_FROM_BINARY.zip,1,1,0,,93.614403,0.115371,0.677299,117.369598,0.086508,0.616408,179.549606,0.048132,0.680894,167.411194,0.052587,0.704736,153.065598,0.047853,0.67259,192.917603,0.010718,0.701337,229.510406,0.010428,0.581889,0.0,0.0,0.0,0.0,0.0,0.0,0.0,0.0,0.0
BATCH_WARM_Abnormal_2026-03-19T21-01-37-824819,BATCH WARM,train,2700,semiquant,Bilirubin:Moderate 50,Bilirubin:Moderate 50,,,Bilirubin,Moderate 50,BATCH_WARM_Abnormal_2026-03-19T21-01-37-824819_SEMIQUANT_FROM_BINARY.zip,1,1,0,,93.614403,0.115371,0.677299,117.369598,0.086508,0.616408,179.549606,0.048132,0.680894,167.411194,0.052587,0.704736,153.065598,0.047853,0.67259,192.917603,0.010718,0.701337,229.510406,0.010428,0.581889,0.0,0.0,0.0,0.0,0.0,0.0,0.0,0.0,0.0
BATCH_WARM_Abnormal_2026-03-19T21-01-37-824819,BATCH WARM,train,2700,semiquant,Glucose:15 +,Glucose:15 +,,,Glucose,15 +,BATCH_WARM_Abnormal_2026-03-19T21-01-37-824819_SEMIQUANT_FROM_BINARY.zip,1,1,0,,93.614403,0.115371,0.677299,117.369598,0.086508,0.616408,179.549606,0.048132,0.680894,167.411194,0.052587,0.704736,153.065598,0.047853,0.67259,192.917603,0.010718,0.701337,229.510406,0.010428,0.581889,0.0,0.0,0.0,0.0,0.0,0.0,0.0,0.0,0.0
BATCH_WARM_Abnormal_2026-03-19T21-01-37-824819,BATCH WARM,train,2700,semiquant,Leukocytes:Small 70,Leukocytes:Small 70,,,Leukocytes,Small 70,BATCH_WARM_Abnormal_2026-03-19T21-01-37-824819_SEMIQUANT_FROM_BINARY.zip,1,1,0,,93.273598,0.110995,0.678817,96.900002,0.081942,0.620452,104.195999,0.046546,0.68166,143.667206,0.046535,0.702987,158.163193,0.040541,0.677838,216.307205,0.009867,0.700882,230.675201,0.010841,0.647313,0.0,0.0,0.0,0.0,0.0,0.0,0.0,0.0,0.0
BATCH_WARM_Abnormal_2026-03-19T21-01-37-824819,BATCH WARM,train,2700,semiquant,Nitrite:Positive,Nitrite:Positive,,,Nitrite,Positive,BATCH_WARM_Abnormal_2026-03-19T21-01-37-824819_SEMIQUANT_FROM_BINARY.zip,1,1,0,,93.273598,0.110995,0.678817,96.900002,0.081942,0.620452,104.195999,0.046546,0.68166,143.667206,0.046535,0.702987,158.163193,0.040541,0.677838,216.307205,0.009867,0.700882,230.675201,0.010841,0.647313,0.0,0.0,0.0,0.0,0.0,0.0,0.0,0.0,0.0
BATCH_WARM_Abnormal_2026-03-19T21-01-37-824819,BATCH WARM,train,2700,semiquant,Urobilinogen:32,Urobilinogen:32,,,Urobilinogen,32,BATCH_WARM_Abnormal_2026-03-19T21-01-37-824819_SEMIQUANT_FROM_BINARY.zip,1,1,0,,93.273598,0.110995,0.678817,96.900002,0.081942,0.620452,104.195999,0.046546,0.68166,143.667206,0.046535,0.702987,158.163193,0.040541,0.677838,216.307205,0.009867,0.700882,230.675201,0.010841,0.647313,0.0,0.0,0.0,0.0,0.0,0.0,0.0,0.0,0.0
BATCH_WARM_Abnormal_2026-03-19T21-01-37-824819,BATCH WARM,train,2700,semiquant,Protein:1.0,Protein:1.0,,,Protein,1.0,BATCH_WARM_Abnormal_2026-03-19T21-01-37-824819_SEMIQUANT_FROM_BINARY.zip,1,1,0,,93.273598,0.110995,0.678817,96.900002,0.081942,0.620452,104.195999,0.046546,0.68166,143.667206,0.046535,0.702987,158.163193,0.040541,0.677838,216.307205,0.009867,0.700882,230.675201,0.010841,0.647313,0.0,0.0,0.0,0.0,0.0,0.0,0.0,0.0,0.0
BATCH_WARM_Abnormal_2026-03-19T21-01-37-824819,BATCH WARM,train,2700,semiquant,pH:8.5,pH:8.5,,,pH,8.5,BATCH_WARM_Abnormal_2026-03-19T21-01-37-824819_SEMIQUANT_FROM_BINARY.zip,1,1,0,,93.273598,0.110995,0.678817,96.900002,0.081942,0.620452,104.195999,0.046546,0.68166,143.667206,0.046535,0.702987,158.163193,0.040541,0.677838,216.307205,0.009867,0.700882,230.675201,0.010841,0.647313,0.0,0.0,0.0,0.0,0.0,0.0,0.0,0.0,0.0
BATCH_WARM_Abnormal_2026-03-19T21-01-37-824819,BATCH WARM,train,2700,semiquant,Blood:Small 25,Blood:Small 25,,,Blood,Small 25,BATCH_WARM_Abnormal_2026-03-19T21-01-37-824819_SEMIQUANT_FROM_BINARY.zip,1,1,0,,93.273598,0.110995,0.678817,96.900002,0.081942,0.620452,104.195999,0.046546,0.68166,143.667206,0.046535,0.702987,158.163193,0.040541,0.677838,216.307205,0.009867,0.700882,230.675201,0.010841,0.647313,0.0,0.0,0.0,0.0,0.0,0.0,0.0,0.0,0.0
BATCH_WARM_Abnormal_2026-03-19T21-01-37-824819,BATCH WARM,train,2700,semiquant,Specific Gravity:1.030,Specific Gravity:1.030,,,Specific Gravity,1.030,BATCH_WARM_Abnormal_2026-03-19T21-01-37-824819_SEMIQUANT_FROM_BINARY.zip,1,1,0,,93.273598,0.110995,0.678817,96.900002,0.081942,0.620452,104.195999,0.046546,0.68166,143.667206,0.046535,0.702987,158.163193,0.040541,0.677838,216.307205,0.009867,0.700882,230.675201,0.010841,0.647313,0.0,0.0,0.0,0.0,0.0,0.0,0.0,0.0,0.0
BATCH_WARM_Abnormal_2026-03-19T21-01-37-824819,BATCH WARM,train,2700,semiquant,Ketone:Moderate 4.0,Ketone:Moderate 4.0,,,Ketone,Moderate 4.0,BATCH_WARM_Abnormal_2026-03-19T21-01-37-824819_SEMIQUANT_FROM_BINARY.zip,1,1,0,,93.273598,0.110995,0.678817,96.900002,0.081942,0.620452,104.195999,0.046546,0.68166,143.667206,0.046535,0.702987,158.163193,0.040541,0.677838,216.307205,0.009867,0.700882,230.675201,0.010841,0.647313,0.0,0.0,0.0,0.0,0.0,0.0,0.0,0.0,0.0
BATCH_WARM_Abnormal_2026-03-19T21-01-37-824819,BATCH WARM,train,2700,semiquant,Bilirubin:Large 100,Bilirubin:Large 100,,,Bilirubin,Large 100,BATCH_WARM_Abnormal_2026-03-19T21-01-37-824819_SEMIQUANT_FROM_BINARY.zip,1,1,0,,93.273598,0.110995,0.678817,96.900002,0.081942,0.620452,104.195999,0.046546,0.68166,143.667206,0.046535,0.702987,158.163193,0.040541,0.677838,216.307205,0.009867,0.700882,230.675201,0.010841,0.647313,0.0,0.0,0.0,0.0,0.0,0.0,0.0,0.0,0.0
BATCH_WARM_Abnormal_2026-03-19T21-01-37-824819,BATCH WARM,train,2700,semiquant,Glucose:30 ++,Glucose:30 ++,,,Glucose,30 ++,BATCH_WARM_Abnormal_2026-03-19T21-01-37-824819_SEMIQUANT_FROM_BINARY.zip,1,1,0,,93.273598,0.110995,0.678817,96.900002,0.081942,0.620452,104.195999,0.046546,0.68166,143.667206,0.046535,0.702987,158.163193,0.040541,0.677838,216.307205,0.009867,0.700882,230.675201,0.010841,0.647313,0.0,0.0,0.0,0.0,0.0,0.0,0.0,0.0,0.0
BATCH_WARM_Abnormal_2026-03-19T21-01-37-824819,BATCH WARM,train,2700,semiquant,Leukocytes:Moderate 125,Leukocytes:Moderate 125,,,Leukocytes,Moderate 125,BATCH_WARM_Abnormal_2026-03-19T21-01-37-824819_SEMIQUANT_FROM_BINARY.zip,1,1,0,,200.592804,0.110977,0.678391,196.434402,0.084419,0.620019,241.810394,0.05146,0.681912,247.169601,0.0559,0.70474,241.381607,0.057038,0.675202,263.093597,0.019374,0.704389,254.468002,0.017479,0.622143,0.0,0.0,0.0,0.0,0.0,0.0,0.0,0.0,0.0
BATCH_WARM_Abnormal_2026-03-19T21-01-37-824819,BATCH WARM,train,2700,semiquant,Nitrite:Positive,Nitrite:Positive,,,Nitrite,Positive,BATCH_WARM_Abnormal_2026-03-19T21-01-37-824819_SEMIQUANT_FROM_BINARY.zip,1,1,0,,200.592804,0.110977,0.678391,196.434402,0.084419,0.620019,241.810394,0.05146,0.681912,247.169601,0.0559,0.70474,241.381607,0.057038,0.675202,263.093597,0.019374,0.704389,254.468002,0.017479,0.622143,0.0,0.0,0.0,0.0,0.0,0.0,0.0,0.0,0.0
BATCH_WARM_Abnormal_2026-03-19T21-01-37-824819,BATCH WARM,train,2700,semiquant,Urobilinogen:64,Urobilinogen:64,,,Urobilinogen,64,BATCH_WARM_Abnormal_2026-03-19T21-01-37-824819_SEMIQUANT_FROM_BINARY.zip,1,1,0,,200.592804,0.110977,0.678391,196.434402,0.084419,0.620019,241.810394,0.05146,0.681912,247.169601,0.0559,0.70474,241.381607,0.057038,0.675202,263.093597,0.019374,0.704389,254.468002,0.017479,0.622143,0.0,0.0,0.0,0.0,0.0,0.0,0.0,0.0,0.0
BATCH_WARM_Abnormal_2026-03-19T21-01-37-824819,BATCH WARM,train,2700,semiquant,Protein:3.0,Protein:3.0,,,Protein,3.0,BATCH_WARM_Abnormal_2026-03-19T21-01-37-824819_SEMIQUANT_FROM_BINARY.zip,1,1,0,,200.592804,0.110977,0.678391,196.434402,0.084419,0.620019,241.810394,0.05146,0.681912,247.169601,0.0559,0.70474,241.381607,0.057038,0.675202,263.093597,0.019374,0.704389,254.468002,0.017479,0.622143,0.0,0.0,0.0,0.0,0.0,0.0,0.0,0.0,0.0
BATCH_WARM_Abnormal_2026-03-19T21-01-37-824819,BATCH WARM,train,2700,semiquant,pH:5.0,pH:5.0,,,pH,5.0,BATCH_WARM_Abnormal_2026-03-19T21-01-37-824819_SEMIQUANT_FROM_BINARY.zip,1,1,0,,200.592804,0.110977,0.678391,196.434402,0.084419,0.620019,241.810394,0.05146,0.681912,247.169601,0.0559,0.70474,241.381607,0.057038,0.675202,263.093597,0.019374,0.704389,254.468002,0.017479,0.622143,0.0,0.0,0.0,0.0,0.0,0.0,0.0,0.0,0.0
BATCH_WARM_Abnormal_2026-03-19T21-01-37-824819,BATCH WARM,train,2700,semiquant,Blood:Moderate 80,Blood:Moderate 80,,,Blood,Moderate 80,BATCH_WARM_Abnormal_2026-03-19T21-01-37-824819_SEMIQUANT_FROM_BINARY.zip,1,1,0,,200.592804,0.110977,0.678391,196.434402,0.084419,0.620019,241.810394,0.05146,0.681912,247.169601,0.0559,0.70474,241.381607,0.057038,0.675202,263.093597,0.019374,0.704389,254.468002,0.017479,0.622143,0.0,0.0,0.0,0.0,0.0,0.0,0.0,0.0,0.0
BATCH_WARM_Abnormal_2026-03-19T21-01-37-824819,BATCH WARM,train,2700,semiquant,Specific Gravity:1.000,Specific Gravity:1.000,,,Specific Gravity,1.000,BATCH_WARM_Abnormal_2026-03-19T21-01-37-824819_SEMIQUANT_FROM_BINARY.zip,1,1,0,,200.592804,0.110977,0.678391,196.434402,0.084419,0.620019,241.810394,0.05146,0.681912,247.169601,0.0559,0.70474,241.381607,0.057038,0.675202,263.093597,0.019374,0.704389,254.468002,0.017479,0.622143,0.0,0.0,0.0,0.0,0.0,0.0,0.0,0.0,0.0
BATCH_WARM_Abnormal_2026-03-19T21-01-37-824819,BATCH WARM,train,2700,semiquant,Ketone:8.0,Ketone:8.0,,,Ketone,8.0,BATCH_WARM_Abnormal_2026-03-19T21-01-37-824819_SEMIQUANT_FROM_BINARY.zip,1,1,0,,200.592804,0.110977,0.678391,196.434402,0.084419,0.620019,241.810394,0.05146,0.681912,247.169601,0.0559,0.70474,241.381607,0.057038,0.675202,263.093597,0.019374,0.704389,254.468002,0.017479,0.622143,0.0,0.0,0.0,0.0,0.0,0.0,0.0,0.0,0.0
BATCH_WARM_Abnormal_2026-03-19T21-01-37-824819,BATCH WARM,train,2700,semiquant,Bilirubin:Small 17,Bilirubin:Small 17,,,Bilirubin,Small 17,BATCH_WARM_Abnormal_2026-03-19T21-01-37-824819_SEMIQUANT_FROM_BINARY.zip,1,1,0,,200.592804,0.110977,0.678391,196.434402,0.084419,0.620019,241.810394,0.05146,0.681912,247.169601,0.0559,0.70474,241.381607,0.057038,0.675202,263.093597,0.019374,0.704389,254.468002,0.017479,0.622143,0.0,0.0,0.0,0.0,0.0,0.0,0.0,0.0,0.0
BATCH_WARM_Abnormal_2026-03-19T21-01-37-824819,BATCH WARM,train,2700,semiquant,Glucose:60 +++,Glucose:60 +++,,,Glucose,60 +++,BATCH_WARM_Abnormal_2026-03-19T21-01-37-824819_SEMIQUANT_FROM_BINARY.zip,1,1,0,,200.592804,0.110977,0.678391,196.434402,0.084419,0.620019,241.810394,0.05146,0.681912,247.169601,0.0559,0.70474,241.381607,0.057038,0.675202,263.093597,0.019374,0.704389,254.468002,0.017479,0.622143,0.0,0.0,0.0,0.0,0.0,0.0,0.0,0.0,0.0
BATCH_WARM_Abnormal_2026-03-19T21-01-37-824819,BATCH WARM,train,2700,semiquant,Leukocytes:Large 500,Leukocytes:Large 500,,,Leukocytes,Large 500,BATCH_WARM_Abnormal_2026-03-19T21-01-37-824819_SEMIQUANT_FROM_BINARY.zip,1,1,0,,34.784,0.113633,0.678273,27.933599,0.08442,0.618711,29.444,0.046424,0.680882,23.627199,0.048019,0.701647,28.4312,0.039385,0.675067,80.164803,0.009001,0.70006,146.016006,0.013484,0.689736,0.0,0.0,0.0,0.0,0.0,0.0,0.0,0.0,0.0
BATCH_WARM_Abnormal_2026-03-19T21-01-37-824819,BATCH WARM,train,2700,semiquant,Nitrite:Positive,Nitrite:Positive,,,Nitrite,Positive,BATCH_WARM_Abnormal_2026-03-19T21-01-37-824819_SEMIQUANT_FROM_BINARY.zip,1,1,0,,34.784,0.113633,0.678273,27.933599,0.08442,0.618711,29.444,0.046424,0.680882,23.627199,0.048019,0.701647,28.4312,0.039385,0.675067,80.164803,0.009001,0.70006,146.016006,0.013484,0.689736,0.0,0.0,0.0,0.0,0.0,0.0,0.0,0.0,0.0
BATCH_WARM_Abnormal_2026-03-19T21-01-37-824819,BATCH WARM,train,2700,semiquant,Urobilinogen:128,Urobilinogen:128,,,Urobilinogen,128,BATCH_WARM_Abnormal_2026-03-19T21-01-37-824819_SEMIQUANT_FROM_BINARY.zip,1,1,0,,34.784,0.113633,0.678273,27.933599,0.08442,0.618711,29.444,0.046424,0.680882,23.627199,0.048019,0.701647,28.4312,0.039385,0.675067,80.164803,0.009001,0.70006,146.016006,0.013484,0.689736,0.0,0.0,0.0,0.0,0.0,0.0,0.0,0.0,0.0
BATCH_WARM_Abnormal_2026-03-19T21-01-37-824819,BATCH WARM,train,2700,semiquant,Protein:>=20.0,Protein:>=20.0,,,Protein,>=20.0,BATCH_WARM_Abnormal_2026-03-19T21-01-37-824819_SEMIQUANT_FROM_BINARY.zip,1,1,0,,34.784,0.113633,0.678273,27.933599,0.08442,0.618711,29.444,0.046424,0.680882,23.627199,0.048019,0.701647,28.4312,0.039385,0.675067,80.164803,0.009001,0.70006,146.016006,0.013484,0.689736,0.0,0.0,0.0,0.0,0.0,0.0,0.0,0.0,0.0
BATCH_WARM_Abnormal_2026-03-19T21-01-37-824819,BATCH WARM,train,2700,semiquant,pH:6.5,pH:6.5,,,pH,6.5,BATCH_WARM_Abnormal_2026-03-19T21-01-37-824819_SEMIQUANT_FROM_BINARY.zip,1,1,0,,34.784,0.113633,0.678273,27.933599,0.08442,0.618711,29.444,0.046424,0.680882,23.627199,0.048019,0.701647,28.4312,0.039385,0.675067,80.164803,0.009001,0.70006,146.016006,0.013484,0.689736,0.0,0.0,0.0,0.0,0.0,0.0,0.0,0.0,0.0
BATCH_WARM_Abnormal_2026-03-19T21-01-37-824819,BATCH WARM,train,2700,semiquant,Blood:Large 200,Blood:Large 200,,,Blood,Large 200,BATCH_WARM_Abnormal_2026-03-19T21-01-37-824819_SEMIQUANT_FROM_BINARY.zip,1,1,0,,34.784,0.113633,0.678273,27.933599,0.08442,0.618711,29.444,0.046424,0.680882,23.627199,0.048019,0.701647,28.4312,0.039385,0.675067,80.164803,0.009001,0.70006,146.016006,0.013484,0.689736,0.0,0.0,0.0,0.0,0.0,0.0,0.0,0.0,0.0
BATCH_WARM_Abnormal_2026-03-19T21-01-37-824819,BATCH WARM,train,2700,semiquant,Specific Gravity:1.005,Specific Gravity:1.005,,,Specific Gravity,1.005,BATCH_WARM_Abnormal_2026-03-19T21-01-37-824819_SEMIQUANT_FROM_BINARY.zip,1,1,0,,34.784,0.113633,0.678273,27.933599,0.08442,0.618711,29.444,0.046424,0.680882,23.627199,0.048019,0.701647,28.4312,0.039385,0.675067,80.164803,0.009001,0.70006,146.016006,0.013484,0.689736,0.0,0.0,0.0,0.0,0.0,0.0,0.0,0.0,0.0
BATCH_WARM_Abnormal_2026-03-19T21-01-37-824819,BATCH WARM,train,2700,semiquant,Ketone:Large 16,Ketone:Large 16,,,Ketone,Large 16,BATCH_WARM_Abnormal_2026-03-19T21-01-37-824819_SEMIQUANT_FROM_BINARY.zip,1,1,0,,34.784,0.113633,0.678273,27.933599,0.08442,0.618711,29.444,0.046424,0.680882,23.627199,0.048019,0.701647,28.4312,0.039385,0.675067,80.164803,0.009001,0.70006,146.016006,0.013484,0.689736,0.0,0.0,0.0,0.0,0.0,0.0,0.0,0.0,0.0
BATCH_WARM_Abnormal_2026-03-19T21-01-37-824819,BATCH WARM,train,2700,semiquant,Bilirubin:Moderate 50,Bilirubin:Moderate 50,,,Bilirubin,Moderate 50,BATCH_WARM_Abnormal_2026-03-19T21-01-37-824819_SEMIQUANT_FROM_BINARY.zip,1,1,0,,34.784,0.113633,0.678273,27.933599,0.08442,0.618711,29.444,0.046424,0.680882,23.627199,0.048019,0.701647,28.4312,0.039385,0.675067,80.164803,0.009001,0.70006,146.016006,0.013484,0.689736,0.0,0.0,0.0,0.0,0.0,0.0,0.0,0.0,0.0
BATCH_WARM_Abnormal_2026-03-19T21-01-37-824819,BATCH WARM,train,2700,semiquant,Glucose:110 ++++,Glucose:110 ++++,,,Glucose,110 ++++,BATCH_WARM_Abnormal_2026-03-19T21-01-37-824819_SEMIQUANT_FROM_BINARY.zip,1,1,0,,34.784,0.113633,0.678273,27.933599,0.08442,0.618711,29.444,0.046424,0.680882,23.627199,0.048019,0.701647,28.4312,0.039385,0.675067,80.164803,0.009001,0.70006,146.016006,0.013484,0.689736,0.0,0.0,0.0,0.0,0.0,0.0,0.0,0.0,0.0
BATCH_WARM_Abnormal_2026-03-19T21-01-37-824819,BATCH WARM,train,2700,semiquant,Leukocytes:Trace 15,Leukocytes:Trace 15,,,Leukocytes,Trace 15,BATCH_WARM_Abnormal_2026-03-19T21-01-37-824819_SEMIQUANT_FROM_BINARY.zip,1,1,0,,188.628799,0.120238,0.677123,190.645599,0.093594,0.610052,229.828796,0.05645,0.678077,219.199203,0.065962,0.70224,246.755997,0.067744,0.658707,258.922394,0.015876,0.702183,282.123993,0.019065,0.685007,0.0,0.0,0.0,0.0,0.0,0.0,0.0,0.0,0.0
BATCH_WARM_Abnormal_2026-03-19T21-01-37-824819,BATCH WARM,train,2700,semiquant,Nitrite:Positive,Nitrite:Positive,,,Nitrite,Positive,BATCH_WARM_Abnormal_2026-03-19T21-01-37-824819_SEMIQUANT_FROM_BINARY.zip,1,1,0,,188.628799,0.120238,0.677123,190.645599,0.093594,0.610052,229.828796,0.05645,0.678077,219.199203,0.065962,0.70224,246.755997,0.067744,0.658707,258.922394,0.015876,0.702183,282.123993,0.019065,0.685007,0.0,0.0,0.0,0.0,0.0,0.0,0.0,0.0,0.0
BATCH_WARM_Abnormal_2026-03-19T21-01-37-824819,BATCH WARM,train,2700,semiquant,Urobilinogen:16,Urobilinogen:16,,,Urobilinogen,16,BATCH_WARM_Abnormal_2026-03-19T21-01-37-824819_SEMIQUANT_FROM_BINARY.zip,1,1,0,,188.628799,0.120238,0.677123,190.645599,0.093594,0.610052,229.828796,0.05645,0.678077,219.199203,0.065962,0.70224,246.755997,0.067744,0.658707,258.922394,0.015876,0.702183,282.123993,0.019065,0.685007,0.0,0.0,0.0,0.0,0.0,0.0,0.0,0.0,0.0
BATCH_WARM_Abnormal_2026-03-19T21-01-37-824819,BATCH WARM,train,2700,semiquant,Protein:Trace,Protein:Trace,,,Protein,Trace,BATCH_WARM_Abnormal_2026-03-19T21-01-37-824819_SEMIQUANT_FROM_BINARY.zip,1,1,0,,188.628799,0.120238,0.677123,190.645599,0.093594,0.610052,229.828796,0.05645,0.678077,219.199203,0.065962,0.70224,246.755997,0.067744,0.658707,258.922394,0.015876,0.702183,282.123993,0.019065,0.685007,0.0,0.0,0.0,0.0,0.0,0.0,0.0,0.0,0.0
BATCH_WARM_Abnormal_2026-03-19T21-01-37-824819,BATCH WARM,train,2700,semiquant,pH:7.0,pH:7.0,,,pH,7.0,BATCH_WARM_Abnormal_2026-03-19T21-01-37-824819_SEMIQUANT_FROM_BINARY.zip,1,1,0,,188.628799,0.120238,0.677123,190.645599,0.093594,0.610052,229.828796,0.05645,0.678077,219.199203,0.065962,0.70224,246.755997,0.067744,0.658707,258.922394,0.015876,0.702183,282.123993,0.019065,0.685007,0.0,0.0,0.0,0.0,0.0,0.0,0.0,0.0,0.0
BATCH_WARM_Abnormal_2026-03-19T21-01-37-824819,BATCH WARM,train,2700,semiquant,Blood:Non-hemolyzed 10,Blood:Non-hemolyzed 10,,,Blood,Non-hemolyzed 10,BATCH_WARM_Abnormal_2026-03-19T21-01-37-824819_SEMIQUANT_FROM_BINARY.zip,1,1,0,,188.628799,0.120238,0.677123,190.645599,0.093594,0.610052,229.828796,0.05645,0.678077,219.199203,0.065962,0.70224,246.755997,0.067744,0.658707,258.922394,0.015876,0.702183,282.123993,0.019065,0.685007,0.0,0.0,0.0,0.0,0.0,0.0,0.0,0.0,0.0
BATCH_WARM_Abnormal_2026-03-19T21-01-37-824819,BATCH WARM,train,2700,semiquant,Specific Gravity:1.010,Specific Gravity:1.010,,,Specific Gravity,1.010,BATCH_WARM_Abnormal_2026-03-19T21-01-37-824819_SEMIQUANT_FROM_BINARY.zip,1,1,0,,188.628799,0.120238,0.677123,190.645599,0.093594,0.610052,229.828796,0.05645,0.678077,219.199203,0.065962,0.70224,246.755997,0.067744,0.658707,258.922394,0.015876,0.702183,282.123993,0.019065,0.685007,0.0,0.0,0.0,0.0,0.0,0.0,0.0,0.0,0.0
BATCH_WARM_Abnormal_2026-03-19T21-01-37-824819,BATCH WARM,train,2700,semiquant,Ketone:Trace 0.5,Ketone:Trace 0.5,,,Ketone,Trace 0.5,BATCH_WARM_Abnormal_2026-03-19T21-01-37-824819_SEMIQUANT_FROM_BINARY.zip,1,1,0,,188.628799,0.120238,0.677123,190.645599,0.093594,0.610052,229.828796,0.05645,0.678077,219.199203,0.065962,0.70224,246.755997,0.067744,0.658707,258.922394,0.015876,0.702183,282.123993,0.019065,0.685007,0.0,0.0,0.0,0.0,0.0,0.0,0.0,0.0,0.0
BATCH_WARM_Abnormal_2026-03-19T21-01-37-824819,BATCH WARM,train,2700,semiquant,Bilirubin:Large 100,Bilirubin:Large 100,,,Bilirubin,Large 100,BATCH_WARM_Abnormal_2026-03-19T21-01-37-824819_SEMIQUANT_FROM_BINARY.zip,1,1,0,,188.628799,0.120238,0.677123,190.645599,0.093594,0.610052,229.828796,0.05645,0.678077,219.199203,0.065962,0.70224,246.755997,0.067744,0.658707,258.922394,0.015876,0.702183,282.123993,0.019065,0.685007,0.0,0.0,0.0,0.0,0.0,0.0,0.0,0.0,0.0
BATCH_WARM_Abnormal_2026-03-19T21-01-37-824819,BATCH WARM,train,2700,semiquant,Glucose:Trace 5,Glucose:Trace 5,,,Glucose,Trace 5,BATCH_WARM_Abnormal_2026-03-19T21-01-37-824819_SEMIQUANT_FROM_BINARY.zip,1,1,0,,188.628799,0.120238,0.677123,190.645599,0.093594,0.610052,229.828796,0.05645,0.678077,219.199203,0.065962,0.70224,246.755997,0.067744,0.658707,258.922394,0.015876,0.702183,282.123993,0.019065,0.685007,0.0,0.0,0.0,0.0,0.0,0.0,0.0,0.0,0.0
BATCH_WARM_Normal_2026-03-19T20-55-01-750403,BATCH WARM,train,2700,semiquant,Leukocytes:Neg,Leukocytes:Neg,,,Leukocytes,Neg,BATCH_WARM_Normal_2026-03-19T20-55-01-750403_SEMIQUANT_FROM_BINARY.zip,20,20,0,,117.996002,0.006215,0.700227,107.304001,0.00629,0.698817,214.723999,0.006627,0.7068,253.667999,0.006411,0.715518,266.955994,0.007376,0.719045,282.503204,0.00989,0.719773,291.763214,0.011857,0.717616,1.116,0.000207,0.003892,0.0,0.0,0.0,0.0,0.0,0.0
BATCH_WARM_Normal_2026-03-19T20-55-01-750403,BATCH WARM,train,2700,semiquant,Nitrite:Neg,Nitrite:Neg,,,Nitrite,Neg,BATCH_WARM_Normal_2026-03-19T20-55-01-750403_SEMIQUANT_FROM_BINARY.zip,20,20,0,,117.996002,0.006215,0.700227,107.304001,0.00629,0.698817,214.723999,0.006627,0.7068,253.667999,0.006411,0.715518,266.955994,0.007376,0.719045,282.503204,0.00989,0.719773,291.763214,0.011857,0.717616,1.116,0.000207,0.003892,0.0,0.0,0.0,0.0,0.0,0.0
BATCH_WARM_Normal_2026-03-19T20-55-01-750403,BATCH WARM,train,2700,semiquant,Urobilinogen:3.2,Urobilinogen:3.2,,,Urobilinogen,3.2,BATCH_WARM_Normal_2026-03-19T20-55-01-750403_SEMIQUANT_FROM_BINARY.zip,20,20,0,,117.996002,0.006215,0.700227,107.304001,0.00629,0.698817,214.723999,0.006627,0.7068,253.667999,0.006411,0.715518,266.955994,0.007376,0.719045,282.503204,0.00989,0.719773,291.763214,0.011857,0.717616,1.116,0.000207,0.003892,0.0,0.0,0.0,0.0,0.0,0.0
BATCH_WARM_Normal_2026-03-19T20-55-01-750403,BATCH WARM,train,2700,semiquant,Protein:Neg,Protein:Neg,,,Protein,Neg,BATCH_WARM_Normal_2026-03-19T20-55-01-750403_SEMIQUANT_FROM_BINARY.zip,20,20,0,,117.996002,0.006215,0.700227,107.304001,0.00629,0.698817,214.723999,0.006627,0.7068,253.667999,0.006411,0.715518,266.955994,0.007376,0.719045,282.503204,0.00989,0.719773,291.763214,0.011857,0.717616,1.116,0.000207,0.003892,0.0,0.0,0.0,0.0,0.0,0.0
BATCH_WARM_Normal_2026-03-19T20-55-01-750403,BATCH WARM,train,2700,semiquant,pH:6.0,pH:6.0,,,pH,6.0,BATCH_WARM_Normal_2026-03-19T20-55-01-750403_SEMIQUANT_FROM_BINARY.zip,20,20,0,,117.996002,0.006215,0.700227,107.304001,0.00629,0.698817,214.723999,0.006627,0.7068,253.667999,0.006411,0.715518,266.955994,0.007376,0.719045,282.503204,0.00989,0.719773,291.763214,0.011857,0.717616,1.116,0.000207,0.003892,0.0,0.0,0.0,0.0,0.0,0.0
BATCH_WARM_Normal_2026-03-19T20-55-01-750403,BATCH WARM,train,2700,semiquant,Blood:Neg,Blood:Neg,,,Blood,Neg,BATCH_WARM_Normal_2026-03-19T20-55-01-750403_SEMIQUANT_FROM_BINARY.zip,20,20,0,,117.996002,0.006215,0.700227,107.304001,0.00629,0.698817,214.723999,0.006627,0.7068,253.667999,0.006411,0.715518,266.955994,0.007376,0.719045,282.503204,0.00989,0.719773,291.763214,0.011857,0.717616,1.116,0.000207,0.003892,0.0,0.0,0.0,0.0,0.0,0.0
BATCH_WARM_Normal_2026-03-19T20-55-01-750403,BATCH WARM,train,2700,semiquant,Specific Gravity:1.015,Specific Gravity:1.015,,,Specific Gravity,1.015,BATCH_WARM_Normal_2026-03-19T20-55-01-750403_SEMIQUANT_FROM_BINARY.zip,20,20,0,,117.996002,0.006215,0.700227,107.304001,0.00629,0.698817,214.723999,0.006627,0.7068,253.667999,0.006411,0.715518,266.955994,0.007376,0.719045,282.503204,0.00989,0.719773,291.763214,0.011857,0.717616,1.116,0.000207,0.003892,0.0,0.0,0.0,0.0,0.0,0.0
BATCH_WARM_Normal_2026-03-19T20-55-01-750403,BATCH WARM,train,2700,semiquant,Ketone:Neg,Ketone:Neg,,,Ketone,Neg,BATCH_WARM_Normal_2026-03-19T20-55-01-750403_SEMIQUANT_FROM_BINARY.zip,20,20,0,,117.996002,0.006215,0.700227,107.304001,0.00629,0.698817,214.723999,0.006627,0.7068,253.667999,0.006411,0.715518,266.955994,0.007376,0.719045,282.503204,0.00989,0.719773,291.763214,0.011857,0.717616,1.116,0.000207,0.003892,0.0,0.0,0.0,0.0,0.0,0.0
BATCH_WARM_Normal_2026-03-19T20-55-01-750403,BATCH WARM,train,2700,semiquant,Bilirubin:Neg,Bilirubin:Neg,,,Bilirubin,Neg,BATCH_WARM_Normal_2026-03-19T20-55-01-750403_SEMIQUANT_FROM_BINARY.zip,20,20,0,,117.996002,0.006215,0.700227,107.304001,0.00629,0.698817,214.723999,0.006627,0.7068,253.667999,0.006411,0.715518,266.955994,0.007376,0.719045,282.503204,0.00989,0.719773,291.763214,0.011857,0.717616,1.116,0.000207,0.003892,0.0,0.0,0.0,0.0,0.0,0.0
BATCH_WARM_Normal_2026-03-19T20-55-01-750403,BATCH WARM,train,2700,semiquant,Glucose:Neg,Glucose:Neg,,,Glucose,Neg,BATCH_WARM_Normal_2026-03-19T20-55-01-750403_SEMIQUANT_FROM_BINARY.zip,20,20,0,,117.996002,0.006215,0.700227,107.304001,0.00629,0.698817,214.723999,0.006627,0.7068,253.667999,0.006411,0.715518,266.955994,0.007376,0.719045,282.503204,0.00989,0.719773,291.763214,0.011857,0.717616,1.116,0.000207,0.003892,0.0,0.0,0.0,0.0,0.0,0.0
COLORWHEEL_2700_IMG_0541_0001,COLORWHEEL_2700,train,2700,semiquant,Leukocytes:Neg,Leukocytes:Neg,,,Leukocytes,Neg,COLORWHEEL_2700_SEMIQUANT.zip,1,1,0,,219.313599,0.313307,1.0,219.973602,0.315589,1.0,219.540802,0.312,0.999987,217.985596,0.303617,1.0,217.528,0.300712,1.0,199.952805,0.323169,0.887349,215.122406,0.285964,1.0,215.371994,0.286936,1.0,199.748001,0.338151,0.898574,202.562393,0.349514,0.906897
COLORWHEEL_2700_IMG_0541_0001,COLORWHEEL_2700,train,2700,semiquant,Nitrite:Neg,Nitrite:Neg,,,Nitrite,Neg,COLORWHEEL_2700_SEMIQUANT.zip,1,1,0,,219.313599,0.313307,1.0,219.973602,0.315589,1.0,219.540802,0.312,0.999987,217.985596,0.303617,1.0,217.528,0.300712,1.0,199.952805,0.323169,0.887349,215.122406,0.285964,1.0,215.371994,0.286936,1.0,199.748001,0.338151,0.898574,202.562393,0.349514,0.906897
COLORWHEEL_2700_IMG_0541_0001,COLORWHEEL_2700,train,2700,semiquant,Urobilinogen:3.2,Urobilinogen:3.2,,,Urobilinogen,3.2,COLORWHEEL_2700_SEMIQUANT.zip,1,1,0,,219.313599,0.313307,1.0,219.973602,0.315589,1.0,219.540802,0.312,0.999987,217.985596,0.303617,1.0,217.528,0.300712,1.0,199.952805,0.323169,0.887349,215.122406,0.285964,1.0,215.371994,0.286936,1.0,199.748001,0.338151,0.898574,202.562393,0.349514,0.906897
COLORWHEEL_2700_IMG_0541_0001,COLORWHEEL_2700,train,2700,semiquant,Protein:Neg,Protein:Neg,,,Protein,Neg,COLORWHEEL_2700_SEMIQUANT.zip,1,1,0,,219.313599,0.313307,1.0,219.973602,0.315589,1.0,219.540802,0.312,0.999987,217.985596,0.303617,1.0,217.528,0.300712,1.0,199.952805,0.323169,0.887349,215.122406,0.285964,1.0,215.371994,0.286936,1.0,199.748001,0.338151,0.898574,202.562393,0.349514,0.906897
COLORWHEEL_2700_IMG_0541_0001,COLORWHEEL_2700,train,2700,semiquant,pH:5.0,pH:5.0,,,pH,5.0,COLORWHEEL_2700_SEMIQUANT.zip,1,1,0,,219.313599,0.313307,1.0,219.973602,0.315589,1.0,219.540802,0.312,0.999987,217.985596,0.303617,1.0,217.528,0.300712,1.0,199.952805,0.323169,0.887349,215.122406,0.285964,1.0,215.371994,0.286936,1.0,199.748001,0.338151,0.898574,202.562393,0.349514,0.906897
COLORWHEEL_2700_IMG_0541_0001,COLORWHEEL_2700,train,2700,semiquant,Blood:Neg,Blood:Neg,,,Blood,Neg,COLORWHEEL_2700_SEMIQUANT.zip,1,1,0,,219.313599,0.313307,1.0,219.973602,0.315589,1.0,219.540802,0.312,0.999987,217.985596,0.303617,1.0,217.528,0.300712,1.0,199.952805,0.323169,0.887349,215.122406,0.285964,1.0,215.371994,0.286936,1.0,199.748001,0.338151,0.898574,202.562393,0.349514,0.906897
COLORWHEEL_2700_IMG_0541_0001,COLORWHEEL_2700,train,2700,semiquant,Specific Gravity:1.000,Specific Gravity:1.000,,,Specific Gravity,1.000,COLORWHEEL_2700_SEMIQUANT.zip,1,1,0,,219.313599,0.313307,1.0,219.973602,0.315589,1.0,219.540802,0.312,0.999987,217.985596,0.303617,1.0,217.528,0.300712,1.0,199.952805,0.323169,0.887349,215.122406,0.285964,1.0,215.371994,0.286936,1.0,199.748001,0.338151,0.898574,202.562393,0.349514,0.906897
COLORWHEEL_2700_IMG_0541_0001,COLORWHEEL_2700,train,2700,semiquant,Ketone:Neg,Ketone:Neg,,,Ketone,Neg,COLORWHEEL_2700_SEMIQUANT.zip,1,1,0,,219.313599,0.313307,1.0,219.973602,0.315589,1.0,219.540802,0.312,0.999987,217.985596,0.303617,1.0,217.528,0.300712,1.0,199.952805,0.323169,0.887349,215.122406,0.285964,1.0,215.371994,0.286936,1.0,199.748001,0.338151,0.898574,202.562393,0.349514,0.906897
COLORWHEEL_2700_IMG_0541_0001,COLORWHEEL_2700,train,2700,semiquant,Bilirubin:Neg,Bilirubin:Neg,,,Bilirubin,Neg,COLORWHEEL_2700_SEMIQUANT.zip,1,1,0,,219.313599,0.313307,1.0,219.973602,0.315589,1.0,219.540802,0.312,0.999987,217.985596,0.303617,1.0,217.528,0.300712,1.0,199.952805,0.323169,0.887349,215.122406,0.285964,1.0,215.371994,0.286936,1.0,199.748001,0.338151,0.898574,202.562393,0.349514,0.906897
COLORWHEEL_2700_IMG_0541_0001,COLORWHEEL_2700,train,2700,semiquant,Glucose:Neg,Glucose:Neg,,,Glucose,Neg,COLORWHEEL_2700_SEMIQUANT.zip,1,1,0,,219.313599,0.313307,1.0,219.973602,0.315589,1.0,219.540802,0.312,0.999987,217.985596,0.303617,1.0,217.528,0.300712,1.0,199.952805,0.323169,0.887349,215.122406,0.285964,1.0,215.371994,0.286936,1.0,199.748001,0.338151,0.898574,202.562393,0.349514,0.906897
COLORWHEEL_2700_IMG_0544_0002,COLORWHEEL_2700,train,2700,semiquant,Leukocytes:Trace 15,Leukocytes:Trace 15,,,Leukocytes,Trace 15,COLORWHEEL_2700_SEMIQUANT.zip,1,1,0,,205.244003,0.324107,1.0,204.509598,0.32987,1.0,202.954407,0.324477,1.0,201.987198,0.310753,1.0,201.976807,0.310905,1.0,195.988007,0.35437,0.925341,199.234406,0.297371,1.0,198.4272,0.296391,1.0,188.028793,0.377263,0.888866,195.210403,0.365644,0.921619
COLORWHEEL_2700_IMG_0544_0002,COLORWHEEL_2700,train,2700,semiquant,Nitrite:Positive,Nitrite:Positive,,,Nitrite,Positive,COLORWHEEL_2700_SEMIQUANT.zip,1,1,0,,205.244003,0.324107,1.0,204.509598,0.32987,1.0,202.954407,0.324477,1.0,201.987198,0.310753,1.0,201.976807,0.310905,1.0,195.988007,0.35437,0.925341,199.234406,0.297371,1.0,198.4272,0.296391,1.0,188.028793,0.377263,0.888866,195.210403,0.365644,0.921619
COLORWHEEL_2700_IMG_0544_0002,COLORWHEEL_2700,train,2700,semiquant,Urobilinogen:16,Urobilinogen:16,,,Urobilinogen,16,COLORWHEEL_2700_SEMIQUANT.zip,1,1,0,,205.244003,0.324107,1.0,204.509598,0.32987,1.0,202.954407,0.324477,1.0,201.987198,0.310753,1.0,201.976807,0.310905,1.0,195.988007,0.35437,0.925341,199.234406,0.297371,1.0,198.4272,0.296391,1.0,188.028793,0.377263,0.888866,195.210403,0.365644,0.921619
COLORWHEEL_2700_IMG_0544_0002,COLORWHEEL_2700,train,2700,semiquant,Protein:Trace,Protein:Trace,,,Protein,Trace,COLORWHEEL_2700_SEMIQUANT.zip,1,1,0,,205.244003,0.324107,1.0,204.509598,0.32987,1.0,202.954407,0.324477,1.0,201.987198,0.310753,1.0,201.976807,0.310905,1.0,195.988007,0.35437,0.925341,199.234406,0.297371,1.0,198.4272,0.296391,1.0,188.028793,0.377263,0.888866,195.210403,0.365644,0.921619
COLORWHEEL_2700_IMG_0544_0002,COLORWHEEL_2700,train,2700,semiquant,pH:6.0,pH:6.0,,,pH,6.0,COLORWHEEL_2700_SEMIQUANT.zip,1,1,0,,205.244003,0.324107,1.0,204.509598,0.32987,1.0,202.954407,0.324477,1.0,201.987198,0.310753,1.0,201.976807,0.310905,1.0,195.988007,0.35437,0.925341,199.234406,0.297371,1.0,198.4272,0.296391,1.0,188.028793,0.377263,0.888866,195.210403,0.365644,0.921619
COLORWHEEL_2700_IMG_0544_0002,COLORWHEEL_2700,train,2700,semiquant,Blood:Non-hemolyzed 10,Blood:Non-hemolyzed 10,,,Blood,Non-hemolyzed 10,COLORWHEEL_2700_SEMIQUANT.zip,1,1,0,,205.244003,0.324107,1.0,204.509598,0.32987,1.0,202.954407,0.324477,1.0,201.987198,0.310753,1.0,201.976807,0.310905,1.0,195.988007,0.35437,0.925341,199.234406,0.297371,1.0,198.4272,0.296391,1.0,188.028793,0.377263,0.888866,195.210403,0.365644,0.921619
COLORWHEEL_2700_IMG_0544_0002,COLORWHEEL_2700,train,2700,semiquant,Specific Gravity:1.005,Specific Gravity:1.005,,,Specific Gravity,1.005,COLORWHEEL_2700_SEMIQUANT.zip,1,1,0,,205.244003,0.324107,1.0,204.509598,0.32987,1.0,202.954407,0.324477,1.0,201.987198,0.310753,1.0,201.976807,0.310905,1.0,195.988007,0.35437,0.925341,199.234406,0.297371,1.0,198.4272,0.296391,1.0,188.028793,0.377263,0.888866,195.210403,0.365644,0.921619
COLORWHEEL_2700_IMG_0544_0002,COLORWHEEL_2700,train,2700,semiquant,Ketone:Trace 0.5,Ketone:Trace 0.5,,,Ketone,Trace 0.5,COLORWHEEL_2700_SEMIQUANT.zip,1,1,0,,205.244003,0.324107,1.0,204.509598,0.32987,1.0,202.954407,0.324477,1.0,201.987198,0.310753,1.0,201.976807,0.310905,1.0,195.988007,0.35437,0.925341,199.234406,0.297371,1.0,198.4272,0.296391,1.0,188.028793,0.377263,0.888866,195.210403,0.365644,0.921619
COLORWHEEL_2700_IMG_0544_0002,COLORWHEEL_2700,train,2700,semiquant,Bilirubin:Small 17,Bilirubin:Small 17,,,Bilirubin,Small 17,COLORWHEEL_2700_SEMIQUANT.zip,1,1,0,,205.244003,0.324107,1.0,204.509598,0.32987,1.0,202.954407,0.324477,1.0,201.987198,0.310753,1.0,201.976807,0.310905,1.0,195.988007,0.35437,0.925341,199.234406,0.297371,1.0,198.4272,0.296391,1.0,188.028793,0.377263,0.888866,195.210403,0.365644,0.921619
COLORWHEEL_2700_IMG_0544_0002,COLORWHEEL_2700,train,2700,semiquant,Glucose:Trace 5,Glucose:Trace 5,,,Glucose,Trace 5,COLORWHEEL_2700_SEMIQUANT.zip,1,1,0,,205.244003,0.324107,1.0,204.509598,0.32987,1.0,202.954407,0.324477,1.0,201.987198,0.310753,1.0,201.976807,0.310905,1.0,195.988007,0.35437,0.925341,199.234406,0.297371,1.0,198.4272,0.296391,1.0,188.028793,0.377263,0.888866,195.210403,0.365644,0.921619
COLORWHEEL_2700_IMG_0547_0003,COLORWHEEL_2700,train,2700,semiquant,Leukocytes:Small 70,Leukocytes:Small 70,,,Leukocytes,Small 70,COLORWHEEL_2700_SEMIQUANT.zip,1,1,0,,213.987198,0.350984,1.0,214.233597,0.352347,1.0,213.056,0.344587,1.0,212.201599,0.338264,1.0,212.059204,0.336844,1.0,207.396805,0.361791,0.832193,209.331207,0.321605,1.0,209.683197,0.323639,1.0,204.315994,0.358231,0.901663,212.309601,0.348405,0.93288
COLORWHEEL_2700_IMG_0547_0003,COLORWHEEL_2700,train,2700,semiquant,Nitrite:Neg,Nitrite:Neg,,,Nitrite,Neg,COLORWHEEL_2700_SEMIQUANT.zip,1,1,0,,213.987198,0.350984,1.0,214.233597,0.352347,1.0,213.056,0.344587,1.0,212.201599,0.338264,1.0,212.059204,0.336844,1.0,207.396805,0.361791,0.832193,209.331207,0.321605,1.0,209.683197,0.323639,1.0,204.315994,0.358231,0.901663,212.309601,0.348405,0.93288
COLORWHEEL_2700_IMG_0547_0003,COLORWHEEL_2700,train,2700,semiquant,Urobilinogen:32,Urobilinogen:32,,,Urobilinogen,32,COLORWHEEL_2700_SEMIQUANT.zip,1,1,0,,213.987198,0.350984,1.0,214.233597,0.352347,1.0,213.056,0.344587,1.0,212.201599,0.338264,1.0,212.059204,0.336844,1.0,207.396805,0.361791,0.832193,209.331207,0.321605,1.0,209.683197,0.323639,1.0,204.315994,0.358231,0.901663,212.309601,0.348405,0.93288
COLORWHEEL_2700_IMG_0547_0003,COLORWHEEL_2700,train,2700,semiquant,Protein:0.3,Protein:0.3,,,Protein,0.3,COLORWHEEL_2700_SEMIQUANT.zip,1,1,0,,213.987198,0.350984,1.0,214.233597,0.352347,1.0,213.056,0.344587,1.0,212.201599,0.338264,1.0,212.059204,0.336844,1.0,207.396805,0.361791,0.832193,209.331207,0.321605,1.0,209.683197,0.323639,1.0,204.315994,0.358231,0.901663,212.309601,0.348405,0.93288
COLORWHEEL_2700_IMG_0547_0003,COLORWHEEL_2700,train,2700,semiquant,pH:6.5,pH:6.5,,,pH,6.5,COLORWHEEL_2700_SEMIQUANT.zip,1,1,0,,213.987198,0.350984,1.0,214.233597,0.352347,1.0,213.056,0.344587,1.0,212.201599,0.338264,1.0,212.059204,0.336844,1.0,207.396805,0.361791,0.832193,209.331207,0.321605,1.0,209.683197,0.323639,1.0,204.315994,0.358231,0.901663,212.309601,0.348405,0.93288
COLORWHEEL_2700_IMG_0547_0003,COLORWHEEL_2700,train,2700,semiquant,Blood:Hemolyzed 10,Blood:Hemolyzed 10,,,Blood,Hemolyzed 10,COLORWHEEL_2700_SEMIQUANT.zip,1,1,0,,213.987198,0.350984,1.0,214.233597,0.352347,1.0,213.056,0.344587,1.0,212.201599,0.338264,1.0,212.059204,0.336844,1.0,207.396805,0.361791,0.832193,209.331207,0.321605,1.0,209.683197,0.323639,1.0,204.315994,0.358231,0.901663,212.309601,0.348405,0.93288
COLORWHEEL_2700_IMG_0547_0003,COLORWHEEL_2700,train,2700,semiquant,Specific Gravity:1.010,Specific Gravity:1.010,,,Specific Gravity,1.010,COLORWHEEL_2700_SEMIQUANT.zip,1,1,0,,213.987198,0.350984,1.0,214.233597,0.352347,1.0,213.056,0.344587,1.0,212.201599,0.338264,1.0,212.059204,0.336844,1.0,207.396805,0.361791,0.832193,209.331207,0.321605,1.0,209.683197,0.323639,1.0,204.315994,0.358231,0.901663,212.309601,0.348405,0.93288
COLORWHEEL_2700_IMG_0547_0003,COLORWHEEL_2700,train,2700,semiquant,Ketone:Small 1.5,Ketone:Small 1.5,,,Ketone,Small 1.5,COLORWHEEL_2700_SEMIQUANT.zip,1,1,0,,213.987198,0.350984,1.0,214.233597,0.352347,1.0,213.056,0.344587,1.0,212.201599,0.338264,1.0,212.059204,0.336844,1.0,207.396805,0.361791,0.832193,209.331207,0.321605,1.0,209.683197,0.323639,1.0,204.315994,0.358231,0.901663,212.309601,0.348405,0.93288
COLORWHEEL_2700_IMG_0547_0003,COLORWHEEL_2700,train,2700,semiquant,Bilirubin:Moderate 50,Bilirubin:Moderate 50,,,Bilirubin,Moderate 50,COLORWHEEL_2700_SEMIQUANT.zip,1,1,0,,213.987198,0.350984,1.0,214.233597,0.352347,1.0,213.056,0.344587,1.0,212.201599,0.338264,1.0,212.059204,0.336844,1.0,207.396805,0.361791,0.832193,209.331207,0.321605,1.0,209.683197,0.323639,1.0,204.315994,0.358231,0.901663,212.309601,0.348405,0.93288
COLORWHEEL_2700_IMG_0547_0003,COLORWHEEL_2700,train,2700,semiquant,Glucose:15 +,Glucose:15 +,,,Glucose,15 +,COLORWHEEL_2700_SEMIQUANT.zip,1,1,0,,213.987198,0.350984,1.0,214.233597,0.352347,1.0,213.056,0.344587,1.0,212.201599,0.338264,1.0,212.059204,0.336844,1.0,207.396805,0.361791,0.832193,209.331207,0.321605,1.0,209.683197,0.323639,1.0,204.315994,0.358231,0.901663,212.309601,0.348405,0.93288
COLORWHEEL_2700_IMG_0550_0004,COLORWHEEL_2700,train,2700,semiquant,Leukocytes:Moderate 125,Leukocytes:Moderate 125,,,Leukocytes,Moderate 125,COLORWHEEL_2700_SEMIQUANT.zip,1,1,0,,187.549606,0.117335,0.817148,190.004807,0.117416,0.823211,191.222397,0.124212,0.83491,193.144806,0.122284,0.844,189.197601,0.110088,0.834933,172.121597,0.274185,0.711917,190.557602,0.115707,0.84707,191.619202,0.113638,0.846406,192.495193,0.121467,0.847802,194.793594,0.120755,0.853194
COLORWHEEL_2700_IMG_0550_0004,COLORWHEEL_2700,train,2700,semiquant,Nitrite:Positive,Nitrite:Positive,,,Nitrite,Positive,COLORWHEEL_2700_SEMIQUANT.zip,1,1,0,,187.549606,0.117335,0.817148,190.004807,0.117416,0.823211,191.222397,0.124212,0.83491,193.144806,0.122284,0.844,189.197601,0.110088,0.834933,172.121597,0.274185,0.711917,190.557602,0.115707,0.84707,191.619202,0.113638,0.846406,192.495193,0.121467,0.847802,194.793594,0.120755,0.853194
COLORWHEEL_2700_IMG_0550_0004,COLORWHEEL_2700,train,2700,semiquant,Urobilinogen:64,Urobilinogen:64,,,Urobilinogen,64,COLORWHEEL_2700_SEMIQUANT.zip,1,1,0,,187.549606,0.117335,0.817148,190.004807,0.117416,0.823211,191.222397,0.124212,0.83491,193.144806,0.122284,0.844,189.197601,0.110088,0.834933,172.121597,0.274185,0.711917,190.557602,0.115707,0.84707,191.619202,0.113638,0.846406,192.495193,0.121467,0.847802,194.793594,0.120755,0.853194
COLORWHEEL_2700_IMG_0550_0004,COLORWHEEL_2700,train,2700,semiquant,Protein:1.0,Protein:1.0,,,Protein,1.0,COLORWHEEL_2700_SEMIQUANT.zip,1,1,0,,187.549606,0.117335,0.817148,190.004807,0.117416,0.823211,191.222397,0.124212,0.83491,193.144806,0.122284,0.844,189.197601,0.110088,0.834933,172.121597,0.274185,0.711917,190.557602,0.115707,0.84707,191.619202,0.113638,0.846406,192.495193,0.121467,0.847802,194.793594,0.120755,0.853194
COLORWHEEL_2700_IMG_0550_0004,COLORWHEEL_2700,train,2700,semiquant,pH:7.0,pH:7.0,,,pH,7.0,COLORWHEEL_2700_SEMIQUANT.zip,1,1,0,,187.549606,0.117335,0.817148,190.004807,0.117416,0.823211,191.222397,0.124212,0.83491,193.144806,0.122284,0.844,189.197601,0.110088,0.834933,172.121597,0.274185,0.711917,190.557602,0.115707,0.84707,191.619202,0.113638,0.846406,192.495193,0.121467,0.847802,194.793594,0.120755,0.853194
COLORWHEEL_2700_IMG_0550_0004,COLORWHEEL_2700,train,2700,semiquant,Blood:Small 25,Blood:Small 25,,,Blood,Small 25,COLORWHEEL_2700_SEMIQUANT.zip,1,1,0,,187.549606,0.117335,0.817148,190.004807,0.117416,0.823211,191.222397,0.124212,0.83491,193.144806,0.122284,0.844,189.197601,0.110088,0.834933,172.121597,0.274185,0.711917,190.557602,0.115707,0.84707,191.619202,0.113638,0.846406,192.495193,0.121467,0.847802,194.793594,0.120755,0.853194
COLORWHEEL_2700_IMG_0550_0004,COLORWHEEL_2700,train,2700,semiquant,Specific Gravity:1.015,Specific Gravity:1.015,,,Specific Gravity,1.015,COLORWHEEL_2700_SEMIQUANT.zip,1,1,0,,187.549606,0.117335,0.817148,190.004807,0.117416,0.823211,191.222397,0.124212,0.83491,193.144806,0.122284,0.844,189.197601,0.110088,0.834933,172.121597,0.274185,0.711917,190.557602,0.115707,0.84707,191.619202,0.113638,0.846406,192.495193,0.121467,0.847802,194.793594,0.120755,0.853194
COLORWHEEL_2700_IMG_0550_0004,COLORWHEEL_2700,train,2700,semiquant,Ketone:Moderate 4.0,Ketone:Moderate 4.0,,,Ketone,Moderate 4.0,COLORWHEEL_2700_SEMIQUANT.zip,1,1,0,,187.549606,0.117335,0.817148,190.004807,0.117416,0.823211,191.222397,0.124212,0.83491,193.144806,0.122284,0.844,189.197601,0.110088,0.834933,172.121597,0.274185,0.711917,190.557602,0.115707,0.84707,191.619202,0.113638,0.846406,192.495193,0.121467,0.847802,194.793594,0.120755,0.853194
COLORWHEEL_2700_IMG_0550_0004,COLORWHEEL_2700,train,2700,semiquant,Bilirubin:Large 100,Bilirubin:Large 100,,,Bilirubin,Large 100,COLORWHEEL_2700_SEMIQUANT.zip,1,1,0,,187.549606,0.117335,0.817148,190.004807,0.117416,0.823211,191.222397,0.124212,0.83491,193.144806,0.122284,0.844,189.197601,0.110088,0.834933,172.121597,0.274185,0.711917,190.557602,0.115707,0.84707,191.619202,0.113638,0.846406,192.495193,0.121467,0.847802,194.793594,0.120755,0.853194
COLORWHEEL_2700_IMG_0550_0004,COLORWHEEL_2700,train,2700,semiquant,Glucose:30 ++,Glucose:30 ++,,,Glucose,30 ++,COLORWHEEL_2700_SEMIQUANT.zip,1,1,0,,187.549606,0.117335,0.817148,190.004807,0.117416,0.823211,191.222397,0.124212,0.83491,193.144806,0.122284,0.844,189.197601,0.110088,0.834933,172.121597,0.274185,0.711917,190.557602,0.115707,0.84707,191.619202,0.113638,0.846406,192.495193,0.121467,0.847802,194.793594,0.120755,0.853194
COLORWHEEL_2700_IMG_0553_0005,COLORWHEEL_2700,train,2700,semiquant,Leukocytes:Large 500,Leukocytes:Large 500,,,Leukocytes,Large 500,COLORWHEEL_2700_SEMIQUANT.zip,1,1,0,,198.460007,0.315239,1.0,199.378403,0.319769,1.0,198.684799,0.314748,1.0,196.612,0.305565,1.0,196.790405,0.304902,1.0,176.748795,0.380555,0.816971,193.082397,0.289018,1.0,192.765594,0.28765,1.0,179.305603,0.345275,0.886736,186.835999,0.340003,0.917431
COLORWHEEL_2700_IMG_0553_0005,COLORWHEEL_2700,train,2700,semiquant,Nitrite:Neg,Nitrite:Neg,,,Nitrite,Neg,COLORWHEEL_2700_SEMIQUANT.zip,1,1,0,,198.460007,0.315239,1.0,199.378403,0.319769,1.0,198.684799,0.314748,1.0,196.612,0.305565,1.0,196.790405,0.304902,1.0,176.748795,0.380555,0.816971,193.082397,0.289018,1.0,192.765594,0.28765,1.0,179.305603,0.345275,0.886736,186.835999,0.340003,0.917431
COLORWHEEL_2700_IMG_0553_0005,COLORWHEEL_2700,train,2700,semiquant,Urobilinogen:128,Urobilinogen:128,,,Urobilinogen,128,COLORWHEEL_2700_SEMIQUANT.zip,1,1,0,,198.460007,0.315239,1.0,199.378403,0.319769,1.0,198.684799,0.314748,1.0,196.612,0.305565,1.0,196.790405,0.304902,1.0,176.748795,0.380555,0.816971,193.082397,0.289018,1.0,192.765594,0.28765,1.0,179.305603,0.345275,0.886736,186.835999,0.340003,0.917431
COLORWHEEL_2700_IMG_0553_0005,COLORWHEEL_2700,train,2700,semiquant,Protein:3.0,Protein:3.0,,,Protein,3.0,COLORWHEEL_2700_SEMIQUANT.zip,1,1,0,,198.460007,0.315239,1.0,199.378403,0.319769,1.0,198.684799,0.314748,1.0,196.612,0.305565,1.0,196.790405,0.304902,1.0,176.748795,0.380555,0.816971,193.082397,0.289018,1.0,192.765594,0.28765,1.0,179.305603,0.345275,0.886736,186.835999,0.340003,0.917431
COLORWHEEL_2700_IMG_0553_0005,COLORWHEEL_2700,train,2700,semiquant,pH:7.5,pH:7.5,,,pH,7.5,COLORWHEEL_2700_SEMIQUANT.zip,1,1,0,,198.460007,0.315239,1.0,199.378403,0.319769,1.0,198.684799,0.314748,1.0,196.612,0.305565,1.0,196.790405,0.304902,1.0,176.748795,0.380555,0.816971,193.082397,0.289018,1.0,192.765594,0.28765,1.0,179.305603,0.345275,0.886736,186.835999,0.340003,0.917431
COLORWHEEL_2700_IMG_0553_0005,COLORWHEEL_2700,train,2700,semiquant,Blood:Moderate 80,Blood:Moderate 80,,,Blood,Moderate 80,COLORWHEEL_2700_SEMIQUANT.zip,1,1,0,,198.460007,0.315239,1.0,199.378403,0.319769,1.0,198.684799,0.314748,1.0,196.612,0.305565,1.0,196.790405,0.304902,1.0,176.748795,0.380555,0.816971,193.082397,0.289018,1.0,192.765594,0.28765,1.0,179.305603,0.345275,0.886736,186.835999,0.340003,0.917431
COLORWHEEL_2700_IMG_0553_0005,COLORWHEEL_2700,train,2700,semiquant,Specific Gravity:1.020,Specific Gravity:1.020,,,Specific Gravity,1.020,COLORWHEEL_2700_SEMIQUANT.zip,1,1,0,,198.460007,0.315239,1.0,199.378403,0.319769,1.0,198.684799,0.314748,1.0,196.612,0.305565,1.0,196.790405,0.304902,1.0,176.748795,0.380555,0.816971,193.082397,0.289018,1.0,192.765594,0.28765,1.0,179.305603,0.345275,0.886736,186.835999,0.340003,0.917431
COLORWHEEL_2700_IMG_0553_0005,COLORWHEEL_2700,train,2700,semiquant,Ketone:8.0,Ketone:8.0,,,Ketone,8.0,COLORWHEEL_2700_SEMIQUANT.zip,1,1,0,,198.460007,0.315239,1.0,199.378403,0.319769,1.0,198.684799,0.314748,1.0,196.612,0.305565,1.0,196.790405,0.304902,1.0,176.748795,0.380555,0.816971,193.082397,0.289018,1.0,192.765594,0.28765,1.0,179.305603,0.345275,0.886736,186.835999,0.340003,0.917431
COLORWHEEL_2700_IMG_0553_0005,COLORWHEEL_2700,train,2700,semiquant,Bilirubin:Neg,Bilirubin:Neg,,,Bilirubin,Neg,COLORWHEEL_2700_SEMIQUANT.zip,1,1,0,,198.460007,0.315239,1.0,199.378403,0.319769,1.0,198.684799,0.314748,1.0,196.612,0.305565,1.0,196.790405,0.304902,1.0,176.748795,0.380555,0.816971,193.082397,0.289018,1.0,192.765594,0.28765,1.0,179.305603,0.345275,0.886736,186.835999,0.340003,0.917431
COLORWHEEL_2700_IMG_0553_0005,COLORWHEEL_2700,train,2700,semiquant,Glucose:60 +++,Glucose:60 +++,,,Glucose,60 +++,COLORWHEEL_2700_SEMIQUANT.zip,1,1,0,,198.460007,0.315239,1.0,199.378403,0.319769,1.0,198.684799,0.314748,1.0,196.612,0.305565,1.0,196.790405,0.304902,1.0,176.748795,0.380555,0.816971,193.082397,0.289018,1.0,192.765594,0.28765,1.0,179.305603,0.345275,0.886736,186.835999,0.340003,0.917431
COLORWHEEL_2700_IMG_0556_0006,COLORWHEEL_2700,train,2700,semiquant,Leukocytes:Neg,Leukocytes:Neg,,,Leukocytes,Neg,COLORWHEEL_2700_SEMIQUANT.zip,1,1,0,,203.745605,0.022878,0.903454,154.873596,0.019867,0.900582,196.192001,0.024918,0.899175,190.797607,0.023918,0.90101,158.165604,0.029294,0.910797,83.481598,0.041244,0.899131,69.649597,0.045467,0.885227,64.8144,0.045953,0.887446,59.571201,0.051605,0.873895,45.743198,0.057089,0.862907
COLORWHEEL_2700_IMG_0556_0006,COLORWHEEL_2700,train,2700,semiquant,Nitrite:Positive,Nitrite:Positive,,,Nitrite,Positive,COLORWHEEL_2700_SEMIQUANT.zip,1,1,0,,203.745605,0.022878,0.903454,154.873596,0.019867,0.900582,196.192001,0.024918,0.899175,190.797607,0.023918,0.90101,158.165604,0.029294,0.910797,83.481598,0.041244,0.899131,69.649597,0.045467,0.885227,64.8144,0.045953,0.887446,59.571201,0.051605,0.873895,45.743198,0.057089,0.862907
COLORWHEEL_2700_IMG_0556_0006,COLORWHEEL_2700,train,2700,semiquant,Urobilinogen:3.2,Urobilinogen:3.2,,,Urobilinogen,3.2,COLORWHEEL_2700_SEMIQUANT.zip,1,1,0,,203.745605,0.022878,0.903454,154.873596,0.019867,0.900582,196.192001,0.024918,0.899175,190.797607,0.023918,0.90101,158.165604,0.029294,0.910797,83.481598,0.041244,0.899131,69.649597,0.045467,0.885227,64.8144,0.045953,0.887446,59.571201,0.051605,0.873895,45.743198,0.057089,0.862907
COLORWHEEL_2700_IMG_0556_0006,COLORWHEEL_2700,train,2700,semiquant,Protein:>=20.0,Protein:>=20.0,,,Protein,>=20.0,COLORWHEEL_2700_SEMIQUANT.zip,1,1,0,,203.745605,0.022878,0.903454,154.873596,0.019867,0.900582,196.192001,0.024918,0.899175,190.797607,0.023918,0.90101,158.165604,0.029294,0.910797,83.481598,0.041244,0.899131,69.649597,0.045467,0.885227,64.8144,0.045953,0.887446,59.571201,0.051605,0.873895,45.743198,0.057089,0.862907
COLORWHEEL_2700_IMG_0556_0006,COLORWHEEL_2700,train,2700,semiquant,pH:8.0,pH:8.0,,,pH,8.0,COLORWHEEL_2700_SEMIQUANT.zip,1,1,0,,203.745605,0.022878,0.903454,154.873596,0.019867,0.900582,196.192001,0.024918,0.899175,190.797607,0.023918,0.90101,158.165604,0.029294,0.910797,83.481598,0.041244,0.899131,69.649597,0.045467,0.885227,64.8144,0.045953,0.887446,59.571201,0.051605,0.873895,45.743198,0.057089,0.862907
COLORWHEEL_2700_IMG_0556_0006,COLORWHEEL_2700,train,2700,semiquant,Blood:Large 200,Blood:Large 200,,,Blood,Large 200,COLORWHEEL_2700_SEMIQUANT.zip,1,1,0,,203.745605,0.022878,0.903454,154.873596,0.019867,0.900582,196.192001,0.024918,0.899175,190.797607,0.023918,0.90101,158.165604,0.029294,0.910797,83.481598,0.041244,0.899131,69.649597,0.045467,0.885227,64.8144,0.045953,0.887446,59.571201,0.051605,0.873895,45.743198,0.057089,0.862907
COLORWHEEL_2700_IMG_0556_0006,COLORWHEEL_2700,train,2700,semiquant,Specific Gravity:1.025,Specific Gravity:1.025,,,Specific Gravity,1.025,COLORWHEEL_2700_SEMIQUANT.zip,1,1,0,,203.745605,0.022878,0.903454,154.873596,0.019867,0.900582,196.192001,0.024918,0.899175,190.797607,0.023918,0.90101,158.165604,0.029294,0.910797,83.481598,0.041244,0.899131,69.649597,0.045467,0.885227,64.8144,0.045953,0.887446,59.571201,0.051605,0.873895,45.743198,0.057089,0.862907
COLORWHEEL_2700_IMG_0556_0006,COLORWHEEL_2700,train,2700,semiquant,Ketone:Large 16,Ketone:Large 16,,,Ketone,Large 16,COLORWHEEL_2700_SEMIQUANT.zip,1,1,0,,203.745605,0.022878,0.903454,154.873596,0.019867,0.900582,196.192001,0.024918,0.899175,190.797607,0.023918,0.90101,158.165604,0.029294,0.910797,83.481598,0.041244,0.899131,69.649597,0.045467,0.885227,64.8144,0.045953,0.887446,59.571201,0.051605,0.873895,45.743198,0.057089,0.862907
COLORWHEEL_2700_IMG_0556_0006,COLORWHEEL_2700,train,2700,semiquant,Bilirubin:Small 17,Bilirubin:Small 17,,,Bilirubin,Small 17,COLORWHEEL_2700_SEMIQUANT.zip,1,1,0,,203.745605,0.022878,0.903454,154.873596,0.019867,0.900582,196.192001,0.024918,0.899175,190.797607,0.023918,0.90101,158.165604,0.029294,0.910797,83.481598,0.041244,0.899131,69.649597,0.045467,0.885227,64.8144,0.045953,0.887446,59.571201,0.051605,0.873895,45.743198,0.057089,0.862907
COLORWHEEL_2700_IMG_0556_0006,COLORWHEEL_2700,train,2700,semiquant,Glucose:110 ++++,Glucose:110 ++++,,,Glucose,110 ++++,COLORWHEEL_2700_SEMIQUANT.zip,1,1,0,,203.745605,0.022878,0.903454,154.873596,0.019867,0.900582,196.192001,0.024918,0.899175,190.797607,0.023918,0.90101,158.165604,0.029294,0.910797,83.481598,0.041244,0.899131,69.649597,0.045467,0.885227,64.8144,0.045953,0.887446,59.571201,0.051605,0.873895,45.743198,0.057089,0.862907
COLORWHEEL_2700_IMG_0559_0007,COLORWHEEL_2700,train,2700,semiquant,Leukocytes:Trace 15,Leukocytes:Trace 15,,,Leukocytes,Trace 15,COLORWHEEL_2700_SEMIQUANT.zip,1,1,0,,207.744003,0.294577,1.0,208.613602,0.298682,1.0,206.746399,0.289874,1.0,204.992798,0.281862,1.0,205.892807,0.285589,1.0,186.046402,0.364325,0.843606,204.569595,0.265672,1.0,203.525604,0.262129,1.0,193.683197,0.323631,0.905736,198.766403,0.331559,0.922839
COLORWHEEL_2700_IMG_0559_0007,COLORWHEEL_2700,train,2700,semiquant,Nitrite:Neg,Nitrite:Neg,,,Nitrite,Neg,COLORWHEEL_2700_SEMIQUANT.zip,1,1,0,,207.744003,0.294577,1.0,208.613602,0.298682,1.0,206.746399,0.289874,1.0,204.992798,0.281862,1.0,205.892807,0.285589,1.0,186.046402,0.364325,0.843606,204.569595,0.265672,1.0,203.525604,0.262129,1.0,193.683197,0.323631,0.905736,198.766403,0.331559,0.922839
COLORWHEEL_2700_IMG_0559_0007,COLORWHEEL_2700,train,2700,semiquant,Urobilinogen:16,Urobilinogen:16,,,Urobilinogen,16,COLORWHEEL_2700_SEMIQUANT.zip,1,1,0,,207.744003,0.294577,1.0,208.613602,0.298682,1.0,206.746399,0.289874,1.0,204.992798,0.281862,1.0,205.892807,0.285589,1.0,186.046402,0.364325,0.843606,204.569595,0.265672,1.0,203.525604,0.262129,1.0,193.683197,0.323631,0.905736,198.766403,0.331559,0.922839
COLORWHEEL_2700_IMG_0559_0007,COLORWHEEL_2700,train,2700,semiquant,Protein:Neg,Protein:Neg,,,Protein,Neg,COLORWHEEL_2700_SEMIQUANT.zip,1,1,0,,207.744003,0.294577,1.0,208.613602,0.298682,1.0,206.746399,0.289874,1.0,204.992798,0.281862,1.0,205.892807,0.285589,1.0,186.046402,0.364325,0.843606,204.569595,0.265672,1.0,203.525604,0.262129,1.0,193.683197,0.323631,0.905736,198.766403,0.331559,0.922839
COLORWHEEL_2700_IMG_0559_0007,COLORWHEEL_2700,train,2700,semiquant,pH:8.5,pH:8.5,,,pH,8.5,COLORWHEEL_2700_SEMIQUANT.zip,1,1,0,,207.744003,0.294577,1.0,208.613602,0.298682,1.0,206.746399,0.289874,1.0,204.992798,0.281862,1.0,205.892807,0.285589,1.0,186.046402,0.364325,0.843606,204.569595,0.265672,1.0,203.525604,0.262129,1.0,193.683197,0.323631,0.905736,198.766403,0.331559,0.922839
COLORWHEEL_2700_IMG_0559_0007,COLORWHEEL_2700,train,2700,semiquant,Blood:Neg,Blood:Neg,,,Blood,Neg,COLORWHEEL_2700_SEMIQUANT.zip,1,1,0,,207.744003,0.294577,1.0,208.613602,0.298682,1.0,206.746399,0.289874,1.0,204.992798,0.281862,1.0,205.892807,0.285589,1.0,186.046402,0.364325,0.843606,204.569595,0.265672,1.0,203.525604,0.262129,1.0,193.683197,0.323631,0.905736,198.766403,0.331559,0.922839
COLORWHEEL_2700_IMG_0559_0007,COLORWHEEL_2700,train,2700,semiquant,Specific Gravity:1.030,Specific Gravity:1.030,,,Specific Gravity,1.030,COLORWHEEL_2700_SEMIQUANT.zip,1,1,0,,207.744003,0.294577,1.0,208.613602,0.298682,1.0,206.746399,0.289874,1.0,204.992798,0.281862,1.0,205.892807,0.285589,1.0,186.046402,0.364325,0.843606,204.569595,0.265672,1.0,203.525604,0.262129,1.0,193.683197,0.323631,0.905736,198.766403,0.331559,0.922839
COLORWHEEL_2700_IMG_0559_0007,COLORWHEEL_2700,train,2700,semiquant,Ketone:Neg,Ketone:Neg,,,Ketone,Neg,COLORWHEEL_2700_SEMIQUANT.zip,1,1,0,,207.744003,0.294577,1.0,208.613602,0.298682,1.0,206.746399,0.289874,1.0,204.992798,0.281862,1.0,205.892807,0.285589,1.0,186.046402,0.364325,0.843606,204.569595,0.265672,1.0,203.525604,0.262129,1.0,193.683197,0.323631,0.905736,198.766403,0.331559,0.922839
COLORWHEEL_2700_IMG_0559_0007,COLORWHEEL_2700,train,2700,semiquant,Bilirubin:Moderate 50,Bilirubin:Moderate 50,,,Bilirubin,Moderate 50,COLORWHEEL_2700_SEMIQUANT.zip,1,1,0,,207.744003,0.294577,1.0,208.613602,0.298682,1.0,206.746399,0.289874,1.0,204.992798,0.281862,1.0,205.892807,0.285589,1.0,186.046402,0.364325,0.843606,204.569595,0.265672,1.0,203.525604,0.262129,1.0,193.683197,0.323631,0.905736,198.766403,0.331559,0.922839
COLORWHEEL_2700_IMG_0559_0007,COLORWHEEL_2700,train,2700,semiquant,Glucose:Neg,Glucose:Neg,,,Glucose,Neg,COLORWHEEL_2700_SEMIQUANT.zip,1,1,0,,207.744003,0.294577,1.0,208.613602,0.298682,1.0,206.746399,0.289874,1.0,204.992798,0.281862,1.0,205.892807,0.285589,1.0,186.046402,0.364325,0.843606,204.569595,0.265672,1.0,203.525604,0.262129,1.0,193.683197,0.323631,0.905736,198.766403,0.331559,0.922839
COLORWHEEL_2700_IMG_0562_0008,COLORWHEEL_2700,train,2700,semiquant,Leukocytes:Small 70,Leukocytes:Small 70,,,Leukocytes,Small 70,COLORWHEEL_2700_SEMIQUANT.zip,1,1,0,,203.672806,0.296471,1.0,203.9832,0.298262,1.0,202.579193,0.291542,1.0,201.198395,0.285929,1.0,202.4328,0.281882,1.0,204.0336,0.300736,0.939346,200.620804,0.273401,1.0,199.832794,0.271909,1.0,197.184799,0.293333,0.926017,195.192795,0.313903,0.914759
COLORWHEEL_2700_IMG_0562_0008,COLORWHEEL_2700,train,2700,semiquant,Nitrite:Positive,Nitrite:Positive,,,Nitrite,Positive,COLORWHEEL_2700_SEMIQUANT.zip,1,1,0,,203.672806,0.296471,1.0,203.9832,0.298262,1.0,202.579193,0.291542,1.0,201.198395,0.285929,1.0,202.4328,0.281882,1.0,204.0336,0.300736,0.939346,200.620804,0.273401,1.0,199.832794,0.271909,1.0,197.184799,0.293333,0.926017,195.192795,0.313903,0.914759
COLORWHEEL_2700_IMG_0562_0008,COLORWHEEL_2700,train,2700,semiquant,Urobilinogen:32,Urobilinogen:32,,,Urobilinogen,32,COLORWHEEL_2700_SEMIQUANT.zip,1,1,0,,203.672806,0.296471,1.0,203.9832,0.298262,1.0,202.579193,0.291542,1.0,201.198395,0.285929,1.0,202.4328,0.281882,1.0,204.0336,0.300736,0.939346,200.620804,0.273401,1.0,199.832794,0.271909,1.0,197.184799,0.293333,0.926017,195.192795,0.313903,0.914759
COLORWHEEL_2700_IMG_0562_0008,COLORWHEEL_2700,train,2700,semiquant,Protein:Trace,Protein:Trace,,,Protein,Trace,COLORWHEEL_2700_SEMIQUANT.zip,1,1,0,,203.672806,0.296471,1.0,203.9832,0.298262,1.0,202.579193,0.291542,1.0,201.198395,0.285929,1.0,202.4328,0.281882,1.0,204.0336,0.300736,0.939346,200.620804,0.273401,1.0,199.832794,0.271909,1.0,197.184799,0.293333,0.926017,195.192795,0.313903,0.914759
COLORWHEEL_2700_IMG_0562_0008,COLORWHEEL_2700,train,2700,semiquant,pH:5.0,pH:5.0,,,pH,5.0,COLORWHEEL_2700_SEMIQUANT.zip,1,1,0,,203.672806,0.296471,1.0,203.9832,0.298262,1.0,202.579193,0.291542,1.0,201.198395,0.285929,1.0,202.4328,0.281882,1.0,204.0336,0.300736,0.939346,200.620804,0.273401,1.0,199.832794,0.271909,1.0,197.184799,0.293333,0.926017,195.192795,0.313903,0.914759
COLORWHEEL_2700_IMG_0562_0008,COLORWHEEL_2700,train,2700,semiquant,Blood:Non-hemolyzed 10,Blood:Non-hemolyzed 10,,,Blood,Non-hemolyzed 10,COLORWHEEL_2700_SEMIQUANT.zip,1,1,0,,203.672806,0.296471,1.0,203.9832,0.298262,1.0,202.579193,0.291542,1.0,201.198395,0.285929,1.0,202.4328,0.281882,1.0,204.0336,0.300736,0.939346,200.620804,0.273401,1.0,199.832794,0.271909,1.0,197.184799,0.293333,0.926017,195.192795,0.313903,0.914759
COLORWHEEL_2700_IMG_0562_0008,COLORWHEEL_2700,train,2700,semiquant,Specific Gravity:1.000,Specific Gravity:1.000,,,Specific Gravity,1.000,COLORWHEEL_2700_SEMIQUANT.zip,1,1,0,,203.672806,0.296471,1.0,203.9832,0.298262,1.0,202.579193,0.291542,1.0,201.198395,0.285929,1.0,202.4328,0.281882,1.0,204.0336,0.300736,0.939346,200.620804,0.273401,1.0,199.832794,0.271909,1.0,197.184799,0.293333,0.926017,195.192795,0.313903,0.914759
COLORWHEEL_2700_IMG_0562_0008,COLORWHEEL_2700,train,2700,semiquant,Ketone:Trace 0.5,Ketone:Trace 0.5,,,Ketone,Trace 0.5,COLORWHEEL_2700_SEMIQUANT.zip,1,1,0,,203.672806,0.296471,1.0,203.9832,0.298262,1.0,202.579193,0.291542,1.0,201.198395,0.285929,1.0,202.4328,0.281882,1.0,204.0336,0.300736,0.939346,200.620804,0.273401,1.0,199.832794,0.271909,1.0,197.184799,0.293333,0.926017,195.192795,0.313903,0.914759
COLORWHEEL_2700_IMG_0562_0008,COLORWHEEL_2700,train,2700,semiquant,Bilirubin:Large 100,Bilirubin:Large 100,,,Bilirubin,Large 100,COLORWHEEL_2700_SEMIQUANT.zip,1,1,0,,203.672806,0.296471,1.0,203.9832,0.298262,1.0,202.579193,0.291542,1.0,201.198395,0.285929,1.0,202.4328,0.281882,1.0,204.0336,0.300736,0.939346,200.620804,0.273401,1.0,199.832794,0.271909,1.0,197.184799,0.293333,0.926017,195.192795,0.313903,0.914759
COLORWHEEL_2700_IMG_0562_0008,COLORWHEEL_2700,train,2700,semiquant,Glucose:Trace 5,Glucose:Trace 5,,,Glucose,Trace 5,COLORWHEEL_2700_SEMIQUANT.zip,1,1,0,,203.672806,0.296471,1.0,203.9832,0.298262,1.0,202.579193,0.291542,1.0,201.198395,0.285929,1.0,202.4328,0.281882,1.0,204.0336,0.300736,0.939346,200.620804,0.273401,1.0,199.832794,0.271909,1.0,197.184799,0.293333,0.926017,195.192795,0.313903,0.914759
COLORWHEEL_2700_IMG_0564_0009,COLORWHEEL_2700,train,2700,semiquant,Leukocytes:Moderate 125,Leukocytes:Moderate 125,,,Leukocytes,Moderate 125,COLORWHEEL_2700_SEMIQUANT.zip,1,1,0,,182.506393,0.294631,1.0,183.297607,0.297766,1.0,182.234406,0.2924,1.0,181.623199,0.286187,1.0,181.4104,0.286638,1.0,186.0392,0.293617,0.832461,180.273605,0.276209,1.0,180.149597,0.274698,1.0,176.219193,0.295534,0.905509,181.467194,0.306133,0.911809
COLORWHEEL_2700_IMG_0564_0009,COLORWHEEL_2700,train,2700,semiquant,Nitrite:Neg,Nitrite:Neg,,,Nitrite,Neg,COLORWHEEL_2700_SEMIQUANT.zip,1,1,0,,182.506393,0.294631,1.0,183.297607,0.297766,1.0,182.234406,0.2924,1.0,181.623199,0.286187,1.0,181.4104,0.286638,1.0,186.0392,0.293617,0.832461,180.273605,0.276209,1.0,180.149597,0.274698,1.0,176.219193,0.295534,0.905509,181.467194,0.306133,0.911809
COLORWHEEL_2700_IMG_0564_0009,COLORWHEEL_2700,train,2700,semiquant,Urobilinogen:64,Urobilinogen:64,,,Urobilinogen,64,COLORWHEEL_2700_SEMIQUANT.zip,1,1,0,,182.506393,0.294631,1.0,183.297607,0.297766,1.0,182.234406,0.2924,1.0,181.623199,0.286187,1.0,181.4104,0.286638,1.0,186.0392,0.293617,0.832461,180.273605,0.276209,1.0,180.149597,0.274698,1.0,176.219193,0.295534,0.905509,181.467194,0.306133,0.911809
COLORWHEEL_2700_IMG_0564_0009,COLORWHEEL_2700,train,2700,semiquant,Protein:0.3,Protein:0.3,,,Protein,0.3,COLORWHEEL_2700_SEMIQUANT.zip,1,1,0,,182.506393,0.294631,1.0,183.297607,0.297766,1.0,182.234406,0.2924,1.0,181.623199,0.286187,1.0,181.4104,0.286638,1.0,186.0392,0.293617,0.832461,180.273605,0.276209,1.0,180.149597,0.274698,1.0,176.219193,0.295534,0.905509,181.467194,0.306133,0.911809
COLORWHEEL_2700_IMG_0564_0009,COLORWHEEL_2700,train,2700,semiquant,pH:6.0,pH:6.0,,,pH,6.0,COLORWHEEL_2700_SEMIQUANT.zip,1,1,0,,182.506393,0.294631,1.0,183.297607,0.297766,1.0,182.234406,0.2924,1.0,181.623199,0.286187,1.0,181.4104,0.286638,1.0,186.0392,0.293617,0.832461,180.273605,0.276209,1.0,180.149597,0.274698,1.0,176.219193,0.295534,0.905509,181.467194,0.306133,0.911809
COLORWHEEL_2700_IMG_0564_0009,COLORWHEEL_2700,train,2700,semiquant,Blood:Hemolyzed 10,Blood:Hemolyzed 10,,,Blood,Hemolyzed 10,COLORWHEEL_2700_SEMIQUANT.zip,1,1,0,,182.506393,0.294631,1.0,183.297607,0.297766,1.0,182.234406,0.2924,1.0,181.623199,0.286187,1.0,181.4104,0.286638,1.0,186.0392,0.293617,0.832461,180.273605,0.276209,1.0,180.149597,0.274698,1.0,176.219193,0.295534,0.905509,181.467194,0.306133,0.911809
COLORWHEEL_2700_IMG_0564_0009,COLORWHEEL_2700,train,2700,semiquant,Specific Gravity:1.005,Specific Gravity:1.005,,,Specific Gravity,1.005,COLORWHEEL_2700_SEMIQUANT.zip,1,1,0,,182.506393,0.294631,1.0,183.297607,0.297766,1.0,182.234406,0.2924,1.0,181.623199,0.286187,1.0,181.4104,0.286638,1.0,186.0392,0.293617,0.832461,180.273605,0.276209,1.0,180.149597,0.274698,1.0,176.219193,0.295534,0.905509,181.467194,0.306133,0.911809
COLORWHEEL_2700_IMG_0564_0009,COLORWHEEL_2700,train,2700,semiquant,Ketone:Small 1.5,Ketone:Small 1.5,,,Ketone,Small 1.5,COLORWHEEL_2700_SEMIQUANT.zip,1,1,0,,182.506393,0.294631,1.0,183.297607,0.297766,1.0,182.234406,0.2924,1.0,181.623199,0.286187,1.0,181.4104,0.286638,1.0,186.0392,0.293617,0.832461,180.273605,0.276209,1.0,180.149597,0.274698,1.0,176.219193,0.295534,0.905509,181.467194,0.306133,0.911809
COLORWHEEL_2700_IMG_0564_0009,COLORWHEEL_2700,train,2700,semiquant,Bilirubin:Neg,Bilirubin:Neg,,,Bilirubin,Neg,COLORWHEEL_2700_SEMIQUANT.zip,1,1,0,,182.506393,0.294631,1.0,183.297607,0.297766,1.0,182.234406,0.2924,1.0,181.623199,0.286187,1.0,181.4104,0.286638,1.0,186.0392,0.293617,0.832461,180.273605,0.276209,1.0,180.149597,0.274698,1.0,176.219193,0.295534,0.905509,181.467194,0.306133,0.911809
COLORWHEEL_2700_IMG_0564_0009,COLORWHEEL_2700,train,2700,semiquant,Glucose:15 +,Glucose:15 +,,,Glucose,15 +,COLORWHEEL_2700_SEMIQUANT.zip,1,1,0,,182.506393,0.294631,1.0,183.297607,0.297766,1.0,182.234406,0.2924,1.0,181.623199,0.286187,1.0,181.4104,0.286638,1.0,186.0392,0.293617,0.832461,180.273605,0.276209,1.0,180.149597,0.274698,1.0,176.219193,0.295534,0.905509,181.467194,0.306133,0.911809
COLORWHEEL_2700_IMG_0565_0010,COLORWHEEL_2700,train,2700,semiquant,Leukocytes:Large 500,Leukocytes:Large 500,,,Leukocytes,Large 500,COLORWHEEL_2700_SEMIQUANT.zip,1,1,0,,137.141602,0.040411,0.924027,114.412804,0.044425,0.919217,143.142395,0.047423,0.918521,131.4384,0.052104,0.903969,107.019997,0.057271,0.91243,54.4944,0.061981,0.916157,43.079201,0.074387,0.900546,37.952,0.07251,0.896409,37.172798,0.083263,0.885556,34.152802,0.095685,0.872002
COLORWHEEL_2700_IMG_0565_0010,COLORWHEEL_2700,train,2700,semiquant,Nitrite:Positive,Nitrite:Positive,,,Nitrite,Positive,COLORWHEEL_2700_SEMIQUANT.zip,1,1,0,,137.141602,0.040411,0.924027,114.412804,0.044425,0.919217,143.142395,0.047423,0.918521,131.4384,0.052104,0.903969,107.019997,0.057271,0.91243,54.4944,0.061981,0.916157,43.079201,0.074387,0.900546,37.952,0.07251,0.896409,37.172798,0.083263,0.885556,34.152802,0.095685,0.872002
COLORWHEEL_2700_IMG_0565_0010,COLORWHEEL_2700,train,2700,semiquant,Urobilinogen:128,Urobilinogen:128,,,Urobilinogen,128,COLORWHEEL_2700_SEMIQUANT.zip,1,1,0,,137.141602,0.040411,0.924027,114.412804,0.044425,0.919217,143.142395,0.047423,0.918521,131.4384,0.052104,0.903969,107.019997,0.057271,0.91243,54.4944,0.061981,0.916157,43.079201,0.074387,0.900546,37.952,0.07251,0.896409,37.172798,0.083263,0.885556,34.152802,0.095685,0.872002
COLORWHEEL_2700_IMG_0565_0010,COLORWHEEL_2700,train,2700,semiquant,Protein:1.0,Protein:1.0,,,Protein,1.0,COLORWHEEL_2700_SEMIQUANT.zip,1,1,0,,137.141602,0.040411,0.924027,114.412804,0.044425,0.919217,143.142395,0.047423,0.918521,131.4384,0.052104,0.903969,107.019997,0.057271,0.91243,54.4944,0.061981,0.916157,43.079201,0.074387,0.900546,37.952,0.07251,0.896409,37.172798,0.083263,0.885556,34.152802,0.095685,0.872002
COLORWHEEL_2700_IMG_0565_0010,COLORWHEEL_2700,train,2700,semiquant,pH:6.5,pH:6.5,,,pH,6.5,COLORWHEEL_2700_SEMIQUANT.zip,1,1,0,,137.141602,0.040411,0.924027,114.412804,0.044425,0.919217,143.142395,0.047423,0.918521,131.4384,0.052104,0.903969,107.019997,0.057271,0.91243,54.4944,0.061981,0.916157,43.079201,0.074387,0.900546,37.952,0.07251,0.896409,37.172798,0.083263,0.885556,34.152802,0.095685,0.872002
COLORWHEEL_2700_IMG_0565_0010,COLORWHEEL_2700,train,2700,semiquant,Blood:Small 25,Blood:Small 25,,,Blood,Small 25,COLORWHEEL_2700_SEMIQUANT.zip,1,1,0,,137.141602,0.040411,0.924027,114.412804,0.044425,0.919217,143.142395,0.047423,0.918521,131.4384,0.052104,0.903969,107.019997,0.057271,0.91243,54.4944,0.061981,0.916157,43.079201,0.074387,0.900546,37.952,0.07251,0.896409,37.172798,0.083263,0.885556,34.152802,0.095685,0.872002
COLORWHEEL_2700_IMG_0565_0010,COLORWHEEL_2700,train,2700,semiquant,Specific Gravity:1.010,Specific Gravity:1.010,,,Specific Gravity,1.010,COLORWHEEL_2700_SEMIQUANT.zip,1,1,0,,137.141602,0.040411,0.924027,114.412804,0.044425,0.919217,143.142395,0.047423,0.918521,131.4384,0.052104,0.903969,107.019997,0.057271,0.91243,54.4944,0.061981,0.916157,43.079201,0.074387,0.900546,37.952,0.07251,0.896409,37.172798,0.083263,0.885556,34.152802,0.095685,0.872002
COLORWHEEL_2700_IMG_0565_0010,COLORWHEEL_2700,train,2700,semiquant,Ketone:Moderate 4.0,Ketone:Moderate 4.0,,,Ketone,Moderate 4.0,COLORWHEEL_2700_SEMIQUANT.zip,1,1,0,,137.141602,0.040411,0.924027,114.412804,0.044425,0.919217,143.142395,0.047423,0.918521,131.4384,0.052104,0.903969,107.019997,0.057271,0.91243,54.4944,0.061981,0.916157,43.079201,0.074387,0.900546,37.952,0.07251,0.896409,37.172798,0.083263,0.885556,34.152802,0.095685,0.872002
COLORWHEEL_2700_IMG_0565_0010,COLORWHEEL_2700,train,2700,semiquant,Bilirubin:Small 17,Bilirubin:Small 17,,,Bilirubin,Small 17,COLORWHEEL_2700_SEMIQUANT.zip,1,1,0,,137.141602,0.040411,0.924027,114.412804,0.044425,0.919217,143.142395,0.047423,0.918521,131.4384,0.052104,0.903969,107.019997,0.057271,0.91243,54.4944,0.061981,0.916157,43.079201,0.074387,0.900546,37.952,0.07251,0.896409,37.172798,0.083263,0.885556,34.152802,0.095685,0.872002
COLORWHEEL_2700_IMG_0565_0010,COLORWHEEL_2700,train,2700,semiquant,Glucose:30 ++,Glucose:30 ++,,,Glucose,30 ++,COLORWHEEL_2700_SEMIQUANT.zip,1,1,0,,137.141602,0.040411,0.924027,114.412804,0.044425,0.919217,143.142395,0.047423,0.918521,131.4384,0.052104,0.903969,107.019997,0.057271,0.91243,54.4944,0.061981,0.916157,43.079201,0.074387,0.900546,37.952,0.07251,0.896409,37.172798,0.083263,0.885556,34.152802,0.095685,0.872002
COLORWHEEL_2700_IMG_0568_0011,COLORWHEEL_2700,train,2700,semiquant,Leukocytes:Neg,Leukocytes:Neg,,,Leukocytes,Neg,COLORWHEEL_2700_SEMIQUANT.zip,1,1,0,,189.112793,0.309175,1.0,189.408005,0.310515,1.0,187.963196,0.305087,1.0,185.105606,0.295401,1.0,185.392807,0.296565,1.0,182.795197,0.357889,0.867754,183.4384,0.288838,1.0,182.129593,0.283713,1.0,182.807999,0.331903,0.899914,184.075195,0.346475,0.934249
COLORWHEEL_2700_IMG_0568_0011,COLORWHEEL_2700,train,2700,semiquant,Nitrite:Neg,Nitrite:Neg,,,Nitrite,Neg,COLORWHEEL_2700_SEMIQUANT.zip,1,1,0,,189.112793,0.309175,1.0,189.408005,0.310515,1.0,187.963196,0.305087,1.0,185.105606,0.295401,1.0,185.392807,0.296565,1.0,182.795197,0.357889,0.867754,183.4384,0.288838,1.0,182.129593,0.283713,1.0,182.807999,0.331903,0.899914,184.075195,0.346475,0.934249
COLORWHEEL_2700_IMG_0568_0011,COLORWHEEL_2700,train,2700,semiquant,Urobilinogen:3.2,Urobilinogen:3.2,,,Urobilinogen,3.2,COLORWHEEL_2700_SEMIQUANT.zip,1,1,0,,189.112793,0.309175,1.0,189.408005,0.310515,1.0,187.963196,0.305087,1.0,185.105606,0.295401,1.0,185.392807,0.296565,1.0,182.795197,0.357889,0.867754,183.4384,0.288838,1.0,182.129593,0.283713,1.0,182.807999,0.331903,0.899914,184.075195,0.346475,0.934249
COLORWHEEL_2700_IMG_0568_0011,COLORWHEEL_2700,train,2700,semiquant,Protein:3.0,Protein:3.0,,,Protein,3.0,COLORWHEEL_2700_SEMIQUANT.zip,1,1,0,,189.112793,0.309175,1.0,189.408005,0.310515,1.0,187.963196,0.305087,1.0,185.105606,0.295401,1.0,185.392807,0.296565,1.0,182.795197,0.357889,0.867754,183.4384,0.288838,1.0,182.129593,0.283713,1.0,182.807999,0.331903,0.899914,184.075195,0.346475,0.934249
COLORWHEEL_2700_IMG_0568_0011,COLORWHEEL_2700,train,2700,semiquant,pH:7.0,pH:7.0,,,pH,7.0,COLORWHEEL_2700_SEMIQUANT.zip,1,1,0,,189.112793,0.309175,1.0,189.408005,0.310515,1.0,187.963196,0.305087,1.0,185.105606,0.295401,1.0,185.392807,0.296565,1.0,182.795197,0.357889,0.867754,183.4384,0.288838,1.0,182.129593,0.283713,1.0,182.807999,0.331903,0.899914,184.075195,0.346475,0.934249
COLORWHEEL_2700_IMG_0568_0011,COLORWHEEL_2700,train,2700,semiquant,Blood:Moderate 80,Blood:Moderate 80,,,Blood,Moderate 80,COLORWHEEL_2700_SEMIQUANT.zip,1,1,0,,189.112793,0.309175,1.0,189.408005,0.310515,1.0,187.963196,0.305087,1.0,185.105606,0.295401,1.0,185.392807,0.296565,1.0,182.795197,0.357889,0.867754,183.4384,0.288838,1.0,182.129593,0.283713,1.0,182.807999,0.331903,0.899914,184.075195,0.346475,0.934249
COLORWHEEL_2700_IMG_0568_0011,COLORWHEEL_2700,train,2700,semiquant,Specific Gravity:1.015,Specific Gravity:1.015,,,Specific Gravity,1.015,COLORWHEEL_2700_SEMIQUANT.zip,1,1,0,,189.112793,0.309175,1.0,189.408005,0.310515,1.0,187.963196,0.305087,1.0,185.105606,0.295401,1.0,185.392807,0.296565,1.0,182.795197,0.357889,0.867754,183.4384,0.288838,1.0,182.129593,0.283713,1.0,182.807999,0.331903,0.899914,184.075195,0.346475,0.934249
COLORWHEEL_2700_IMG_0568_0011,COLORWHEEL_2700,train,2700,semiquant,Ketone:8.0,Ketone:8.0,,,Ketone,8.0,COLORWHEEL_2700_SEMIQUANT.zip,1,1,0,,189.112793,0.309175,1.0,189.408005,0.310515,1.0,187.963196,0.305087,1.0,185.105606,0.295401,1.0,185.392807,0.296565,1.0,182.795197,0.357889,0.867754,183.4384,0.288838,1.0,182.129593,0.283713,1.0,182.807999,0.331903,0.899914,184.075195,0.346475,0.934249
COLORWHEEL_2700_IMG_0568_0011,COLORWHEEL_2700,train,2700,semiquant,Bilirubin:Moderate 50,Bilirubin:Moderate 50,,,Bilirubin,Moderate 50,COLORWHEEL_2700_SEMIQUANT.zip,1,1,0,,189.112793,0.309175,1.0,189.408005,0.310515,1.0,187.963196,0.305087,1.0,185.105606,0.295401,1.0,185.392807,0.296565,1.0,182.795197,0.357889,0.867754,183.4384,0.288838,1.0,182.129593,0.283713,1.0,182.807999,0.331903,0.899914,184.075195,0.346475,0.934249
COLORWHEEL_2700_IMG_0568_0011,COLORWHEEL_2700,train,2700,semiquant,Glucose:60 +++,Glucose:60 +++,,,Glucose,60 +++,COLORWHEEL_2700_SEMIQUANT.zip,1,1,0,,189.112793,0.309175,1.0,189.408005,0.310515,1.0,187.963196,0.305087,1.0,185.105606,0.295401,1.0,185.392807,0.296565,1.0,182.795197,0.357889,0.867754,183.4384,0.288838,1.0,182.129593,0.283713,1.0,182.807999,0.331903,0.899914,184.075195,0.346475,0.934249
COLORWHEEL_2700_IMG_0571_0012,COLORWHEEL_2700,train,2700,semiquant,Leukocytes:Trace 15,Leukocytes:Trace 15,,,Leukocytes,Trace 15,COLORWHEEL_2700_SEMIQUANT.zip,1,1,0,,84.086403,0.031785,0.907961,93.909599,0.033046,0.905263,74.209602,0.038825,0.898787,72.1464,0.042251,0.906703,71.587997,0.047686,0.915539,40.211201,0.06586,0.906706,41.088001,0.067482,0.895862,38.139198,0.063995,0.897056,40.099998,0.071377,0.885164,38.651199,0.075082,0.875042
COLORWHEEL_2700_IMG_0571_0012,COLORWHEEL_2700,train,2700,semiquant,Nitrite:Positive,Nitrite:Positive,,,Nitrite,Positive,COLORWHEEL_2700_SEMIQUANT.zip,1,1,0,,84.086403,0.031785,0.907961,93.909599,0.033046,0.905263,74.209602,0.038825,0.898787,72.1464,0.042251,0.906703,71.587997,0.047686,0.915539,40.211201,0.06586,0.906706,41.088001,0.067482,0.895862,38.139198,0.063995,0.897056,40.099998,0.071377,0.885164,38.651199,0.075082,0.875042
COLORWHEEL_2700_IMG_0571_0012,COLORWHEEL_2700,train,2700,semiquant,Urobilinogen:16,Urobilinogen:16,,,Urobilinogen,16,COLORWHEEL_2700_SEMIQUANT.zip,1,1,0,,84.086403,0.031785,0.907961,93.909599,0.033046,0.905263,74.209602,0.038825,0.898787,72.1464,0.042251,0.906703,71.587997,0.047686,0.915539,40.211201,0.06586,0.906706,41.088001,0.067482,0.895862,38.139198,0.063995,0.897056,40.099998,0.071377,0.885164,38.651199,0.075082,0.875042
COLORWHEEL_2700_IMG_0571_0012,COLORWHEEL_2700,train,2700,semiquant,Protein:>=20.0,Protein:>=20.0,,,Protein,>=20.0,COLORWHEEL_2700_SEMIQUANT.zip,1,1,0,,84.086403,0.031785,0.907961,93.909599,0.033046,0.905263,74.209602,0.038825,0.898787,72.1464,0.042251,0.906703,71.587997,0.047686,0.915539,40.211201,0.06586,0.906706,41.088001,0.067482,0.895862,38.139198,0.063995,0.897056,40.099998,0.071377,0.885164,38.651199,0.075082,0.875042
COLORWHEEL_2700_IMG_0571_0012,COLORWHEEL_2700,train,2700,semiquant,pH:7.5,pH:7.5,,,pH,7.5,COLORWHEEL_2700_SEMIQUANT.zip,1,1,0,,84.086403,0.031785,0.907961,93.909599,0.033046,0.905263,74.209602,0.038825,0.898787,72.1464,0.042251,0.906703,71.587997,0.047686,0.915539,40.211201,0.06586,0.906706,41.088001,0.067482,0.895862,38.139198,0.063995,0.897056,40.099998,0.071377,0.885164,38.651199,0.075082,0.875042
COLORWHEEL_2700_IMG_0571_0012,COLORWHEEL_2700,train,2700,semiquant,Blood:Large 200,Blood:Large 200,,,Blood,Large 200,COLORWHEEL_2700_SEMIQUANT.zip,1,1,0,,84.086403,0.031785,0.907961,93.909599,0.033046,0.905263,74.209602,0.038825,0.898787,72.1464,0.042251,0.906703,71.587997,0.047686,0.915539,40.211201,0.06586,0.906706,41.088001,0.067482,0.895862,38.139198,0.063995,0.897056,40.099998,0.071377,0.885164,38.651199,0.075082,0.875042
COLORWHEEL_2700_IMG_0571_0012,COLORWHEEL_2700,train,2700,semiquant,Specific Gravity:1.020,Specific Gravity:1.020,,,Specific Gravity,1.020,COLORWHEEL_2700_SEMIQUANT.zip,1,1,0,,84.086403,0.031785,0.907961,93.909599,0.033046,0.905263,74.209602,0.038825,0.898787,72.1464,0.042251,0.906703,71.587997,0.047686,0.915539,40.211201,0.06586,0.906706,41.088001,0.067482,0.895862,38.139198,0.063995,0.897056,40.099998,0.071377,0.885164,38.651199,0.075082,0.875042
COLORWHEEL_2700_IMG_0571_0012,COLORWHEEL_2700,train,2700,semiquant,Ketone:Large 16,Ketone:Large 16,,,Ketone,Large 16,COLORWHEEL_2700_SEMIQUANT.zip,1,1,0,,84.086403,0.031785,0.907961,93.909599,0.033046,0.905263,74.209602,0.038825,0.898787,72.1464,0.042251,0.906703,71.587997,0.047686,0.915539,40.211201,0.06586,0.906706,41.088001,0.067482,0.895862,38.139198,0.063995,0.897056,40.099998,0.071377,0.885164,38.651199,0.075082,0.875042
COLORWHEEL_2700_IMG_0571_0012,COLORWHEEL_2700,train,2700,semiquant,Bilirubin:Large 100,Bilirubin:Large 100,,,Bilirubin,Large 100,COLORWHEEL_2700_SEMIQUANT.zip,1,1,0,,84.086403,0.031785,0.907961,93.909599,0.033046,0.905263,74.209602,0.038825,0.898787,72.1464,0.042251,0.906703,71.587997,0.047686,0.915539,40.211201,0.06586,0.906706,41.088001,0.067482,0.895862,38.139198,0.063995,0.897056,40.099998,0.071377,0.885164,38.651199,0.075082,0.875042
COLORWHEEL_2700_IMG_0571_0012,COLORWHEEL_2700,train,2700,semiquant,Glucose:110 ++++,Glucose:110 ++++,,,Glucose,110 ++++,COLORWHEEL_2700_SEMIQUANT.zip,1,1,0,,84.086403,0.031785,0.907961,93.909599,0.033046,0.905263,74.209602,0.038825,0.898787,72.1464,0.042251,0.906703,71.587997,0.047686,0.915539,40.211201,0.06586,0.906706,41.088001,0.067482,0.895862,38.139198,0.063995,0.897056,40.099998,0.071377,0.885164,38.651199,0.075082,0.875042
COLORWHEEL_2700_IMG_0573_0013,COLORWHEEL_2700,train,2700,semiquant,Leukocytes:Small 70,Leukocytes:Small 70,,,Leukocytes,Small 70,COLORWHEEL_2700_SEMIQUANT.zip,1,1,0,,228.952805,0.349107,1.0,228.094406,0.351286,1.0,182.655197,0.266094,1.0,197.258408,0.308406,0.993987,237.496796,0.417653,0.972279,237.435196,0.424281,0.958176,192.189606,0.306413,0.999685,180.0,0.26723,1.0,180.048004,0.271724,1.0,180.0,0.267429,1.0
COLORWHEEL_2700_IMG_0573_0013,COLORWHEEL_2700,train,2700,semiquant,Nitrite:Neg,Nitrite:Neg,,,Nitrite,Neg,COLORWHEEL_2700_SEMIQUANT.zip,1,1,0,,228.952805,0.349107,1.0,228.094406,0.351286,1.0,182.655197,0.266094,1.0,197.258408,0.308406,0.993987,237.496796,0.417653,0.972279,237.435196,0.424281,0.958176,192.189606,0.306413,0.999685,180.0,0.26723,1.0,180.048004,0.271724,1.0,180.0,0.267429,1.0
COLORWHEEL_2700_IMG_0573_0013,COLORWHEEL_2700,train,2700,semiquant,Urobilinogen:32,Urobilinogen:32,,,Urobilinogen,32,COLORWHEEL_2700_SEMIQUANT.zip,1,1,0,,228.952805,0.349107,1.0,228.094406,0.351286,1.0,182.655197,0.266094,1.0,197.258408,0.308406,0.993987,237.496796,0.417653,0.972279,237.435196,0.424281,0.958176,192.189606,0.306413,0.999685,180.0,0.26723,1.0,180.048004,0.271724,1.0,180.0,0.267429,1.0
COLORWHEEL_2700_IMG_0573_0013,COLORWHEEL_2700,train,2700,semiquant,Protein:Neg,Protein:Neg,,,Protein,Neg,COLORWHEEL_2700_SEMIQUANT.zip,1,1,0,,228.952805,0.349107,1.0,228.094406,0.351286,1.0,182.655197,0.266094,1.0,197.258408,0.308406,0.993987,237.496796,0.417653,0.972279,237.435196,0.424281,0.958176,192.189606,0.306413,0.999685,180.0,0.26723,1.0,180.048004,0.271724,1.0,180.0,0.267429,1.0
COLORWHEEL_2700_IMG_0573_0013,COLORWHEEL_2700,train,2700,semiquant,pH:8.0,pH:8.0,,,pH,8.0,COLORWHEEL_2700_SEMIQUANT.zip,1,1,0,,228.952805,0.349107,1.0,228.094406,0.351286,1.0,182.655197,0.266094,1.0,197.258408,0.308406,0.993987,237.496796,0.417653,0.972279,237.435196,0.424281,0.958176,192.189606,0.306413,0.999685,180.0,0.26723,1.0,180.048004,0.271724,1.0,180.0,0.267429,1.0
COLORWHEEL_2700_IMG_0573_0013,COLORWHEEL_2700,train,2700,semiquant,Blood:Neg,Blood:Neg,,,Blood,Neg,COLORWHEEL_2700_SEMIQUANT.zip,1,1,0,,228.952805,0.349107,1.0,228.094406,0.351286,1.0,182.655197,0.266094,1.0,197.258408,0.308406,0.993987,237.496796,0.417653,0.972279,237.435196,0.424281,0.958176,192.189606,0.306413,0.999685,180.0,0.26723,1.0,180.048004,0.271724,1.0,180.0,0.267429,1.0
COLORWHEEL_2700_IMG_0573_0013,COLORWHEEL_2700,train,2700,semiquant,Specific Gravity:1.025,Specific Gravity:1.025,,,Specific Gravity,1.025,COLORWHEEL_2700_SEMIQUANT.zip,1,1,0,,228.952805,0.349107,1.0,228.094406,0.351286,1.0,182.655197,0.266094,1.0,197.258408,0.308406,0.993987,237.496796,0.417653,0.972279,237.435196,0.424281,0.958176,192.189606,0.306413,0.999685,180.0,0.26723,1.0,180.048004,0.271724,1.0,180.0,0.267429,1.0
COLORWHEEL_2700_IMG_0573_0013,COLORWHEEL_2700,train,2700,semiquant,Ketone:Neg,Ketone:Neg,,,Ketone,Neg,COLORWHEEL_2700_SEMIQUANT.zip,1,1,0,,228.952805,0.349107,1.0,228.094406,0.351286,1.0,182.655197,0.266094,1.0,197.258408,0.308406,0.993987,237.496796,0.417653,0.972279,237.435196,0.424281,0.958176,192.189606,0.306413,0.999685,180.0,0.26723,1.0,180.048004,0.271724,1.0,180.0,0.267429,1.0
COLORWHEEL_2700_IMG_0573_0013,COLORWHEEL_2700,train,2700,semiquant,Bilirubin:Neg,Bilirubin:Neg,,,Bilirubin,Neg,COLORWHEEL_2700_SEMIQUANT.zip,1,1,0,,228.952805,0.349107,1.0,228.094406,0.351286,1.0,182.655197,0.266094,1.0,197.258408,0.308406,0.993987,237.496796,0.417653,0.972279,237.435196,0.424281,0.958176,192.189606,0.306413,0.999685,180.0,0.26723,1.0,180.048004,0.271724,1.0,180.0,0.267429,1.0
COLORWHEEL_2700_IMG_0573_0013,COLORWHEEL_2700,train,2700,semiquant,Glucose:Neg,Glucose:Neg,,,Glucose,Neg,COLORWHEEL_2700_SEMIQUANT.zip,1,1,0,,228.952805,0.349107,1.0,228.094406,0.351286,1.0,182.655197,0.266094,1.0,197.258408,0.308406,0.993987,237.496796,0.417653,0.972279,237.435196,0.424281,0.958176,192.189606,0.306413,0.999685,180.0,0.26723,1.0,180.048004,0.271724,1.0,180.0,0.267429,1.0
COLORWHEEL_2700_IMG_0579_0014,COLORWHEEL_2700,train,2700,semiquant,Leukocytes:Moderate 125,Leukocytes:Moderate 125,,,Leukocytes,Moderate 125,COLORWHEEL_2700_SEMIQUANT.zip,1,1,0,,244.746399,0.299633,1.0,244.886398,0.304681,1.0,214.852005,0.252745,1.0,217.279999,0.26778,1.0,250.855194,0.427145,1.0,250.694397,0.426985,1.0,233.239197,0.342318,1.0,212.240005,0.253341,1.0,252.535202,0.506949,1.0,251.325607,0.505644,1.0
COLORWHEEL_2700_IMG_0579_0014,COLORWHEEL_2700,train,2700,semiquant,Nitrite:Positive,Nitrite:Positive,,,Nitrite,Positive,COLORWHEEL_2700_SEMIQUANT.zip,1,1,0,,244.746399,0.299633,1.0,244.886398,0.304681,1.0,214.852005,0.252745,1.0,217.279999,0.26778,1.0,250.855194,0.427145,1.0,250.694397,0.426985,1.0,233.239197,0.342318,1.0,212.240005,0.253341,1.0,252.535202,0.506949,1.0,251.325607,0.505644,1.0
COLORWHEEL_2700_IMG_0579_0014,COLORWHEEL_2700,train,2700,semiquant,Urobilinogen:64,Urobilinogen:64,,,Urobilinogen,64,COLORWHEEL_2700_SEMIQUANT.zip,1,1,0,,244.746399,0.299633,1.0,244.886398,0.304681,1.0,214.852005,0.252745,1.0,217.279999,0.26778,1.0,250.855194,0.427145,1.0,250.694397,0.426985,1.0,233.239197,0.342318,1.0,212.240005,0.253341,1.0,252.535202,0.506949,1.0,251.325607,0.505644,1.0
COLORWHEEL_2700_IMG_0579_0014,COLORWHEEL_2700,train,2700,semiquant,Protein:Trace,Protein:Trace,,,Protein,Trace,COLORWHEEL_2700_SEMIQUANT.zip,1,1,0,,244.746399,0.299633,1.0,244.886398,0.304681,1.0,214.852005,0.252745,1.0,217.279999,0.26778,1.0,250.855194,0.427145,1.0,250.694397,0.426985,1.0,233.239197,0.342318,1.0,212.240005,0.253341,1.0,252.535202,0.506949,1.0,251.325607,0.505644,1.0
COLORWHEEL_2700_IMG_0579_0014,COLORWHEEL_2700,train,2700,semiquant,pH:8.5,pH:8.5,,,pH,8.5,COLORWHEEL_2700_SEMIQUANT.zip,1,1,0,,244.746399,0.299633,1.0,244.886398,0.304681,1.0,214.852005,0.252745,1.0,217.279999,0.26778,1.0,250.855194,0.427145,1.0,250.694397,0.426985,1.0,233.239197,0.342318,1.0,212.240005,0.253341,1.0,252.535202,0.506949,1.0,251.325607,0.505644,1.0
COLORWHEEL_2700_IMG_0579_0014,COLORWHEEL_2700,train,2700,semiquant,Blood:Non-hemolyzed 10,Blood:Non-hemolyzed 10,,,Blood,Non-hemolyzed 10,COLORWHEEL_2700_SEMIQUANT.zip,1,1,0,,244.746399,0.299633,1.0,244.886398,0.304681,1.0,214.852005,0.252745,1.0,217.279999,0.26778,1.0,250.855194,0.427145,1.0,250.694397,0.426985,1.0,233.239197,0.342318,1.0,212.240005,0.253341,1.0,252.535202,0.506949,1.0,251.325607,0.505644,1.0
COLORWHEEL_2700_IMG_0579_0014,COLORWHEEL_2700,train,2700,semiquant,Specific Gravity:1.030,Specific Gravity:1.030,,,Specific Gravity,1.030,COLORWHEEL_2700_SEMIQUANT.zip,1,1,0,,244.746399,0.299633,1.0,244.886398,0.304681,1.0,214.852005,0.252745,1.0,217.279999,0.26778,1.0,250.855194,0.427145,1.0,250.694397,0.426985,1.0,233.239197,0.342318,1.0,212.240005,0.253341,1.0,252.535202,0.506949,1.0,251.325607,0.505644,1.0
COLORWHEEL_2700_IMG_0579_0014,COLORWHEEL_2700,train,2700,semiquant,Ketone:Trace 0.5,Ketone:Trace 0.5,,,Ketone,Trace 0.5,COLORWHEEL_2700_SEMIQUANT.zip,1,1,0,,244.746399,0.299633,1.0,244.886398,0.304681,1.0,214.852005,0.252745,1.0,217.279999,0.26778,1.0,250.855194,0.427145,1.0,250.694397,0.426985,1.0,233.239197,0.342318,1.0,212.240005,0.253341,1.0,252.535202,0.506949,1.0,251.325607,0.505644,1.0
COLORWHEEL_2700_IMG_0579_0014,COLORWHEEL_2700,train,2700,semiquant,Bilirubin:Small 17,Bilirubin:Small 17,,,Bilirubin,Small 17,COLORWHEEL_2700_SEMIQUANT.zip,1,1,0,,244.746399,0.299633,1.0,244.886398,0.304681,1.0,214.852005,0.252745,1.0,217.279999,0.26778,1.0,250.855194,0.427145,1.0,250.694397,0.426985,1.0,233.239197,0.342318,1.0,212.240005,0.253341,1.0,252.535202,0.506949,1.0,251.325607,0.505644,1.0
COLORWHEEL_2700_IMG_0579_0014,COLORWHEEL_2700,train,2700,semiquant,Glucose:Trace 5,Glucose:Trace 5,,,Glucose,Trace 5,COLORWHEEL_2700_SEMIQUANT.zip,1,1,0,,244.746399,0.299633,1.0,244.886398,0.304681,1.0,214.852005,0.252745,1.0,217.279999,0.26778,1.0,250.855194,0.427145,1.0,250.694397,0.426985,1.0,233.239197,0.342318,1.0,212.240005,0.253341,1.0,252.535202,0.506949,1.0,251.325607,0.505644,1.0
COLORWHEEL_2700_IMG_0582_0015,COLORWHEEL_2700,train,2700,semiquant,Leukocytes:Large 500,Leukocytes:Large 500,,,Leukocytes,Large 500,COLORWHEEL_2700_SEMIQUANT.zip,1,1,0,,88.045601,0.14331,0.551427,80.976799,0.168819,0.545619,105.0672,0.13869,0.594013,106.905602,0.125272,0.619608,110.936798,0.119893,0.63314,89.048798,0.15661,0.541879,99.569603,0.136229,0.566364,101.127998,0.143043,0.563649,101.817596,0.141169,0.553333,87.482399,0.143644,0.525937
COLORWHEEL_2700_IMG_0582_0015,COLORWHEEL_2700,train,2700,semiquant,Nitrite:Neg,Nitrite:Neg,,,Nitrite,Neg,COLORWHEEL_2700_SEMIQUANT.zip,1,1,0,,88.045601,0.14331,0.551427,80.976799,0.168819,0.545619,105.0672,0.13869,0.594013,106.905602,0.125272,0.619608,110.936798,0.119893,0.63314,89.048798,0.15661,0.541879,99.569603,0.136229,0.566364,101.127998,0.143043,0.563649,101.817596,0.141169,0.553333,87.482399,0.143644,0.525937
COLORWHEEL_2700_IMG_0582_0015,COLORWHEEL_2700,train,2700,semiquant,Urobilinogen:128,Urobilinogen:128,,,Urobilinogen,128,COLORWHEEL_2700_SEMIQUANT.zip,1,1,0,,88.045601,0.14331,0.551427,80.976799,0.168819,0.545619,105.0672,0.13869,0.594013,106.905602,0.125272,0.619608,110.936798,0.119893,0.63314,89.048798,0.15661,0.541879,99.569603,0.136229,0.566364,101.127998,0.143043,0.563649,101.817596,0.141169,0.553333,87.482399,0.143644,0.525937
COLORWHEEL_2700_IMG_0582_0015,COLORWHEEL_2700,train,2700,semiquant,Protein:0.3,Protein:0.3,,,Protein,0.3,COLORWHEEL_2700_SEMIQUANT.zip,1,1,0,,88.045601,0.14331,0.551427,80.976799,0.168819,0.545619,105.0672,0.13869,0.594013,106.905602,0.125272,0.619608,110.936798,0.119893,0.63314,89.048798,0.15661,0.541879,99.569603,0.136229,0.566364,101.127998,0.143043,0.563649,101.817596,0.141169,0.553333,87.482399,0.143644,0.525937
COLORWHEEL_2700_IMG_0582_0015,COLORWHEEL_2700,train,2700,semiquant,pH:5.0,pH:5.0,,,pH,5.0,COLORWHEEL_2700_SEMIQUANT.zip,1,1,0,,88.045601,0.14331,0.551427,80.976799,0.168819,0.545619,105.0672,0.13869,0.594013,106.905602,0.125272,0.619608,110.936798,0.119893,0.63314,89.048798,0.15661,0.541879,99.569603,0.136229,0.566364,101.127998,0.143043,0.563649,101.817596,0.141169,0.553333,87.482399,0.143644,0.525937
COLORWHEEL_2700_IMG_0582_0015,COLORWHEEL_2700,train,2700,semiquant,Blood:Hemolyzed 10,Blood:Hemolyzed 10,,,Blood,Hemolyzed 10,COLORWHEEL_2700_SEMIQUANT.zip,1,1,0,,88.045601,0.14331,0.551427,80.976799,0.168819,0.545619,105.0672,0.13869,0.594013,106.905602,0.125272,0.619608,110.936798,0.119893,0.63314,89.048798,0.15661,0.541879,99.569603,0.136229,0.566364,101.127998,0.143043,0.563649,101.817596,0.141169,0.553333,87.482399,0.143644,0.525937
COLORWHEEL_2700_IMG_0582_0015,COLORWHEEL_2700,train,2700,semiquant,Specific Gravity:1.000,Specific Gravity:1.000,,,Specific Gravity,1.000,COLORWHEEL_2700_SEMIQUANT.zip,1,1,0,,88.045601,0.14331,0.551427,80.976799,0.168819,0.545619,105.0672,0.13869,0.594013,106.905602,0.125272,0.619608,110.936798,0.119893,0.63314,89.048798,0.15661,0.541879,99.569603,0.136229,0.566364,101.127998,0.143043,0.563649,101.817596,0.141169,0.553333,87.482399,0.143644,0.525937
COLORWHEEL_2700_IMG_0582_0015,COLORWHEEL_2700,train,2700,semiquant,Ketone:Small 1.5,Ketone:Small 1.5,,,Ketone,Small 1.5,COLORWHEEL_2700_SEMIQUANT.zip,1,1,0,,88.045601,0.14331,0.551427,80.976799,0.168819,0.545619,105.0672,0.13869,0.594013,106.905602,0.125272,0.619608,110.936798,0.119893,0.63314,89.048798,0.15661,0.541879,99.569603,0.136229,0.566364,101.127998,0.143043,0.563649,101.817596,0.141169,0.553333,87.482399,0.143644,0.525937
COLORWHEEL_2700_IMG_0582_0015,COLORWHEEL_2700,train,2700,semiquant,Bilirubin:Moderate 50,Bilirubin:Moderate 50,,,Bilirubin,Moderate 50,COLORWHEEL_2700_SEMIQUANT.zip,1,1,0,,88.045601,0.14331,0.551427,80.976799,0.168819,0.545619,105.0672,0.13869,0.594013,106.905602,0.125272,0.619608,110.936798,0.119893,0.63314,89.048798,0.15661,0.541879,99.569603,0.136229,0.566364,101.127998,0.143043,0.563649,101.817596,0.141169,0.553333,87.482399,0.143644,0.525937
COLORWHEEL_2700_IMG_0582_0015,COLORWHEEL_2700,train,2700,semiquant,Glucose:15 +,Glucose:15 +,,,Glucose,15 +,COLORWHEEL_2700_SEMIQUANT.zip,1,1,0,,88.045601,0.14331,0.551427,80.976799,0.168819,0.545619,105.0672,0.13869,0.594013,106.905602,0.125272,0.619608,110.936798,0.119893,0.63314,89.048798,0.15661,0.541879,99.569603,0.136229,0.566364,101.127998,0.143043,0.563649,101.817596,0.141169,0.553333,87.482399,0.143644,0.525937
COLORWHEEL_2700_IMG_0585_0016,COLORWHEEL_2700,train,2700,semiquant,Leukocytes:Neg,Leukocytes:Neg,,,Leukocytes,Neg,COLORWHEEL_2700_SEMIQUANT.zip,1,1,0,,203.604797,0.210085,0.999558,202.242401,0.208169,0.999798,202.980804,0.220938,0.998422,199.896805,0.210353,0.996238,201.957596,0.214097,0.979655,204.642395,0.221073,0.967004,203.825607,0.21862,0.961147,202.991196,0.215068,0.962709,202.0728,0.213213,0.970474,201.422394,0.209903,0.959406
COLORWHEEL_2700_IMG_0585_0016,COLORWHEEL_2700,train,2700,semiquant,Nitrite:Positive,Nitrite:Positive,,,Nitrite,Positive,COLORWHEEL_2700_SEMIQUANT.zip,1,1,0,,203.604797,0.210085,0.999558,202.242401,0.208169,0.999798,202.980804,0.220938,0.998422,199.896805,0.210353,0.996238,201.957596,0.214097,0.979655,204.642395,0.221073,0.967004,203.825607,0.21862,0.961147,202.991196,0.215068,0.962709,202.0728,0.213213,0.970474,201.422394,0.209903,0.959406
COLORWHEEL_2700_IMG_0585_0016,COLORWHEEL_2700,train,2700,semiquant,Urobilinogen:3.2,Urobilinogen:3.2,,,Urobilinogen,3.2,COLORWHEEL_2700_SEMIQUANT.zip,1,1,0,,203.604797,0.210085,0.999558,202.242401,0.208169,0.999798,202.980804,0.220938,0.998422,199.896805,0.210353,0.996238,201.957596,0.214097,0.979655,204.642395,0.221073,0.967004,203.825607,0.21862,0.961147,202.991196,0.215068,0.962709,202.0728,0.213213,0.970474,201.422394,0.209903,0.959406
COLORWHEEL_2700_IMG_0585_0016,COLORWHEEL_2700,train,2700,semiquant,Protein:1.0,Protein:1.0,,,Protein,1.0,COLORWHEEL_2700_SEMIQUANT.zip,1,1,0,,203.604797,0.210085,0.999558,202.242401,0.208169,0.999798,202.980804,0.220938,0.998422,199.896805,0.210353,0.996238,201.957596,0.214097,0.979655,204.642395,0.221073,0.967004,203.825607,0.21862,0.961147,202.991196,0.215068,0.962709,202.0728,0.213213,0.970474,201.422394,0.209903,0.959406
COLORWHEEL_2700_IMG_0585_0016,COLORWHEEL_2700,train,2700,semiquant,pH:6.0,pH:6.0,,,pH,6.0,COLORWHEEL_2700_SEMIQUANT.zip,1,1,0,,203.604797,0.210085,0.999558,202.242401,0.208169,0.999798,202.980804,0.220938,0.998422,199.896805,0.210353,0.996238,201.957596,0.214097,0.979655,204.642395,0.221073,0.967004,203.825607,0.21862,0.961147,202.991196,0.215068,0.962709,202.0728,0.213213,0.970474,201.422394,0.209903,0.959406
COLORWHEEL_2700_IMG_0585_0016,COLORWHEEL_2700,train,2700,semiquant,Blood:Small 25,Blood:Small 25,,,Blood,Small 25,COLORWHEEL_2700_SEMIQUANT.zip,1,1,0,,203.604797,0.210085,0.999558,202.242401,0.208169,0.999798,202.980804,0.220938,0.998422,199.896805,0.210353,0.996238,201.957596,0.214097,0.979655,204.642395,0.221073,0.967004,203.825607,0.21862,0.961147,202.991196,0.215068,0.962709,202.0728,0.213213,0.970474,201.422394,0.209903,0.959406
COLORWHEEL_2700_IMG_0585_0016,COLORWHEEL_2700,train,2700,semiquant,Specific Gravity:1.005,Specific Gravity:1.005,,,Specific Gravity,1.005,COLORWHEEL_2700_SEMIQUANT.zip,1,1,0,,203.604797,0.210085,0.999558,202.242401,0.208169,0.999798,202.980804,0.220938,0.998422,199.896805,0.210353,0.996238,201.957596,0.214097,0.979655,204.642395,0.221073,0.967004,203.825607,0.21862,0.961147,202.991196,0.215068,0.962709,202.0728,0.213213,0.970474,201.422394,0.209903,0.959406
COLORWHEEL_2700_IMG_0585_0016,COLORWHEEL_2700,train,2700,semiquant,Ketone:Moderate 4.0,Ketone:Moderate 4.0,,,Ketone,Moderate 4.0,COLORWHEEL_2700_SEMIQUANT.zip,1,1,0,,203.604797,0.210085,0.999558,202.242401,0.208169,0.999798,202.980804,0.220938,0.998422,199.896805,0.210353,0.996238,201.957596,0.214097,0.979655,204.642395,0.221073,0.967004,203.825607,0.21862,0.961147,202.991196,0.215068,0.962709,202.0728,0.213213,0.970474,201.422394,0.209903,0.959406
COLORWHEEL_2700_IMG_0585_0016,COLORWHEEL_2700,train,2700,semiquant,Bilirubin:Large 100,Bilirubin:Large 100,,,Bilirubin,Large 100,COLORWHEEL_2700_SEMIQUANT.zip,1,1,0,,203.604797,0.210085,0.999558,202.242401,0.208169,0.999798,202.980804,0.220938,0.998422,199.896805,0.210353,0.996238,201.957596,0.214097,0.979655,204.642395,0.221073,0.967004,203.825607,0.21862,0.961147,202.991196,0.215068,0.962709,202.0728,0.213213,0.970474,201.422394,0.209903,0.959406
COLORWHEEL_2700_IMG_0585_0016,COLORWHEEL_2700,train,2700,semiquant,Glucose:30 ++,Glucose:30 ++,,,Glucose,30 ++,COLORWHEEL_2700_SEMIQUANT.zip,1,1,0,,203.604797,0.210085,0.999558,202.242401,0.208169,0.999798,202.980804,0.220938,0.998422,199.896805,0.210353,0.996238,201.957596,0.214097,0.979655,204.642395,0.221073,0.967004,203.825607,0.21862,0.961147,202.991196,0.215068,0.962709,202.0728,0.213213,0.970474,201.422394,0.209903,0.959406
COLORWHEEL_2700_IMG_0588_0017,COLORWHEEL_2700,train,2700,semiquant,Leukocytes:Trace 15,Leukocytes:Trace 15,,,Leukocytes,Trace 15,COLORWHEEL_2700_SEMIQUANT.zip,1,1,0,,97.215202,0.14042,0.578875,84.008797,0.160325,0.560024,107.1064,0.130941,0.607114,111.0112,0.118756,0.62414,113.901604,0.111357,0.626116,100.781601,0.129992,0.531192,114.534401,0.123018,0.54536,110.104797,0.132067,0.532224,96.931198,0.143167,0.50896,90.380798,0.145432,0.475448
COLORWHEEL_2700_IMG_0588_0017,COLORWHEEL_2700,train,2700,semiquant,Nitrite:Neg,Nitrite:Neg,,,Nitrite,Neg,COLORWHEEL_2700_SEMIQUANT.zip,1,1,0,,97.215202,0.14042,0.578875,84.008797,0.160325,0.560024,107.1064,0.130941,0.607114,111.0112,0.118756,0.62414,113.901604,0.111357,0.626116,100.781601,0.129992,0.531192,114.534401,0.123018,0.54536,110.104797,0.132067,0.532224,96.931198,0.143167,0.50896,90.380798,0.145432,0.475448
COLORWHEEL_2700_IMG_0588_0017,COLORWHEEL_2700,train,2700,semiquant,Urobilinogen:16,Urobilinogen:16,,,Urobilinogen,16,COLORWHEEL_2700_SEMIQUANT.zip,1,1,0,,97.215202,0.14042,0.578875,84.008797,0.160325,0.560024,107.1064,0.130941,0.607114,111.0112,0.118756,0.62414,113.901604,0.111357,0.626116,100.781601,0.129992,0.531192,114.534401,0.123018,0.54536,110.104797,0.132067,0.532224,96.931198,0.143167,0.50896,90.380798,0.145432,0.475448
COLORWHEEL_2700_IMG_0588_0017,COLORWHEEL_2700,train,2700,semiquant,Protein:3.0,Protein:3.0,,,Protein,3.0,COLORWHEEL_2700_SEMIQUANT.zip,1,1,0,,97.215202,0.14042,0.578875,84.008797,0.160325,0.560024,107.1064,0.130941,0.607114,111.0112,0.118756,0.62414,113.901604,0.111357,0.626116,100.781601,0.129992,0.531192,114.534401,0.123018,0.54536,110.104797,0.132067,0.532224,96.931198,0.143167,0.50896,90.380798,0.145432,0.475448
COLORWHEEL_2700_IMG_0588_0017,COLORWHEEL_2700,train,2700,semiquant,pH:6.5,pH:6.5,,,pH,6.5,COLORWHEEL_2700_SEMIQUANT.zip,1,1,0,,97.215202,0.14042,0.578875,84.008797,0.160325,0.560024,107.1064,0.130941,0.607114,111.0112,0.118756,0.62414,113.901604,0.111357,0.626116,100.781601,0.129992,0.531192,114.534401,0.123018,0.54536,110.104797,0.132067,0.532224,96.931198,0.143167,0.50896,90.380798,0.145432,0.475448
COLORWHEEL_2700_IMG_0588_0017,COLORWHEEL_2700,train,2700,semiquant,Blood:Moderate 80,Blood:Moderate 80,,,Blood,Moderate 80,COLORWHEEL_2700_SEMIQUANT.zip,1,1,0,,97.215202,0.14042,0.578875,84.008797,0.160325,0.560024,107.1064,0.130941,0.607114,111.0112,0.118756,0.62414,113.901604,0.111357,0.626116,100.781601,0.129992,0.531192,114.534401,0.123018,0.54536,110.104797,0.132067,0.532224,96.931198,0.143167,0.50896,90.380798,0.145432,0.475448
COLORWHEEL_2700_IMG_0588_0017,COLORWHEEL_2700,train,2700,semiquant,Specific Gravity:1.010,Specific Gravity:1.010,,,Specific Gravity,1.010,COLORWHEEL_2700_SEMIQUANT.zip,1,1,0,,97.215202,0.14042,0.578875,84.008797,0.160325,0.560024,107.1064,0.130941,0.607114,111.0112,0.118756,0.62414,113.901604,0.111357,0.626116,100.781601,0.129992,0.531192,114.534401,0.123018,0.54536,110.104797,0.132067,0.532224,96.931198,0.143167,0.50896,90.380798,0.145432,0.475448
COLORWHEEL_2700_IMG_0588_0017,COLORWHEEL_2700,train,2700,semiquant,Ketone:8.0,Ketone:8.0,,,Ketone,8.0,COLORWHEEL_2700_SEMIQUANT.zip,1,1,0,,97.215202,0.14042,0.578875,84.008797,0.160325,0.560024,107.1064,0.130941,0.607114,111.0112,0.118756,0.62414,113.901604,0.111357,0.626116,100.781601,0.129992,0.531192,114.534401,0.123018,0.54536,110.104797,0.132067,0.532224,96.931198,0.143167,0.50896,90.380798,0.145432,0.475448
COLORWHEEL_2700_IMG_0588_0017,COLORWHEEL_2700,train,2700,semiquant,Bilirubin:Neg,Bilirubin:Neg,,,Bilirubin,Neg,COLORWHEEL_2700_SEMIQUANT.zip,1,1,0,,97.215202,0.14042,0.578875,84.008797,0.160325,0.560024,107.1064,0.130941,0.607114,111.0112,0.118756,0.62414,113.901604,0.111357,0.626116,100.781601,0.129992,0.531192,114.534401,0.123018,0.54536,110.104797,0.132067,0.532224,96.931198,0.143167,0.50896,90.380798,0.145432,0.475448
COLORWHEEL_2700_IMG_0588_0017,COLORWHEEL_2700,train,2700,semiquant,Glucose:60 +++,Glucose:60 +++,,,Glucose,60 +++,COLORWHEEL_2700_SEMIQUANT.zip,1,1,0,,97.215202,0.14042,0.578875,84.008797,0.160325,0.560024,107.1064,0.130941,0.607114,111.0112,0.118756,0.62414,113.901604,0.111357,0.626116,100.781601,0.129992,0.531192,114.534401,0.123018,0.54536,110.104797,0.132067,0.532224,96.931198,0.143167,0.50896,90.380798,0.145432,0.475448
COLORWHEEL_2700_IMG_0591_0018,COLORWHEEL_2700,train,2700,semiquant,Leukocytes:Small 70,Leukocytes:Small 70,,,Leukocytes,Small 70,COLORWHEEL_2700_SEMIQUANT.zip,1,1,0,,134.934402,0.132775,0.568599,126.428001,0.137904,0.553716,141.408005,0.131145,0.599951,145.257599,0.125404,0.618384,151.811203,0.131725,0.620616,127.149597,0.130049,0.523462,138.975204,0.125476,0.538485,138.675995,0.128954,0.522292,135.675995,0.138736,0.502173,128.684006,0.131286,0.47003
COLORWHEEL_2700_IMG_0591_0018,COLORWHEEL_2700,train,2700,semiquant,Nitrite:Positive,Nitrite:Positive,,,Nitrite,Positive,COLORWHEEL_2700_SEMIQUANT.zip,1,1,0,,134.934402,0.132775,0.568599,126.428001,0.137904,0.553716,141.408005,0.131145,0.599951,145.257599,0.125404,0.618384,151.811203,0.131725,0.620616,127.149597,0.130049,0.523462,138.975204,0.125476,0.538485,138.675995,0.128954,0.522292,135.675995,0.138736,0.502173,128.684006,0.131286,0.47003
COLORWHEEL_2700_IMG_0591_0018,COLORWHEEL_2700,train,2700,semiquant,Urobilinogen:32,Urobilinogen:32,,,Urobilinogen,32,COLORWHEEL_2700_SEMIQUANT.zip,1,1,0,,134.934402,0.132775,0.568599,126.428001,0.137904,0.553716,141.408005,0.131145,0.599951,145.257599,0.125404,0.618384,151.811203,0.131725,0.620616,127.149597,0.130049,0.523462,138.975204,0.125476,0.538485,138.675995,0.128954,0.522292,135.675995,0.138736,0.502173,128.684006,0.131286,0.47003
COLORWHEEL_2700_IMG_0591_0018,COLORWHEEL_2700,train,2700,semiquant,Protein:>=20.0,Protein:>=20.0,,,Protein,>=20.0,COLORWHEEL_2700_SEMIQUANT.zip,1,1,0,,134.934402,0.132775,0.568599,126.428001,0.137904,0.553716,141.408005,0.131145,0.599951,145.257599,0.125404,0.618384,151.811203,0.131725,0.620616,127.149597,0.130049,0.523462,138.975204,0.125476,0.538485,138.675995,0.128954,0.522292,135.675995,0.138736,0.502173,128.684006,0.131286,0.47003
COLORWHEEL_2700_IMG_0591_0018,COLORWHEEL_2700,train,2700,semiquant,pH:7.0,pH:7.0,,,pH,7.0,COLORWHEEL_2700_SEMIQUANT.zip,1,1,0,,134.934402,0.132775,0.568599,126.428001,0.137904,0.553716,141.408005,0.131145,0.599951,145.257599,0.125404,0.618384,151.811203,0.131725,0.620616,127.149597,0.130049,0.523462,138.975204,0.125476,0.538485,138.675995,0.128954,0.522292,135.675995,0.138736,0.502173,128.684006,0.131286,0.47003
COLORWHEEL_2700_IMG_0591_0018,COLORWHEEL_2700,train,2700,semiquant,Blood:Large 200,Blood:Large 200,,,Blood,Large 200,COLORWHEEL_2700_SEMIQUANT.zip,1,1,0,,134.934402,0.132775,0.568599,126.428001,0.137904,0.553716,141.408005,0.131145,0.599951,145.257599,0.125404,0.618384,151.811203,0.131725,0.620616,127.149597,0.130049,0.523462,138.975204,0.125476,0.538485,138.675995,0.128954,0.522292,135.675995,0.138736,0.502173,128.684006,0.131286,0.47003
COLORWHEEL_2700_IMG_0591_0018,COLORWHEEL_2700,train,2700,semiquant,Specific Gravity:1.015,Specific Gravity:1.015,,,Specific Gravity,1.015,COLORWHEEL_2700_SEMIQUANT.zip,1,1,0,,134.934402,0.132775,0.568599,126.428001,0.137904,0.553716,141.408005,0.131145,0.599951,145.257599,0.125404,0.618384,151.811203,0.131725,0.620616,127.149597,0.130049,0.523462,138.975204,0.125476,0.538485,138.675995,0.128954,0.522292,135.675995,0.138736,0.502173,128.684006,0.131286,0.47003
COLORWHEEL_2700_IMG_0591_0018,COLORWHEEL_2700,train,2700,semiquant,Ketone:Large 16,Ketone:Large 16,,,Ketone,Large 16,COLORWHEEL_2700_SEMIQUANT.zip,1,1,0,,134.934402,0.132775,0.568599,126.428001,0.137904,0.553716,141.408005,0.131145,0.599951,145.257599,0.125404,0.618384,151.811203,0.131725,0.620616,127.149597,0.130049,0.523462,138.975204,0.125476,0.538485,138.675995,0.128954,0.522292,135.675995,0.138736,0.502173,128.684006,0.131286,0.47003
COLORWHEEL_2700_IMG_0591_0018,COLORWHEEL_2700,train,2700,semiquant,Bilirubin:Small 17,Bilirubin:Small 17,,,Bilirubin,Small 17,COLORWHEEL_2700_SEMIQUANT.zip,1,1,0,,134.934402,0.132775,0.568599,126.428001,0.137904,0.553716,141.408005,0.131145,0.599951,145.257599,0.125404,0.618384,151.811203,0.131725,0.620616,127.149597,0.130049,0.523462,138.975204,0.125476,0.538485,138.675995,0.128954,0.522292,135.675995,0.138736,0.502173,128.684006,0.131286,0.47003
COLORWHEEL_2700_IMG_0591_0018,COLORWHEEL_2700,train,2700,semiquant,Glucose:110 ++++,Glucose:110 ++++,,,Glucose,110 ++++,COLORWHEEL_2700_SEMIQUANT.zip,1,1,0,,134.934402,0.132775,0.568599,126.428001,0.137904,0.553716,141.408005,0.131145,0.599951,145.257599,0.125404,0.618384,151.811203,0.131725,0.620616,127.149597,0.130049,0.523462,138.975204,0.125476,0.538485,138.675995,0.128954,0.522292,135.675995,0.138736,0.502173,128.684006,0.131286,0.47003
COLORWHEEL_2700_IMG_0594_0019,COLORWHEEL_2700,train,2700,semiquant,Leukocytes:Moderate 125,Leukocytes:Moderate 125,,,Leukocytes,Moderate 125,COLORWHEEL_2700_SEMIQUANT.zip,1,1,0,,180.396805,0.206618,1.0,180.115997,0.204725,1.0,180.725601,0.212038,1.0,181.816803,0.201856,1.0,185.553604,0.223989,1.0,189.723206,0.240684,1.0,189.753601,0.237217,1.0,190.341599,0.240965,1.0,187.9608,0.228798,1.0,188.132004,0.234844,1.0
COLORWHEEL_2700_IMG_0594_0019,COLORWHEEL_2700,train,2700,semiquant,Nitrite:Neg,Nitrite:Neg,,,Nitrite,Neg,COLORWHEEL_2700_SEMIQUANT.zip,1,1,0,,180.396805,0.206618,1.0,180.115997,0.204725,1.0,180.725601,0.212038,1.0,181.816803,0.201856,1.0,185.553604,0.223989,1.0,189.723206,0.240684,1.0,189.753601,0.237217,1.0,190.341599,0.240965,1.0,187.9608,0.228798,1.0,188.132004,0.234844,1.0
COLORWHEEL_2700_IMG_0594_0019,COLORWHEEL_2700,train,2700,semiquant,Urobilinogen:64,Urobilinogen:64,,,Urobilinogen,64,COLORWHEEL_2700_SEMIQUANT.zip,1,1,0,,180.396805,0.206618,1.0,180.115997,0.204725,1.0,180.725601,0.212038,1.0,181.816803,0.201856,1.0,185.553604,0.223989,1.0,189.723206,0.240684,1.0,189.753601,0.237217,1.0,190.341599,0.240965,1.0,187.9608,0.228798,1.0,188.132004,0.234844,1.0
COLORWHEEL_2700_IMG_0594_0019,COLORWHEEL_2700,train,2700,semiquant,Protein:Neg,Protein:Neg,,,Protein,Neg,COLORWHEEL_2700_SEMIQUANT.zip,1,1,0,,180.396805,0.206618,1.0,180.115997,0.204725,1.0,180.725601,0.212038,1.0,181.816803,0.201856,1.0,185.553604,0.223989,1.0,189.723206,0.240684,1.0,189.753601,0.237217,1.0,190.341599,0.240965,1.0,187.9608,0.228798,1.0,188.132004,0.234844,1.0
COLORWHEEL_2700_IMG_0594_0019,COLORWHEEL_2700,train,2700,semiquant,pH:7.5,pH:7.5,,,pH,7.5,COLORWHEEL_2700_SEMIQUANT.zip,1,1,0,,180.396805,0.206618,1.0,180.115997,0.204725,1.0,180.725601,0.212038,1.0,181.816803,0.201856,1.0,185.553604,0.223989,1.0,189.723206,0.240684,1.0,189.753601,0.237217,1.0,190.341599,0.240965,1.0,187.9608,0.228798,1.0,188.132004,0.234844,1.0
COLORWHEEL_2700_IMG_0594_0019,COLORWHEEL_2700,train,2700,semiquant,Blood:Neg,Blood:Neg,,,Blood,Neg,COLORWHEEL_2700_SEMIQUANT.zip,1,1,0,,180.396805,0.206618,1.0,180.115997,0.204725,1.0,180.725601,0.212038,1.0,181.816803,0.201856,1.0,185.553604,0.223989,1.0,189.723206,0.240684,1.0,189.753601,0.237217,1.0,190.341599,0.240965,1.0,187.9608,0.228798,1.0,188.132004,0.234844,1.0
COLORWHEEL_2700_IMG_0594_0019,COLORWHEEL_2700,train,2700,semiquant,Specific Gravity:1.020,Specific Gravity:1.020,,,Specific Gravity,1.020,COLORWHEEL_2700_SEMIQUANT.zip,1,1,0,,180.396805,0.206618,1.0,180.115997,0.204725,1.0,180.725601,0.212038,1.0,181.816803,0.201856,1.0,185.553604,0.223989,1.0,189.723206,0.240684,1.0,189.753601,0.237217,1.0,190.341599,0.240965,1.0,187.9608,0.228798,1.0,188.132004,0.234844,1.0
COLORWHEEL_2700_IMG_0594_0019,COLORWHEEL_2700,train,2700,semiquant,Ketone:Neg,Ketone:Neg,,,Ketone,Neg,COLORWHEEL_2700_SEMIQUANT.zip,1,1,0,,180.396805,0.206618,1.0,180.115997,0.204725,1.0,180.725601,0.212038,1.0,181.816803,0.201856,1.0,185.553604,0.223989,1.0,189.723206,0.240684,1.0,189.753601,0.237217,1.0,190.341599,0.240965,1.0,187.9608,0.228798,1.0,188.132004,0.234844,1.0
COLORWHEEL_2700_IMG_0594_0019,COLORWHEEL_2700,train,2700,semiquant,Bilirubin:Moderate 50,Bilirubin:Moderate 50,,,Bilirubin,Moderate 50,COLORWHEEL_2700_SEMIQUANT.zip,1,1,0,,180.396805,0.206618,1.0,180.115997,0.204725,1.0,180.725601,0.212038,1.0,181.816803,0.201856,1.0,185.553604,0.223989,1.0,189.723206,0.240684,1.0,189.753601,0.237217,1.0,190.341599,0.240965,1.0,187.9608,0.228798,1.0,188.132004,0.234844,1.0
COLORWHEEL_2700_IMG_0594_0019,COLORWHEEL_2700,train,2700,semiquant,Glucose:Neg,Glucose:Neg,,,Glucose,Neg,COLORWHEEL_2700_SEMIQUANT.zip,1,1,0,,180.396805,0.206618,1.0,180.115997,0.204725,1.0,180.725601,0.212038,1.0,181.816803,0.201856,1.0,185.553604,0.223989,1.0,189.723206,0.240684,1.0,189.753601,0.237217,1.0,190.341599,0.240965,1.0,187.9608,0.228798,1.0,188.132004,0.234844,1.0
COLORWHEEL_2700_IMG_0595_0020,COLORWHEEL_2700,train,2700,semiquant,Leukocytes:Large 500,Leukocytes:Large 500,,,Leukocytes,Large 500,COLORWHEEL_2700_SEMIQUANT.zip,1,1,0,,198.904007,0.168184,0.898566,200.848007,0.173412,0.908171,202.142395,0.173912,0.896695,201.444794,0.17432,0.909631,201.157593,0.168143,0.876405,201.364807,0.172577,0.854093,202.671204,0.173269,0.87019,201.579193,0.168365,0.857956,202.375198,0.173889,0.882216,202.593597,0.173062,0.873525
COLORWHEEL_2700_IMG_0595_0020,COLORWHEEL_2700,train,2700,semiquant,Nitrite:Positive,Nitrite:Positive,,,Nitrite,Positive,COLORWHEEL_2700_SEMIQUANT.zip,1,1,0,,198.904007,0.168184,0.898566,200.848007,0.173412,0.908171,202.142395,0.173912,0.896695,201.444794,0.17432,0.909631,201.157593,0.168143,0.876405,201.364807,0.172577,0.854093,202.671204,0.173269,0.87019,201.579193,0.168365,0.857956,202.375198,0.173889,0.882216,202.593597,0.173062,0.873525
COLORWHEEL_2700_IMG_0595_0020,COLORWHEEL_2700,train,2700,semiquant,Urobilinogen:128,Urobilinogen:128,,,Urobilinogen,128,COLORWHEEL_2700_SEMIQUANT.zip,1,1,0,,198.904007,0.168184,0.898566,200.848007,0.173412,0.908171,202.142395,0.173912,0.896695,201.444794,0.17432,0.909631,201.157593,0.168143,0.876405,201.364807,0.172577,0.854093,202.671204,0.173269,0.87019,201.579193,0.168365,0.857956,202.375198,0.173889,0.882216,202.593597,0.173062,0.873525
COLORWHEEL_2700_IMG_0595_0020,COLORWHEEL_2700,train,2700,semiquant,Protein:Trace,Protein:Trace,,,Protein,Trace,COLORWHEEL_2700_SEMIQUANT.zip,1,1,0,,198.904007,0.168184,0.898566,200.848007,0.173412,0.908171,202.142395,0.173912,0.896695,201.444794,0.17432,0.909631,201.157593,0.168143,0.876405,201.364807,0.172577,0.854093,202.671204,0.173269,0.87019,201.579193,0.168365,0.857956,202.375198,0.173889,0.882216,202.593597,0.173062,0.873525
COLORWHEEL_2700_IMG_0595_0020,COLORWHEEL_2700,train,2700,semiquant,pH:8.0,pH:8.0,,,pH,8.0,COLORWHEEL_2700_SEMIQUANT.zip,1,1,0,,198.904007,0.168184,0.898566,200.848007,0.173412,0.908171,202.142395,0.173912,0.896695,201.444794,0.17432,0.909631,201.157593,0.168143,0.876405,201.364807,0.172577,0.854093,202.671204,0.173269,0.87019,201.579193,0.168365,0.857956,202.375198,0.173889,0.882216,202.593597,0.173062,0.873525
COLORWHEEL_2700_IMG_0595_0020,COLORWHEEL_2700,train,2700,semiquant,Blood:Non-hemolyzed 10,Blood:Non-hemolyzed 10,,,Blood,Non-hemolyzed 10,COLORWHEEL_2700_SEMIQUANT.zip,1,1,0,,198.904007,0.168184,0.898566,200.848007,0.173412,0.908171,202.142395,0.173912,0.896695,201.444794,0.17432,0.909631,201.157593,0.168143,0.876405,201.364807,0.172577,0.854093,202.671204,0.173269,0.87019,201.579193,0.168365,0.857956,202.375198,0.173889,0.882216,202.593597,0.173062,0.873525
COLORWHEEL_2700_IMG_0595_0020,COLORWHEEL_2700,train,2700,semiquant,Specific Gravity:1.025,Specific Gravity:1.025,,,Specific Gravity,1.025,COLORWHEEL_2700_SEMIQUANT.zip,1,1,0,,198.904007,0.168184,0.898566,200.848007,0.173412,0.908171,202.142395,0.173912,0.896695,201.444794,0.17432,0.909631,201.157593,0.168143,0.876405,201.364807,0.172577,0.854093,202.671204,0.173269,0.87019,201.579193,0.168365,0.857956,202.375198,0.173889,0.882216,202.593597,0.173062,0.873525
COLORWHEEL_2700_IMG_0595_0020,COLORWHEEL_2700,train,2700,semiquant,Ketone:Trace 0.5,Ketone:Trace 0.5,,,Ketone,Trace 0.5,COLORWHEEL_2700_SEMIQUANT.zip,1,1,0,,198.904007,0.168184,0.898566,200.848007,0.173412,0.908171,202.142395,0.173912,0.896695,201.444794,0.17432,0.909631,201.157593,0.168143,0.876405,201.364807,0.172577,0.854093,202.671204,0.173269,0.87019,201.579193,0.168365,0.857956,202.375198,0.173889,0.882216,202.593597,0.173062,0.873525
COLORWHEEL_2700_IMG_0595_0020,COLORWHEEL_2700,train,2700,semiquant,Bilirubin:Large 100,Bilirubin:Large 100,,,Bilirubin,Large 100,COLORWHEEL_2700_SEMIQUANT.zip,1,1,0,,198.904007,0.168184,0.898566,200.848007,0.173412,0.908171,202.142395,0.173912,0.896695,201.444794,0.17432,0.909631,201.157593,0.168143,0.876405,201.364807,0.172577,0.854093,202.671204,0.173269,0.87019,201.579193,0.168365,0.857956,202.375198,0.173889,0.882216,202.593597,0.173062,0.873525
COLORWHEEL_2700_IMG_0595_0020,COLORWHEEL_2700,train,2700,semiquant,Glucose:Trace 5,Glucose:Trace 5,,,Glucose,Trace 5,COLORWHEEL_2700_SEMIQUANT.zip,1,1,0,,198.904007,0.168184,0.898566,200.848007,0.173412,0.908171,202.142395,0.173912,0.896695,201.444794,0.17432,0.909631,201.157593,0.168143,0.876405,201.364807,0.172577,0.854093,202.671204,0.173269,0.87019,201.579193,0.168365,0.857956,202.375198,0.173889,0.882216,202.593597,0.173062,0.873525
COLORWHEEL_2700_IMG_0599_0021,COLORWHEEL_2700,train,2700,semiquant,Leukocytes:Neg,Leukocytes:Neg,,,Leukocytes,Neg,COLORWHEEL_2700_SEMIQUANT.zip,1,1,0,,206.074402,0.198755,0.98915,206.908798,0.197918,0.995073,207.210403,0.201752,0.984074,205.276001,0.1948,0.990058,206.985596,0.198689,0.963122,207.608002,0.195451,0.93558,207.880798,0.199219,0.949998,209.940002,0.204132,0.949936,205.709595,0.195269,0.955736,208.939194,0.203953,0.956977
COLORWHEEL_2700_IMG_0599_0021,COLORWHEEL_2700,train,2700,semiquant,Nitrite:Neg,Nitrite:Neg,,,Nitrite,Neg,COLORWHEEL_2700_SEMIQUANT.zip,1,1,0,,206.074402,0.198755,0.98915,206.908798,0.197918,0.995073,207.210403,0.201752,0.984074,205.276001,0.1948,0.990058,206.985596,0.198689,0.963122,207.608002,0.195451,0.93558,207.880798,0.199219,0.949998,209.940002,0.204132,0.949936,205.709595,0.195269,0.955736,208.939194,0.203953,0.956977
COLORWHEEL_2700_IMG_0599_0021,COLORWHEEL_2700,train,2700,semiquant,Urobilinogen:3.2,Urobilinogen:3.2,,,Urobilinogen,3.2,COLORWHEEL_2700_SEMIQUANT.zip,1,1,0,,206.074402,0.198755,0.98915,206.908798,0.197918,0.995073,207.210403,0.201752,0.984074,205.276001,0.1948,0.990058,206.985596,0.198689,0.963122,207.608002,0.195451,0.93558,207.880798,0.199219,0.949998,209.940002,0.204132,0.949936,205.709595,0.195269,0.955736,208.939194,0.203953,0.956977
COLORWHEEL_2700_IMG_0599_0021,COLORWHEEL_2700,train,2700,semiquant,Protein:0.3,Protein:0.3,,,Protein,0.3,COLORWHEEL_2700_SEMIQUANT.zip,1,1,0,,206.074402,0.198755,0.98915,206.908798,0.197918,0.995073,207.210403,0.201752,0.984074,205.276001,0.1948,0.990058,206.985596,0.198689,0.963122,207.608002,0.195451,0.93558,207.880798,0.199219,0.949998,209.940002,0.204132,0.949936,205.709595,0.195269,0.955736,208.939194,0.203953,0.956977
COLORWHEEL_2700_IMG_0599_0021,COLORWHEEL_2700,train,2700,semiquant,pH:8.5,pH:8.5,,,pH,8.5,COLORWHEEL_2700_SEMIQUANT.zip,1,1,0,,206.074402,0.198755,0.98915,206.908798,0.197918,0.995073,207.210403,0.201752,0.984074,205.276001,0.1948,0.990058,206.985596,0.198689,0.963122,207.608002,0.195451,0.93558,207.880798,0.199219,0.949998,209.940002,0.204132,0.949936,205.709595,0.195269,0.955736,208.939194,0.203953,0.956977
COLORWHEEL_2700_IMG_0599_0021,COLORWHEEL_2700,train,2700,semiquant,Blood:Hemolyzed 10,Blood:Hemolyzed 10,,,Blood,Hemolyzed 10,COLORWHEEL_2700_SEMIQUANT.zip,1,1,0,,206.074402,0.198755,0.98915,206.908798,0.197918,0.995073,207.210403,0.201752,0.984074,205.276001,0.1948,0.990058,206.985596,0.198689,0.963122,207.608002,0.195451,0.93558,207.880798,0.199219,0.949998,209.940002,0.204132,0.949936,205.709595,0.195269,0.955736,208.939194,0.203953,0.956977
COLORWHEEL_2700_IMG_0599_0021,COLORWHEEL_2700,train,2700,semiquant,Specific Gravity:1.030,Specific Gravity:1.030,,,Specific Gravity,1.030,COLORWHEEL_2700_SEMIQUANT.zip,1,1,0,,206.074402,0.198755,0.98915,206.908798,0.197918,0.995073,207.210403,0.201752,0.984074,205.276001,0.1948,0.990058,206.985596,0.198689,0.963122,207.608002,0.195451,0.93558,207.880798,0.199219,0.949998,209.940002,0.204132,0.949936,205.709595,0.195269,0.955736,208.939194,0.203953,0.956977
COLORWHEEL_2700_IMG_0599_0021,COLORWHEEL_2700,train,2700,semiquant,Ketone:Small 1.5,Ketone:Small 1.5,,,Ketone,Small 1.5,COLORWHEEL_2700_SEMIQUANT.zip,1,1,0,,206.074402,0.198755,0.98915,206.908798,0.197918,0.995073,207.210403,0.201752,0.984074,205.276001,0.1948,0.990058,206.985596,0.198689,0.963122,207.608002,0.195451,0.93558,207.880798,0.199219,0.949998,209.940002,0.204132,0.949936,205.709595,0.195269,0.955736,208.939194,0.203953,0.956977
COLORWHEEL_2700_IMG_0599_0021,COLORWHEEL_2700,train,2700,semiquant,Bilirubin:Neg,Bilirubin:Neg,,,Bilirubin,Neg,COLORWHEEL_2700_SEMIQUANT.zip,1,1,0,,206.074402,0.198755,0.98915,206.908798,0.197918,0.995073,207.210403,0.201752,0.984074,205.276001,0.1948,0.990058,206.985596,0.198689,0.963122,207.608002,0.195451,0.93558,207.880798,0.199219,0.949998,209.940002,0.204132,0.949936,205.709595,0.195269,0.955736,208.939194,0.203953,0.956977
COLORWHEEL_2700_IMG_0599_0021,COLORWHEEL_2700,train,2700,semiquant,Glucose:15 +,Glucose:15 +,,,Glucose,15 +,COLORWHEEL_2700_SEMIQUANT.zip,1,1,0,,206.074402,0.198755,0.98915,206.908798,0.197918,0.995073,207.210403,0.201752,0.984074,205.276001,0.1948,0.990058,206.985596,0.198689,0.963122,207.608002,0.195451,0.93558,207.880798,0.199219,0.949998,209.940002,0.204132,0.949936,205.709595,0.195269,0.955736,208.939194,0.203953,0.956977
COLORWHEEL_2700_IMG_0600_0022,COLORWHEEL_2700,train,2700,semiquant,Leukocytes:Trace 15,Leukocytes:Trace 15,,,Leukocytes,Trace 15,COLORWHEEL_2700_SEMIQUANT.zip,1,1,0,,128.167206,0.162792,0.584519,124.756798,0.155418,0.568646,138.039993,0.160049,0.625578,138.315994,0.151889,0.628869,143.722397,0.148991,0.634544,132.544006,0.16483,0.533724,135.155197,0.141622,0.544924,135.160797,0.161198,0.531744,129.951202,0.135936,0.507587,123.263199,0.110546,0.46931
COLORWHEEL_2700_IMG_0600_0022,COLORWHEEL_2700,train,2700,semiquant,Nitrite:Positive,Nitrite:Positive,,,Nitrite,Positive,COLORWHEEL_2700_SEMIQUANT.zip,1,1,0,,128.167206,0.162792,0.584519,124.756798,0.155418,0.568646,138.039993,0.160049,0.625578,138.315994,0.151889,0.628869,143.722397,0.148991,0.634544,132.544006,0.16483,0.533724,135.155197,0.141622,0.544924,135.160797,0.161198,0.531744,129.951202,0.135936,0.507587,123.263199,0.110546,0.46931
COLORWHEEL_2700_IMG_0600_0022,COLORWHEEL_2700,train,2700,semiquant,Urobilinogen:16,Urobilinogen:16,,,Urobilinogen,16,COLORWHEEL_2700_SEMIQUANT.zip,1,1,0,,128.167206,0.162792,0.584519,124.756798,0.155418,0.568646,138.039993,0.160049,0.625578,138.315994,0.151889,0.628869,143.722397,0.148991,0.634544,132.544006,0.16483,0.533724,135.155197,0.141622,0.544924,135.160797,0.161198,0.531744,129.951202,0.135936,0.507587,123.263199,0.110546,0.46931
COLORWHEEL_2700_IMG_0600_0022,COLORWHEEL_2700,train,2700,semiquant,Protein:1.0,Protein:1.0,,,Protein,1.0,COLORWHEEL_2700_SEMIQUANT.zip,1,1,0,,128.167206,0.162792,0.584519,124.756798,0.155418,0.568646,138.039993,0.160049,0.625578,138.315994,0.151889,0.628869,143.722397,0.148991,0.634544,132.544006,0.16483,0.533724,135.155197,0.141622,0.544924,135.160797,0.161198,0.531744,129.951202,0.135936,0.507587,123.263199,0.110546,0.46931
COLORWHEEL_2700_IMG_0600_0022,COLORWHEEL_2700,train,2700,semiquant,pH:5.0,pH:5.0,,,pH,5.0,COLORWHEEL_2700_SEMIQUANT.zip,1,1,0,,128.167206,0.162792,0.584519,124.756798,0.155418,0.568646,138.039993,0.160049,0.625578,138.315994,0.151889,0.628869,143.722397,0.148991,0.634544,132.544006,0.16483,0.533724,135.155197,0.141622,0.544924,135.160797,0.161198,0.531744,129.951202,0.135936,0.507587,123.263199,0.110546,0.46931
COLORWHEEL_2700_IMG_0600_0022,COLORWHEEL_2700,train,2700,semiquant,Blood:Small 25,Blood:Small 25,,,Blood,Small 25,COLORWHEEL_2700_SEMIQUANT.zip,1,1,0,,128.167206,0.162792,0.584519,124.756798,0.155418,0.568646,138.039993,0.160049,0.625578,138.315994,0.151889,0.628869,143.722397,0.148991,0.634544,132.544006,0.16483,0.533724,135.155197,0.141622,0.544924,135.160797,0.161198,0.531744,129.951202,0.135936,0.507587,123.263199,0.110546,0.46931
COLORWHEEL_2700_IMG_0600_0022,COLORWHEEL_2700,train,2700,semiquant,Specific Gravity:1.000,Specific Gravity:1.000,,,Specific Gravity,1.000,COLORWHEEL_2700_SEMIQUANT.zip,1,1,0,,128.167206,0.162792,0.584519,124.756798,0.155418,0.568646,138.039993,0.160049,0.625578,138.315994,0.151889,0.628869,143.722397,0.148991,0.634544,132.544006,0.16483,0.533724,135.155197,0.141622,0.544924,135.160797,0.161198,0.531744,129.951202,0.135936,0.507587,123.263199,0.110546,0.46931
COLORWHEEL_2700_IMG_0600_0022,COLORWHEEL_2700,train,2700,semiquant,Ketone:Moderate 4.0,Ketone:Moderate 4.0,,,Ketone,Moderate 4.0,COLORWHEEL_2700_SEMIQUANT.zip,1,1,0,,128.167206,0.162792,0.584519,124.756798,0.155418,0.568646,138.039993,0.160049,0.625578,138.315994,0.151889,0.628869,143.722397,0.148991,0.634544,132.544006,0.16483,0.533724,135.155197,0.141622,0.544924,135.160797,0.161198,0.531744,129.951202,0.135936,0.507587,123.263199,0.110546,0.46931
COLORWHEEL_2700_IMG_0600_0022,COLORWHEEL_2700,train,2700,semiquant,Bilirubin:Small 17,Bilirubin:Small 17,,,Bilirubin,Small 17,COLORWHEEL_2700_SEMIQUANT.zip,1,1,0,,128.167206,0.162792,0.584519,124.756798,0.155418,0.568646,138.039993,0.160049,0.625578,138.315994,0.151889,0.628869,143.722397,0.148991,0.634544,132.544006,0.16483,0.533724,135.155197,0.141622,0.544924,135.160797,0.161198,0.531744,129.951202,0.135936,0.507587,123.263199,0.110546,0.46931
COLORWHEEL_2700_IMG_0600_0022,COLORWHEEL_2700,train,2700,semiquant,Glucose:30 ++,Glucose:30 ++,,,Glucose,30 ++,COLORWHEEL_2700_SEMIQUANT.zip,1,1,0,,128.167206,0.162792,0.584519,124.756798,0.155418,0.568646,138.039993,0.160049,0.625578,138.315994,0.151889,0.628869,143.722397,0.148991,0.634544,132.544006,0.16483,0.533724,135.155197,0.141622,0.544924,135.160797,0.161198,0.531744,129.951202,0.135936,0.507587,123.263199,0.110546,0.46931
COLORWHEEL_2700_IMG_0602_0023,COLORWHEEL_2700,train,2700,semiquant,Leukocytes:Small 70,Leukocytes:Small 70,,,Leukocytes,Small 70,COLORWHEEL_2700_SEMIQUANT.zip,1,1,0,,185.941605,0.204979,0.999969,185.749603,0.204824,1.0,189.108795,0.213983,0.999868,185.956802,0.198471,0.993517,191.062393,0.214604,0.988364,193.0672,0.213636,0.96341,193.618393,0.218362,0.978038,192.993607,0.223998,0.974748,191.9776,0.213652,0.982248,193.782394,0.220064,0.978797
COLORWHEEL_2700_IMG_0602_0023,COLORWHEEL_2700,train,2700,semiquant,Nitrite:Neg,Nitrite:Neg,,,Nitrite,Neg,COLORWHEEL_2700_SEMIQUANT.zip,1,1,0,,185.941605,0.204979,0.999969,185.749603,0.204824,1.0,189.108795,0.213983,0.999868,185.956802,0.198471,0.993517,191.062393,0.214604,0.988364,193.0672,0.213636,0.96341,193.618393,0.218362,0.978038,192.993607,0.223998,0.974748,191.9776,0.213652,0.982248,193.782394,0.220064,0.978797
COLORWHEEL_2700_IMG_0602_0023,COLORWHEEL_2700,train,2700,semiquant,Urobilinogen:32,Urobilinogen:32,,,Urobilinogen,32,COLORWHEEL_2700_SEMIQUANT.zip,1,1,0,,185.941605,0.204979,0.999969,185.749603,0.204824,1.0,189.108795,0.213983,0.999868,185.956802,0.198471,0.993517,191.062393,0.214604,0.988364,193.0672,0.213636,0.96341,193.618393,0.218362,0.978038,192.993607,0.223998,0.974748,191.9776,0.213652,0.982248,193.782394,0.220064,0.978797
COLORWHEEL_2700_IMG_0602_0023,COLORWHEEL_2700,train,2700,semiquant,Protein:3.0,Protein:3.0,,,Protein,3.0,COLORWHEEL_2700_SEMIQUANT.zip,1,1,0,,185.941605,0.204979,0.999969,185.749603,0.204824,1.0,189.108795,0.213983,0.999868,185.956802,0.198471,0.993517,191.062393,0.214604,0.988364,193.0672,0.213636,0.96341,193.618393,0.218362,0.978038,192.993607,0.223998,0.974748,191.9776,0.213652,0.982248,193.782394,0.220064,0.978797
COLORWHEEL_2700_IMG_0602_0023,COLORWHEEL_2700,train,2700,semiquant,pH:6.0,pH:6.0,,,pH,6.0,COLORWHEEL_2700_SEMIQUANT.zip,1,1,0,,185.941605,0.204979,0.999969,185.749603,0.204824,1.0,189.108795,0.213983,0.999868,185.956802,0.198471,0.993517,191.062393,0.214604,0.988364,193.0672,0.213636,0.96341,193.618393,0.218362,0.978038,192.993607,0.223998,0.974748,191.9776,0.213652,0.982248,193.782394,0.220064,0.978797
COLORWHEEL_2700_IMG_0602_0023,COLORWHEEL_2700,train,2700,semiquant,Blood:Moderate 80,Blood:Moderate 80,,,Blood,Moderate 80,COLORWHEEL_2700_SEMIQUANT.zip,1,1,0,,185.941605,0.204979,0.999969,185.749603,0.204824,1.0,189.108795,0.213983,0.999868,185.956802,0.198471,0.993517,191.062393,0.214604,0.988364,193.0672,0.213636,0.96341,193.618393,0.218362,0.978038,192.993607,0.223998,0.974748,191.9776,0.213652,0.982248,193.782394,0.220064,0.978797
COLORWHEEL_2700_IMG_0602_0023,COLORWHEEL_2700,train,2700,semiquant,Specific Gravity:1.005,Specific Gravity:1.005,,,Specific Gravity,1.005,COLORWHEEL_2700_SEMIQUANT.zip,1,1,0,,185.941605,0.204979,0.999969,185.749603,0.204824,1.0,189.108795,0.213983,0.999868,185.956802,0.198471,0.993517,191.062393,0.214604,0.988364,193.0672,0.213636,0.96341,193.618393,0.218362,0.978038,192.993607,0.223998,0.974748,191.9776,0.213652,0.982248,193.782394,0.220064,0.978797
COLORWHEEL_2700_IMG_0602_0023,COLORWHEEL_2700,train,2700,semiquant,Ketone:8.0,Ketone:8.0,,,Ketone,8.0,COLORWHEEL_2700_SEMIQUANT.zip,1,1,0,,185.941605,0.204979,0.999969,185.749603,0.204824,1.0,189.108795,0.213983,0.999868,185.956802,0.198471,0.993517,191.062393,0.214604,0.988364,193.0672,0.213636,0.96341,193.618393,0.218362,0.978038,192.993607,0.223998,0.974748,191.9776,0.213652,0.982248,193.782394,0.220064,0.978797
COLORWHEEL_2700_IMG_0602_0023,COLORWHEEL_2700,train,2700,semiquant,Bilirubin:Moderate 50,Bilirubin:Moderate 50,,,Bilirubin,Moderate 50,COLORWHEEL_2700_SEMIQUANT.zip,1,1,0,,185.941605,0.204979,0.999969,185.749603,0.204824,1.0,189.108795,0.213983,0.999868,185.956802,0.198471,0.993517,191.062393,0.214604,0.988364,193.0672,0.213636,0.96341,193.618393,0.218362,0.978038,192.993607,0.223998,0.974748,191.9776,0.213652,0.982248,193.782394,0.220064,0.978797
COLORWHEEL_2700_IMG_0602_0023,COLORWHEEL_2700,train,2700,semiquant,Glucose:60 +++,Glucose:60 +++,,,Glucose,60 +++,COLORWHEEL_2700_SEMIQUANT.zip,1,1,0,,185.941605,0.204979,0.999969,185.749603,0.204824,1.0,189.108795,0.213983,0.999868,185.956802,0.198471,0.993517,191.062393,0.214604,0.988364,193.0672,0.213636,0.96341,193.618393,0.218362,0.978038,192.993607,0.223998,0.974748,191.9776,0.213652,0.982248,193.782394,0.220064,0.978797
COLORWHEEL_2700_IMG_0603_0024,COLORWHEEL_2700,train,2700,semiquant,Leukocytes:Moderate 125,Leukocytes:Moderate 125,,,Leukocytes,Moderate 125,COLORWHEEL_2700_SEMIQUANT.zip,1,1,0,,132.971207,0.097103,0.59224,119.8992,0.106654,0.584099,144.056,0.096541,0.643608,152.671204,0.086389,0.662045,153.451202,0.081733,0.667534,128.947998,0.092234,0.574248,146.769608,0.084121,0.59414,147.242401,0.086689,0.594177,152.159195,0.093332,0.580773,140.329605,0.096402,0.54861
COLORWHEEL_2700_IMG_0603_0024,COLORWHEEL_2700,train,2700,semiquant,Nitrite:Positive,Nitrite:Positive,,,Nitrite,Positive,COLORWHEEL_2700_SEMIQUANT.zip,1,1,0,,132.971207,0.097103,0.59224,119.8992,0.106654,0.584099,144.056,0.096541,0.643608,152.671204,0.086389,0.662045,153.451202,0.081733,0.667534,128.947998,0.092234,0.574248,146.769608,0.084121,0.59414,147.242401,0.086689,0.594177,152.159195,0.093332,0.580773,140.329605,0.096402,0.54861
COLORWHEEL_2700_IMG_0603_0024,COLORWHEEL_2700,train,2700,semiquant,Urobilinogen:64,Urobilinogen:64,,,Urobilinogen,64,COLORWHEEL_2700_SEMIQUANT.zip,1,1,0,,132.971207,0.097103,0.59224,119.8992,0.106654,0.584099,144.056,0.096541,0.643608,152.671204,0.086389,0.662045,153.451202,0.081733,0.667534,128.947998,0.092234,0.574248,146.769608,0.084121,0.59414,147.242401,0.086689,0.594177,152.159195,0.093332,0.580773,140.329605,0.096402,0.54861
COLORWHEEL_2700_IMG_0603_0024,COLORWHEEL_2700,train,2700,semiquant,Protein:>=20.0,Protein:>=20.0,,,Protein,>=20.0,COLORWHEEL_2700_SEMIQUANT.zip,1,1,0,,132.971207,0.097103,0.59224,119.8992,0.106654,0.584099,144.056,0.096541,0.643608,152.671204,0.086389,0.662045,153.451202,0.081733,0.667534,128.947998,0.092234,0.574248,146.769608,0.084121,0.59414,147.242401,0.086689,0.594177,152.159195,0.093332,0.580773,140.329605,0.096402,0.54861
COLORWHEEL_2700_IMG_0603_0024,COLORWHEEL_2700,train,2700,semiquant,pH:6.5,pH:6.5,,,pH,6.5,COLORWHEEL_2700_SEMIQUANT.zip,1,1,0,,132.971207,0.097103,0.59224,119.8992,0.106654,0.584099,144.056,0.096541,0.643608,152.671204,0.086389,0.662045,153.451202,0.081733,0.667534,128.947998,0.092234,0.574248,146.769608,0.084121,0.59414,147.242401,0.086689,0.594177,152.159195,0.093332,0.580773,140.329605,0.096402,0.54861
COLORWHEEL_2700_IMG_0603_0024,COLORWHEEL_2700,train,2700,semiquant,Blood:Large 200,Blood:Large 200,,,Blood,Large 200,COLORWHEEL_2700_SEMIQUANT.zip,1,1,0,,132.971207,0.097103,0.59224,119.8992,0.106654,0.584099,144.056,0.096541,0.643608,152.671204,0.086389,0.662045,153.451202,0.081733,0.667534,128.947998,0.092234,0.574248,146.769608,0.084121,0.59414,147.242401,0.086689,0.594177,152.159195,0.093332,0.580773,140.329605,0.096402,0.54861
COLORWHEEL_2700_IMG_0603_0024,COLORWHEEL_2700,train,2700,semiquant,Specific Gravity:1.010,Specific Gravity:1.010,,,Specific Gravity,1.010,COLORWHEEL_2700_SEMIQUANT.zip,1,1,0,,132.971207,0.097103,0.59224,119.8992,0.106654,0.584099,144.056,0.096541,0.643608,152.671204,0.086389,0.662045,153.451202,0.081733,0.667534,128.947998,0.092234,0.574248,146.769608,0.084121,0.59414,147.242401,0.086689,0.594177,152.159195,0.093332,0.580773,140.329605,0.096402,0.54861
COLORWHEEL_2700_IMG_0603_0024,COLORWHEEL_2700,train,2700,semiquant,Ketone:Large 16,Ketone:Large 16,,,Ketone,Large 16,COLORWHEEL_2700_SEMIQUANT.zip,1,1,0,,132.971207,0.097103,0.59224,119.8992,0.106654,0.584099,144.056,0.096541,0.643608,152.671204,0.086389,0.662045,153.451202,0.081733,0.667534,128.947998,0.092234,0.574248,146.769608,0.084121,0.59414,147.242401,0.086689,0.594177,152.159195,0.093332,0.580773,140.329605,0.096402,0.54861
COLORWHEEL_2700_IMG_0603_0024,COLORWHEEL_2700,train,2700,semiquant,Bilirubin:Large 100,Bilirubin:Large 100,,,Bilirubin,Large 100,COLORWHEEL_2700_SEMIQUANT.zip,1,1,0,,132.971207,0.097103,0.59224,119.8992,0.106654,0.584099,144.056,0.096541,0.643608,152.671204,0.086389,0.662045,153.451202,0.081733,0.667534,128.947998,0.092234,0.574248,146.769608,0.084121,0.59414,147.242401,0.086689,0.594177,152.159195,0.093332,0.580773,140.329605,0.096402,0.54861
COLORWHEEL_2700_IMG_0603_0024,COLORWHEEL_2700,train,2700,semiquant,Glucose:110 ++++,Glucose:110 ++++,,,Glucose,110 ++++,COLORWHEEL_2700_SEMIQUANT.zip,1,1,0,,132.971207,0.097103,0.59224,119.8992,0.106654,0.584099,144.056,0.096541,0.643608,152.671204,0.086389,0.662045,153.451202,0.081733,0.667534,128.947998,0.092234,0.574248,146.769608,0.084121,0.59414,147.242401,0.086689,0.594177,152.159195,0.093332,0.580773,140.329605,0.096402,0.54861
COLORWHEEL_2700_IMG_0606_0025,COLORWHEEL_2700,train,2700,semiquant,Leukocytes:Large 500,Leukocytes:Large 500,,,Leukocytes,Large 500,COLORWHEEL_2700_SEMIQUANT.zip,1,1,0,,204.090393,0.181464,0.956179,206.127197,0.182748,0.963498,206.0112,0.176218,0.947762,206.039993,0.180067,0.963126,205.512802,0.177344,0.932376,206.504807,0.172067,0.906613,207.489594,0.174171,0.919933,205.919998,0.164824,0.901151,206.332001,0.171307,0.927875,208.725601,0.181678,0.930351
COLORWHEEL_2700_IMG_0606_0025,COLORWHEEL_2700,train,2700,semiquant,Nitrite:Neg,Nitrite:Neg,,,Nitrite,Neg,COLORWHEEL_2700_SEMIQUANT.zip,1,1,0,,204.090393,0.181464,0.956179,206.127197,0.182748,0.963498,206.0112,0.176218,0.947762,206.039993,0.180067,0.963126,205.512802,0.177344,0.932376,206.504807,0.172067,0.906613,207.489594,0.174171,0.919933,205.919998,0.164824,0.901151,206.332001,0.171307,0.927875,208.725601,0.181678,0.930351
COLORWHEEL_2700_IMG_0606_0025,COLORWHEEL_2700,train,2700,semiquant,Urobilinogen:128,Urobilinogen:128,,,Urobilinogen,128,COLORWHEEL_2700_SEMIQUANT.zip,1,1,0,,204.090393,0.181464,0.956179,206.127197,0.182748,0.963498,206.0112,0.176218,0.947762,206.039993,0.180067,0.963126,205.512802,0.177344,0.932376,206.504807,0.172067,0.906613,207.489594,0.174171,0.919933,205.919998,0.164824,0.901151,206.332001,0.171307,0.927875,208.725601,0.181678,0.930351
COLORWHEEL_2700_IMG_0606_0025,COLORWHEEL_2700,train,2700,semiquant,Protein:Neg,Protein:Neg,,,Protein,Neg,COLORWHEEL_2700_SEMIQUANT.zip,1,1,0,,204.090393,0.181464,0.956179,206.127197,0.182748,0.963498,206.0112,0.176218,0.947762,206.039993,0.180067,0.963126,205.512802,0.177344,0.932376,206.504807,0.172067,0.906613,207.489594,0.174171,0.919933,205.919998,0.164824,0.901151,206.332001,0.171307,0.927875,208.725601,0.181678,0.930351
COLORWHEEL_2700_IMG_0606_0025,COLORWHEEL_2700,train,2700,semiquant,pH:7.0,pH:7.0,,,pH,7.0,COLORWHEEL_2700_SEMIQUANT.zip,1,1,0,,204.090393,0.181464,0.956179,206.127197,0.182748,0.963498,206.0112,0.176218,0.947762,206.039993,0.180067,0.963126,205.512802,0.177344,0.932376,206.504807,0.172067,0.906613,207.489594,0.174171,0.919933,205.919998,0.164824,0.901151,206.332001,0.171307,0.927875,208.725601,0.181678,0.930351
COLORWHEEL_2700_IMG_0606_0025,COLORWHEEL_2700,train,2700,semiquant,Blood:Neg,Blood:Neg,,,Blood,Neg,COLORWHEEL_2700_SEMIQUANT.zip,1,1,0,,204.090393,0.181464,0.956179,206.127197,0.182748,0.963498,206.0112,0.176218,0.947762,206.039993,0.180067,0.963126,205.512802,0.177344,0.932376,206.504807,0.172067,0.906613,207.489594,0.174171,0.919933,205.919998,0.164824,0.901151,206.332001,0.171307,0.927875,208.725601,0.181678,0.930351
COLORWHEEL_2700_IMG_0606_0025,COLORWHEEL_2700,train,2700,semiquant,Specific Gravity:1.015,Specific Gravity:1.015,,,Specific Gravity,1.015,COLORWHEEL_2700_SEMIQUANT.zip,1,1,0,,204.090393,0.181464,0.956179,206.127197,0.182748,0.963498,206.0112,0.176218,0.947762,206.039993,0.180067,0.963126,205.512802,0.177344,0.932376,206.504807,0.172067,0.906613,207.489594,0.174171,0.919933,205.919998,0.164824,0.901151,206.332001,0.171307,0.927875,208.725601,0.181678,0.930351
COLORWHEEL_2700_IMG_0606_0025,COLORWHEEL_2700,train,2700,semiquant,Ketone:Neg,Ketone:Neg,,,Ketone,Neg,COLORWHEEL_2700_SEMIQUANT.zip,1,1,0,,204.090393,0.181464,0.956179,206.127197,0.182748,0.963498,206.0112,0.176218,0.947762,206.039993,0.180067,0.963126,205.512802,0.177344,0.932376,206.504807,0.172067,0.906613,207.489594,0.174171,0.919933,205.919998,0.164824,0.901151,206.332001,0.171307,0.927875,208.725601,0.181678,0.930351
COLORWHEEL_2700_IMG_0606_0025,COLORWHEEL_2700,train,2700,semiquant,Bilirubin:Neg,Bilirubin:Neg,,,Bilirubin,Neg,COLORWHEEL_2700_SEMIQUANT.zip,1,1,0,,204.090393,0.181464,0.956179,206.127197,0.182748,0.963498,206.0112,0.176218,0.947762,206.039993,0.180067,0.963126,205.512802,0.177344,0.932376,206.504807,0.172067,0.906613,207.489594,0.174171,0.919933,205.919998,0.164824,0.901151,206.332001,0.171307,0.927875,208.725601,0.181678,0.930351
COLORWHEEL_2700_IMG_0606_0025,COLORWHEEL_2700,train,2700,semiquant,Glucose:Neg,Glucose:Neg,,,Glucose,Neg,COLORWHEEL_2700_SEMIQUANT.zip,1,1,0,,204.090393,0.181464,0.956179,206.127197,0.182748,0.963498,206.0112,0.176218,0.947762,206.039993,0.180067,0.963126,205.512802,0.177344,0.932376,206.504807,0.172067,0.906613,207.489594,0.174171,0.919933,205.919998,0.164824,0.901151,206.332001,0.171307,0.927875,208.725601,0.181678,0.930351
COLORWHEEL_2700_IMG_0609_0026,COLORWHEEL_2700,train,2700,semiquant,Leukocytes:Neg,Leukocytes:Neg,,,Leukocytes,Neg,COLORWHEEL_2700_SEMIQUANT.zip,1,1,0,,182.482407,0.213678,1.0,181.333603,0.210138,1.0,183.998398,0.220469,1.0,183.007996,0.20917,1.0,188.379196,0.231544,0.999689,193.419205,0.250129,0.999708,190.796799,0.238675,0.999479,192.072006,0.245197,0.999983,189.403198,0.232052,0.999484,190.035995,0.238063,0.999868
COLORWHEEL_2700_IMG_0609_0026,COLORWHEEL_2700,train,2700,semiquant,Nitrite:Positive,Nitrite:Positive,,,Nitrite,Positive,COLORWHEEL_2700_SEMIQUANT.zip,1,1,0,,182.482407,0.213678,1.0,181.333603,0.210138,1.0,183.998398,0.220469,1.0,183.007996,0.20917,1.0,188.379196,0.231544,0.999689,193.419205,0.250129,0.999708,190.796799,0.238675,0.999479,192.072006,0.245197,0.999983,189.403198,0.232052,0.999484,190.035995,0.238063,0.999868
COLORWHEEL_2700_IMG_0609_0026,COLORWHEEL_2700,train,2700,semiquant,Urobilinogen:3.2,Urobilinogen:3.2,,,Urobilinogen,3.2,COLORWHEEL_2700_SEMIQUANT.zip,1,1,0,,182.482407,0.213678,1.0,181.333603,0.210138,1.0,183.998398,0.220469,1.0,183.007996,0.20917,1.0,188.379196,0.231544,0.999689,193.419205,0.250129,0.999708,190.796799,0.238675,0.999479,192.072006,0.245197,0.999983,189.403198,0.232052,0.999484,190.035995,0.238063,0.999868
COLORWHEEL_2700_IMG_0609_0026,COLORWHEEL_2700,train,2700,semiquant,Protein:Trace,Protein:Trace,,,Protein,Trace,COLORWHEEL_2700_SEMIQUANT.zip,1,1,0,,182.482407,0.213678,1.0,181.333603,0.210138,1.0,183.998398,0.220469,1.0,183.007996,0.20917,1.0,188.379196,0.231544,0.999689,193.419205,0.250129,0.999708,190.796799,0.238675,0.999479,192.072006,0.245197,0.999983,189.403198,0.232052,0.999484,190.035995,0.238063,0.999868
COLORWHEEL_2700_IMG_0609_0026,COLORWHEEL_2700,train,2700,semiquant,pH:7.5,pH:7.5,,,pH,7.5,COLORWHEEL_2700_SEMIQUANT.zip,1,1,0,,182.482407,0.213678,1.0,181.333603,0.210138,1.0,183.998398,0.220469,1.0,183.007996,0.20917,1.0,188.379196,0.231544,0.999689,193.419205,0.250129,0.999708,190.796799,0.238675,0.999479,192.072006,0.245197,0.999983,189.403198,0.232052,0.999484,190.035995,0.238063,0.999868
COLORWHEEL_2700_IMG_0609_0026,COLORWHEEL_2700,train,2700,semiquant,Blood:Non-hemolyzed 10,Blood:Non-hemolyzed 10,,,Blood,Non-hemolyzed 10,COLORWHEEL_2700_SEMIQUANT.zip,1,1,0,,182.482407,0.213678,1.0,181.333603,0.210138,1.0,183.998398,0.220469,1.0,183.007996,0.20917,1.0,188.379196,0.231544,0.999689,193.419205,0.250129,0.999708,190.796799,0.238675,0.999479,192.072006,0.245197,0.999983,189.403198,0.232052,0.999484,190.035995,0.238063,0.999868
COLORWHEEL_2700_IMG_0609_0026,COLORWHEEL_2700,train,2700,semiquant,Specific Gravity:1.020,Specific Gravity:1.020,,,Specific Gravity,1.020,COLORWHEEL_2700_SEMIQUANT.zip,1,1,0,,182.482407,0.213678,1.0,181.333603,0.210138,1.0,183.998398,0.220469,1.0,183.007996,0.20917,1.0,188.379196,0.231544,0.999689,193.419205,0.250129,0.999708,190.796799,0.238675,0.999479,192.072006,0.245197,0.999983,189.403198,0.232052,0.999484,190.035995,0.238063,0.999868
COLORWHEEL_2700_IMG_0609_0026,COLORWHEEL_2700,train,2700,semiquant,Ketone:Trace 0.5,Ketone:Trace 0.5,,,Ketone,Trace 0.5,COLORWHEEL_2700_SEMIQUANT.zip,1,1,0,,182.482407,0.213678,1.0,181.333603,0.210138,1.0,183.998398,0.220469,1.0,183.007996,0.20917,1.0,188.379196,0.231544,0.999689,193.419205,0.250129,0.999708,190.796799,0.238675,0.999479,192.072006,0.245197,0.999983,189.403198,0.232052,0.999484,190.035995,0.238063,0.999868
COLORWHEEL_2700_IMG_0609_0026,COLORWHEEL_2700,train,2700,semiquant,Bilirubin:Small 17,Bilirubin:Small 17,,,Bilirubin,Small 17,COLORWHEEL_2700_SEMIQUANT.zip,1,1,0,,182.482407,0.213678,1.0,181.333603,0.210138,1.0,183.998398,0.220469,1.0,183.007996,0.20917,1.0,188.379196,0.231544,0.999689,193.419205,0.250129,0.999708,190.796799,0.238675,0.999479,192.072006,0.245197,0.999983,189.403198,0.232052,0.999484,190.035995,0.238063,0.999868
COLORWHEEL_2700_IMG_0609_0026,COLORWHEEL_2700,train,2700,semiquant,Glucose:Trace 5,Glucose:Trace 5,,,Glucose,Trace 5,COLORWHEEL_2700_SEMIQUANT.zip,1,1,0,,182.482407,0.213678,1.0,181.333603,0.210138,1.0,183.998398,0.220469,1.0,183.007996,0.20917,1.0,188.379196,0.231544,0.999689,193.419205,0.250129,0.999708,190.796799,0.238675,0.999479,192.072006,0.245197,0.999983,189.403198,0.232052,0.999484,190.035995,0.238063,0.999868
COLORWHEEL_2700_IMG_0614_0027,COLORWHEEL_2700,train,2700,semiquant,Leukocytes:Trace 15,Leukocytes:Trace 15,,,Leukocytes,Trace 15,COLORWHEEL_2700_SEMIQUANT.zip,1,1,0,,114.704803,0.139892,0.589161,110.182404,0.14784,0.565771,120.715202,0.144475,0.613537,125.732803,0.133598,0.617142,120.944801,0.128943,0.616519,103.596001,0.159321,0.513318,112.788002,0.144108,0.522511,113.204803,0.145087,0.506044,104.952003,0.151224,0.483186,94.190399,0.161454,0.446488
COLORWHEEL_2700_IMG_0614_0027,COLORWHEEL_2700,train,2700,semiquant,Nitrite:Neg,Nitrite:Neg,,,Nitrite,Neg,COLORWHEEL_2700_SEMIQUANT.zip,1,1,0,,114.704803,0.139892,0.589161,110.182404,0.14784,0.565771,120.715202,0.144475,0.613537,125.732803,0.133598,0.617142,120.944801,0.128943,0.616519,103.596001,0.159321,0.513318,112.788002,0.144108,0.522511,113.204803,0.145087,0.506044,104.952003,0.151224,0.483186,94.190399,0.161454,0.446488
COLORWHEEL_2700_IMG_0614_0027,COLORWHEEL_2700,train,2700,semiquant,Urobilinogen:16,Urobilinogen:16,,,Urobilinogen,16,COLORWHEEL_2700_SEMIQUANT.zip,1,1,0,,114.704803,0.139892,0.589161,110.182404,0.14784,0.565771,120.715202,0.144475,0.613537,125.732803,0.133598,0.617142,120.944801,0.128943,0.616519,103.596001,0.159321,0.513318,112.788002,0.144108,0.522511,113.204803,0.145087,0.506044,104.952003,0.151224,0.483186,94.190399,0.161454,0.446488
COLORWHEEL_2700_IMG_0614_0027,COLORWHEEL_2700,train,2700,semiquant,Protein:0.3,Protein:0.3,,,Protein,0.3,COLORWHEEL_2700_SEMIQUANT.zip,1,1,0,,114.704803,0.139892,0.589161,110.182404,0.14784,0.565771,120.715202,0.144475,0.613537,125.732803,0.133598,0.617142,120.944801,0.128943,0.616519,103.596001,0.159321,0.513318,112.788002,0.144108,0.522511,113.204803,0.145087,0.506044,104.952003,0.151224,0.483186,94.190399,0.161454,0.446488
COLORWHEEL_2700_IMG_0614_0027,COLORWHEEL_2700,train,2700,semiquant,pH:8.0,pH:8.0,,,pH,8.0,COLORWHEEL_2700_SEMIQUANT.zip,1,1,0,,114.704803,0.139892,0.589161,110.182404,0.14784,0.565771,120.715202,0.144475,0.613537,125.732803,0.133598,0.617142,120.944801,0.128943,0.616519,103.596001,0.159321,0.513318,112.788002,0.144108,0.522511,113.204803,0.145087,0.506044,104.952003,0.151224,0.483186,94.190399,0.161454,0.446488
COLORWHEEL_2700_IMG_0614_0027,COLORWHEEL_2700,train,2700,semiquant,Blood:Hemolyzed 10,Blood:Hemolyzed 10,,,Blood,Hemolyzed 10,COLORWHEEL_2700_SEMIQUANT.zip,1,1,0,,114.704803,0.139892,0.589161,110.182404,0.14784,0.565771,120.715202,0.144475,0.613537,125.732803,0.133598,0.617142,120.944801,0.128943,0.616519,103.596001,0.159321,0.513318,112.788002,0.144108,0.522511,113.204803,0.145087,0.506044,104.952003,0.151224,0.483186,94.190399,0.161454,0.446488
COLORWHEEL_2700_IMG_0614_0027,COLORWHEEL_2700,train,2700,semiquant,Specific Gravity:1.025,Specific Gravity:1.025,,,Specific Gravity,1.025,COLORWHEEL_2700_SEMIQUANT.zip,1,1,0,,114.704803,0.139892,0.589161,110.182404,0.14784,0.565771,120.715202,0.144475,0.613537,125.732803,0.133598,0.617142,120.944801,0.128943,0.616519,103.596001,0.159321,0.513318,112.788002,0.144108,0.522511,113.204803,0.145087,0.506044,104.952003,0.151224,0.483186,94.190399,0.161454,0.446488
COLORWHEEL_2700_IMG_0614_0027,COLORWHEEL_2700,train,2700,semiquant,Ketone:Small 1.5,Ketone:Small 1.5,,,Ketone,Small 1.5,COLORWHEEL_2700_SEMIQUANT.zip,1,1,0,,114.704803,0.139892,0.589161,110.182404,0.14784,0.565771,120.715202,0.144475,0.613537,125.732803,0.133598,0.617142,120.944801,0.128943,0.616519,103.596001,0.159321,0.513318,112.788002,0.144108,0.522511,113.204803,0.145087,0.506044,104.952003,0.151224,0.483186,94.190399,0.161454,0.446488
COLORWHEEL_2700_IMG_0614_0027,COLORWHEEL_2700,train,2700,semiquant,Bilirubin:Moderate 50,Bilirubin:Moderate 50,,,Bilirubin,Moderate 50,COLORWHEEL_2700_SEMIQUANT.zip,1,1,0,,114.704803,0.139892,0.589161,110.182404,0.14784,0.565771,120.715202,0.144475,0.613537,125.732803,0.133598,0.617142,120.944801,0.128943,0.616519,103.596001,0.159321,0.513318,112.788002,0.144108,0.522511,113.204803,0.145087,0.506044,104.952003,0.151224,0.483186,94.190399,0.161454,0.446488
COLORWHEEL_2700_IMG_0614_0027,COLORWHEEL_2700,train,2700,semiquant,Glucose:15 +,Glucose:15 +,,,Glucose,15 +,COLORWHEEL_2700_SEMIQUANT.zip,1,1,0,,114.704803,0.139892,0.589161,110.182404,0.14784,0.565771,120.715202,0.144475,0.613537,125.732803,0.133598,0.617142,120.944801,0.128943,0.616519,103.596001,0.159321,0.513318,112.788002,0.144108,0.522511,113.204803,0.145087,0.506044,104.952003,0.151224,0.483186,94.190399,0.161454,0.446488
COLORWHEEL_2700_IMG_0617_0028,COLORWHEEL_2700,train,2700,semiquant,Leukocytes:Small 70,Leukocytes:Small 70,,,Leukocytes,Small 70,COLORWHEEL_2700_SEMIQUANT.zip,1,1,0,,108.8992,0.139349,0.58509,94.3368,0.153285,0.56678,115.467201,0.146739,0.615843,126.152802,0.133197,0.630474,123.9384,0.121533,0.629388,97.335999,0.152027,0.53326,111.552803,0.133796,0.548734,110.7584,0.141178,0.539906,108.712799,0.142944,0.518624,97.693604,0.141275,0.483371
COLORWHEEL_2700_IMG_0617_0028,COLORWHEEL_2700,train,2700,semiquant,Nitrite:Positive,Nitrite:Positive,,,Nitrite,Positive,COLORWHEEL_2700_SEMIQUANT.zip,1,1,0,,108.8992,0.139349,0.58509,94.3368,0.153285,0.56678,115.467201,0.146739,0.615843,126.152802,0.133197,0.630474,123.9384,0.121533,0.629388,97.335999,0.152027,0.53326,111.552803,0.133796,0.548734,110.7584,0.141178,0.539906,108.712799,0.142944,0.518624,97.693604,0.141275,0.483371
COLORWHEEL_2700_IMG_0617_0028,COLORWHEEL_2700,train,2700,semiquant,Urobilinogen:32,Urobilinogen:32,,,Urobilinogen,32,COLORWHEEL_2700_SEMIQUANT.zip,1,1,0,,108.8992,0.139349,0.58509,94.3368,0.153285,0.56678,115.467201,0.146739,0.615843,126.152802,0.133197,0.630474,123.9384,0.121533,0.629388,97.335999,0.152027,0.53326,111.552803,0.133796,0.548734,110.7584,0.141178,0.539906,108.712799,0.142944,0.518624,97.693604,0.141275,0.483371
COLORWHEEL_2700_IMG_0617_0028,COLORWHEEL_2700,train,2700,semiquant,Protein:1.0,Protein:1.0,,,Protein,1.0,COLORWHEEL_2700_SEMIQUANT.zip,1,1,0,,108.8992,0.139349,0.58509,94.3368,0.153285,0.56678,115.467201,0.146739,0.615843,126.152802,0.133197,0.630474,123.9384,0.121533,0.629388,97.335999,0.152027,0.53326,111.552803,0.133796,0.548734,110.7584,0.141178,0.539906,108.712799,0.142944,0.518624,97.693604,0.141275,0.483371
COLORWHEEL_2700_IMG_0617_0028,COLORWHEEL_2700,train,2700,semiquant,pH:8.5,pH:8.5,,,pH,8.5,COLORWHEEL_2700_SEMIQUANT.zip,1,1,0,,108.8992,0.139349,0.58509,94.3368,0.153285,0.56678,115.467201,0.146739,0.615843,126.152802,0.133197,0.630474,123.9384,0.121533,0.629388,97.335999,0.152027,0.53326,111.552803,0.133796,0.548734,110.7584,0.141178,0.539906,108.712799,0.142944,0.518624,97.693604,0.141275,0.483371
COLORWHEEL_2700_IMG_0617_0028,COLORWHEEL_2700,train,2700,semiquant,Blood:Small 25,Blood:Small 25,,,Blood,Small 25,COLORWHEEL_2700_SEMIQUANT.zip,1,1,0,,108.8992,0.139349,0.58509,94.3368,0.153285,0.56678,115.467201,0.146739,0.615843,126.152802,0.133197,0.630474,123.9384,0.121533,0.629388,97.335999,0.152027,0.53326,111.552803,0.133796,0.548734,110.7584,0.141178,0.539906,108.712799,0.142944,0.518624,97.693604,0.141275,0.483371
COLORWHEEL_2700_IMG_0617_0028,COLORWHEEL_2700,train,2700,semiquant,Specific Gravity:1.030,Specific Gravity:1.030,,,Specific Gravity,1.030,COLORWHEEL_2700_SEMIQUANT.zip,1,1,0,,108.8992,0.139349,0.58509,94.3368,0.153285,0.56678,115.467201,0.146739,0.615843,126.152802,0.133197,0.630474,123.9384,0.121533,0.629388,97.335999,0.152027,0.53326,111.552803,0.133796,0.548734,110.7584,0.141178,0.539906,108.712799,0.142944,0.518624,97.693604,0.141275,0.483371
COLORWHEEL_2700_IMG_0617_0028,COLORWHEEL_2700,train,2700,semiquant,Ketone:Moderate 4.0,Ketone:Moderate 4.0,,,Ketone,Moderate 4.0,COLORWHEEL_2700_SEMIQUANT.zip,1,1,0,,108.8992,0.139349,0.58509,94.3368,0.153285,0.56678,115.467201,0.146739,0.615843,126.152802,0.133197,0.630474,123.9384,0.121533,0.629388,97.335999,0.152027,0.53326,111.552803,0.133796,0.548734,110.7584,0.141178,0.539906,108.712799,0.142944,0.518624,97.693604,0.141275,0.483371
COLORWHEEL_2700_IMG_0617_0028,COLORWHEEL_2700,train,2700,semiquant,Bilirubin:Large 100,Bilirubin:Large 100,,,Bilirubin,Large 100,COLORWHEEL_2700_SEMIQUANT.zip,1,1,0,,108.8992,0.139349,0.58509,94.3368,0.153285,0.56678,115.467201,0.146739,0.615843,126.152802,0.133197,0.630474,123.9384,0.121533,0.629388,97.335999,0.152027,0.53326,111.552803,0.133796,0.548734,110.7584,0.141178,0.539906,108.712799,0.142944,0.518624,97.693604,0.141275,0.483371
COLORWHEEL_2700_IMG_0617_0028,COLORWHEEL_2700,train,2700,semiquant,Glucose:30 ++,Glucose:30 ++,,,Glucose,30 ++,COLORWHEEL_2700_SEMIQUANT.zip,1,1,0,,108.8992,0.139349,0.58509,94.3368,0.153285,0.56678,115.467201,0.146739,0.615843,126.152802,0.133197,0.630474,123.9384,0.121533,0.629388,97.335999,0.152027,0.53326,111.552803,0.133796,0.548734,110.7584,0.141178,0.539906,108.712799,0.142944,0.518624,97.693604,0.141275,0.483371
COLORWHEEL_2700_IMG_0620_0029,COLORWHEEL_2700,train,2700,semiquant,Leukocytes:Moderate 125,Leukocytes:Moderate 125,,,Leukocytes,Moderate 125,COLORWHEEL_2700_SEMIQUANT.zip,1,1,0,,180.0,0.20643,1.0,180.0,0.204499,1.0,180.009598,0.213931,1.0,180.276794,0.204588,1.0,181.233597,0.225131,1.0,182.586395,0.238364,1.0,182.783997,0.239013,1.0,182.238403,0.235115,1.0,181.343994,0.222129,1.0,182.525604,0.232403,1.0
COLORWHEEL_2700_IMG_0620_0029,COLORWHEEL_2700,train,2700,semiquant,Nitrite:Neg,Nitrite:Neg,,,Nitrite,Neg,COLORWHEEL_2700_SEMIQUANT.zip,1,1,0,,180.0,0.20643,1.0,180.0,0.204499,1.0,180.009598,0.213931,1.0,180.276794,0.204588,1.0,181.233597,0.225131,1.0,182.586395,0.238364,1.0,182.783997,0.239013,1.0,182.238403,0.235115,1.0,181.343994,0.222129,1.0,182.525604,0.232403,1.0
COLORWHEEL_2700_IMG_0620_0029,COLORWHEEL_2700,train,2700,semiquant,Urobilinogen:64,Urobilinogen:64,,,Urobilinogen,64,COLORWHEEL_2700_SEMIQUANT.zip,1,1,0,,180.0,0.20643,1.0,180.0,0.204499,1.0,180.009598,0.213931,1.0,180.276794,0.204588,1.0,181.233597,0.225131,1.0,182.586395,0.238364,1.0,182.783997,0.239013,1.0,182.238403,0.235115,1.0,181.343994,0.222129,1.0,182.525604,0.232403,1.0
COLORWHEEL_2700_IMG_0620_0029,COLORWHEEL_2700,train,2700,semiquant,Protein:3.0,Protein:3.0,,,Protein,3.0,COLORWHEEL_2700_SEMIQUANT.zip,1,1,0,,180.0,0.20643,1.0,180.0,0.204499,1.0,180.009598,0.213931,1.0,180.276794,0.204588,1.0,181.233597,0.225131,1.0,182.586395,0.238364,1.0,182.783997,0.239013,1.0,182.238403,0.235115,1.0,181.343994,0.222129,1.0,182.525604,0.232403,1.0
COLORWHEEL_2700_IMG_0620_0029,COLORWHEEL_2700,train,2700,semiquant,pH:5.0,pH:5.0,,,pH,5.0,COLORWHEEL_2700_SEMIQUANT.zip,1,1,0,,180.0,0.20643,1.0,180.0,0.204499,1.0,180.009598,0.213931,1.0,180.276794,0.204588,1.0,181.233597,0.225131,1.0,182.586395,0.238364,1.0,182.783997,0.239013,1.0,182.238403,0.235115,1.0,181.343994,0.222129,1.0,182.525604,0.232403,1.0
COLORWHEEL_2700_IMG_0620_0029,COLORWHEEL_2700,train,2700,semiquant,Blood:Moderate 80,Blood:Moderate 80,,,Blood,Moderate 80,COLORWHEEL_2700_SEMIQUANT.zip,1,1,0,,180.0,0.20643,1.0,180.0,0.204499,1.0,180.009598,0.213931,1.0,180.276794,0.204588,1.0,181.233597,0.225131,1.0,182.586395,0.238364,1.0,182.783997,0.239013,1.0,182.238403,0.235115,1.0,181.343994,0.222129,1.0,182.525604,0.232403,1.0
COLORWHEEL_2700_IMG_0620_0029,COLORWHEEL_2700,train,2700,semiquant,Specific Gravity:1.000,Specific Gravity:1.000,,,Specific Gravity,1.000,COLORWHEEL_2700_SEMIQUANT.zip,1,1,0,,180.0,0.20643,1.0,180.0,0.204499,1.0,180.009598,0.213931,1.0,180.276794,0.204588,1.0,181.233597,0.225131,1.0,182.586395,0.238364,1.0,182.783997,0.239013,1.0,182.238403,0.235115,1.0,181.343994,0.222129,1.0,182.525604,0.232403,1.0
COLORWHEEL_2700_IMG_0620_0029,COLORWHEEL_2700,train,2700,semiquant,Ketone:8.0,Ketone:8.0,,,Ketone,8.0,COLORWHEEL_2700_SEMIQUANT.zip,1,1,0,,180.0,0.20643,1.0,180.0,0.204499,1.0,180.009598,0.213931,1.0,180.276794,0.204588,1.0,181.233597,0.225131,1.0,182.586395,0.238364,1.0,182.783997,0.239013,1.0,182.238403,0.235115,1.0,181.343994,0.222129,1.0,182.525604,0.232403,1.0
COLORWHEEL_2700_IMG_0620_0029,COLORWHEEL_2700,train,2700,semiquant,Bilirubin:Neg,Bilirubin:Neg,,,Bilirubin,Neg,COLORWHEEL_2700_SEMIQUANT.zip,1,1,0,,180.0,0.20643,1.0,180.0,0.204499,1.0,180.009598,0.213931,1.0,180.276794,0.204588,1.0,181.233597,0.225131,1.0,182.586395,0.238364,1.0,182.783997,0.239013,1.0,182.238403,0.235115,1.0,181.343994,0.222129,1.0,182.525604,0.232403,1.0
COLORWHEEL_2700_IMG_0620_0029,COLORWHEEL_2700,train,2700,semiquant,Glucose:60 +++,Glucose:60 +++,,,Glucose,60 +++,COLORWHEEL_2700_SEMIQUANT.zip,1,1,0,,180.0,0.20643,1.0,180.0,0.204499,1.0,180.009598,0.213931,1.0,180.276794,0.204588,1.0,181.233597,0.225131,1.0,182.586395,0.238364,1.0,182.783997,0.239013,1.0,182.238403,0.235115,1.0,181.343994,0.222129,1.0,182.525604,0.232403,1.0
COLORWHEEL_2700_IMG_0623_0030,COLORWHEEL_2700,train,2700,semiquant,Leukocytes:Large 500,Leukocytes:Large 500,,,Leukocytes,Large 500,COLORWHEEL_2700_SEMIQUANT.zip,1,1,0,,30.92,0.97147,1.0,31.179199,0.972063,1.0,23.913601,0.60635,0.950014,28.92,0.470069,1.0,31.719999,0.971901,1.0,30.2024,0.969393,0.999945,30.68,0.692017,1.0,30.0592,0.476767,1.0,30.1168,0.475475,1.0,30.285601,0.468819,1.0
COLORWHEEL_2700_IMG_0623_0030,COLORWHEEL_2700,train,2700,semiquant,Nitrite:Positive,Nitrite:Positive,,,Nitrite,Positive,COLORWHEEL_2700_SEMIQUANT.zip,1,1,0,,30.92,0.97147,1.0,31.179199,0.972063,1.0,23.913601,0.60635,0.950014,28.92,0.470069,1.0,31.719999,0.971901,1.0,30.2024,0.969393,0.999945,30.68,0.692017,1.0,30.0592,0.476767,1.0,30.1168,0.475475,1.0,30.285601,0.468819,1.0
COLORWHEEL_2700_IMG_0623_0030,COLORWHEEL_2700,train,2700,semiquant,Urobilinogen:128,Urobilinogen:128,,,Urobilinogen,128,COLORWHEEL_2700_SEMIQUANT.zip,1,1,0,,30.92,0.97147,1.0,31.179199,0.972063,1.0,23.913601,0.60635,0.950014,28.92,0.470069,1.0,31.719999,0.971901,1.0,30.2024,0.969393,0.999945,30.68,0.692017,1.0,30.0592,0.476767,1.0,30.1168,0.475475,1.0,30.285601,0.468819,1.0
COLORWHEEL_2700_IMG_0623_0030,COLORWHEEL_2700,train,2700,semiquant,Protein:>=20.0,Protein:>=20.0,,,Protein,>=20.0,COLORWHEEL_2700_SEMIQUANT.zip,1,1,0,,30.92,0.97147,1.0,31.179199,0.972063,1.0,23.913601,0.60635,0.950014,28.92,0.470069,1.0,31.719999,0.971901,1.0,30.2024,0.969393,0.999945,30.68,0.692017,1.0,30.0592,0.476767,1.0,30.1168,0.475475,1.0,30.285601,0.468819,1.0
COLORWHEEL_2700_IMG_0623_0030,COLORWHEEL_2700,train,2700,semiquant,pH:6.0,pH:6.0,,,pH,6.0,COLORWHEEL_2700_SEMIQUANT.zip,1,1,0,,30.92,0.97147,1.0,31.179199,0.972063,1.0,23.913601,0.60635,0.950014,28.92,0.470069,1.0,31.719999,0.971901,1.0,30.2024,0.969393,0.999945,30.68,0.692017,1.0,30.0592,0.476767,1.0,30.1168,0.475475,1.0,30.285601,0.468819,1.0
COLORWHEEL_2700_IMG_0623_0030,COLORWHEEL_2700,train,2700,semiquant,Blood:Large 200,Blood:Large 200,,,Blood,Large 200,COLORWHEEL_2700_SEMIQUANT.zip,1,1,0,,30.92,0.97147,1.0,31.179199,0.972063,1.0,23.913601,0.60635,0.950014,28.92,0.470069,1.0,31.719999,0.971901,1.0,30.2024,0.969393,0.999945,30.68,0.692017,1.0,30.0592,0.476767,1.0,30.1168,0.475475,1.0,30.285601,0.468819,1.0
COLORWHEEL_2700_IMG_0623_0030,COLORWHEEL_2700,train,2700,semiquant,Specific Gravity:1.005,Specific Gravity:1.005,,,Specific Gravity,1.005,COLORWHEEL_2700_SEMIQUANT.zip,1,1,0,,30.92,0.97147,1.0,31.179199,0.972063,1.0,23.913601,0.60635,0.950014,28.92,0.470069,1.0,31.719999,0.971901,1.0,30.2024,0.969393,0.999945,30.68,0.692017,1.0,30.0592,0.476767,1.0,30.1168,0.475475,1.0,30.285601,0.468819,1.0
COLORWHEEL_2700_IMG_0623_0030,COLORWHEEL_2700,train,2700,semiquant,Ketone:Large 16,Ketone:Large 16,,,Ketone,Large 16,COLORWHEEL_2700_SEMIQUANT.zip,1,1,0,,30.92,0.97147,1.0,31.179199,0.972063,1.0,23.913601,0.60635,0.950014,28.92,0.470069,1.0,31.719999,0.971901,1.0,30.2024,0.969393,0.999945,30.68,0.692017,1.0,30.0592,0.476767,1.0,30.1168,0.475475,1.0,30.285601,0.468819,1.0
COLORWHEEL_2700_IMG_0623_0030,COLORWHEEL_2700,train,2700,semiquant,Bilirubin:Small 17,Bilirubin:Small 17,,,Bilirubin,Small 17,COLORWHEEL_2700_SEMIQUANT.zip,1,1,0,,30.92,0.97147,1.0,31.179199,0.972063,1.0,23.913601,0.60635,0.950014,28.92,0.470069,1.0,31.719999,0.971901,1.0,30.2024,0.969393,0.999945,30.68,0.692017,1.0,30.0592,0.476767,1.0,30.1168,0.475475,1.0,30.285601,0.468819,1.0
COLORWHEEL_2700_IMG_0623_0030,COLORWHEEL_2700,train,2700,semiquant,Glucose:110 ++++,Glucose:110 ++++,,,Glucose,110 ++++,COLORWHEEL_2700_SEMIQUANT.zip,1,1,0,,30.92,0.97147,1.0,31.179199,0.972063,1.0,23.913601,0.60635,0.950014,28.92,0.470069,1.0,31.719999,0.971901,1.0,30.2024,0.969393,0.999945,30.68,0.692017,1.0,30.0592,0.476767,1.0,30.1168,0.475475,1.0,30.285601,0.468819,1.0
COLORWHEEL_4000_IMG_0543_0001,COLORWHEEL_4000,train,4000,semiquant,Leukocytes:Neg,Leukocytes:Neg,,,Leukocytes,Neg,COLORWHEEL_4000_SEMIQUANT.zip,1,1,0,,145.664795,0.191103,0.764169,145.536804,0.191674,0.76232,145.865601,0.191332,0.767269,146.345596,0.199245,0.779093,146.149597,0.194889,0.77894,155.916794,0.179573,0.643766,147.526398,0.198949,0.802287,146.473602,0.197407,0.804358,146.017593,0.190408,0.700988,152.790405,0.186685,0.704827
COLORWHEEL_4000_IMG_0543_0001,COLORWHEEL_4000,train,4000,semiquant,Nitrite:Neg,Nitrite:Neg,,,Nitrite,Neg,COLORWHEEL_4000_SEMIQUANT.zip,1,1,0,,145.664795,0.191103,0.764169,145.536804,0.191674,0.76232,145.865601,0.191332,0.767269,146.345596,0.199245,0.779093,146.149597,0.194889,0.77894,155.916794,0.179573,0.643766,147.526398,0.198949,0.802287,146.473602,0.197407,0.804358,146.017593,0.190408,0.700988,152.790405,0.186685,0.704827
COLORWHEEL_4000_IMG_0543_0001,COLORWHEEL_4000,train,4000,semiquant,Urobilinogen:3.2,Urobilinogen:3.2,,,Urobilinogen,3.2,COLORWHEEL_4000_SEMIQUANT.zip,1,1,0,,145.664795,0.191103,0.764169,145.536804,0.191674,0.76232,145.865601,0.191332,0.767269,146.345596,0.199245,0.779093,146.149597,0.194889,0.77894,155.916794,0.179573,0.643766,147.526398,0.198949,0.802287,146.473602,0.197407,0.804358,146.017593,0.190408,0.700988,152.790405,0.186685,0.704827
COLORWHEEL_4000_IMG_0543_0001,COLORWHEEL_4000,train,4000,semiquant,Protein:Neg,Protein:Neg,,,Protein,Neg,COLORWHEEL_4000_SEMIQUANT.zip,1,1,0,,145.664795,0.191103,0.764169,145.536804,0.191674,0.76232,145.865601,0.191332,0.767269,146.345596,0.199245,0.779093,146.149597,0.194889,0.77894,155.916794,0.179573,0.643766,147.526398,0.198949,0.802287,146.473602,0.197407,0.804358,146.017593,0.190408,0.700988,152.790405,0.186685,0.704827
COLORWHEEL_4000_IMG_0543_0001,COLORWHEEL_4000,train,4000,semiquant,pH:5.0,pH:5.0,,,pH,5.0,COLORWHEEL_4000_SEMIQUANT.zip,1,1,0,,145.664795,0.191103,0.764169,145.536804,0.191674,0.76232,145.865601,0.191332,0.767269,146.345596,0.199245,0.779093,146.149597,0.194889,0.77894,155.916794,0.179573,0.643766,147.526398,0.198949,0.802287,146.473602,0.197407,0.804358,146.017593,0.190408,0.700988,152.790405,0.186685,0.704827
COLORWHEEL_4000_IMG_0543_0001,COLORWHEEL_4000,train,4000,semiquant,Blood:Neg,Blood:Neg,,,Blood,Neg,COLORWHEEL_4000_SEMIQUANT.zip,1,1,0,,145.664795,0.191103,0.764169,145.536804,0.191674,0.76232,145.865601,0.191332,0.767269,146.345596,0.199245,0.779093,146.149597,0.194889,0.77894,155.916794,0.179573,0.643766,147.526398,0.198949,0.802287,146.473602,0.197407,0.804358,146.017593,0.190408,0.700988,152.790405,0.186685,0.704827
COLORWHEEL_4000_IMG_0543_0001,COLORWHEEL_4000,train,4000,semiquant,Specific Gravity:1.000,Specific Gravity:1.000,,,Specific Gravity,1.000,COLORWHEEL_4000_SEMIQUANT.zip,1,1,0,,145.664795,0.191103,0.764169,145.536804,0.191674,0.76232,145.865601,0.191332,0.767269,146.345596,0.199245,0.779093,146.149597,0.194889,0.77894,155.916794,0.179573,0.643766,147.526398,0.198949,0.802287,146.473602,0.197407,0.804358,146.017593,0.190408,0.700988,152.790405,0.186685,0.704827
COLORWHEEL_4000_IMG_0543_0001,COLORWHEEL_4000,train,4000,semiquant,Ketone:Neg,Ketone:Neg,,,Ketone,Neg,COLORWHEEL_4000_SEMIQUANT.zip,1,1,0,,145.664795,0.191103,0.764169,145.536804,0.191674,0.76232,145.865601,0.191332,0.767269,146.345596,0.199245,0.779093,146.149597,0.194889,0.77894,155.916794,0.179573,0.643766,147.526398,0.198949,0.802287,146.473602,0.197407,0.804358,146.017593,0.190408,0.700988,152.790405,0.186685,0.704827
COLORWHEEL_4000_IMG_0543_0001,COLORWHEEL_4000,train,4000,semiquant,Bilirubin:Neg,Bilirubin:Neg,,,Bilirubin,Neg,COLORWHEEL_4000_SEMIQUANT.zip,1,1,0,,145.664795,0.191103,0.764169,145.536804,0.191674,0.76232,145.865601,0.191332,0.767269,146.345596,0.199245,0.779093,146.149597,0.194889,0.77894,155.916794,0.179573,0.643766,147.526398,0.198949,0.802287,146.473602,0.197407,0.804358,146.017593,0.190408,0.700988,152.790405,0.186685,0.704827
COLORWHEEL_4000_IMG_0543_0001,COLORWHEEL_4000,train,4000,semiquant,Glucose:Neg,Glucose:Neg,,,Glucose,Neg,COLORWHEEL_4000_SEMIQUANT.zip,1,1,0,,145.664795,0.191103,0.764169,145.536804,0.191674,0.76232,145.865601,0.191332,0.767269,146.345596,0.199245,0.779093,146.149597,0.194889,0.77894,155.916794,0.179573,0.643766,147.526398,0.198949,0.802287,146.473602,0.197407,0.804358,146.017593,0.190408,0.700988,152.790405,0.186685,0.704827
COLORWHEEL_4000_IMG_0546_0002,COLORWHEEL_4000,train,4000,semiquant,Leukocytes:Trace 15,Leukocytes:Trace 15,,,Leukocytes,Trace 15,COLORWHEEL_4000_SEMIQUANT.zip,1,1,0,,109.999199,0.1663,0.698474,110.0,0.166245,0.697316,110.313599,0.16678,0.70354,110.0,0.166003,0.711928,110.0,0.165934,0.712629,125.882401,0.14646,0.592783,111.326401,0.165555,0.732982,110.110397,0.166078,0.733376,117.989601,0.155493,0.630025,114.181602,0.151294,0.638792
COLORWHEEL_4000_IMG_0546_0002,COLORWHEEL_4000,train,4000,semiquant,Nitrite:Positive,Nitrite:Positive,,,Nitrite,Positive,COLORWHEEL_4000_SEMIQUANT.zip,1,1,0,,109.999199,0.1663,0.698474,110.0,0.166245,0.697316,110.313599,0.16678,0.70354,110.0,0.166003,0.711928,110.0,0.165934,0.712629,125.882401,0.14646,0.592783,111.326401,0.165555,0.732982,110.110397,0.166078,0.733376,117.989601,0.155493,0.630025,114.181602,0.151294,0.638792
COLORWHEEL_4000_IMG_0546_0002,COLORWHEEL_4000,train,4000,semiquant,Urobilinogen:16,Urobilinogen:16,,,Urobilinogen,16,COLORWHEEL_4000_SEMIQUANT.zip,1,1,0,,109.999199,0.1663,0.698474,110.0,0.166245,0.697316,110.313599,0.16678,0.70354,110.0,0.166003,0.711928,110.0,0.165934,0.712629,125.882401,0.14646,0.592783,111.326401,0.165555,0.732982,110.110397,0.166078,0.733376,117.989601,0.155493,0.630025,114.181602,0.151294,0.638792
COLORWHEEL_4000_IMG_0546_0002,COLORWHEEL_4000,train,4000,semiquant,Protein:Trace,Protein:Trace,,,Protein,Trace,COLORWHEEL_4000_SEMIQUANT.zip,1,1,0,,109.999199,0.1663,0.698474,110.0,0.166245,0.697316,110.313599,0.16678,0.70354,110.0,0.166003,0.711928,110.0,0.165934,0.712629,125.882401,0.14646,0.592783,111.326401,0.165555,0.732982,110.110397,0.166078,0.733376,117.989601,0.155493,0.630025,114.181602,0.151294,0.638792
COLORWHEEL_4000_IMG_0546_0002,COLORWHEEL_4000,train,4000,semiquant,pH:6.0,pH:6.0,,,pH,6.0,COLORWHEEL_4000_SEMIQUANT.zip,1,1,0,,109.999199,0.1663,0.698474,110.0,0.166245,0.697316,110.313599,0.16678,0.70354,110.0,0.166003,0.711928,110.0,0.165934,0.712629,125.882401,0.14646,0.592783,111.326401,0.165555,0.732982,110.110397,0.166078,0.733376,117.989601,0.155493,0.630025,114.181602,0.151294,0.638792
COLORWHEEL_4000_IMG_0546_0002,COLORWHEEL_4000,train,4000,semiquant,Blood:Non-hemolyzed 10,Blood:Non-hemolyzed 10,,,Blood,Non-hemolyzed 10,COLORWHEEL_4000_SEMIQUANT.zip,1,1,0,,109.999199,0.1663,0.698474,110.0,0.166245,0.697316,110.313599,0.16678,0.70354,110.0,0.166003,0.711928,110.0,0.165934,0.712629,125.882401,0.14646,0.592783,111.326401,0.165555,0.732982,110.110397,0.166078,0.733376,117.989601,0.155493,0.630025,114.181602,0.151294,0.638792
COLORWHEEL_4000_IMG_0546_0002,COLORWHEEL_4000,train,4000,semiquant,Specific Gravity:1.005,Specific Gravity:1.005,,,Specific Gravity,1.005,COLORWHEEL_4000_SEMIQUANT.zip,1,1,0,,109.999199,0.1663,0.698474,110.0,0.166245,0.697316,110.313599,0.16678,0.70354,110.0,0.166003,0.711928,110.0,0.165934,0.712629,125.882401,0.14646,0.592783,111.326401,0.165555,0.732982,110.110397,0.166078,0.733376,117.989601,0.155493,0.630025,114.181602,0.151294,0.638792
COLORWHEEL_4000_IMG_0546_0002,COLORWHEEL_4000,train,4000,semiquant,Ketone:Trace 0.5,Ketone:Trace 0.5,,,Ketone,Trace 0.5,COLORWHEEL_4000_SEMIQUANT.zip,1,1,0,,109.999199,0.1663,0.698474,110.0,0.166245,0.697316,110.313599,0.16678,0.70354,110.0,0.166003,0.711928,110.0,0.165934,0.712629,125.882401,0.14646,0.592783,111.326401,0.165555,0.732982,110.110397,0.166078,0.733376,117.989601,0.155493,0.630025,114.181602,0.151294,0.638792
COLORWHEEL_4000_IMG_0546_0002,COLORWHEEL_4000,train,4000,semiquant,Bilirubin:Small 17,Bilirubin:Small 17,,,Bilirubin,Small 17,COLORWHEEL_4000_SEMIQUANT.zip,1,1,0,,109.999199,0.1663,0.698474,110.0,0.166245,0.697316,110.313599,0.16678,0.70354,110.0,0.166003,0.711928,110.0,0.165934,0.712629,125.882401,0.14646,0.592783,111.326401,0.165555,0.732982,110.110397,0.166078,0.733376,117.989601,0.155493,0.630025,114.181602,0.151294,0.638792
COLORWHEEL_4000_IMG_0546_0002,COLORWHEEL_4000,train,4000,semiquant,Glucose:Trace 5,Glucose:Trace 5,,,Glucose,Trace 5,COLORWHEEL_4000_SEMIQUANT.zip,1,1,0,,109.999199,0.1663,0.698474,110.0,0.166245,0.697316,110.313599,0.16678,0.70354,110.0,0.166003,0.711928,110.0,0.165934,0.712629,125.882401,0.14646,0.592783,111.326401,0.165555,0.732982,110.110397,0.166078,0.733376,117.989601,0.155493,0.630025,114.181602,0.151294,0.638792
COLORWHEEL_4000_IMG_0552_0003,COLORWHEEL_4000,train,4000,semiquant,Leukocytes:Small 70,Leukocytes:Small 70,,,Leukocytes,Small 70,COLORWHEEL_4000_SEMIQUANT.zip,1,1,0,,139.493607,0.261608,0.841989,139.480804,0.261481,0.839611,139.615204,0.262047,0.849474,139.726395,0.262317,0.860298,139.697601,0.262249,0.857666,143.338394,0.251089,0.677064,139.955994,0.263134,0.882163,139.940002,0.263103,0.882171,137.649597,0.249093,0.768416,140.168793,0.254453,0.77786
COLORWHEEL_4000_IMG_0552_0003,COLORWHEEL_4000,train,4000,semiquant,Nitrite:Neg,Nitrite:Neg,,,Nitrite,Neg,COLORWHEEL_4000_SEMIQUANT.zip,1,1,0,,139.493607,0.261608,0.841989,139.480804,0.261481,0.839611,139.615204,0.262047,0.849474,139.726395,0.262317,0.860298,139.697601,0.262249,0.857666,143.338394,0.251089,0.677064,139.955994,0.263134,0.882163,139.940002,0.263103,0.882171,137.649597,0.249093,0.768416,140.168793,0.254453,0.77786
COLORWHEEL_4000_IMG_0552_0003,COLORWHEEL_4000,train,4000,semiquant,Urobilinogen:32,Urobilinogen:32,,,Urobilinogen,32,COLORWHEEL_4000_SEMIQUANT.zip,1,1,0,,139.493607,0.261608,0.841989,139.480804,0.261481,0.839611,139.615204,0.262047,0.849474,139.726395,0.262317,0.860298,139.697601,0.262249,0.857666,143.338394,0.251089,0.677064,139.955994,0.263134,0.882163,139.940002,0.263103,0.882171,137.649597,0.249093,0.768416,140.168793,0.254453,0.77786
COLORWHEEL_4000_IMG_0552_0003,COLORWHEEL_4000,train,4000,semiquant,Protein:0.3,Protein:0.3,,,Protein,0.3,COLORWHEEL_4000_SEMIQUANT.zip,1,1,0,,139.493607,0.261608,0.841989,139.480804,0.261481,0.839611,139.615204,0.262047,0.849474,139.726395,0.262317,0.860298,139.697601,0.262249,0.857666,143.338394,0.251089,0.677064,139.955994,0.263134,0.882163,139.940002,0.263103,0.882171,137.649597,0.249093,0.768416,140.168793,0.254453,0.77786
COLORWHEEL_4000_IMG_0552_0003,COLORWHEEL_4000,train,4000,semiquant,pH:6.5,pH:6.5,,,pH,6.5,COLORWHEEL_4000_SEMIQUANT.zip,1,1,0,,139.493607,0.261608,0.841989,139.480804,0.261481,0.839611,139.615204,0.262047,0.849474,139.726395,0.262317,0.860298,139.697601,0.262249,0.857666,143.338394,0.251089,0.677064,139.955994,0.263134,0.882163,139.940002,0.263103,0.882171,137.649597,0.249093,0.768416,140.168793,0.254453,0.77786
COLORWHEEL_4000_IMG_0552_0003,COLORWHEEL_4000,train,4000,semiquant,Blood:Hemolyzed 10,Blood:Hemolyzed 10,,,Blood,Hemolyzed 10,COLORWHEEL_4000_SEMIQUANT.zip,1,1,0,,139.493607,0.261608,0.841989,139.480804,0.261481,0.839611,139.615204,0.262047,0.849474,139.726395,0.262317,0.860298,139.697601,0.262249,0.857666,143.338394,0.251089,0.677064,139.955994,0.263134,0.882163,139.940002,0.263103,0.882171,137.649597,0.249093,0.768416,140.168793,0.254453,0.77786
COLORWHEEL_4000_IMG_0552_0003,COLORWHEEL_4000,train,4000,semiquant,Specific Gravity:1.010,Specific Gravity:1.010,,,Specific Gravity,1.010,COLORWHEEL_4000_SEMIQUANT.zip,1,1,0,,139.493607,0.261608,0.841989,139.480804,0.261481,0.839611,139.615204,0.262047,0.849474,139.726395,0.262317,0.860298,139.697601,0.262249,0.857666,143.338394,0.251089,0.677064,139.955994,0.263134,0.882163,139.940002,0.263103,0.882171,137.649597,0.249093,0.768416,140.168793,0.254453,0.77786
COLORWHEEL_4000_IMG_0552_0003,COLORWHEEL_4000,train,4000,semiquant,Ketone:Small 1.5,Ketone:Small 1.5,,,Ketone,Small 1.5,COLORWHEEL_4000_SEMIQUANT.zip,1,1,0,,139.493607,0.261608,0.841989,139.480804,0.261481,0.839611,139.615204,0.262047,0.849474,139.726395,0.262317,0.860298,139.697601,0.262249,0.857666,143.338394,0.251089,0.677064,139.955994,0.263134,0.882163,139.940002,0.263103,0.882171,137.649597,0.249093,0.768416,140.168793,0.254453,0.77786
COLORWHEEL_4000_IMG_0552_0003,COLORWHEEL_4000,train,4000,semiquant,Bilirubin:Moderate 50,Bilirubin:Moderate 50,,,Bilirubin,Moderate 50,COLORWHEEL_4000_SEMIQUANT.zip,1,1,0,,139.493607,0.261608,0.841989,139.480804,0.261481,0.839611,139.615204,0.262047,0.849474,139.726395,0.262317,0.860298,139.697601,0.262249,0.857666,143.338394,0.251089,0.677064,139.955994,0.263134,0.882163,139.940002,0.263103,0.882171,137.649597,0.249093,0.768416,140.168793,0.254453,0.77786
COLORWHEEL_4000_IMG_0552_0003,COLORWHEEL_4000,train,4000,semiquant,Glucose:15 +,Glucose:15 +,,,Glucose,15 +,COLORWHEEL_4000_SEMIQUANT.zip,1,1,0,,139.493607,0.261608,0.841989,139.480804,0.261481,0.839611,139.615204,0.262047,0.849474,139.726395,0.262317,0.860298,139.697601,0.262249,0.857666,143.338394,0.251089,0.677064,139.955994,0.263134,0.882163,139.940002,0.263103,0.882171,137.649597,0.249093,0.768416,140.168793,0.254453,0.77786
COLORWHEEL_4000_IMG_0555_0004,COLORWHEEL_4000,train,4000,semiquant,Leukocytes:Moderate 125,Leukocytes:Moderate 125,,,Leukocytes,Moderate 125,COLORWHEEL_4000_SEMIQUANT.zip,1,1,0,,177.197601,0.203529,0.779578,176.379196,0.203652,0.780739,177.679993,0.203879,0.791879,177.750397,0.203928,0.797722,175.972794,0.203854,0.796369,190.4664,0.189315,0.663719,177.923996,0.204246,0.810529,177.820007,0.204157,0.81368,187.784805,0.183686,0.676982,184.591995,0.203267,0.704646
COLORWHEEL_4000_IMG_0555_0004,COLORWHEEL_4000,train,4000,semiquant,Nitrite:Positive,Nitrite:Positive,,,Nitrite,Positive,COLORWHEEL_4000_SEMIQUANT.zip,1,1,0,,177.197601,0.203529,0.779578,176.379196,0.203652,0.780739,177.679993,0.203879,0.791879,177.750397,0.203928,0.797722,175.972794,0.203854,0.796369,190.4664,0.189315,0.663719,177.923996,0.204246,0.810529,177.820007,0.204157,0.81368,187.784805,0.183686,0.676982,184.591995,0.203267,0.704646
COLORWHEEL_4000_IMG_0555_0004,COLORWHEEL_4000,train,4000,semiquant,Urobilinogen:64,Urobilinogen:64,,,Urobilinogen,64,COLORWHEEL_4000_SEMIQUANT.zip,1,1,0,,177.197601,0.203529,0.779578,176.379196,0.203652,0.780739,177.679993,0.203879,0.791879,177.750397,0.203928,0.797722,175.972794,0.203854,0.796369,190.4664,0.189315,0.663719,177.923996,0.204246,0.810529,177.820007,0.204157,0.81368,187.784805,0.183686,0.676982,184.591995,0.203267,0.704646
COLORWHEEL_4000_IMG_0555_0004,COLORWHEEL_4000,train,4000,semiquant,Protein:1.0,Protein:1.0,,,Protein,1.0,COLORWHEEL_4000_SEMIQUANT.zip,1,1,0,,177.197601,0.203529,0.779578,176.379196,0.203652,0.780739,177.679993,0.203879,0.791879,177.750397,0.203928,0.797722,175.972794,0.203854,0.796369,190.4664,0.189315,0.663719,177.923996,0.204246,0.810529,177.820007,0.204157,0.81368,187.784805,0.183686,0.676982,184.591995,0.203267,0.704646
COLORWHEEL_4000_IMG_0555_0004,COLORWHEEL_4000,train,4000,semiquant,pH:7.0,pH:7.0,,,pH,7.0,COLORWHEEL_4000_SEMIQUANT.zip,1,1,0,,177.197601,0.203529,0.779578,176.379196,0.203652,0.780739,177.679993,0.203879,0.791879,177.750397,0.203928,0.797722,175.972794,0.203854,0.796369,190.4664,0.189315,0.663719,177.923996,0.204246,0.810529,177.820007,0.204157,0.81368,187.784805,0.183686,0.676982,184.591995,0.203267,0.704646
COLORWHEEL_4000_IMG_0555_0004,COLORWHEEL_4000,train,4000,semiquant,Blood:Small 25,Blood:Small 25,,,Blood,Small 25,COLORWHEEL_4000_SEMIQUANT.zip,1,1,0,,177.197601,0.203529,0.779578,176.379196,0.203652,0.780739,177.679993,0.203879,0.791879,177.750397,0.203928,0.797722,175.972794,0.203854,0.796369,190.4664,0.189315,0.663719,177.923996,0.204246,0.810529,177.820007,0.204157,0.81368,187.784805,0.183686,0.676982,184.591995,0.203267,0.704646
COLORWHEEL_4000_IMG_0555_0004,COLORWHEEL_4000,train,4000,semiquant,Specific Gravity:1.015,Specific Gravity:1.015,,,Specific Gravity,1.015,COLORWHEEL_4000_SEMIQUANT.zip,1,1,0,,177.197601,0.203529,0.779578,176.379196,0.203652,0.780739,177.679993,0.203879,0.791879,177.750397,0.203928,0.797722,175.972794,0.203854,0.796369,190.4664,0.189315,0.663719,177.923996,0.204246,0.810529,177.820007,0.204157,0.81368,187.784805,0.183686,0.676982,184.591995,0.203267,0.704646
COLORWHEEL_4000_IMG_0555_0004,COLORWHEEL_4000,train,4000,semiquant,Ketone:Moderate 4.0,Ketone:Moderate 4.0,,,Ketone,Moderate 4.0,COLORWHEEL_4000_SEMIQUANT.zip,1,1,0,,177.197601,0.203529,0.779578,176.379196,0.203652,0.780739,177.679993,0.203879,0.791879,177.750397,0.203928,0.797722,175.972794,0.203854,0.796369,190.4664,0.189315,0.663719,177.923996,0.204246,0.810529,177.820007,0.204157,0.81368,187.784805,0.183686,0.676982,184.591995,0.203267,0.704646
COLORWHEEL_4000_IMG_0555_0004,COLORWHEEL_4000,train,4000,semiquant,Bilirubin:Large 100,Bilirubin:Large 100,,,Bilirubin,Large 100,COLORWHEEL_4000_SEMIQUANT.zip,1,1,0,,177.197601,0.203529,0.779578,176.379196,0.203652,0.780739,177.679993,0.203879,0.791879,177.750397,0.203928,0.797722,175.972794,0.203854,0.796369,190.4664,0.189315,0.663719,177.923996,0.204246,0.810529,177.820007,0.204157,0.81368,187.784805,0.183686,0.676982,184.591995,0.203267,0.704646
COLORWHEEL_4000_IMG_0555_0004,COLORWHEEL_4000,train,4000,semiquant,Glucose:30 ++,Glucose:30 ++,,,Glucose,30 ++,COLORWHEEL_4000_SEMIQUANT.zip,1,1,0,,177.197601,0.203529,0.779578,176.379196,0.203652,0.780739,177.679993,0.203879,0.791879,177.750397,0.203928,0.797722,175.972794,0.203854,0.796369,190.4664,0.189315,0.663719,177.923996,0.204246,0.810529,177.820007,0.204157,0.81368,187.784805,0.183686,0.676982,184.591995,0.203267,0.704646
COLORWHEEL_4000_IMG_0558_0005,COLORWHEEL_4000,train,4000,semiquant,Leukocytes:Large 500,Leukocytes:Large 500,,,Leukocytes,Large 500,COLORWHEEL_4000_SEMIQUANT.zip,1,1,0,,119.647202,0.055835,0.706824,119.586403,0.056505,0.714206,122.754402,0.055023,0.718569,117.406403,0.052866,0.723978,119.6408,0.056844,0.726835,146.045593,0.076099,0.576122,126.115997,0.058635,0.740249,125.967201,0.058513,0.735186,124.5056,0.056973,0.730645,123.188797,0.055674,0.729961
COLORWHEEL_4000_IMG_0558_0005,COLORWHEEL_4000,train,4000,semiquant,Nitrite:Neg,Nitrite:Neg,,,Nitrite,Neg,COLORWHEEL_4000_SEMIQUANT.zip,1,1,0,,119.647202,0.055835,0.706824,119.586403,0.056505,0.714206,122.754402,0.055023,0.718569,117.406403,0.052866,0.723978,119.6408,0.056844,0.726835,146.045593,0.076099,0.576122,126.115997,0.058635,0.740249,125.967201,0.058513,0.735186,124.5056,0.056973,0.730645,123.188797,0.055674,0.729961
COLORWHEEL_4000_IMG_0558_0005,COLORWHEEL_4000,train,4000,semiquant,Urobilinogen:128,Urobilinogen:128,,,Urobilinogen,128,COLORWHEEL_4000_SEMIQUANT.zip,1,1,0,,119.647202,0.055835,0.706824,119.586403,0.056505,0.714206,122.754402,0.055023,0.718569,117.406403,0.052866,0.723978,119.6408,0.056844,0.726835,146.045593,0.076099,0.576122,126.115997,0.058635,0.740249,125.967201,0.058513,0.735186,124.5056,0.056973,0.730645,123.188797,0.055674,0.729961
COLORWHEEL_4000_IMG_0558_0005,COLORWHEEL_4000,train,4000,semiquant,Protein:3.0,Protein:3.0,,,Protein,3.0,COLORWHEEL_4000_SEMIQUANT.zip,1,1,0,,119.647202,0.055835,0.706824,119.586403,0.056505,0.714206,122.754402,0.055023,0.718569,117.406403,0.052866,0.723978,119.6408,0.056844,0.726835,146.045593,0.076099,0.576122,126.115997,0.058635,0.740249,125.967201,0.058513,0.735186,124.5056,0.056973,0.730645,123.188797,0.055674,0.729961
COLORWHEEL_4000_IMG_0558_0005,COLORWHEEL_4000,train,4000,semiquant,pH:7.5,pH:7.5,,,pH,7.5,COLORWHEEL_4000_SEMIQUANT.zip,1,1,0,,119.647202,0.055835,0.706824,119.586403,0.056505,0.714206,122.754402,0.055023,0.718569,117.406403,0.052866,0.723978,119.6408,0.056844,0.726835,146.045593,0.076099,0.576122,126.115997,0.058635,0.740249,125.967201,0.058513,0.735186,124.5056,0.056973,0.730645,123.188797,0.055674,0.729961
COLORWHEEL_4000_IMG_0558_0005,COLORWHEEL_4000,train,4000,semiquant,Blood:Moderate 80,Blood:Moderate 80,,,Blood,Moderate 80,COLORWHEEL_4000_SEMIQUANT.zip,1,1,0,,119.647202,0.055835,0.706824,119.586403,0.056505,0.714206,122.754402,0.055023,0.718569,117.406403,0.052866,0.723978,119.6408,0.056844,0.726835,146.045593,0.076099,0.576122,126.115997,0.058635,0.740249,125.967201,0.058513,0.735186,124.5056,0.056973,0.730645,123.188797,0.055674,0.729961
COLORWHEEL_4000_IMG_0558_0005,COLORWHEEL_4000,train,4000,semiquant,Specific Gravity:1.020,Specific Gravity:1.020,,,Specific Gravity,1.020,COLORWHEEL_4000_SEMIQUANT.zip,1,1,0,,119.647202,0.055835,0.706824,119.586403,0.056505,0.714206,122.754402,0.055023,0.718569,117.406403,0.052866,0.723978,119.6408,0.056844,0.726835,146.045593,0.076099,0.576122,126.115997,0.058635,0.740249,125.967201,0.058513,0.735186,124.5056,0.056973,0.730645,123.188797,0.055674,0.729961
COLORWHEEL_4000_IMG_0558_0005,COLORWHEEL_4000,train,4000,semiquant,Ketone:8.0,Ketone:8.0,,,Ketone,8.0,COLORWHEEL_4000_SEMIQUANT.zip,1,1,0,,119.647202,0.055835,0.706824,119.586403,0.056505,0.714206,122.754402,0.055023,0.718569,117.406403,0.052866,0.723978,119.6408,0.056844,0.726835,146.045593,0.076099,0.576122,126.115997,0.058635,0.740249,125.967201,0.058513,0.735186,124.5056,0.056973,0.730645,123.188797,0.055674,0.729961
COLORWHEEL_4000_IMG_0558_0005,COLORWHEEL_4000,train,4000,semiquant,Bilirubin:Neg,Bilirubin:Neg,,,Bilirubin,Neg,COLORWHEEL_4000_SEMIQUANT.zip,1,1,0,,119.647202,0.055835,0.706824,119.586403,0.056505,0.714206,122.754402,0.055023,0.718569,117.406403,0.052866,0.723978,119.6408,0.056844,0.726835,146.045593,0.076099,0.576122,126.115997,0.058635,0.740249,125.967201,0.058513,0.735186,124.5056,0.056973,0.730645,123.188797,0.055674,0.729961
COLORWHEEL_4000_IMG_0558_0005,COLORWHEEL_4000,train,4000,semiquant,Glucose:60 +++,Glucose:60 +++,,,Glucose,60 +++,COLORWHEEL_4000_SEMIQUANT.zip,1,1,0,,119.647202,0.055835,0.706824,119.586403,0.056505,0.714206,122.754402,0.055023,0.718569,117.406403,0.052866,0.723978,119.6408,0.056844,0.726835,146.045593,0.076099,0.576122,126.115997,0.058635,0.740249,125.967201,0.058513,0.735186,124.5056,0.056973,0.730645,123.188797,0.055674,0.729961
COLORWHEEL_4000_IMG_0561_0006,COLORWHEEL_4000,train,4000,semiquant,Leukocytes:Neg,Leukocytes:Neg,,,Leukocytes,Neg,COLORWHEEL_4000_SEMIQUANT.zip,1,1,0,,182.311203,0.164111,0.765702,182.276001,0.16395,0.763798,182.4272,0.164413,0.769162,182.639999,0.165581,0.779592,182.740799,0.165445,0.779031,191.687195,0.168232,0.62574,182.9888,0.167161,0.796157,182.911194,0.167476,0.79632,191.388,0.166916,0.68291,189.496796,0.16614,0.693575
COLORWHEEL_4000_IMG_0561_0006,COLORWHEEL_4000,train,4000,semiquant,Nitrite:Positive,Nitrite:Positive,,,Nitrite,Positive,COLORWHEEL_4000_SEMIQUANT.zip,1,1,0,,182.311203,0.164111,0.765702,182.276001,0.16395,0.763798,182.4272,0.164413,0.769162,182.639999,0.165581,0.779592,182.740799,0.165445,0.779031,191.687195,0.168232,0.62574,182.9888,0.167161,0.796157,182.911194,0.167476,0.79632,191.388,0.166916,0.68291,189.496796,0.16614,0.693575
COLORWHEEL_4000_IMG_0561_0006,COLORWHEEL_4000,train,4000,semiquant,Urobilinogen:3.2,Urobilinogen:3.2,,,Urobilinogen,3.2,COLORWHEEL_4000_SEMIQUANT.zip,1,1,0,,182.311203,0.164111,0.765702,182.276001,0.16395,0.763798,182.4272,0.164413,0.769162,182.639999,0.165581,0.779592,182.740799,0.165445,0.779031,191.687195,0.168232,0.62574,182.9888,0.167161,0.796157,182.911194,0.167476,0.79632,191.388,0.166916,0.68291,189.496796,0.16614,0.693575
COLORWHEEL_4000_IMG_0561_0006,COLORWHEEL_4000,train,4000,semiquant,Protein:>=20.0,Protein:>=20.0,,,Protein,>=20.0,COLORWHEEL_4000_SEMIQUANT.zip,1,1,0,,182.311203,0.164111,0.765702,182.276001,0.16395,0.763798,182.4272,0.164413,0.769162,182.639999,0.165581,0.779592,182.740799,0.165445,0.779031,191.687195,0.168232,0.62574,182.9888,0.167161,0.796157,182.911194,0.167476,0.79632,191.388,0.166916,0.68291,189.496796,0.16614,0.693575
COLORWHEEL_4000_IMG_0561_0006,COLORWHEEL_4000,train,4000,semiquant,pH:8.0,pH:8.0,,,pH,8.0,COLORWHEEL_4000_SEMIQUANT.zip,1,1,0,,182.311203,0.164111,0.765702,182.276001,0.16395,0.763798,182.4272,0.164413,0.769162,182.639999,0.165581,0.779592,182.740799,0.165445,0.779031,191.687195,0.168232,0.62574,182.9888,0.167161,0.796157,182.911194,0.167476,0.79632,191.388,0.166916,0.68291,189.496796,0.16614,0.693575
COLORWHEEL_4000_IMG_0561_0006,COLORWHEEL_4000,train,4000,semiquant,Blood:Large 200,Blood:Large 200,,,Blood,Large 200,COLORWHEEL_4000_SEMIQUANT.zip,1,1,0,,182.311203,0.164111,0.765702,182.276001,0.16395,0.763798,182.4272,0.164413,0.769162,182.639999,0.165581,0.779592,182.740799,0.165445,0.779031,191.687195,0.168232,0.62574,182.9888,0.167161,0.796157,182.911194,0.167476,0.79632,191.388,0.166916,0.68291,189.496796,0.16614,0.693575
COLORWHEEL_4000_IMG_0561_0006,COLORWHEEL_4000,train,4000,semiquant,Specific Gravity:1.025,Specific Gravity:1.025,,,Specific Gravity,1.025,COLORWHEEL_4000_SEMIQUANT.zip,1,1,0,,182.311203,0.164111,0.765702,182.276001,0.16395,0.763798,182.4272,0.164413,0.769162,182.639999,0.165581,0.779592,182.740799,0.165445,0.779031,191.687195,0.168232,0.62574,182.9888,0.167161,0.796157,182.911194,0.167476,0.79632,191.388,0.166916,0.68291,189.496796,0.16614,0.693575
COLORWHEEL_4000_IMG_0561_0006,COLORWHEEL_4000,train,4000,semiquant,Ketone:Large 16,Ketone:Large 16,,,Ketone,Large 16,COLORWHEEL_4000_SEMIQUANT.zip,1,1,0,,182.311203,0.164111,0.765702,182.276001,0.16395,0.763798,182.4272,0.164413,0.769162,182.639999,0.165581,0.779592,182.740799,0.165445,0.779031,191.687195,0.168232,0.62574,182.9888,0.167161,0.796157,182.911194,0.167476,0.79632,191.388,0.166916,0.68291,189.496796,0.16614,0.693575
COLORWHEEL_4000_IMG_0561_0006,COLORWHEEL_4000,train,4000,semiquant,Bilirubin:Small 17,Bilirubin:Small 17,,,Bilirubin,Small 17,COLORWHEEL_4000_SEMIQUANT.zip,1,1,0,,182.311203,0.164111,0.765702,182.276001,0.16395,0.763798,182.4272,0.164413,0.769162,182.639999,0.165581,0.779592,182.740799,0.165445,0.779031,191.687195,0.168232,0.62574,182.9888,0.167161,0.796157,182.911194,0.167476,0.79632,191.388,0.166916,0.68291,189.496796,0.16614,0.693575
COLORWHEEL_4000_IMG_0561_0006,COLORWHEEL_4000,train,4000,semiquant,Glucose:110 ++++,Glucose:110 ++++,,,Glucose,110 ++++,COLORWHEEL_4000_SEMIQUANT.zip,1,1,0,,182.311203,0.164111,0.765702,182.276001,0.16395,0.763798,182.4272,0.164413,0.769162,182.639999,0.165581,0.779592,182.740799,0.165445,0.779031,191.687195,0.168232,0.62574,182.9888,0.167161,0.796157,182.911194,0.167476,0.79632,191.388,0.166916,0.68291,189.496796,0.16614,0.693575
COLORWHEEL_4000_IMG_0567_0007,COLORWHEEL_4000,train,4000,semiquant,Leukocytes:Trace 15,Leukocytes:Trace 15,,,Leukocytes,Trace 15,COLORWHEEL_4000_SEMIQUANT.zip,1,1,0,,150.0504,0.251464,0.849404,150.204803,0.253195,0.852546,150.240005,0.254119,0.858896,150.457596,0.254442,0.866682,150.537598,0.256212,0.8719,154.356003,0.251749,0.82218,154.008804,0.25834,0.874922,151.772003,0.252301,0.876483,154.180801,0.2547,0.856731,153.115204,0.240681,0.768193
COLORWHEEL_4000_IMG_0567_0007,COLORWHEEL_4000,train,4000,semiquant,Nitrite:Neg,Nitrite:Neg,,,Nitrite,Neg,COLORWHEEL_4000_SEMIQUANT.zip,1,1,0,,150.0504,0.251464,0.849404,150.204803,0.253195,0.852546,150.240005,0.254119,0.858896,150.457596,0.254442,0.866682,150.537598,0.256212,0.8719,154.356003,0.251749,0.82218,154.008804,0.25834,0.874922,151.772003,0.252301,0.876483,154.180801,0.2547,0.856731,153.115204,0.240681,0.768193
COLORWHEEL_4000_IMG_0567_0007,COLORWHEEL_4000,train,4000,semiquant,Urobilinogen:16,Urobilinogen:16,,,Urobilinogen,16,COLORWHEEL_4000_SEMIQUANT.zip,1,1,0,,150.0504,0.251464,0.849404,150.204803,0.253195,0.852546,150.240005,0.254119,0.858896,150.457596,0.254442,0.866682,150.537598,0.256212,0.8719,154.356003,0.251749,0.82218,154.008804,0.25834,0.874922,151.772003,0.252301,0.876483,154.180801,0.2547,0.856731,153.115204,0.240681,0.768193
COLORWHEEL_4000_IMG_0567_0007,COLORWHEEL_4000,train,4000,semiquant,Protein:Neg,Protein:Neg,,,Protein,Neg,COLORWHEEL_4000_SEMIQUANT.zip,1,1,0,,150.0504,0.251464,0.849404,150.204803,0.253195,0.852546,150.240005,0.254119,0.858896,150.457596,0.254442,0.866682,150.537598,0.256212,0.8719,154.356003,0.251749,0.82218,154.008804,0.25834,0.874922,151.772003,0.252301,0.876483,154.180801,0.2547,0.856731,153.115204,0.240681,0.768193
COLORWHEEL_4000_IMG_0567_0007,COLORWHEEL_4000,train,4000,semiquant,pH:8.5,pH:8.5,,,pH,8.5,COLORWHEEL_4000_SEMIQUANT.zip,1,1,0,,150.0504,0.251464,0.849404,150.204803,0.253195,0.852546,150.240005,0.254119,0.858896,150.457596,0.254442,0.866682,150.537598,0.256212,0.8719,154.356003,0.251749,0.82218,154.008804,0.25834,0.874922,151.772003,0.252301,0.876483,154.180801,0.2547,0.856731,153.115204,0.240681,0.768193
COLORWHEEL_4000_IMG_0567_0007,COLORWHEEL_4000,train,4000,semiquant,Blood:Neg,Blood:Neg,,,Blood,Neg,COLORWHEEL_4000_SEMIQUANT.zip,1,1,0,,150.0504,0.251464,0.849404,150.204803,0.253195,0.852546,150.240005,0.254119,0.858896,150.457596,0.254442,0.866682,150.537598,0.256212,0.8719,154.356003,0.251749,0.82218,154.008804,0.25834,0.874922,151.772003,0.252301,0.876483,154.180801,0.2547,0.856731,153.115204,0.240681,0.768193
COLORWHEEL_4000_IMG_0567_0007,COLORWHEEL_4000,train,4000,semiquant,Specific Gravity:1.030,Specific Gravity:1.030,,,Specific Gravity,1.030,COLORWHEEL_4000_SEMIQUANT.zip,1,1,0,,150.0504,0.251464,0.849404,150.204803,0.253195,0.852546,150.240005,0.254119,0.858896,150.457596,0.254442,0.866682,150.537598,0.256212,0.8719,154.356003,0.251749,0.82218,154.008804,0.25834,0.874922,151.772003,0.252301,0.876483,154.180801,0.2547,0.856731,153.115204,0.240681,0.768193
COLORWHEEL_4000_IMG_0567_0007,COLORWHEEL_4000,train,4000,semiquant,Ketone:Neg,Ketone:Neg,,,Ketone,Neg,COLORWHEEL_4000_SEMIQUANT.zip,1,1,0,,150.0504,0.251464,0.849404,150.204803,0.253195,0.852546,150.240005,0.254119,0.858896,150.457596,0.254442,0.866682,150.537598,0.256212,0.8719,154.356003,0.251749,0.82218,154.008804,0.25834,0.874922,151.772003,0.252301,0.876483,154.180801,0.2547,0.856731,153.115204,0.240681,0.768193
COLORWHEEL_4000_IMG_0567_0007,COLORWHEEL_4000,train,4000,semiquant,Bilirubin:Moderate 50,Bilirubin:Moderate 50,,,Bilirubin,Moderate 50,COLORWHEEL_4000_SEMIQUANT.zip,1,1,0,,150.0504,0.251464,0.849404,150.204803,0.253195,0.852546,150.240005,0.254119,0.858896,150.457596,0.254442,0.866682,150.537598,0.256212,0.8719,154.356003,0.251749,0.82218,154.008804,0.25834,0.874922,151.772003,0.252301,0.876483,154.180801,0.2547,0.856731,153.115204,0.240681,0.768193
COLORWHEEL_4000_IMG_0567_0007,COLORWHEEL_4000,train,4000,semiquant,Glucose:Neg,Glucose:Neg,,,Glucose,Neg,COLORWHEEL_4000_SEMIQUANT.zip,1,1,0,,150.0504,0.251464,0.849404,150.204803,0.253195,0.852546,150.240005,0.254119,0.858896,150.457596,0.254442,0.866682,150.537598,0.256212,0.8719,154.356003,0.251749,0.82218,154.008804,0.25834,0.874922,151.772003,0.252301,0.876483,154.180801,0.2547,0.856731,153.115204,0.240681,0.768193
COLORWHEEL_4000_IMG_0570_0008,COLORWHEEL_4000,train,4000,semiquant,Leukocytes:Small 70,Leukocytes:Small 70,,,Leukocytes,Small 70,COLORWHEEL_4000_SEMIQUANT.zip,1,1,0,,157.594406,0.115796,0.719598,157.690399,0.116627,0.716315,157.664001,0.116591,0.724066,157.762405,0.117421,0.733467,157.665604,0.117253,0.732483,165.199997,0.105561,0.657291,157.872803,0.117876,0.739492,157.752808,0.116361,0.745515,167.911194,0.112207,0.634075,165.720001,0.110563,0.641642
COLORWHEEL_4000_IMG_0570_0008,COLORWHEEL_4000,train,4000,semiquant,Nitrite:Positive,Nitrite:Positive,,,Nitrite,Positive,COLORWHEEL_4000_SEMIQUANT.zip,1,1,0,,157.594406,0.115796,0.719598,157.690399,0.116627,0.716315,157.664001,0.116591,0.724066,157.762405,0.117421,0.733467,157.665604,0.117253,0.732483,165.199997,0.105561,0.657291,157.872803,0.117876,0.739492,157.752808,0.116361,0.745515,167.911194,0.112207,0.634075,165.720001,0.110563,0.641642
COLORWHEEL_4000_IMG_0570_0008,COLORWHEEL_4000,train,4000,semiquant,Urobilinogen:32,Urobilinogen:32,,,Urobilinogen,32,COLORWHEEL_4000_SEMIQUANT.zip,1,1,0,,157.594406,0.115796,0.719598,157.690399,0.116627,0.716315,157.664001,0.116591,0.724066,157.762405,0.117421,0.733467,157.665604,0.117253,0.732483,165.199997,0.105561,0.657291,157.872803,0.117876,0.739492,157.752808,0.116361,0.745515,167.911194,0.112207,0.634075,165.720001,0.110563,0.641642
COLORWHEEL_4000_IMG_0570_0008,COLORWHEEL_4000,train,4000,semiquant,Protein:Trace,Protein:Trace,,,Protein,Trace,COLORWHEEL_4000_SEMIQUANT.zip,1,1,0,,157.594406,0.115796,0.719598,157.690399,0.116627,0.716315,157.664001,0.116591,0.724066,157.762405,0.117421,0.733467,157.665604,0.117253,0.732483,165.199997,0.105561,0.657291,157.872803,0.117876,0.739492,157.752808,0.116361,0.745515,167.911194,0.112207,0.634075,165.720001,0.110563,0.641642
COLORWHEEL_4000_IMG_0570_0008,COLORWHEEL_4000,train,4000,semiquant,pH:5.0,pH:5.0,,,pH,5.0,COLORWHEEL_4000_SEMIQUANT.zip,1,1,0,,157.594406,0.115796,0.719598,157.690399,0.116627,0.716315,157.664001,0.116591,0.724066,157.762405,0.117421,0.733467,157.665604,0.117253,0.732483,165.199997,0.105561,0.657291,157.872803,0.117876,0.739492,157.752808,0.116361,0.745515,167.911194,0.112207,0.634075,165.720001,0.110563,0.641642
COLORWHEEL_4000_IMG_0570_0008,COLORWHEEL_4000,train,4000,semiquant,Blood:Non-hemolyzed 10,Blood:Non-hemolyzed 10,,,Blood,Non-hemolyzed 10,COLORWHEEL_4000_SEMIQUANT.zip,1,1,0,,157.594406,0.115796,0.719598,157.690399,0.116627,0.716315,157.664001,0.116591,0.724066,157.762405,0.117421,0.733467,157.665604,0.117253,0.732483,165.199997,0.105561,0.657291,157.872803,0.117876,0.739492,157.752808,0.116361,0.745515,167.911194,0.112207,0.634075,165.720001,0.110563,0.641642
COLORWHEEL_4000_IMG_0570_0008,COLORWHEEL_4000,train,4000,semiquant,Specific Gravity:1.000,Specific Gravity:1.000,,,Specific Gravity,1.000,COLORWHEEL_4000_SEMIQUANT.zip,1,1,0,,157.594406,0.115796,0.719598,157.690399,0.116627,0.716315,157.664001,0.116591,0.724066,157.762405,0.117421,0.733467,157.665604,0.117253,0.732483,165.199997,0.105561,0.657291,157.872803,0.117876,0.739492,157.752808,0.116361,0.745515,167.911194,0.112207,0.634075,165.720001,0.110563,0.641642
COLORWHEEL_4000_IMG_0570_0008,COLORWHEEL_4000,train,4000,semiquant,Ketone:Trace 0.5,Ketone:Trace 0.5,,,Ketone,Trace 0.5,COLORWHEEL_4000_SEMIQUANT.zip,1,1,0,,157.594406,0.115796,0.719598,157.690399,0.116627,0.716315,157.664001,0.116591,0.724066,157.762405,0.117421,0.733467,157.665604,0.117253,0.732483,165.199997,0.105561,0.657291,157.872803,0.117876,0.739492,157.752808,0.116361,0.745515,167.911194,0.112207,0.634075,165.720001,0.110563,0.641642
COLORWHEEL_4000_IMG_0570_0008,COLORWHEEL_4000,train,4000,semiquant,Bilirubin:Large 100,Bilirubin:Large 100,,,Bilirubin,Large 100,COLORWHEEL_4000_SEMIQUANT.zip,1,1,0,,157.594406,0.115796,0.719598,157.690399,0.116627,0.716315,157.664001,0.116591,0.724066,157.762405,0.117421,0.733467,157.665604,0.117253,0.732483,165.199997,0.105561,0.657291,157.872803,0.117876,0.739492,157.752808,0.116361,0.745515,167.911194,0.112207,0.634075,165.720001,0.110563,0.641642
COLORWHEEL_4000_IMG_0570_0008,COLORWHEEL_4000,train,4000,semiquant,Glucose:Trace 5,Glucose:Trace 5,,,Glucose,Trace 5,COLORWHEEL_4000_SEMIQUANT.zip,1,1,0,,157.594406,0.115796,0.719598,157.690399,0.116627,0.716315,157.664001,0.116591,0.724066,157.762405,0.117421,0.733467,157.665604,0.117253,0.732483,165.199997,0.105561,0.657291,157.872803,0.117876,0.739492,157.752808,0.116361,0.745515,167.911194,0.112207,0.634075,165.720001,0.110563,0.641642
COLORWHEEL_4000_IMG_0572_0009,COLORWHEEL_4000,train,4000,semiquant,Leukocytes:Moderate 125,Leukocytes:Moderate 125,,,Leukocytes,Moderate 125,COLORWHEEL_4000_SEMIQUANT.zip,1,1,0,,89.989601,0.109164,0.448563,85.653603,0.118047,0.432387,95.384003,0.099332,0.475694,94.737602,0.098039,0.500828,97.574402,0.086596,0.513261,90.742401,0.085004,0.438576,97.431198,0.081842,0.464262,100.180801,0.077158,0.477155,105.257599,0.081802,0.476518,100.0616,0.089522,0.458979
COLORWHEEL_4000_IMG_0572_0009,COLORWHEEL_4000,train,4000,semiquant,Nitrite:Neg,Nitrite:Neg,,,Nitrite,Neg,COLORWHEEL_4000_SEMIQUANT.zip,1,1,0,,89.989601,0.109164,0.448563,85.653603,0.118047,0.432387,95.384003,0.099332,0.475694,94.737602,0.098039,0.500828,97.574402,0.086596,0.513261,90.742401,0.085004,0.438576,97.431198,0.081842,0.464262,100.180801,0.077158,0.477155,105.257599,0.081802,0.476518,100.0616,0.089522,0.458979
COLORWHEEL_4000_IMG_0572_0009,COLORWHEEL_4000,train,4000,semiquant,Urobilinogen:64,Urobilinogen:64,,,Urobilinogen,64,COLORWHEEL_4000_SEMIQUANT.zip,1,1,0,,89.989601,0.109164,0.448563,85.653603,0.118047,0.432387,95.384003,0.099332,0.475694,94.737602,0.098039,0.500828,97.574402,0.086596,0.513261,90.742401,0.085004,0.438576,97.431198,0.081842,0.464262,100.180801,0.077158,0.477155,105.257599,0.081802,0.476518,100.0616,0.089522,0.458979
COLORWHEEL_4000_IMG_0572_0009,COLORWHEEL_4000,train,4000,semiquant,Protein:0.3,Protein:0.3,,,Protein,0.3,COLORWHEEL_4000_SEMIQUANT.zip,1,1,0,,89.989601,0.109164,0.448563,85.653603,0.118047,0.432387,95.384003,0.099332,0.475694,94.737602,0.098039,0.500828,97.574402,0.086596,0.513261,90.742401,0.085004,0.438576,97.431198,0.081842,0.464262,100.180801,0.077158,0.477155,105.257599,0.081802,0.476518,100.0616,0.089522,0.458979
COLORWHEEL_4000_IMG_0572_0009,COLORWHEEL_4000,train,4000,semiquant,pH:6.0,pH:6.0,,,pH,6.0,COLORWHEEL_4000_SEMIQUANT.zip,1,1,0,,89.989601,0.109164,0.448563,85.653603,0.118047,0.432387,95.384003,0.099332,0.475694,94.737602,0.098039,0.500828,97.574402,0.086596,0.513261,90.742401,0.085004,0.438576,97.431198,0.081842,0.464262,100.180801,0.077158,0.477155,105.257599,0.081802,0.476518,100.0616,0.089522,0.458979
COLORWHEEL_4000_IMG_0572_0009,COLORWHEEL_4000,train,4000,semiquant,Blood:Hemolyzed 10,Blood:Hemolyzed 10,,,Blood,Hemolyzed 10,COLORWHEEL_4000_SEMIQUANT.zip,1,1,0,,89.989601,0.109164,0.448563,85.653603,0.118047,0.432387,95.384003,0.099332,0.475694,94.737602,0.098039,0.500828,97.574402,0.086596,0.513261,90.742401,0.085004,0.438576,97.431198,0.081842,0.464262,100.180801,0.077158,0.477155,105.257599,0.081802,0.476518,100.0616,0.089522,0.458979
COLORWHEEL_4000_IMG_0572_0009,COLORWHEEL_4000,train,4000,semiquant,Specific Gravity:1.005,Specific Gravity:1.005,,,Specific Gravity,1.005,COLORWHEEL_4000_SEMIQUANT.zip,1,1,0,,89.989601,0.109164,0.448563,85.653603,0.118047,0.432387,95.384003,0.099332,0.475694,94.737602,0.098039,0.500828,97.574402,0.086596,0.513261,90.742401,0.085004,0.438576,97.431198,0.081842,0.464262,100.180801,0.077158,0.477155,105.257599,0.081802,0.476518,100.0616,0.089522,0.458979
COLORWHEEL_4000_IMG_0572_0009,COLORWHEEL_4000,train,4000,semiquant,Ketone:Small 1.5,Ketone:Small 1.5,,,Ketone,Small 1.5,COLORWHEEL_4000_SEMIQUANT.zip,1,1,0,,89.989601,0.109164,0.448563,85.653603,0.118047,0.432387,95.384003,0.099332,0.475694,94.737602,0.098039,0.500828,97.574402,0.086596,0.513261,90.742401,0.085004,0.438576,97.431198,0.081842,0.464262,100.180801,0.077158,0.477155,105.257599,0.081802,0.476518,100.0616,0.089522,0.458979
COLORWHEEL_4000_IMG_0572_0009,COLORWHEEL_4000,train,4000,semiquant,Bilirubin:Neg,Bilirubin:Neg,,,Bilirubin,Neg,COLORWHEEL_4000_SEMIQUANT.zip,1,1,0,,89.989601,0.109164,0.448563,85.653603,0.118047,0.432387,95.384003,0.099332,0.475694,94.737602,0.098039,0.500828,97.574402,0.086596,0.513261,90.742401,0.085004,0.438576,97.431198,0.081842,0.464262,100.180801,0.077158,0.477155,105.257599,0.081802,0.476518,100.0616,0.089522,0.458979
COLORWHEEL_4000_IMG_0572_0009,COLORWHEEL_4000,train,4000,semiquant,Glucose:15 +,Glucose:15 +,,,Glucose,15 +,COLORWHEEL_4000_SEMIQUANT.zip,1,1,0,,89.989601,0.109164,0.448563,85.653603,0.118047,0.432387,95.384003,0.099332,0.475694,94.737602,0.098039,0.500828,97.574402,0.086596,0.513261,90.742401,0.085004,0.438576,97.431198,0.081842,0.464262,100.180801,0.077158,0.477155,105.257599,0.081802,0.476518,100.0616,0.089522,0.458979
COLORWHEEL_4000_IMG_0575_0010,COLORWHEEL_4000,train,4000,semiquant,Leukocytes:Large 500,Leukocytes:Large 500,,,Leukocytes,Large 500,COLORWHEEL_4000_SEMIQUANT.zip,1,1,0,,145.796799,0.208147,0.889385,145.846405,0.204952,0.890499,145.707993,0.20422,0.875743,145.885605,0.204855,0.889164,145.888794,0.203865,0.860663,145.796005,0.203302,0.837379,145.0392,0.202428,0.842237,145.865601,0.203144,0.836616,145.882401,0.20378,0.856089,145.871201,0.203435,0.84331
COLORWHEEL_4000_IMG_0575_0010,COLORWHEEL_4000,train,4000,semiquant,Nitrite:Positive,Nitrite:Positive,,,Nitrite,Positive,COLORWHEEL_4000_SEMIQUANT.zip,1,1,0,,145.796799,0.208147,0.889385,145.846405,0.204952,0.890499,145.707993,0.20422,0.875743,145.885605,0.204855,0.889164,145.888794,0.203865,0.860663,145.796005,0.203302,0.837379,145.0392,0.202428,0.842237,145.865601,0.203144,0.836616,145.882401,0.20378,0.856089,145.871201,0.203435,0.84331
COLORWHEEL_4000_IMG_0575_0010,COLORWHEEL_4000,train,4000,semiquant,Urobilinogen:128,Urobilinogen:128,,,Urobilinogen,128,COLORWHEEL_4000_SEMIQUANT.zip,1,1,0,,145.796799,0.208147,0.889385,145.846405,0.204952,0.890499,145.707993,0.20422,0.875743,145.885605,0.204855,0.889164,145.888794,0.203865,0.860663,145.796005,0.203302,0.837379,145.0392,0.202428,0.842237,145.865601,0.203144,0.836616,145.882401,0.20378,0.856089,145.871201,0.203435,0.84331
COLORWHEEL_4000_IMG_0575_0010,COLORWHEEL_4000,train,4000,semiquant,Protein:1.0,Protein:1.0,,,Protein,1.0,COLORWHEEL_4000_SEMIQUANT.zip,1,1,0,,145.796799,0.208147,0.889385,145.846405,0.204952,0.890499,145.707993,0.20422,0.875743,145.885605,0.204855,0.889164,145.888794,0.203865,0.860663,145.796005,0.203302,0.837379,145.0392,0.202428,0.842237,145.865601,0.203144,0.836616,145.882401,0.20378,0.856089,145.871201,0.203435,0.84331
COLORWHEEL_4000_IMG_0575_0010,COLORWHEEL_4000,train,4000,semiquant,pH:6.5,pH:6.5,,,pH,6.5,COLORWHEEL_4000_SEMIQUANT.zip,1,1,0,,145.796799,0.208147,0.889385,145.846405,0.204952,0.890499,145.707993,0.20422,0.875743,145.885605,0.204855,0.889164,145.888794,0.203865,0.860663,145.796005,0.203302,0.837379,145.0392,0.202428,0.842237,145.865601,0.203144,0.836616,145.882401,0.20378,0.856089,145.871201,0.203435,0.84331
COLORWHEEL_4000_IMG_0575_0010,COLORWHEEL_4000,train,4000,semiquant,Blood:Small 25,Blood:Small 25,,,Blood,Small 25,COLORWHEEL_4000_SEMIQUANT.zip,1,1,0,,145.796799,0.208147,0.889385,145.846405,0.204952,0.890499,145.707993,0.20422,0.875743,145.885605,0.204855,0.889164,145.888794,0.203865,0.860663,145.796005,0.203302,0.837379,145.0392,0.202428,0.842237,145.865601,0.203144,0.836616,145.882401,0.20378,0.856089,145.871201,0.203435,0.84331
COLORWHEEL_4000_IMG_0575_0010,COLORWHEEL_4000,train,4000,semiquant,Specific Gravity:1.010,Specific Gravity:1.010,,,Specific Gravity,1.010,COLORWHEEL_4000_SEMIQUANT.zip,1,1,0,,145.796799,0.208147,0.889385,145.846405,0.204952,0.890499,145.707993,0.20422,0.875743,145.885605,0.204855,0.889164,145.888794,0.203865,0.860663,145.796005,0.203302,0.837379,145.0392,0.202428,0.842237,145.865601,0.203144,0.836616,145.882401,0.20378,0.856089,145.871201,0.203435,0.84331
COLORWHEEL_4000_IMG_0575_0010,COLORWHEEL_4000,train,4000,semiquant,Ketone:Moderate 4.0,Ketone:Moderate 4.0,,,Ketone,Moderate 4.0,COLORWHEEL_4000_SEMIQUANT.zip,1,1,0,,145.796799,0.208147,0.889385,145.846405,0.204952,0.890499,145.707993,0.20422,0.875743,145.885605,0.204855,0.889164,145.888794,0.203865,0.860663,145.796005,0.203302,0.837379,145.0392,0.202428,0.842237,145.865601,0.203144,0.836616,145.882401,0.20378,0.856089,145.871201,0.203435,0.84331
COLORWHEEL_4000_IMG_0575_0010,COLORWHEEL_4000,train,4000,semiquant,Bilirubin:Small 17,Bilirubin:Small 17,,,Bilirubin,Small 17,COLORWHEEL_4000_SEMIQUANT.zip,1,1,0,,145.796799,0.208147,0.889385,145.846405,0.204952,0.890499,145.707993,0.20422,0.875743,145.885605,0.204855,0.889164,145.888794,0.203865,0.860663,145.796005,0.203302,0.837379,145.0392,0.202428,0.842237,145.865601,0.203144,0.836616,145.882401,0.20378,0.856089,145.871201,0.203435,0.84331
COLORWHEEL_4000_IMG_0575_0010,COLORWHEEL_4000,train,4000,semiquant,Glucose:30 ++,Glucose:30 ++,,,Glucose,30 ++,COLORWHEEL_4000_SEMIQUANT.zip,1,1,0,,145.796799,0.208147,0.889385,145.846405,0.204952,0.890499,145.707993,0.20422,0.875743,145.885605,0.204855,0.889164,145.888794,0.203865,0.860663,145.796005,0.203302,0.837379,145.0392,0.202428,0.842237,145.865601,0.203144,0.836616,145.882401,0.20378,0.856089,145.871201,0.203435,0.84331
COLORWHEEL_4000_IMG_0576_0011,COLORWHEEL_4000,train,4000,semiquant,Leukocytes:Neg,Leukocytes:Neg,,,Leukocytes,Neg,COLORWHEEL_4000_SEMIQUANT.zip,1,1,0,,192.048004,0.277459,1.0,191.298401,0.281355,1.0,194.822403,0.288028,1.0,193.983994,0.28669,0.999975,194.649597,0.290533,0.99992,199.173599,0.311815,0.999818,206.207199,0.34779,0.998284,199.601593,0.305089,0.999895,199.364807,0.306089,0.999762,196.599197,0.300351,0.999398
COLORWHEEL_4000_IMG_0576_0011,COLORWHEEL_4000,train,4000,semiquant,Nitrite:Neg,Nitrite:Neg,,,Nitrite,Neg,COLORWHEEL_4000_SEMIQUANT.zip,1,1,0,,192.048004,0.277459,1.0,191.298401,0.281355,1.0,194.822403,0.288028,1.0,193.983994,0.28669,0.999975,194.649597,0.290533,0.99992,199.173599,0.311815,0.999818,206.207199,0.34779,0.998284,199.601593,0.305089,0.999895,199.364807,0.306089,0.999762,196.599197,0.300351,0.999398
COLORWHEEL_4000_IMG_0576_0011,COLORWHEEL_4000,train,4000,semiquant,Urobilinogen:3.2,Urobilinogen:3.2,,,Urobilinogen,3.2,COLORWHEEL_4000_SEMIQUANT.zip,1,1,0,,192.048004,0.277459,1.0,191.298401,0.281355,1.0,194.822403,0.288028,1.0,193.983994,0.28669,0.999975,194.649597,0.290533,0.99992,199.173599,0.311815,0.999818,206.207199,0.34779,0.998284,199.601593,0.305089,0.999895,199.364807,0.306089,0.999762,196.599197,0.300351,0.999398
COLORWHEEL_4000_IMG_0576_0011,COLORWHEEL_4000,train,4000,semiquant,Protein:3.0,Protein:3.0,,,Protein,3.0,COLORWHEEL_4000_SEMIQUANT.zip,1,1,0,,192.048004,0.277459,1.0,191.298401,0.281355,1.0,194.822403,0.288028,1.0,193.983994,0.28669,0.999975,194.649597,0.290533,0.99992,199.173599,0.311815,0.999818,206.207199,0.34779,0.998284,199.601593,0.305089,0.999895,199.364807,0.306089,0.999762,196.599197,0.300351,0.999398
COLORWHEEL_4000_IMG_0576_0011,COLORWHEEL_4000,train,4000,semiquant,pH:7.0,pH:7.0,,,pH,7.0,COLORWHEEL_4000_SEMIQUANT.zip,1,1,0,,192.048004,0.277459,1.0,191.298401,0.281355,1.0,194.822403,0.288028,1.0,193.983994,0.28669,0.999975,194.649597,0.290533,0.99992,199.173599,0.311815,0.999818,206.207199,0.34779,0.998284,199.601593,0.305089,0.999895,199.364807,0.306089,0.999762,196.599197,0.300351,0.999398
COLORWHEEL_4000_IMG_0576_0011,COLORWHEEL_4000,train,4000,semiquant,Blood:Moderate 80,Blood:Moderate 80,,,Blood,Moderate 80,COLORWHEEL_4000_SEMIQUANT.zip,1,1,0,,192.048004,0.277459,1.0,191.298401,0.281355,1.0,194.822403,0.288028,1.0,193.983994,0.28669,0.999975,194.649597,0.290533,0.99992,199.173599,0.311815,0.999818,206.207199,0.34779,0.998284,199.601593,0.305089,0.999895,199.364807,0.306089,0.999762,196.599197,0.300351,0.999398
COLORWHEEL_4000_IMG_0576_0011,COLORWHEEL_4000,train,4000,semiquant,Specific Gravity:1.015,Specific Gravity:1.015,,,Specific Gravity,1.015,COLORWHEEL_4000_SEMIQUANT.zip,1,1,0,,192.048004,0.277459,1.0,191.298401,0.281355,1.0,194.822403,0.288028,1.0,193.983994,0.28669,0.999975,194.649597,0.290533,0.99992,199.173599,0.311815,0.999818,206.207199,0.34779,0.998284,199.601593,0.305089,0.999895,199.364807,0.306089,0.999762,196.599197,0.300351,0.999398
COLORWHEEL_4000_IMG_0576_0011,COLORWHEEL_4000,train,4000,semiquant,Ketone:8.0,Ketone:8.0,,,Ketone,8.0,COLORWHEEL_4000_SEMIQUANT.zip,1,1,0,,192.048004,0.277459,1.0,191.298401,0.281355,1.0,194.822403,0.288028,1.0,193.983994,0.28669,0.999975,194.649597,0.290533,0.99992,199.173599,0.311815,0.999818,206.207199,0.34779,0.998284,199.601593,0.305089,0.999895,199.364807,0.306089,0.999762,196.599197,0.300351,0.999398
COLORWHEEL_4000_IMG_0576_0011,COLORWHEEL_4000,train,4000,semiquant,Bilirubin:Moderate 50,Bilirubin:Moderate 50,,,Bilirubin,Moderate 50,COLORWHEEL_4000_SEMIQUANT.zip,1,1,0,,192.048004,0.277459,1.0,191.298401,0.281355,1.0,194.822403,0.288028,1.0,193.983994,0.28669,0.999975,194.649597,0.290533,0.99992,199.173599,0.311815,0.999818,206.207199,0.34779,0.998284,199.601593,0.305089,0.999895,199.364807,0.306089,0.999762,196.599197,0.300351,0.999398
COLORWHEEL_4000_IMG_0576_0011,COLORWHEEL_4000,train,4000,semiquant,Glucose:60 +++,Glucose:60 +++,,,Glucose,60 +++,COLORWHEEL_4000_SEMIQUANT.zip,1,1,0,,192.048004,0.277459,1.0,191.298401,0.281355,1.0,194.822403,0.288028,1.0,193.983994,0.28669,0.999975,194.649597,0.290533,0.99992,199.173599,0.311815,0.999818,206.207199,0.34779,0.998284,199.601593,0.305089,0.999895,199.364807,0.306089,0.999762,196.599197,0.300351,0.999398
COLORWHEEL_4000_IMG_0578_0012,COLORWHEEL_4000,train,4000,semiquant,Leukocytes:Trace 15,Leukocytes:Trace 15,,,Leukocytes,Trace 15,COLORWHEEL_4000_SEMIQUANT.zip,1,1,0,,205.777603,0.210555,0.918146,205.877594,0.210486,0.920209,206.0,0.208947,0.904974,205.728806,0.210849,0.919851,205.030396,0.209773,0.886598,205.265594,0.208489,0.859735,206.220795,0.20683,0.868243,207.358398,0.21242,0.873619,207.148804,0.218279,0.899994,207.639206,0.216541,0.886987
COLORWHEEL_4000_IMG_0578_0012,COLORWHEEL_4000,train,4000,semiquant,Nitrite:Positive,Nitrite:Positive,,,Nitrite,Positive,COLORWHEEL_4000_SEMIQUANT.zip,1,1,0,,205.777603,0.210555,0.918146,205.877594,0.210486,0.920209,206.0,0.208947,0.904974,205.728806,0.210849,0.919851,205.030396,0.209773,0.886598,205.265594,0.208489,0.859735,206.220795,0.20683,0.868243,207.358398,0.21242,0.873619,207.148804,0.218279,0.899994,207.639206,0.216541,0.886987
COLORWHEEL_4000_IMG_0578_0012,COLORWHEEL_4000,train,4000,semiquant,Urobilinogen:16,Urobilinogen:16,,,Urobilinogen,16,COLORWHEEL_4000_SEMIQUANT.zip,1,1,0,,205.777603,0.210555,0.918146,205.877594,0.210486,0.920209,206.0,0.208947,0.904974,205.728806,0.210849,0.919851,205.030396,0.209773,0.886598,205.265594,0.208489,0.859735,206.220795,0.20683,0.868243,207.358398,0.21242,0.873619,207.148804,0.218279,0.899994,207.639206,0.216541,0.886987
COLORWHEEL_4000_IMG_0578_0012,COLORWHEEL_4000,train,4000,semiquant,Protein:>=20.0,Protein:>=20.0,,,Protein,>=20.0,COLORWHEEL_4000_SEMIQUANT.zip,1,1,0,,205.777603,0.210555,0.918146,205.877594,0.210486,0.920209,206.0,0.208947,0.904974,205.728806,0.210849,0.919851,205.030396,0.209773,0.886598,205.265594,0.208489,0.859735,206.220795,0.20683,0.868243,207.358398,0.21242,0.873619,207.148804,0.218279,0.899994,207.639206,0.216541,0.886987
COLORWHEEL_4000_IMG_0578_0012,COLORWHEEL_4000,train,4000,semiquant,pH:7.5,pH:7.5,,,pH,7.5,COLORWHEEL_4000_SEMIQUANT.zip,1,1,0,,205.777603,0.210555,0.918146,205.877594,0.210486,0.920209,206.0,0.208947,0.904974,205.728806,0.210849,0.919851,205.030396,0.209773,0.886598,205.265594,0.208489,0.859735,206.220795,0.20683,0.868243,207.358398,0.21242,0.873619,207.148804,0.218279,0.899994,207.639206,0.216541,0.886987
COLORWHEEL_4000_IMG_0578_0012,COLORWHEEL_4000,train,4000,semiquant,Blood:Large 200,Blood:Large 200,,,Blood,Large 200,COLORWHEEL_4000_SEMIQUANT.zip,1,1,0,,205.777603,0.210555,0.918146,205.877594,0.210486,0.920209,206.0,0.208947,0.904974,205.728806,0.210849,0.919851,205.030396,0.209773,0.886598,205.265594,0.208489,0.859735,206.220795,0.20683,0.868243,207.358398,0.21242,0.873619,207.148804,0.218279,0.899994,207.639206,0.216541,0.886987
COLORWHEEL_4000_IMG_0578_0012,COLORWHEEL_4000,train,4000,semiquant,Specific Gravity:1.020,Specific Gravity:1.020,,,Specific Gravity,1.020,COLORWHEEL_4000_SEMIQUANT.zip,1,1,0,,205.777603,0.210555,0.918146,205.877594,0.210486,0.920209,206.0,0.208947,0.904974,205.728806,0.210849,0.919851,205.030396,0.209773,0.886598,205.265594,0.208489,0.859735,206.220795,0.20683,0.868243,207.358398,0.21242,0.873619,207.148804,0.218279,0.899994,207.639206,0.216541,0.886987
COLORWHEEL_4000_IMG_0578_0012,COLORWHEEL_4000,train,4000,semiquant,Ketone:Large 16,Ketone:Large 16,,,Ketone,Large 16,COLORWHEEL_4000_SEMIQUANT.zip,1,1,0,,205.777603,0.210555,0.918146,205.877594,0.210486,0.920209,206.0,0.208947,0.904974,205.728806,0.210849,0.919851,205.030396,0.209773,0.886598,205.265594,0.208489,0.859735,206.220795,0.20683,0.868243,207.358398,0.21242,0.873619,207.148804,0.218279,0.899994,207.639206,0.216541,0.886987
COLORWHEEL_4000_IMG_0578_0012,COLORWHEEL_4000,train,4000,semiquant,Bilirubin:Large 100,Bilirubin:Large 100,,,Bilirubin,Large 100,COLORWHEEL_4000_SEMIQUANT.zip,1,1,0,,205.777603,0.210555,0.918146,205.877594,0.210486,0.920209,206.0,0.208947,0.904974,205.728806,0.210849,0.919851,205.030396,0.209773,0.886598,205.265594,0.208489,0.859735,206.220795,0.20683,0.868243,207.358398,0.21242,0.873619,207.148804,0.218279,0.899994,207.639206,0.216541,0.886987
COLORWHEEL_4000_IMG_0578_0012,COLORWHEEL_4000,train,4000,semiquant,Glucose:110 ++++,Glucose:110 ++++,,,Glucose,110 ++++,COLORWHEEL_4000_SEMIQUANT.zip,1,1,0,,205.777603,0.210555,0.918146,205.877594,0.210486,0.920209,206.0,0.208947,0.904974,205.728806,0.210849,0.919851,205.030396,0.209773,0.886598,205.265594,0.208489,0.859735,206.220795,0.20683,0.868243,207.358398,0.21242,0.873619,207.148804,0.218279,0.899994,207.639206,0.216541,0.886987
COLORWHEEL_4000_IMG_0581_0013,COLORWHEEL_4000,train,4000,semiquant,Leukocytes:Small 70,Leukocytes:Small 70,,,Leukocytes,Small 70,COLORWHEEL_4000_SEMIQUANT.zip,1,1,0,,211.749603,0.22386,0.909104,211.628799,0.223203,0.911029,210.409607,0.21552,0.889895,211.567993,0.219352,0.90546,211.983994,0.224543,0.88323,211.202393,0.216941,0.858482,213.079193,0.216642,0.862536,212.376801,0.221989,0.863352,212.595993,0.220855,0.876852,212.727997,0.22085,0.870276
COLORWHEEL_4000_IMG_0581_0013,COLORWHEEL_4000,train,4000,semiquant,Nitrite:Neg,Nitrite:Neg,,,Nitrite,Neg,COLORWHEEL_4000_SEMIQUANT.zip,1,1,0,,211.749603,0.22386,0.909104,211.628799,0.223203,0.911029,210.409607,0.21552,0.889895,211.567993,0.219352,0.90546,211.983994,0.224543,0.88323,211.202393,0.216941,0.858482,213.079193,0.216642,0.862536,212.376801,0.221989,0.863352,212.595993,0.220855,0.876852,212.727997,0.22085,0.870276
COLORWHEEL_4000_IMG_0581_0013,COLORWHEEL_4000,train,4000,semiquant,Urobilinogen:32,Urobilinogen:32,,,Urobilinogen,32,COLORWHEEL_4000_SEMIQUANT.zip,1,1,0,,211.749603,0.22386,0.909104,211.628799,0.223203,0.911029,210.409607,0.21552,0.889895,211.567993,0.219352,0.90546,211.983994,0.224543,0.88323,211.202393,0.216941,0.858482,213.079193,0.216642,0.862536,212.376801,0.221989,0.863352,212.595993,0.220855,0.876852,212.727997,0.22085,0.870276
COLORWHEEL_4000_IMG_0581_0013,COLORWHEEL_4000,train,4000,semiquant,Protein:Neg,Protein:Neg,,,Protein,Neg,COLORWHEEL_4000_SEMIQUANT.zip,1,1,0,,211.749603,0.22386,0.909104,211.628799,0.223203,0.911029,210.409607,0.21552,0.889895,211.567993,0.219352,0.90546,211.983994,0.224543,0.88323,211.202393,0.216941,0.858482,213.079193,0.216642,0.862536,212.376801,0.221989,0.863352,212.595993,0.220855,0.876852,212.727997,0.22085,0.870276
COLORWHEEL_4000_IMG_0581_0013,COLORWHEEL_4000,train,4000,semiquant,pH:8.0,pH:8.0,,,pH,8.0,COLORWHEEL_4000_SEMIQUANT.zip,1,1,0,,211.749603,0.22386,0.909104,211.628799,0.223203,0.911029,210.409607,0.21552,0.889895,211.567993,0.219352,0.90546,211.983994,0.224543,0.88323,211.202393,0.216941,0.858482,213.079193,0.216642,0.862536,212.376801,0.221989,0.863352,212.595993,0.220855,0.876852,212.727997,0.22085,0.870276
COLORWHEEL_4000_IMG_0581_0013,COLORWHEEL_4000,train,4000,semiquant,Blood:Neg,Blood:Neg,,,Blood,Neg,COLORWHEEL_4000_SEMIQUANT.zip,1,1,0,,211.749603,0.22386,0.909104,211.628799,0.223203,0.911029,210.409607,0.21552,0.889895,211.567993,0.219352,0.90546,211.983994,0.224543,0.88323,211.202393,0.216941,0.858482,213.079193,0.216642,0.862536,212.376801,0.221989,0.863352,212.595993,0.220855,0.876852,212.727997,0.22085,0.870276
COLORWHEEL_4000_IMG_0581_0013,COLORWHEEL_4000,train,4000,semiquant,Specific Gravity:1.025,Specific Gravity:1.025,,,Specific Gravity,1.025,COLORWHEEL_4000_SEMIQUANT.zip,1,1,0,,211.749603,0.22386,0.909104,211.628799,0.223203,0.911029,210.409607,0.21552,0.889895,211.567993,0.219352,0.90546,211.983994,0.224543,0.88323,211.202393,0.216941,0.858482,213.079193,0.216642,0.862536,212.376801,0.221989,0.863352,212.595993,0.220855,0.876852,212.727997,0.22085,0.870276
COLORWHEEL_4000_IMG_0581_0013,COLORWHEEL_4000,train,4000,semiquant,Ketone:Neg,Ketone:Neg,,,Ketone,Neg,COLORWHEEL_4000_SEMIQUANT.zip,1,1,0,,211.749603,0.22386,0.909104,211.628799,0.223203,0.911029,210.409607,0.21552,0.889895,211.567993,0.219352,0.90546,211.983994,0.224543,0.88323,211.202393,0.216941,0.858482,213.079193,0.216642,0.862536,212.376801,0.221989,0.863352,212.595993,0.220855,0.876852,212.727997,0.22085,0.870276
COLORWHEEL_4000_IMG_0581_0013,COLORWHEEL_4000,train,4000,semiquant,Bilirubin:Neg,Bilirubin:Neg,,,Bilirubin,Neg,COLORWHEEL_4000_SEMIQUANT.zip,1,1,0,,211.749603,0.22386,0.909104,211.628799,0.223203,0.911029,210.409607,0.21552,0.889895,211.567993,0.219352,0.90546,211.983994,0.224543,0.88323,211.202393,0.216941,0.858482,213.079193,0.216642,0.862536,212.376801,0.221989,0.863352,212.595993,0.220855,0.876852,212.727997,0.22085,0.870276
COLORWHEEL_4000_IMG_0581_0013,COLORWHEEL_4000,train,4000,semiquant,Glucose:Neg,Glucose:Neg,,,Glucose,Neg,COLORWHEEL_4000_SEMIQUANT.zip,1,1,0,,211.749603,0.22386,0.909104,211.628799,0.223203,0.911029,210.409607,0.21552,0.889895,211.567993,0.219352,0.90546,211.983994,0.224543,0.88323,211.202393,0.216941,0.858482,213.079193,0.216642,0.862536,212.376801,0.221989,0.863352,212.595993,0.220855,0.876852,212.727997,0.22085,0.870276
COLORWHEEL_4000_IMG_0584_0014,COLORWHEEL_4000,train,4000,semiquant,Leukocytes:Moderate 125,Leukocytes:Moderate 125,,,Leukocytes,Moderate 125,COLORWHEEL_4000_SEMIQUANT.zip,1,1,0,,207.710403,0.271656,0.985075,207.857605,0.271909,0.989834,207.985596,0.27307,0.977597,206.497604,0.264176,0.977429,207.434402,0.268588,0.956772,207.412003,0.267144,0.925647,207.5224,0.267562,0.93301,207.874405,0.269457,0.927333,207.763199,0.268036,0.948271,208.020004,0.269619,0.941147
COLORWHEEL_4000_IMG_0584_0014,COLORWHEEL_4000,train,4000,semiquant,Nitrite:Positive,Nitrite:Positive,,,Nitrite,Positive,COLORWHEEL_4000_SEMIQUANT.zip,1,1,0,,207.710403,0.271656,0.985075,207.857605,0.271909,0.989834,207.985596,0.27307,0.977597,206.497604,0.264176,0.977429,207.434402,0.268588,0.956772,207.412003,0.267144,0.925647,207.5224,0.267562,0.93301,207.874405,0.269457,0.927333,207.763199,0.268036,0.948271,208.020004,0.269619,0.941147
COLORWHEEL_4000_IMG_0584_0014,COLORWHEEL_4000,train,4000,semiquant,Urobilinogen:64,Urobilinogen:64,,,Urobilinogen,64,COLORWHEEL_4000_SEMIQUANT.zip,1,1,0,,207.710403,0.271656,0.985075,207.857605,0.271909,0.989834,207.985596,0.27307,0.977597,206.497604,0.264176,0.977429,207.434402,0.268588,0.956772,207.412003,0.267144,0.925647,207.5224,0.267562,0.93301,207.874405,0.269457,0.927333,207.763199,0.268036,0.948271,208.020004,0.269619,0.941147
COLORWHEEL_4000_IMG_0584_0014,COLORWHEEL_4000,train,4000,semiquant,Protein:Trace,Protein:Trace,,,Protein,Trace,COLORWHEEL_4000_SEMIQUANT.zip,1,1,0,,207.710403,0.271656,0.985075,207.857605,0.271909,0.989834,207.985596,0.27307,0.977597,206.497604,0.264176,0.977429,207.434402,0.268588,0.956772,207.412003,0.267144,0.925647,207.5224,0.267562,0.93301,207.874405,0.269457,0.927333,207.763199,0.268036,0.948271,208.020004,0.269619,0.941147
COLORWHEEL_4000_IMG_0584_0014,COLORWHEEL_4000,train,4000,semiquant,pH:8.5,pH:8.5,,,pH,8.5,COLORWHEEL_4000_SEMIQUANT.zip,1,1,0,,207.710403,0.271656,0.985075,207.857605,0.271909,0.989834,207.985596,0.27307,0.977597,206.497604,0.264176,0.977429,207.434402,0.268588,0.956772,207.412003,0.267144,0.925647,207.5224,0.267562,0.93301,207.874405,0.269457,0.927333,207.763199,0.268036,0.948271,208.020004,0.269619,0.941147
COLORWHEEL_4000_IMG_0584_0014,COLORWHEEL_4000,train,4000,semiquant,Blood:Non-hemolyzed 10,Blood:Non-hemolyzed 10,,,Blood,Non-hemolyzed 10,COLORWHEEL_4000_SEMIQUANT.zip,1,1,0,,207.710403,0.271656,0.985075,207.857605,0.271909,0.989834,207.985596,0.27307,0.977597,206.497604,0.264176,0.977429,207.434402,0.268588,0.956772,207.412003,0.267144,0.925647,207.5224,0.267562,0.93301,207.874405,0.269457,0.927333,207.763199,0.268036,0.948271,208.020004,0.269619,0.941147
COLORWHEEL_4000_IMG_0584_0014,COLORWHEEL_4000,train,4000,semiquant,Specific Gravity:1.030,Specific Gravity:1.030,,,Specific Gravity,1.030,COLORWHEEL_4000_SEMIQUANT.zip,1,1,0,,207.710403,0.271656,0.985075,207.857605,0.271909,0.989834,207.985596,0.27307,0.977597,206.497604,0.264176,0.977429,207.434402,0.268588,0.956772,207.412003,0.267144,0.925647,207.5224,0.267562,0.93301,207.874405,0.269457,0.927333,207.763199,0.268036,0.948271,208.020004,0.269619,0.941147
COLORWHEEL_4000_IMG_0584_0014,COLORWHEEL_4000,train,4000,semiquant,Ketone:Trace 0.5,Ketone:Trace 0.5,,,Ketone,Trace 0.5,COLORWHEEL_4000_SEMIQUANT.zip,1,1,0,,207.710403,0.271656,0.985075,207.857605,0.271909,0.989834,207.985596,0.27307,0.977597,206.497604,0.264176,0.977429,207.434402,0.268588,0.956772,207.412003,0.267144,0.925647,207.5224,0.267562,0.93301,207.874405,0.269457,0.927333,207.763199,0.268036,0.948271,208.020004,0.269619,0.941147
COLORWHEEL_4000_IMG_0584_0014,COLORWHEEL_4000,train,4000,semiquant,Bilirubin:Small 17,Bilirubin:Small 17,,,Bilirubin,Small 17,COLORWHEEL_4000_SEMIQUANT.zip,1,1,0,,207.710403,0.271656,0.985075,207.857605,0.271909,0.989834,207.985596,0.27307,0.977597,206.497604,0.264176,0.977429,207.434402,0.268588,0.956772,207.412003,0.267144,0.925647,207.5224,0.267562,0.93301,207.874405,0.269457,0.927333,207.763199,0.268036,0.948271,208.020004,0.269619,0.941147
COLORWHEEL_4000_IMG_0584_0014,COLORWHEEL_4000,train,4000,semiquant,Glucose:Trace 5,Glucose:Trace 5,,,Glucose,Trace 5,COLORWHEEL_4000_SEMIQUANT.zip,1,1,0,,207.710403,0.271656,0.985075,207.857605,0.271909,0.989834,207.985596,0.27307,0.977597,206.497604,0.264176,0.977429,207.434402,0.268588,0.956772,207.412003,0.267144,0.925647,207.5224,0.267562,0.93301,207.874405,0.269457,0.927333,207.763199,0.268036,0.948271,208.020004,0.269619,0.941147
COLORWHEEL_4000_IMG_0587_0015,COLORWHEEL_4000,train,4000,semiquant,Leukocytes:Large 500,Leukocytes:Large 500,,,Leukocytes,Large 500,COLORWHEEL_4000_SEMIQUANT.zip,1,1,0,,204.722397,0.200624,0.892718,204.702393,0.200273,0.896416,205.055206,0.199333,0.881831,204.907196,0.199286,0.897752,204.712799,0.197903,0.869975,204.556793,0.195715,0.843374,205.090393,0.198566,0.850856,205.136002,0.198623,0.848419,205.057602,0.198803,0.864417,205.074402,0.198728,0.856786
COLORWHEEL_4000_IMG_0587_0015,COLORWHEEL_4000,train,4000,semiquant,Nitrite:Neg,Nitrite:Neg,,,Nitrite,Neg,COLORWHEEL_4000_SEMIQUANT.zip,1,1,0,,204.722397,0.200624,0.892718,204.702393,0.200273,0.896416,205.055206,0.199333,0.881831,204.907196,0.199286,0.897752,204.712799,0.197903,0.869975,204.556793,0.195715,0.843374,205.090393,0.198566,0.850856,205.136002,0.198623,0.848419,205.057602,0.198803,0.864417,205.074402,0.198728,0.856786
COLORWHEEL_4000_IMG_0587_0015,COLORWHEEL_4000,train,4000,semiquant,Urobilinogen:128,Urobilinogen:128,,,Urobilinogen,128,COLORWHEEL_4000_SEMIQUANT.zip,1,1,0,,204.722397,0.200624,0.892718,204.702393,0.200273,0.896416,205.055206,0.199333,0.881831,204.907196,0.199286,0.897752,204.712799,0.197903,0.869975,204.556793,0.195715,0.843374,205.090393,0.198566,0.850856,205.136002,0.198623,0.848419,205.057602,0.198803,0.864417,205.074402,0.198728,0.856786
COLORWHEEL_4000_IMG_0587_0015,COLORWHEEL_4000,train,4000,semiquant,Protein:0.3,Protein:0.3,,,Protein,0.3,COLORWHEEL_4000_SEMIQUANT.zip,1,1,0,,204.722397,0.200624,0.892718,204.702393,0.200273,0.896416,205.055206,0.199333,0.881831,204.907196,0.199286,0.897752,204.712799,0.197903,0.869975,204.556793,0.195715,0.843374,205.090393,0.198566,0.850856,205.136002,0.198623,0.848419,205.057602,0.198803,0.864417,205.074402,0.198728,0.856786
COLORWHEEL_4000_IMG_0587_0015,COLORWHEEL_4000,train,4000,semiquant,pH:5.0,pH:5.0,,,pH,5.0,COLORWHEEL_4000_SEMIQUANT.zip,1,1,0,,204.722397,0.200624,0.892718,204.702393,0.200273,0.896416,205.055206,0.199333,0.881831,204.907196,0.199286,0.897752,204.712799,0.197903,0.869975,204.556793,0.195715,0.843374,205.090393,0.198566,0.850856,205.136002,0.198623,0.848419,205.057602,0.198803,0.864417,205.074402,0.198728,0.856786
COLORWHEEL_4000_IMG_0587_0015,COLORWHEEL_4000,train,4000,semiquant,Blood:Hemolyzed 10,Blood:Hemolyzed 10,,,Blood,Hemolyzed 10,COLORWHEEL_4000_SEMIQUANT.zip,1,1,0,,204.722397,0.200624,0.892718,204.702393,0.200273,0.896416,205.055206,0.199333,0.881831,204.907196,0.199286,0.897752,204.712799,0.197903,0.869975,204.556793,0.195715,0.843374,205.090393,0.198566,0.850856,205.136002,0.198623,0.848419,205.057602,0.198803,0.864417,205.074402,0.198728,0.856786
COLORWHEEL_4000_IMG_0587_0015,COLORWHEEL_4000,train,4000,semiquant,Specific Gravity:1.000,Specific Gravity:1.000,,,Specific Gravity,1.000,COLORWHEEL_4000_SEMIQUANT.zip,1,1,0,,204.722397,0.200624,0.892718,204.702393,0.200273,0.896416,205.055206,0.199333,0.881831,204.907196,0.199286,0.897752,204.712799,0.197903,0.869975,204.556793,0.195715,0.843374,205.090393,0.198566,0.850856,205.136002,0.198623,0.848419,205.057602,0.198803,0.864417,205.074402,0.198728,0.856786
COLORWHEEL_4000_IMG_0587_0015,COLORWHEEL_4000,train,4000,semiquant,Ketone:Small 1.5,Ketone:Small 1.5,,,Ketone,Small 1.5,COLORWHEEL_4000_SEMIQUANT.zip,1,1,0,,204.722397,0.200624,0.892718,204.702393,0.200273,0.896416,205.055206,0.199333,0.881831,204.907196,0.199286,0.897752,204.712799,0.197903,0.869975,204.556793,0.195715,0.843374,205.090393,0.198566,0.850856,205.136002,0.198623,0.848419,205.057602,0.198803,0.864417,205.074402,0.198728,0.856786
COLORWHEEL_4000_IMG_0587_0015,COLORWHEEL_4000,train,4000,semiquant,Bilirubin:Moderate 50,Bilirubin:Moderate 50,,,Bilirubin,Moderate 50,COLORWHEEL_4000_SEMIQUANT.zip,1,1,0,,204.722397,0.200624,0.892718,204.702393,0.200273,0.896416,205.055206,0.199333,0.881831,204.907196,0.199286,0.897752,204.712799,0.197903,0.869975,204.556793,0.195715,0.843374,205.090393,0.198566,0.850856,205.136002,0.198623,0.848419,205.057602,0.198803,0.864417,205.074402,0.198728,0.856786
COLORWHEEL_4000_IMG_0587_0015,COLORWHEEL_4000,train,4000,semiquant,Glucose:15 +,Glucose:15 +,,,Glucose,15 +,COLORWHEEL_4000_SEMIQUANT.zip,1,1,0,,204.722397,0.200624,0.892718,204.702393,0.200273,0.896416,205.055206,0.199333,0.881831,204.907196,0.199286,0.897752,204.712799,0.197903,0.869975,204.556793,0.195715,0.843374,205.090393,0.198566,0.850856,205.136002,0.198623,0.848419,205.057602,0.198803,0.864417,205.074402,0.198728,0.856786
COLORWHEEL_4000_IMG_0590_0016,COLORWHEEL_4000,train,4000,semiquant,Leukocytes:Neg,Leukocytes:Neg,,,Leukocytes,Neg,COLORWHEEL_4000_SEMIQUANT.zip,1,1,0,,88.552803,0.261887,0.967933,88.513603,0.267307,0.975845,88.856796,0.271578,0.963944,87.395203,0.256784,0.964687,88.897598,0.261702,0.945835,88.811203,0.265213,0.919222,87.425598,0.276438,0.927457,88.8536,0.269256,0.920138,87.6008,0.26222,0.931191,88.239197,0.263882,0.929001
COLORWHEEL_4000_IMG_0590_0016,COLORWHEEL_4000,train,4000,semiquant,Nitrite:Positive,Nitrite:Positive,,,Nitrite,Positive,COLORWHEEL_4000_SEMIQUANT.zip,1,1,0,,88.552803,0.261887,0.967933,88.513603,0.267307,0.975845,88.856796,0.271578,0.963944,87.395203,0.256784,0.964687,88.897598,0.261702,0.945835,88.811203,0.265213,0.919222,87.425598,0.276438,0.927457,88.8536,0.269256,0.920138,87.6008,0.26222,0.931191,88.239197,0.263882,0.929001
COLORWHEEL_4000_IMG_0590_0016,COLORWHEEL_4000,train,4000,semiquant,Urobilinogen:3.2,Urobilinogen:3.2,,,Urobilinogen,3.2,COLORWHEEL_4000_SEMIQUANT.zip,1,1,0,,88.552803,0.261887,0.967933,88.513603,0.267307,0.975845,88.856796,0.271578,0.963944,87.395203,0.256784,0.964687,88.897598,0.261702,0.945835,88.811203,0.265213,0.919222,87.425598,0.276438,0.927457,88.8536,0.269256,0.920138,87.6008,0.26222,0.931191,88.239197,0.263882,0.929001
COLORWHEEL_4000_IMG_0590_0016,COLORWHEEL_4000,train,4000,semiquant,Protein:1.0,Protein:1.0,,,Protein,1.0,COLORWHEEL_4000_SEMIQUANT.zip,1,1,0,,88.552803,0.261887,0.967933,88.513603,0.267307,0.975845,88.856796,0.271578,0.963944,87.395203,0.256784,0.964687,88.897598,0.261702,0.945835,88.811203,0.265213,0.919222,87.425598,0.276438,0.927457,88.8536,0.269256,0.920138,87.6008,0.26222,0.931191,88.239197,0.263882,0.929001
COLORWHEEL_4000_IMG_0590_0016,COLORWHEEL_4000,train,4000,semiquant,pH:6.0,pH:6.0,,,pH,6.0,COLORWHEEL_4000_SEMIQUANT.zip,1,1,0,,88.552803,0.261887,0.967933,88.513603,0.267307,0.975845,88.856796,0.271578,0.963944,87.395203,0.256784,0.964687,88.897598,0.261702,0.945835,88.811203,0.265213,0.919222,87.425598,0.276438,0.927457,88.8536,0.269256,0.920138,87.6008,0.26222,0.931191,88.239197,0.263882,0.929001
COLORWHEEL_4000_IMG_0590_0016,COLORWHEEL_4000,train,4000,semiquant,Blood:Small 25,Blood:Small 25,,,Blood,Small 25,COLORWHEEL_4000_SEMIQUANT.zip,1,1,0,,88.552803,0.261887,0.967933,88.513603,0.267307,0.975845,88.856796,0.271578,0.963944,87.395203,0.256784,0.964687,88.897598,0.261702,0.945835,88.811203,0.265213,0.919222,87.425598,0.276438,0.927457,88.8536,0.269256,0.920138,87.6008,0.26222,0.931191,88.239197,0.263882,0.929001
COLORWHEEL_4000_IMG_0590_0016,COLORWHEEL_4000,train,4000,semiquant,Specific Gravity:1.005,Specific Gravity:1.005,,,Specific Gravity,1.005,COLORWHEEL_4000_SEMIQUANT.zip,1,1,0,,88.552803,0.261887,0.967933,88.513603,0.267307,0.975845,88.856796,0.271578,0.963944,87.395203,0.256784,0.964687,88.897598,0.261702,0.945835,88.811203,0.265213,0.919222,87.425598,0.276438,0.927457,88.8536,0.269256,0.920138,87.6008,0.26222,0.931191,88.239197,0.263882,0.929001
COLORWHEEL_4000_IMG_0590_0016,COLORWHEEL_4000,train,4000,semiquant,Ketone:Moderate 4.0,Ketone:Moderate 4.0,,,Ketone,Moderate 4.0,COLORWHEEL_4000_SEMIQUANT.zip,1,1,0,,88.552803,0.261887,0.967933,88.513603,0.267307,0.975845,88.856796,0.271578,0.963944,87.395203,0.256784,0.964687,88.897598,0.261702,0.945835,88.811203,0.265213,0.919222,87.425598,0.276438,0.927457,88.8536,0.269256,0.920138,87.6008,0.26222,0.931191,88.239197,0.263882,0.929001
COLORWHEEL_4000_IMG_0590_0016,COLORWHEEL_4000,train,4000,semiquant,Bilirubin:Large 100,Bilirubin:Large 100,,,Bilirubin,Large 100,COLORWHEEL_4000_SEMIQUANT.zip,1,1,0,,88.552803,0.261887,0.967933,88.513603,0.267307,0.975845,88.856796,0.271578,0.963944,87.395203,0.256784,0.964687,88.897598,0.261702,0.945835,88.811203,0.265213,0.919222,87.425598,0.276438,0.927457,88.8536,0.269256,0.920138,87.6008,0.26222,0.931191,88.239197,0.263882,0.929001
COLORWHEEL_4000_IMG_0590_0016,COLORWHEEL_4000,train,4000,semiquant,Glucose:30 ++,Glucose:30 ++,,,Glucose,30 ++,COLORWHEEL_4000_SEMIQUANT.zip,1,1,0,,88.552803,0.261887,0.967933,88.513603,0.267307,0.975845,88.856796,0.271578,0.963944,87.395203,0.256784,0.964687,88.897598,0.261702,0.945835,88.811203,0.265213,0.919222,87.425598,0.276438,0.927457,88.8536,0.269256,0.920138,87.6008,0.26222,0.931191,88.239197,0.263882,0.929001
COLORWHEEL_4000_IMG_0593_0017,COLORWHEEL_4000,train,4000,semiquant,Leukocytes:Trace 15,Leukocytes:Trace 15,,,Leukocytes,Trace 15,COLORWHEEL_4000_SEMIQUANT.zip,1,1,0,,125.875198,0.061271,0.748193,119.8592,0.063542,0.753283,120.771202,0.062693,0.743536,121.435204,0.062897,0.75293,119.201599,0.058019,0.728136,115.536797,0.057228,0.705159,115.571198,0.050817,0.712654,118.5672,0.057434,0.71144,116.552803,0.055429,0.723944,119.132004,0.054866,0.717667
COLORWHEEL_4000_IMG_0593_0017,COLORWHEEL_4000,train,4000,semiquant,Nitrite:Neg,Nitrite:Neg,,,Nitrite,Neg,COLORWHEEL_4000_SEMIQUANT.zip,1,1,0,,125.875198,0.061271,0.748193,119.8592,0.063542,0.753283,120.771202,0.062693,0.743536,121.435204,0.062897,0.75293,119.201599,0.058019,0.728136,115.536797,0.057228,0.705159,115.571198,0.050817,0.712654,118.5672,0.057434,0.71144,116.552803,0.055429,0.723944,119.132004,0.054866,0.717667
COLORWHEEL_4000_IMG_0593_0017,COLORWHEEL_4000,train,4000,semiquant,Urobilinogen:16,Urobilinogen:16,,,Urobilinogen,16,COLORWHEEL_4000_SEMIQUANT.zip,1,1,0,,125.875198,0.061271,0.748193,119.8592,0.063542,0.753283,120.771202,0.062693,0.743536,121.435204,0.062897,0.75293,119.201599,0.058019,0.728136,115.536797,0.057228,0.705159,115.571198,0.050817,0.712654,118.5672,0.057434,0.71144,116.552803,0.055429,0.723944,119.132004,0.054866,0.717667
COLORWHEEL_4000_IMG_0593_0017,COLORWHEEL_4000,train,4000,semiquant,Protein:3.0,Protein:3.0,,,Protein,3.0,COLORWHEEL_4000_SEMIQUANT.zip,1,1,0,,125.875198,0.061271,0.748193,119.8592,0.063542,0.753283,120.771202,0.062693,0.743536,121.435204,0.062897,0.75293,119.201599,0.058019,0.728136,115.536797,0.057228,0.705159,115.571198,0.050817,0.712654,118.5672,0.057434,0.71144,116.552803,0.055429,0.723944,119.132004,0.054866,0.717667
COLORWHEEL_4000_IMG_0593_0017,COLORWHEEL_4000,train,4000,semiquant,pH:6.5,pH:6.5,,,pH,6.5,COLORWHEEL_4000_SEMIQUANT.zip,1,1,0,,125.875198,0.061271,0.748193,119.8592,0.063542,0.753283,120.771202,0.062693,0.743536,121.435204,0.062897,0.75293,119.201599,0.058019,0.728136,115.536797,0.057228,0.705159,115.571198,0.050817,0.712654,118.5672,0.057434,0.71144,116.552803,0.055429,0.723944,119.132004,0.054866,0.717667
COLORWHEEL_4000_IMG_0593_0017,COLORWHEEL_4000,train,4000,semiquant,Blood:Moderate 80,Blood:Moderate 80,,,Blood,Moderate 80,COLORWHEEL_4000_SEMIQUANT.zip,1,1,0,,125.875198,0.061271,0.748193,119.8592,0.063542,0.753283,120.771202,0.062693,0.743536,121.435204,0.062897,0.75293,119.201599,0.058019,0.728136,115.536797,0.057228,0.705159,115.571198,0.050817,0.712654,118.5672,0.057434,0.71144,116.552803,0.055429,0.723944,119.132004,0.054866,0.717667
COLORWHEEL_4000_IMG_0593_0017,COLORWHEEL_4000,train,4000,semiquant,Specific Gravity:1.010,Specific Gravity:1.010,,,Specific Gravity,1.010,COLORWHEEL_4000_SEMIQUANT.zip,1,1,0,,125.875198,0.061271,0.748193,119.8592,0.063542,0.753283,120.771202,0.062693,0.743536,121.435204,0.062897,0.75293,119.201599,0.058019,0.728136,115.536797,0.057228,0.705159,115.571198,0.050817,0.712654,118.5672,0.057434,0.71144,116.552803,0.055429,0.723944,119.132004,0.054866,0.717667
COLORWHEEL_4000_IMG_0593_0017,COLORWHEEL_4000,train,4000,semiquant,Ketone:8.0,Ketone:8.0,,,Ketone,8.0,COLORWHEEL_4000_SEMIQUANT.zip,1,1,0,,125.875198,0.061271,0.748193,119.8592,0.063542,0.753283,120.771202,0.062693,0.743536,121.435204,0.062897,0.75293,119.201599,0.058019,0.728136,115.536797,0.057228,0.705159,115.571198,0.050817,0.712654,118.5672,0.057434,0.71144,116.552803,0.055429,0.723944,119.132004,0.054866,0.717667
COLORWHEEL_4000_IMG_0593_0017,COLORWHEEL_4000,train,4000,semiquant,Bilirubin:Neg,Bilirubin:Neg,,,Bilirubin,Neg,COLORWHEEL_4000_SEMIQUANT.zip,1,1,0,,125.875198,0.061271,0.748193,119.8592,0.063542,0.753283,120.771202,0.062693,0.743536,121.435204,0.062897,0.75293,119.201599,0.058019,0.728136,115.536797,0.057228,0.705159,115.571198,0.050817,0.712654,118.5672,0.057434,0.71144,116.552803,0.055429,0.723944,119.132004,0.054866,0.717667
COLORWHEEL_4000_IMG_0593_0017,COLORWHEEL_4000,train,4000,semiquant,Glucose:60 +++,Glucose:60 +++,,,Glucose,60 +++,COLORWHEEL_4000_SEMIQUANT.zip,1,1,0,,125.875198,0.061271,0.748193,119.8592,0.063542,0.753283,120.771202,0.062693,0.743536,121.435204,0.062897,0.75293,119.201599,0.058019,0.728136,115.536797,0.057228,0.705159,115.571198,0.050817,0.712654,118.5672,0.057434,0.71144,116.552803,0.055429,0.723944,119.132004,0.054866,0.717667
COLORWHEEL_4000_IMG_0596_0018,COLORWHEEL_4000,train,4000,semiquant,Leukocytes:Small 70,Leukocytes:Small 70,,,Leukocytes,Small 70,COLORWHEEL_4000_SEMIQUANT.zip,1,1,0,,197.251205,0.053078,0.73822,195.797607,0.051951,0.742042,187.4104,0.048638,0.7311,184.907196,0.047892,0.740216,193.109604,0.05147,0.715865,197.167206,0.050885,0.691561,192.548004,0.052358,0.710348,197.191193,0.052958,0.70035,196.780807,0.053998,0.718681,196.564804,0.052866,0.713012
COLORWHEEL_4000_IMG_0596_0018,COLORWHEEL_4000,train,4000,semiquant,Nitrite:Positive,Nitrite:Positive,,,Nitrite,Positive,COLORWHEEL_4000_SEMIQUANT.zip,1,1,0,,197.251205,0.053078,0.73822,195.797607,0.051951,0.742042,187.4104,0.048638,0.7311,184.907196,0.047892,0.740216,193.109604,0.05147,0.715865,197.167206,0.050885,0.691561,192.548004,0.052358,0.710348,197.191193,0.052958,0.70035,196.780807,0.053998,0.718681,196.564804,0.052866,0.713012
COLORWHEEL_4000_IMG_0596_0018,COLORWHEEL_4000,train,4000,semiquant,Urobilinogen:32,Urobilinogen:32,,,Urobilinogen,32,COLORWHEEL_4000_SEMIQUANT.zip,1,1,0,,197.251205,0.053078,0.73822,195.797607,0.051951,0.742042,187.4104,0.048638,0.7311,184.907196,0.047892,0.740216,193.109604,0.05147,0.715865,197.167206,0.050885,0.691561,192.548004,0.052358,0.710348,197.191193,0.052958,0.70035,196.780807,0.053998,0.718681,196.564804,0.052866,0.713012
COLORWHEEL_4000_IMG_0596_0018,COLORWHEEL_4000,train,4000,semiquant,Protein:>=20.0,Protein:>=20.0,,,Protein,>=20.0,COLORWHEEL_4000_SEMIQUANT.zip,1,1,0,,197.251205,0.053078,0.73822,195.797607,0.051951,0.742042,187.4104,0.048638,0.7311,184.907196,0.047892,0.740216,193.109604,0.05147,0.715865,197.167206,0.050885,0.691561,192.548004,0.052358,0.710348,197.191193,0.052958,0.70035,196.780807,0.053998,0.718681,196.564804,0.052866,0.713012
COLORWHEEL_4000_IMG_0596_0018,COLORWHEEL_4000,train,4000,semiquant,pH:7.0,pH:7.0,,,pH,7.0,COLORWHEEL_4000_SEMIQUANT.zip,1,1,0,,197.251205,0.053078,0.73822,195.797607,0.051951,0.742042,187.4104,0.048638,0.7311,184.907196,0.047892,0.740216,193.109604,0.05147,0.715865,197.167206,0.050885,0.691561,192.548004,0.052358,0.710348,197.191193,0.052958,0.70035,196.780807,0.053998,0.718681,196.564804,0.052866,0.713012
COLORWHEEL_4000_IMG_0596_0018,COLORWHEEL_4000,train,4000,semiquant,Blood:Large 200,Blood:Large 200,,,Blood,Large 200,COLORWHEEL_4000_SEMIQUANT.zip,1,1,0,,197.251205,0.053078,0.73822,195.797607,0.051951,0.742042,187.4104,0.048638,0.7311,184.907196,0.047892,0.740216,193.109604,0.05147,0.715865,197.167206,0.050885,0.691561,192.548004,0.052358,0.710348,197.191193,0.052958,0.70035,196.780807,0.053998,0.718681,196.564804,0.052866,0.713012
COLORWHEEL_4000_IMG_0596_0018,COLORWHEEL_4000,train,4000,semiquant,Specific Gravity:1.015,Specific Gravity:1.015,,,Specific Gravity,1.015,COLORWHEEL_4000_SEMIQUANT.zip,1,1,0,,197.251205,0.053078,0.73822,195.797607,0.051951,0.742042,187.4104,0.048638,0.7311,184.907196,0.047892,0.740216,193.109604,0.05147,0.715865,197.167206,0.050885,0.691561,192.548004,0.052358,0.710348,197.191193,0.052958,0.70035,196.780807,0.053998,0.718681,196.564804,0.052866,0.713012
COLORWHEEL_4000_IMG_0596_0018,COLORWHEEL_4000,train,4000,semiquant,Ketone:Large 16,Ketone:Large 16,,,Ketone,Large 16,COLORWHEEL_4000_SEMIQUANT.zip,1,1,0,,197.251205,0.053078,0.73822,195.797607,0.051951,0.742042,187.4104,0.048638,0.7311,184.907196,0.047892,0.740216,193.109604,0.05147,0.715865,197.167206,0.050885,0.691561,192.548004,0.052358,0.710348,197.191193,0.052958,0.70035,196.780807,0.053998,0.718681,196.564804,0.052866,0.713012
COLORWHEEL_4000_IMG_0596_0018,COLORWHEEL_4000,train,4000,semiquant,Bilirubin:Small 17,Bilirubin:Small 17,,,Bilirubin,Small 17,COLORWHEEL_4000_SEMIQUANT.zip,1,1,0,,197.251205,0.053078,0.73822,195.797607,0.051951,0.742042,187.4104,0.048638,0.7311,184.907196,0.047892,0.740216,193.109604,0.05147,0.715865,197.167206,0.050885,0.691561,192.548004,0.052358,0.710348,197.191193,0.052958,0.70035,196.780807,0.053998,0.718681,196.564804,0.052866,0.713012
COLORWHEEL_4000_IMG_0596_0018,COLORWHEEL_4000,train,4000,semiquant,Glucose:110 ++++,Glucose:110 ++++,,,Glucose,110 ++++,COLORWHEEL_4000_SEMIQUANT.zip,1,1,0,,197.251205,0.053078,0.73822,195.797607,0.051951,0.742042,187.4104,0.048638,0.7311,184.907196,0.047892,0.740216,193.109604,0.05147,0.715865,197.167206,0.050885,0.691561,192.548004,0.052358,0.710348,197.191193,0.052958,0.70035,196.780807,0.053998,0.718681,196.564804,0.052866,0.713012
COLORWHEEL_4000_IMG_0597_0019,COLORWHEEL_4000,train,4000,semiquant,Leukocytes:Moderate 125,Leukocytes:Moderate 125,,,Leukocytes,Moderate 125,COLORWHEEL_4000_SEMIQUANT.zip,1,1,0,,221.239197,0.049815,0.741024,220.202393,0.049068,0.743796,223.115997,0.046831,0.732072,222.299194,0.048425,0.748455,223.0448,0.049685,0.721853,226.583206,0.046264,0.69866,226.182404,0.044944,0.709357,225.173599,0.045093,0.702141,226.913605,0.045296,0.714039,225.707993,0.046209,0.715073
COLORWHEEL_4000_IMG_0597_0019,COLORWHEEL_4000,train,4000,semiquant,Nitrite:Neg,Nitrite:Neg,,,Nitrite,Neg,COLORWHEEL_4000_SEMIQUANT.zip,1,1,0,,221.239197,0.049815,0.741024,220.202393,0.049068,0.743796,223.115997,0.046831,0.732072,222.299194,0.048425,0.748455,223.0448,0.049685,0.721853,226.583206,0.046264,0.69866,226.182404,0.044944,0.709357,225.173599,0.045093,0.702141,226.913605,0.045296,0.714039,225.707993,0.046209,0.715073
COLORWHEEL_4000_IMG_0597_0019,COLORWHEEL_4000,train,4000,semiquant,Urobilinogen:64,Urobilinogen:64,,,Urobilinogen,64,COLORWHEEL_4000_SEMIQUANT.zip,1,1,0,,221.239197,0.049815,0.741024,220.202393,0.049068,0.743796,223.115997,0.046831,0.732072,222.299194,0.048425,0.748455,223.0448,0.049685,0.721853,226.583206,0.046264,0.69866,226.182404,0.044944,0.709357,225.173599,0.045093,0.702141,226.913605,0.045296,0.714039,225.707993,0.046209,0.715073
COLORWHEEL_4000_IMG_0597_0019,COLORWHEEL_4000,train,4000,semiquant,Protein:Neg,Protein:Neg,,,Protein,Neg,COLORWHEEL_4000_SEMIQUANT.zip,1,1,0,,221.239197,0.049815,0.741024,220.202393,0.049068,0.743796,223.115997,0.046831,0.732072,222.299194,0.048425,0.748455,223.0448,0.049685,0.721853,226.583206,0.046264,0.69866,226.182404,0.044944,0.709357,225.173599,0.045093,0.702141,226.913605,0.045296,0.714039,225.707993,0.046209,0.715073
COLORWHEEL_4000_IMG_0597_0019,COLORWHEEL_4000,train,4000,semiquant,pH:7.5,pH:7.5,,,pH,7.5,COLORWHEEL_4000_SEMIQUANT.zip,1,1,0,,221.239197,0.049815,0.741024,220.202393,0.049068,0.743796,223.115997,0.046831,0.732072,222.299194,0.048425,0.748455,223.0448,0.049685,0.721853,226.583206,0.046264,0.69866,226.182404,0.044944,0.709357,225.173599,0.045093,0.702141,226.913605,0.045296,0.714039,225.707993,0.046209,0.715073
COLORWHEEL_4000_IMG_0597_0019,COLORWHEEL_4000,train,4000,semiquant,Blood:Neg,Blood:Neg,,,Blood,Neg,COLORWHEEL_4000_SEMIQUANT.zip,1,1,0,,221.239197,0.049815,0.741024,220.202393,0.049068,0.743796,223.115997,0.046831,0.732072,222.299194,0.048425,0.748455,223.0448,0.049685,0.721853,226.583206,0.046264,0.69866,226.182404,0.044944,0.709357,225.173599,0.045093,0.702141,226.913605,0.045296,0.714039,225.707993,0.046209,0.715073
COLORWHEEL_4000_IMG_0597_0019,COLORWHEEL_4000,train,4000,semiquant,Specific Gravity:1.020,Specific Gravity:1.020,,,Specific Gravity,1.020,COLORWHEEL_4000_SEMIQUANT.zip,1,1,0,,221.239197,0.049815,0.741024,220.202393,0.049068,0.743796,223.115997,0.046831,0.732072,222.299194,0.048425,0.748455,223.0448,0.049685,0.721853,226.583206,0.046264,0.69866,226.182404,0.044944,0.709357,225.173599,0.045093,0.702141,226.913605,0.045296,0.714039,225.707993,0.046209,0.715073
COLORWHEEL_4000_IMG_0597_0019,COLORWHEEL_4000,train,4000,semiquant,Ketone:Neg,Ketone:Neg,,,Ketone,Neg,COLORWHEEL_4000_SEMIQUANT.zip,1,1,0,,221.239197,0.049815,0.741024,220.202393,0.049068,0.743796,223.115997,0.046831,0.732072,222.299194,0.048425,0.748455,223.0448,0.049685,0.721853,226.583206,0.046264,0.69866,226.182404,0.044944,0.709357,225.173599,0.045093,0.702141,226.913605,0.045296,0.714039,225.707993,0.046209,0.715073
COLORWHEEL_4000_IMG_0597_0019,COLORWHEEL_4000,train,4000,semiquant,Bilirubin:Moderate 50,Bilirubin:Moderate 50,,,Bilirubin,Moderate 50,COLORWHEEL_4000_SEMIQUANT.zip,1,1,0,,221.239197,0.049815,0.741024,220.202393,0.049068,0.743796,223.115997,0.046831,0.732072,222.299194,0.048425,0.748455,223.0448,0.049685,0.721853,226.583206,0.046264,0.69866,226.182404,0.044944,0.709357,225.173599,0.045093,0.702141,226.913605,0.045296,0.714039,225.707993,0.046209,0.715073
COLORWHEEL_4000_IMG_0597_0019,COLORWHEEL_4000,train,4000,semiquant,Glucose:Neg,Glucose:Neg,,,Glucose,Neg,COLORWHEEL_4000_SEMIQUANT.zip,1,1,0,,221.239197,0.049815,0.741024,220.202393,0.049068,0.743796,223.115997,0.046831,0.732072,222.299194,0.048425,0.748455,223.0448,0.049685,0.721853,226.583206,0.046264,0.69866,226.182404,0.044944,0.709357,225.173599,0.045093,0.702141,226.913605,0.045296,0.714039,225.707993,0.046209,0.715073
COLORWHEEL_4000_IMG_0598_0020,COLORWHEEL_4000,train,4000,semiquant,Leukocytes:Large 500,Leukocytes:Large 500,,,Leukocytes,Large 500,COLORWHEEL_4000_SEMIQUANT.zip,1,1,0,,137.884796,0.052339,0.488119,137.349594,0.052513,0.467562,126.923203,0.053515,0.505948,133.922394,0.057245,0.519046,135.833603,0.056791,0.519755,132.330399,0.053203,0.428083,136.197601,0.060169,0.435674,159.419205,0.067984,0.423027,167.385605,0.068119,0.399391,176.806396,0.067526,0.365898
COLORWHEEL_4000_IMG_0598_0020,COLORWHEEL_4000,train,4000,semiquant,Nitrite:Positive,Nitrite:Positive,,,Nitrite,Positive,COLORWHEEL_4000_SEMIQUANT.zip,1,1,0,,137.884796,0.052339,0.488119,137.349594,0.052513,0.467562,126.923203,0.053515,0.505948,133.922394,0.057245,0.519046,135.833603,0.056791,0.519755,132.330399,0.053203,0.428083,136.197601,0.060169,0.435674,159.419205,0.067984,0.423027,167.385605,0.068119,0.399391,176.806396,0.067526,0.365898
COLORWHEEL_4000_IMG_0598_0020,COLORWHEEL_4000,train,4000,semiquant,Urobilinogen:128,Urobilinogen:128,,,Urobilinogen,128,COLORWHEEL_4000_SEMIQUANT.zip,1,1,0,,137.884796,0.052339,0.488119,137.349594,0.052513,0.467562,126.923203,0.053515,0.505948,133.922394,0.057245,0.519046,135.833603,0.056791,0.519755,132.330399,0.053203,0.428083,136.197601,0.060169,0.435674,159.419205,0.067984,0.423027,167.385605,0.068119,0.399391,176.806396,0.067526,0.365898
COLORWHEEL_4000_IMG_0598_0020,COLORWHEEL_4000,train,4000,semiquant,Protein:Trace,Protein:Trace,,,Protein,Trace,COLORWHEEL_4000_SEMIQUANT.zip,1,1,0,,137.884796,0.052339,0.488119,137.349594,0.052513,0.467562,126.923203,0.053515,0.505948,133.922394,0.057245,0.519046,135.833603,0.056791,0.519755,132.330399,0.053203,0.428083,136.197601,0.060169,0.435674,159.419205,0.067984,0.423027,167.385605,0.068119,0.399391,176.806396,0.067526,0.365898
COLORWHEEL_4000_IMG_0598_0020,COLORWHEEL_4000,train,4000,semiquant,pH:8.0,pH:8.0,,,pH,8.0,COLORWHEEL_4000_SEMIQUANT.zip,1,1,0,,137.884796,0.052339,0.488119,137.349594,0.052513,0.467562,126.923203,0.053515,0.505948,133.922394,0.057245,0.519046,135.833603,0.056791,0.519755,132.330399,0.053203,0.428083,136.197601,0.060169,0.435674,159.419205,0.067984,0.423027,167.385605,0.068119,0.399391,176.806396,0.067526,0.365898
COLORWHEEL_4000_IMG_0598_0020,COLORWHEEL_4000,train,4000,semiquant,Blood:Non-hemolyzed 10,Blood:Non-hemolyzed 10,,,Blood,Non-hemolyzed 10,COLORWHEEL_4000_SEMIQUANT.zip,1,1,0,,137.884796,0.052339,0.488119,137.349594,0.052513,0.467562,126.923203,0.053515,0.505948,133.922394,0.057245,0.519046,135.833603,0.056791,0.519755,132.330399,0.053203,0.428083,136.197601,0.060169,0.435674,159.419205,0.067984,0.423027,167.385605,0.068119,0.399391,176.806396,0.067526,0.365898
COLORWHEEL_4000_IMG_0598_0020,COLORWHEEL_4000,train,4000,semiquant,Specific Gravity:1.025,Specific Gravity:1.025,,,Specific Gravity,1.025,COLORWHEEL_4000_SEMIQUANT.zip,1,1,0,,137.884796,0.052339,0.488119,137.349594,0.052513,0.467562,126.923203,0.053515,0.505948,133.922394,0.057245,0.519046,135.833603,0.056791,0.519755,132.330399,0.053203,0.428083,136.197601,0.060169,0.435674,159.419205,0.067984,0.423027,167.385605,0.068119,0.399391,176.806396,0.067526,0.365898
COLORWHEEL_4000_IMG_0598_0020,COLORWHEEL_4000,train,4000,semiquant,Ketone:Trace 0.5,Ketone:Trace 0.5,,,Ketone,Trace 0.5,COLORWHEEL_4000_SEMIQUANT.zip,1,1,0,,137.884796,0.052339,0.488119,137.349594,0.052513,0.467562,126.923203,0.053515,0.505948,133.922394,0.057245,0.519046,135.833603,0.056791,0.519755,132.330399,0.053203,0.428083,136.197601,0.060169,0.435674,159.419205,0.067984,0.423027,167.385605,0.068119,0.399391,176.806396,0.067526,0.365898
COLORWHEEL_4000_IMG_0598_0020,COLORWHEEL_4000,train,4000,semiquant,Bilirubin:Large 100,Bilirubin:Large 100,,,Bilirubin,Large 100,COLORWHEEL_4000_SEMIQUANT.zip,1,1,0,,137.884796,0.052339,0.488119,137.349594,0.052513,0.467562,126.923203,0.053515,0.505948,133.922394,0.057245,0.519046,135.833603,0.056791,0.519755,132.330399,0.053203,0.428083,136.197601,0.060169,0.435674,159.419205,0.067984,0.423027,167.385605,0.068119,0.399391,176.806396,0.067526,0.365898
COLORWHEEL_4000_IMG_0598_0020,COLORWHEEL_4000,train,4000,semiquant,Glucose:Trace 5,Glucose:Trace 5,,,Glucose,Trace 5,COLORWHEEL_4000_SEMIQUANT.zip,1,1,0,,137.884796,0.052339,0.488119,137.349594,0.052513,0.467562,126.923203,0.053515,0.505948,133.922394,0.057245,0.519046,135.833603,0.056791,0.519755,132.330399,0.053203,0.428083,136.197601,0.060169,0.435674,159.419205,0.067984,0.423027,167.385605,0.068119,0.399391,176.806396,0.067526,0.365898
COLORWHEEL_4000_IMG_0605_0021,COLORWHEEL_4000,train,4000,semiquant,Leukocytes:Neg,Leukocytes:Neg,,,Leukocytes,Neg,COLORWHEEL_4000_SEMIQUANT.zip,1,1,0,,59.8592,0.09728,0.488461,52.132801,0.094849,0.476565,63.1912,0.086224,0.521324,59.127201,0.084524,0.54048,56.236801,0.082441,0.546604,51.9744,0.088733,0.458722,48.104801,0.074725,0.472853,55.045601,0.077327,0.470579,54.639999,0.076494,0.456712,49.766399,0.074212,0.427285
COLORWHEEL_4000_IMG_0605_0021,COLORWHEEL_4000,train,4000,semiquant,Nitrite:Neg,Nitrite:Neg,,,Nitrite,Neg,COLORWHEEL_4000_SEMIQUANT.zip,1,1,0,,59.8592,0.09728,0.488461,52.132801,0.094849,0.476565,63.1912,0.086224,0.521324,59.127201,0.084524,0.54048,56.236801,0.082441,0.546604,51.9744,0.088733,0.458722,48.104801,0.074725,0.472853,55.045601,0.077327,0.470579,54.639999,0.076494,0.456712,49.766399,0.074212,0.427285
COLORWHEEL_4000_IMG_0605_0021,COLORWHEEL_4000,train,4000,semiquant,Urobilinogen:3.2,Urobilinogen:3.2,,,Urobilinogen,3.2,COLORWHEEL_4000_SEMIQUANT.zip,1,1,0,,59.8592,0.09728,0.488461,52.132801,0.094849,0.476565,63.1912,0.086224,0.521324,59.127201,0.084524,0.54048,56.236801,0.082441,0.546604,51.9744,0.088733,0.458722,48.104801,0.074725,0.472853,55.045601,0.077327,0.470579,54.639999,0.076494,0.456712,49.766399,0.074212,0.427285
COLORWHEEL_4000_IMG_0605_0021,COLORWHEEL_4000,train,4000,semiquant,Protein:0.3,Protein:0.3,,,Protein,0.3,COLORWHEEL_4000_SEMIQUANT.zip,1,1,0,,59.8592,0.09728,0.488461,52.132801,0.094849,0.476565,63.1912,0.086224,0.521324,59.127201,0.084524,0.54048,56.236801,0.082441,0.546604,51.9744,0.088733,0.458722,48.104801,0.074725,0.472853,55.045601,0.077327,0.470579,54.639999,0.076494,0.456712,49.766399,0.074212,0.427285
COLORWHEEL_4000_IMG_0605_0021,COLORWHEEL_4000,train,4000,semiquant,pH:8.5,pH:8.5,,,pH,8.5,COLORWHEEL_4000_SEMIQUANT.zip,1,1,0,,59.8592,0.09728,0.488461,52.132801,0.094849,0.476565,63.1912,0.086224,0.521324,59.127201,0.084524,0.54048,56.236801,0.082441,0.546604,51.9744,0.088733,0.458722,48.104801,0.074725,0.472853,55.045601,0.077327,0.470579,54.639999,0.076494,0.456712,49.766399,0.074212,0.427285
COLORWHEEL_4000_IMG_0605_0021,COLORWHEEL_4000,train,4000,semiquant,Blood:Hemolyzed 10,Blood:Hemolyzed 10,,,Blood,Hemolyzed 10,COLORWHEEL_4000_SEMIQUANT.zip,1,1,0,,59.8592,0.09728,0.488461,52.132801,0.094849,0.476565,63.1912,0.086224,0.521324,59.127201,0.084524,0.54048,56.236801,0.082441,0.546604,51.9744,0.088733,0.458722,48.104801,0.074725,0.472853,55.045601,0.077327,0.470579,54.639999,0.076494,0.456712,49.766399,0.074212,0.427285
COLORWHEEL_4000_IMG_0605_0021,COLORWHEEL_4000,train,4000,semiquant,Specific Gravity:1.030,Specific Gravity:1.030,,,Specific Gravity,1.030,COLORWHEEL_4000_SEMIQUANT.zip,1,1,0,,59.8592,0.09728,0.488461,52.132801,0.094849,0.476565,63.1912,0.086224,0.521324,59.127201,0.084524,0.54048,56.236801,0.082441,0.546604,51.9744,0.088733,0.458722,48.104801,0.074725,0.472853,55.045601,0.077327,0.470579,54.639999,0.076494,0.456712,49.766399,0.074212,0.427285
COLORWHEEL_4000_IMG_0605_0021,COLORWHEEL_4000,train,4000,semiquant,Ketone:Small 1.5,Ketone:Small 1.5,,,Ketone,Small 1.5,COLORWHEEL_4000_SEMIQUANT.zip,1,1,0,,59.8592,0.09728,0.488461,52.132801,0.094849,0.476565,63.1912,0.086224,0.521324,59.127201,0.084524,0.54048,56.236801,0.082441,0.546604,51.9744,0.088733,0.458722,48.104801,0.074725,0.472853,55.045601,0.077327,0.470579,54.639999,0.076494,0.456712,49.766399,0.074212,0.427285
COLORWHEEL_4000_IMG_0605_0021,COLORWHEEL_4000,train,4000,semiquant,Bilirubin:Neg,Bilirubin:Neg,,,Bilirubin,Neg,COLORWHEEL_4000_SEMIQUANT.zip,1,1,0,,59.8592,0.09728,0.488461,52.132801,0.094849,0.476565,63.1912,0.086224,0.521324,59.127201,0.084524,0.54048,56.236801,0.082441,0.546604,51.9744,0.088733,0.458722,48.104801,0.074725,0.472853,55.045601,0.077327,0.470579,54.639999,0.076494,0.456712,49.766399,0.074212,0.427285
COLORWHEEL_4000_IMG_0605_0021,COLORWHEEL_4000,train,4000,semiquant,Glucose:15 +,Glucose:15 +,,,Glucose,15 +,COLORWHEEL_4000_SEMIQUANT.zip,1,1,0,,59.8592,0.09728,0.488461,52.132801,0.094849,0.476565,63.1912,0.086224,0.521324,59.127201,0.084524,0.54048,56.236801,0.082441,0.546604,51.9744,0.088733,0.458722,48.104801,0.074725,0.472853,55.045601,0.077327,0.470579,54.639999,0.076494,0.456712,49.766399,0.074212,0.427285
COLORWHEEL_4000_IMG_0608_0022,COLORWHEEL_4000,train,4000,semiquant,Leukocytes:Trace 15,Leukocytes:Trace 15,,,Leukocytes,Trace 15,COLORWHEEL_4000_SEMIQUANT.zip,1,1,0,,189.544006,0.13634,0.823115,190.015198,0.135506,0.825062,189.659195,0.135758,0.81197,189.845596,0.136511,0.827387,191.220001,0.134157,0.797721,192.020798,0.132733,0.774675,192.960007,0.131434,0.784546,191.266403,0.133936,0.778163,192.912796,0.131522,0.798905,191.587204,0.133545,0.7908
COLORWHEEL_4000_IMG_0608_0022,COLORWHEEL_4000,train,4000,semiquant,Nitrite:Positive,Nitrite:Positive,,,Nitrite,Positive,COLORWHEEL_4000_SEMIQUANT.zip,1,1,0,,189.544006,0.13634,0.823115,190.015198,0.135506,0.825062,189.659195,0.135758,0.81197,189.845596,0.136511,0.827387,191.220001,0.134157,0.797721,192.020798,0.132733,0.774675,192.960007,0.131434,0.784546,191.266403,0.133936,0.778163,192.912796,0.131522,0.798905,191.587204,0.133545,0.7908
COLORWHEEL_4000_IMG_0608_0022,COLORWHEEL_4000,train,4000,semiquant,Urobilinogen:16,Urobilinogen:16,,,Urobilinogen,16,COLORWHEEL_4000_SEMIQUANT.zip,1,1,0,,189.544006,0.13634,0.823115,190.015198,0.135506,0.825062,189.659195,0.135758,0.81197,189.845596,0.136511,0.827387,191.220001,0.134157,0.797721,192.020798,0.132733,0.774675,192.960007,0.131434,0.784546,191.266403,0.133936,0.778163,192.912796,0.131522,0.798905,191.587204,0.133545,0.7908
COLORWHEEL_4000_IMG_0608_0022,COLORWHEEL_4000,train,4000,semiquant,Protein:1.0,Protein:1.0,,,Protein,1.0,COLORWHEEL_4000_SEMIQUANT.zip,1,1,0,,189.544006,0.13634,0.823115,190.015198,0.135506,0.825062,189.659195,0.135758,0.81197,189.845596,0.136511,0.827387,191.220001,0.134157,0.797721,192.020798,0.132733,0.774675,192.960007,0.131434,0.784546,191.266403,0.133936,0.778163,192.912796,0.131522,0.798905,191.587204,0.133545,0.7908
COLORWHEEL_4000_IMG_0608_0022,COLORWHEEL_4000,train,4000,semiquant,pH:5.0,pH:5.0,,,pH,5.0,COLORWHEEL_4000_SEMIQUANT.zip,1,1,0,,189.544006,0.13634,0.823115,190.015198,0.135506,0.825062,189.659195,0.135758,0.81197,189.845596,0.136511,0.827387,191.220001,0.134157,0.797721,192.020798,0.132733,0.774675,192.960007,0.131434,0.784546,191.266403,0.133936,0.778163,192.912796,0.131522,0.798905,191.587204,0.133545,0.7908
COLORWHEEL_4000_IMG_0608_0022,COLORWHEEL_4000,train,4000,semiquant,Blood:Small 25,Blood:Small 25,,,Blood,Small 25,COLORWHEEL_4000_SEMIQUANT.zip,1,1,0,,189.544006,0.13634,0.823115,190.015198,0.135506,0.825062,189.659195,0.135758,0.81197,189.845596,0.136511,0.827387,191.220001,0.134157,0.797721,192.020798,0.132733,0.774675,192.960007,0.131434,0.784546,191.266403,0.133936,0.778163,192.912796,0.131522,0.798905,191.587204,0.133545,0.7908
COLORWHEEL_4000_IMG_0608_0022,COLORWHEEL_4000,train,4000,semiquant,Specific Gravity:1.000,Specific Gravity:1.000,,,Specific Gravity,1.000,COLORWHEEL_4000_SEMIQUANT.zip,1,1,0,,189.544006,0.13634,0.823115,190.015198,0.135506,0.825062,189.659195,0.135758,0.81197,189.845596,0.136511,0.827387,191.220001,0.134157,0.797721,192.020798,0.132733,0.774675,192.960007,0.131434,0.784546,191.266403,0.133936,0.778163,192.912796,0.131522,0.798905,191.587204,0.133545,0.7908
COLORWHEEL_4000_IMG_0608_0022,COLORWHEEL_4000,train,4000,semiquant,Ketone:Moderate 4.0,Ketone:Moderate 4.0,,,Ketone,Moderate 4.0,COLORWHEEL_4000_SEMIQUANT.zip,1,1,0,,189.544006,0.13634,0.823115,190.015198,0.135506,0.825062,189.659195,0.135758,0.81197,189.845596,0.136511,0.827387,191.220001,0.134157,0.797721,192.020798,0.132733,0.774675,192.960007,0.131434,0.784546,191.266403,0.133936,0.778163,192.912796,0.131522,0.798905,191.587204,0.133545,0.7908
COLORWHEEL_4000_IMG_0608_0022,COLORWHEEL_4000,train,4000,semiquant,Bilirubin:Small 17,Bilirubin:Small 17,,,Bilirubin,Small 17,COLORWHEEL_4000_SEMIQUANT.zip,1,1,0,,189.544006,0.13634,0.823115,190.015198,0.135506,0.825062,189.659195,0.135758,0.81197,189.845596,0.136511,0.827387,191.220001,0.134157,0.797721,192.020798,0.132733,0.774675,192.960007,0.131434,0.784546,191.266403,0.133936,0.778163,192.912796,0.131522,0.798905,191.587204,0.133545,0.7908
COLORWHEEL_4000_IMG_0608_0022,COLORWHEEL_4000,train,4000,semiquant,Glucose:30 ++,Glucose:30 ++,,,Glucose,30 ++,COLORWHEEL_4000_SEMIQUANT.zip,1,1,0,,189.544006,0.13634,0.823115,190.015198,0.135506,0.825062,189.659195,0.135758,0.81197,189.845596,0.136511,0.827387,191.220001,0.134157,0.797721,192.020798,0.132733,0.774675,192.960007,0.131434,0.784546,191.266403,0.133936,0.778163,192.912796,0.131522,0.798905,191.587204,0.133545,0.7908
COLORWHEEL_4000_IMG_0611_0023,COLORWHEEL_4000,train,4000,semiquant,Leukocytes:Small 70,Leukocytes:Small 70,,,Leukocytes,Small 70,COLORWHEEL_4000_SEMIQUANT.zip,1,1,0,,75.475998,0.120365,0.492207,65.239998,0.126099,0.475719,76.771202,0.102493,0.517449,81.164803,0.096979,0.535423,82.042397,0.089824,0.538163,69.085602,0.11442,0.445779,68.019203,0.108014,0.455903,71.738403,0.099231,0.446116,68.295197,0.10331,0.429992,59.2472,0.107559,0.400935
COLORWHEEL_4000_IMG_0611_0023,COLORWHEEL_4000,train,4000,semiquant,Nitrite:Neg,Nitrite:Neg,,,Nitrite,Neg,COLORWHEEL_4000_SEMIQUANT.zip,1,1,0,,75.475998,0.120365,0.492207,65.239998,0.126099,0.475719,76.771202,0.102493,0.517449,81.164803,0.096979,0.535423,82.042397,0.089824,0.538163,69.085602,0.11442,0.445779,68.019203,0.108014,0.455903,71.738403,0.099231,0.446116,68.295197,0.10331,0.429992,59.2472,0.107559,0.400935
COLORWHEEL_4000_IMG_0611_0023,COLORWHEEL_4000,train,4000,semiquant,Urobilinogen:32,Urobilinogen:32,,,Urobilinogen,32,COLORWHEEL_4000_SEMIQUANT.zip,1,1,0,,75.475998,0.120365,0.492207,65.239998,0.126099,0.475719,76.771202,0.102493,0.517449,81.164803,0.096979,0.535423,82.042397,0.089824,0.538163,69.085602,0.11442,0.445779,68.019203,0.108014,0.455903,71.738403,0.099231,0.446116,68.295197,0.10331,0.429992,59.2472,0.107559,0.400935
COLORWHEEL_4000_IMG_0611_0023,COLORWHEEL_4000,train,4000,semiquant,Protein:3.0,Protein:3.0,,,Protein,3.0,COLORWHEEL_4000_SEMIQUANT.zip,1,1,0,,75.475998,0.120365,0.492207,65.239998,0.126099,0.475719,76.771202,0.102493,0.517449,81.164803,0.096979,0.535423,82.042397,0.089824,0.538163,69.085602,0.11442,0.445779,68.019203,0.108014,0.455903,71.738403,0.099231,0.446116,68.295197,0.10331,0.429992,59.2472,0.107559,0.400935
COLORWHEEL_4000_IMG_0611_0023,COLORWHEEL_4000,train,4000,semiquant,pH:6.0,pH:6.0,,,pH,6.0,COLORWHEEL_4000_SEMIQUANT.zip,1,1,0,,75.475998,0.120365,0.492207,65.239998,0.126099,0.475719,76.771202,0.102493,0.517449,81.164803,0.096979,0.535423,82.042397,0.089824,0.538163,69.085602,0.11442,0.445779,68.019203,0.108014,0.455903,71.738403,0.099231,0.446116,68.295197,0.10331,0.429992,59.2472,0.107559,0.400935
COLORWHEEL_4000_IMG_0611_0023,COLORWHEEL_4000,train,4000,semiquant,Blood:Moderate 80,Blood:Moderate 80,,,Blood,Moderate 80,COLORWHEEL_4000_SEMIQUANT.zip,1,1,0,,75.475998,0.120365,0.492207,65.239998,0.126099,0.475719,76.771202,0.102493,0.517449,81.164803,0.096979,0.535423,82.042397,0.089824,0.538163,69.085602,0.11442,0.445779,68.019203,0.108014,0.455903,71.738403,0.099231,0.446116,68.295197,0.10331,0.429992,59.2472,0.107559,0.400935
COLORWHEEL_4000_IMG_0611_0023,COLORWHEEL_4000,train,4000,semiquant,Specific Gravity:1.005,Specific Gravity:1.005,,,Specific Gravity,1.005,COLORWHEEL_4000_SEMIQUANT.zip,1,1,0,,75.475998,0.120365,0.492207,65.239998,0.126099,0.475719,76.771202,0.102493,0.517449,81.164803,0.096979,0.535423,82.042397,0.089824,0.538163,69.085602,0.11442,0.445779,68.019203,0.108014,0.455903,71.738403,0.099231,0.446116,68.295197,0.10331,0.429992,59.2472,0.107559,0.400935
COLORWHEEL_4000_IMG_0611_0023,COLORWHEEL_4000,train,4000,semiquant,Ketone:8.0,Ketone:8.0,,,Ketone,8.0,COLORWHEEL_4000_SEMIQUANT.zip,1,1,0,,75.475998,0.120365,0.492207,65.239998,0.126099,0.475719,76.771202,0.102493,0.517449,81.164803,0.096979,0.535423,82.042397,0.089824,0.538163,69.085602,0.11442,0.445779,68.019203,0.108014,0.455903,71.738403,0.099231,0.446116,68.295197,0.10331,0.429992,59.2472,0.107559,0.400935
COLORWHEEL_4000_IMG_0611_0023,COLORWHEEL_4000,train,4000,semiquant,Bilirubin:Moderate 50,Bilirubin:Moderate 50,,,Bilirubin,Moderate 50,COLORWHEEL_4000_SEMIQUANT.zip,1,1,0,,75.475998,0.120365,0.492207,65.239998,0.126099,0.475719,76.771202,0.102493,0.517449,81.164803,0.096979,0.535423,82.042397,0.089824,0.538163,69.085602,0.11442,0.445779,68.019203,0.108014,0.455903,71.738403,0.099231,0.446116,68.295197,0.10331,0.429992,59.2472,0.107559,0.400935
COLORWHEEL_4000_IMG_0611_0023,COLORWHEEL_4000,train,4000,semiquant,Glucose:60 +++,Glucose:60 +++,,,Glucose,60 +++,COLORWHEEL_4000_SEMIQUANT.zip,1,1,0,,75.475998,0.120365,0.492207,65.239998,0.126099,0.475719,76.771202,0.102493,0.517449,81.164803,0.096979,0.535423,82.042397,0.089824,0.538163,69.085602,0.11442,0.445779,68.019203,0.108014,0.455903,71.738403,0.099231,0.446116,68.295197,0.10331,0.429992,59.2472,0.107559,0.400935
COLORWHEEL_4000_IMG_0613_0024,COLORWHEEL_4000,train,4000,semiquant,Leukocytes:Moderate 125,Leukocytes:Moderate 125,,,Leukocytes,Moderate 125,COLORWHEEL_4000_SEMIQUANT.zip,1,1,0,,174.0,0.056888,0.75805,174.0,0.056649,0.759724,174.357605,0.05789,0.748684,173.862396,0.056963,0.760954,176.114395,0.057255,0.738707,171.528793,0.055316,0.714237,179.789597,0.051892,0.728263,179.531204,0.056342,0.720615,176.447998,0.0561,0.738797,176.362396,0.056099,0.733231
COLORWHEEL_4000_IMG_0613_0024,COLORWHEEL_4000,train,4000,semiquant,Nitrite:Positive,Nitrite:Positive,,,Nitrite,Positive,COLORWHEEL_4000_SEMIQUANT.zip,1,1,0,,174.0,0.056888,0.75805,174.0,0.056649,0.759724,174.357605,0.05789,0.748684,173.862396,0.056963,0.760954,176.114395,0.057255,0.738707,171.528793,0.055316,0.714237,179.789597,0.051892,0.728263,179.531204,0.056342,0.720615,176.447998,0.0561,0.738797,176.362396,0.056099,0.733231
COLORWHEEL_4000_IMG_0613_0024,COLORWHEEL_4000,train,4000,semiquant,Urobilinogen:64,Urobilinogen:64,,,Urobilinogen,64,COLORWHEEL_4000_SEMIQUANT.zip,1,1,0,,174.0,0.056888,0.75805,174.0,0.056649,0.759724,174.357605,0.05789,0.748684,173.862396,0.056963,0.760954,176.114395,0.057255,0.738707,171.528793,0.055316,0.714237,179.789597,0.051892,0.728263,179.531204,0.056342,0.720615,176.447998,0.0561,0.738797,176.362396,0.056099,0.733231
COLORWHEEL_4000_IMG_0613_0024,COLORWHEEL_4000,train,4000,semiquant,Protein:>=20.0,Protein:>=20.0,,,Protein,>=20.0,COLORWHEEL_4000_SEMIQUANT.zip,1,1,0,,174.0,0.056888,0.75805,174.0,0.056649,0.759724,174.357605,0.05789,0.748684,173.862396,0.056963,0.760954,176.114395,0.057255,0.738707,171.528793,0.055316,0.714237,179.789597,0.051892,0.728263,179.531204,0.056342,0.720615,176.447998,0.0561,0.738797,176.362396,0.056099,0.733231
COLORWHEEL_4000_IMG_0613_0024,COLORWHEEL_4000,train,4000,semiquant,pH:6.5,pH:6.5,,,pH,6.5,COLORWHEEL_4000_SEMIQUANT.zip,1,1,0,,174.0,0.056888,0.75805,174.0,0.056649,0.759724,174.357605,0.05789,0.748684,173.862396,0.056963,0.760954,176.114395,0.057255,0.738707,171.528793,0.055316,0.714237,179.789597,0.051892,0.728263,179.531204,0.056342,0.720615,176.447998,0.0561,0.738797,176.362396,0.056099,0.733231
COLORWHEEL_4000_IMG_0613_0024,COLORWHEEL_4000,train,4000,semiquant,Blood:Large 200,Blood:Large 200,,,Blood,Large 200,COLORWHEEL_4000_SEMIQUANT.zip,1,1,0,,174.0,0.056888,0.75805,174.0,0.056649,0.759724,174.357605,0.05789,0.748684,173.862396,0.056963,0.760954,176.114395,0.057255,0.738707,171.528793,0.055316,0.714237,179.789597,0.051892,0.728263,179.531204,0.056342,0.720615,176.447998,0.0561,0.738797,176.362396,0.056099,0.733231
COLORWHEEL_4000_IMG_0613_0024,COLORWHEEL_4000,train,4000,semiquant,Specific Gravity:1.010,Specific Gravity:1.010,,,Specific Gravity,1.010,COLORWHEEL_4000_SEMIQUANT.zip,1,1,0,,174.0,0.056888,0.75805,174.0,0.056649,0.759724,174.357605,0.05789,0.748684,173.862396,0.056963,0.760954,176.114395,0.057255,0.738707,171.528793,0.055316,0.714237,179.789597,0.051892,0.728263,179.531204,0.056342,0.720615,176.447998,0.0561,0.738797,176.362396,0.056099,0.733231
COLORWHEEL_4000_IMG_0613_0024,COLORWHEEL_4000,train,4000,semiquant,Ketone:Large 16,Ketone:Large 16,,,Ketone,Large 16,COLORWHEEL_4000_SEMIQUANT.zip,1,1,0,,174.0,0.056888,0.75805,174.0,0.056649,0.759724,174.357605,0.05789,0.748684,173.862396,0.056963,0.760954,176.114395,0.057255,0.738707,171.528793,0.055316,0.714237,179.789597,0.051892,0.728263,179.531204,0.056342,0.720615,176.447998,0.0561,0.738797,176.362396,0.056099,0.733231
COLORWHEEL_4000_IMG_0613_0024,COLORWHEEL_4000,train,4000,semiquant,Bilirubin:Large 100,Bilirubin:Large 100,,,Bilirubin,Large 100,COLORWHEEL_4000_SEMIQUANT.zip,1,1,0,,174.0,0.056888,0.75805,174.0,0.056649,0.759724,174.357605,0.05789,0.748684,173.862396,0.056963,0.760954,176.114395,0.057255,0.738707,171.528793,0.055316,0.714237,179.789597,0.051892,0.728263,179.531204,0.056342,0.720615,176.447998,0.0561,0.738797,176.362396,0.056099,0.733231
COLORWHEEL_4000_IMG_0613_0024,COLORWHEEL_4000,train,4000,semiquant,Glucose:110 ++++,Glucose:110 ++++,,,Glucose,110 ++++,COLORWHEEL_4000_SEMIQUANT.zip,1,1,0,,174.0,0.056888,0.75805,174.0,0.056649,0.759724,174.357605,0.05789,0.748684,173.862396,0.056963,0.760954,176.114395,0.057255,0.738707,171.528793,0.055316,0.714237,179.789597,0.051892,0.728263,179.531204,0.056342,0.720615,176.447998,0.0561,0.738797,176.362396,0.056099,0.733231
COLORWHEEL_4000_IMG_0616_0025,COLORWHEEL_4000,train,4000,semiquant,Leukocytes:Large 500,Leukocytes:Large 500,,,Leukocytes,Large 500,COLORWHEEL_4000_SEMIQUANT.zip,1,1,0,,184.107193,0.104541,0.821864,183.867203,0.10461,0.823587,182.325607,0.103864,0.811923,177.638397,0.103507,0.824913,184.108795,0.103512,0.799887,181.495193,0.102282,0.777547,180.3992,0.10259,0.789752,184.399994,0.102638,0.778773,183.544006,0.104573,0.801172,184.304794,0.103213,0.791878
COLORWHEEL_4000_IMG_0616_0025,COLORWHEEL_4000,train,4000,semiquant,Nitrite:Neg,Nitrite:Neg,,,Nitrite,Neg,COLORWHEEL_4000_SEMIQUANT.zip,1,1,0,,184.107193,0.104541,0.821864,183.867203,0.10461,0.823587,182.325607,0.103864,0.811923,177.638397,0.103507,0.824913,184.108795,0.103512,0.799887,181.495193,0.102282,0.777547,180.3992,0.10259,0.789752,184.399994,0.102638,0.778773,183.544006,0.104573,0.801172,184.304794,0.103213,0.791878
COLORWHEEL_4000_IMG_0616_0025,COLORWHEEL_4000,train,4000,semiquant,Urobilinogen:128,Urobilinogen:128,,,Urobilinogen,128,COLORWHEEL_4000_SEMIQUANT.zip,1,1,0,,184.107193,0.104541,0.821864,183.867203,0.10461,0.823587,182.325607,0.103864,0.811923,177.638397,0.103507,0.824913,184.108795,0.103512,0.799887,181.495193,0.102282,0.777547,180.3992,0.10259,0.789752,184.399994,0.102638,0.778773,183.544006,0.104573,0.801172,184.304794,0.103213,0.791878
COLORWHEEL_4000_IMG_0616_0025,COLORWHEEL_4000,train,4000,semiquant,Protein:Neg,Protein:Neg,,,Protein,Neg,COLORWHEEL_4000_SEMIQUANT.zip,1,1,0,,184.107193,0.104541,0.821864,183.867203,0.10461,0.823587,182.325607,0.103864,0.811923,177.638397,0.103507,0.824913,184.108795,0.103512,0.799887,181.495193,0.102282,0.777547,180.3992,0.10259,0.789752,184.399994,0.102638,0.778773,183.544006,0.104573,0.801172,184.304794,0.103213,0.791878
COLORWHEEL_4000_IMG_0616_0025,COLORWHEEL_4000,train,4000,semiquant,pH:7.0,pH:7.0,,,pH,7.0,COLORWHEEL_4000_SEMIQUANT.zip,1,1,0,,184.107193,0.104541,0.821864,183.867203,0.10461,0.823587,182.325607,0.103864,0.811923,177.638397,0.103507,0.824913,184.108795,0.103512,0.799887,181.495193,0.102282,0.777547,180.3992,0.10259,0.789752,184.399994,0.102638,0.778773,183.544006,0.104573,0.801172,184.304794,0.103213,0.791878
COLORWHEEL_4000_IMG_0616_0025,COLORWHEEL_4000,train,4000,semiquant,Blood:Neg,Blood:Neg,,,Blood,Neg,COLORWHEEL_4000_SEMIQUANT.zip,1,1,0,,184.107193,0.104541,0.821864,183.867203,0.10461,0.823587,182.325607,0.103864,0.811923,177.638397,0.103507,0.824913,184.108795,0.103512,0.799887,181.495193,0.102282,0.777547,180.3992,0.10259,0.789752,184.399994,0.102638,0.778773,183.544006,0.104573,0.801172,184.304794,0.103213,0.791878
COLORWHEEL_4000_IMG_0616_0025,COLORWHEEL_4000,train,4000,semiquant,Specific Gravity:1.015,Specific Gravity:1.015,,,Specific Gravity,1.015,COLORWHEEL_4000_SEMIQUANT.zip,1,1,0,,184.107193,0.104541,0.821864,183.867203,0.10461,0.823587,182.325607,0.103864,0.811923,177.638397,0.103507,0.824913,184.108795,0.103512,0.799887,181.495193,0.102282,0.777547,180.3992,0.10259,0.789752,184.399994,0.102638,0.778773,183.544006,0.104573,0.801172,184.304794,0.103213,0.791878
COLORWHEEL_4000_IMG_0616_0025,COLORWHEEL_4000,train,4000,semiquant,Ketone:Neg,Ketone:Neg,,,Ketone,Neg,COLORWHEEL_4000_SEMIQUANT.zip,1,1,0,,184.107193,0.104541,0.821864,183.867203,0.10461,0.823587,182.325607,0.103864,0.811923,177.638397,0.103507,0.824913,184.108795,0.103512,0.799887,181.495193,0.102282,0.777547,180.3992,0.10259,0.789752,184.399994,0.102638,0.778773,183.544006,0.104573,0.801172,184.304794,0.103213,0.791878
COLORWHEEL_4000_IMG_0616_0025,COLORWHEEL_4000,train,4000,semiquant,Bilirubin:Neg,Bilirubin:Neg,,,Bilirubin,Neg,COLORWHEEL_4000_SEMIQUANT.zip,1,1,0,,184.107193,0.104541,0.821864,183.867203,0.10461,0.823587,182.325607,0.103864,0.811923,177.638397,0.103507,0.824913,184.108795,0.103512,0.799887,181.495193,0.102282,0.777547,180.3992,0.10259,0.789752,184.399994,0.102638,0.778773,183.544006,0.104573,0.801172,184.304794,0.103213,0.791878
COLORWHEEL_4000_IMG_0616_0025,COLORWHEEL_4000,train,4000,semiquant,Glucose:Neg,Glucose:Neg,,,Glucose,Neg,COLORWHEEL_4000_SEMIQUANT.zip,1,1,0,,184.107193,0.104541,0.821864,183.867203,0.10461,0.823587,182.325607,0.103864,0.811923,177.638397,0.103507,0.824913,184.108795,0.103512,0.799887,181.495193,0.102282,0.777547,180.3992,0.10259,0.789752,184.399994,0.102638,0.778773,183.544006,0.104573,0.801172,184.304794,0.103213,0.791878
COLORWHEEL_4000_IMG_0619_0026,COLORWHEEL_4000,train,4000,semiquant,Leukocytes:Neg,Leukocytes:Neg,,,Leukocytes,Neg,COLORWHEEL_4000_SEMIQUANT.zip,1,1,0,,183.570404,0.164107,0.861409,183.761597,0.163431,0.86341,184.000793,0.163412,0.849638,183.992798,0.163347,0.866215,183.972,0.163087,0.838147,184.375198,0.160665,0.811964,183.923203,0.162558,0.825382,184.499207,0.160936,0.817762,185.664001,0.165004,0.838292,185.287201,0.16397,0.833187
COLORWHEEL_4000_IMG_0619_0026,COLORWHEEL_4000,train,4000,semiquant,Nitrite:Positive,Nitrite:Positive,,,Nitrite,Positive,COLORWHEEL_4000_SEMIQUANT.zip,1,1,0,,183.570404,0.164107,0.861409,183.761597,0.163431,0.86341,184.000793,0.163412,0.849638,183.992798,0.163347,0.866215,183.972,0.163087,0.838147,184.375198,0.160665,0.811964,183.923203,0.162558,0.825382,184.499207,0.160936,0.817762,185.664001,0.165004,0.838292,185.287201,0.16397,0.833187
COLORWHEEL_4000_IMG_0619_0026,COLORWHEEL_4000,train,4000,semiquant,Urobilinogen:3.2,Urobilinogen:3.2,,,Urobilinogen,3.2,COLORWHEEL_4000_SEMIQUANT.zip,1,1,0,,183.570404,0.164107,0.861409,183.761597,0.163431,0.86341,184.000793,0.163412,0.849638,183.992798,0.163347,0.866215,183.972,0.163087,0.838147,184.375198,0.160665,0.811964,183.923203,0.162558,0.825382,184.499207,0.160936,0.817762,185.664001,0.165004,0.838292,185.287201,0.16397,0.833187
COLORWHEEL_4000_IMG_0619_0026,COLORWHEEL_4000,train,4000,semiquant,Protein:Trace,Protein:Trace,,,Protein,Trace,COLORWHEEL_4000_SEMIQUANT.zip,1,1,0,,183.570404,0.164107,0.861409,183.761597,0.163431,0.86341,184.000793,0.163412,0.849638,183.992798,0.163347,0.866215,183.972,0.163087,0.838147,184.375198,0.160665,0.811964,183.923203,0.162558,0.825382,184.499207,0.160936,0.817762,185.664001,0.165004,0.838292,185.287201,0.16397,0.833187
COLORWHEEL_4000_IMG_0619_0026,COLORWHEEL_4000,train,4000,semiquant,pH:7.5,pH:7.5,,,pH,7.5,COLORWHEEL_4000_SEMIQUANT.zip,1,1,0,,183.570404,0.164107,0.861409,183.761597,0.163431,0.86341,184.000793,0.163412,0.849638,183.992798,0.163347,0.866215,183.972,0.163087,0.838147,184.375198,0.160665,0.811964,183.923203,0.162558,0.825382,184.499207,0.160936,0.817762,185.664001,0.165004,0.838292,185.287201,0.16397,0.833187
COLORWHEEL_4000_IMG_0619_0026,COLORWHEEL_4000,train,4000,semiquant,Blood:Non-hemolyzed 10,Blood:Non-hemolyzed 10,,,Blood,Non-hemolyzed 10,COLORWHEEL_4000_SEMIQUANT.zip,1,1,0,,183.570404,0.164107,0.861409,183.761597,0.163431,0.86341,184.000793,0.163412,0.849638,183.992798,0.163347,0.866215,183.972,0.163087,0.838147,184.375198,0.160665,0.811964,183.923203,0.162558,0.825382,184.499207,0.160936,0.817762,185.664001,0.165004,0.838292,185.287201,0.16397,0.833187
COLORWHEEL_4000_IMG_0619_0026,COLORWHEEL_4000,train,4000,semiquant,Specific Gravity:1.020,Specific Gravity:1.020,,,Specific Gravity,1.020,COLORWHEEL_4000_SEMIQUANT.zip,1,1,0,,183.570404,0.164107,0.861409,183.761597,0.163431,0.86341,184.000793,0.163412,0.849638,183.992798,0.163347,0.866215,183.972,0.163087,0.838147,184.375198,0.160665,0.811964,183.923203,0.162558,0.825382,184.499207,0.160936,0.817762,185.664001,0.165004,0.838292,185.287201,0.16397,0.833187
COLORWHEEL_4000_IMG_0619_0026,COLORWHEEL_4000,train,4000,semiquant,Ketone:Trace 0.5,Ketone:Trace 0.5,,,Ketone,Trace 0.5,COLORWHEEL_4000_SEMIQUANT.zip,1,1,0,,183.570404,0.164107,0.861409,183.761597,0.163431,0.86341,184.000793,0.163412,0.849638,183.992798,0.163347,0.866215,183.972,0.163087,0.838147,184.375198,0.160665,0.811964,183.923203,0.162558,0.825382,184.499207,0.160936,0.817762,185.664001,0.165004,0.838292,185.287201,0.16397,0.833187
COLORWHEEL_4000_IMG_0619_0026,COLORWHEEL_4000,train,4000,semiquant,Bilirubin:Small 17,Bilirubin:Small 17,,,Bilirubin,Small 17,COLORWHEEL_4000_SEMIQUANT.zip,1,1,0,,183.570404,0.164107,0.861409,183.761597,0.163431,0.86341,184.000793,0.163412,0.849638,183.992798,0.163347,0.866215,183.972,0.163087,0.838147,184.375198,0.160665,0.811964,183.923203,0.162558,0.825382,184.499207,0.160936,0.817762,185.664001,0.165004,0.838292,185.287201,0.16397,0.833187
COLORWHEEL_4000_IMG_0619_0026,COLORWHEEL_4000,train,4000,semiquant,Glucose:Trace 5,Glucose:Trace 5,,,Glucose,Trace 5,COLORWHEEL_4000_SEMIQUANT.zip,1,1,0,,183.570404,0.164107,0.861409,183.761597,0.163431,0.86341,184.000793,0.163412,0.849638,183.992798,0.163347,0.866215,183.972,0.163087,0.838147,184.375198,0.160665,0.811964,183.923203,0.162558,0.825382,184.499207,0.160936,0.817762,185.664001,0.165004,0.838292,185.287201,0.16397,0.833187
COLORWHEEL_4000_IMG_0622_0027,COLORWHEEL_4000,train,4000,semiquant,Leukocytes:Trace 15,Leukocytes:Trace 15,,,Leukocytes,Trace 15,COLORWHEEL_4000_SEMIQUANT.zip,1,1,0,,129.463196,0.155304,0.873335,129.699203,0.155482,0.875965,129.152802,0.155195,0.864946,129.649597,0.155404,0.877454,129.259201,0.154871,0.849981,128.856003,0.153699,0.830136,128.0112,0.14936,0.836318,129.144806,0.153879,0.833769,129.249603,0.154602,0.847501,129.334396,0.154765,0.84774
COLORWHEEL_4000_IMG_0622_0027,COLORWHEEL_4000,train,4000,semiquant,Nitrite:Neg,Nitrite:Neg,,,Nitrite,Neg,COLORWHEEL_4000_SEMIQUANT.zip,1,1,0,,129.463196,0.155304,0.873335,129.699203,0.155482,0.875965,129.152802,0.155195,0.864946,129.649597,0.155404,0.877454,129.259201,0.154871,0.849981,128.856003,0.153699,0.830136,128.0112,0.14936,0.836318,129.144806,0.153879,0.833769,129.249603,0.154602,0.847501,129.334396,0.154765,0.84774
COLORWHEEL_4000_IMG_0622_0027,COLORWHEEL_4000,train,4000,semiquant,Urobilinogen:16,Urobilinogen:16,,,Urobilinogen,16,COLORWHEEL_4000_SEMIQUANT.zip,1,1,0,,129.463196,0.155304,0.873335,129.699203,0.155482,0.875965,129.152802,0.155195,0.864946,129.649597,0.155404,0.877454,129.259201,0.154871,0.849981,128.856003,0.153699,0.830136,128.0112,0.14936,0.836318,129.144806,0.153879,0.833769,129.249603,0.154602,0.847501,129.334396,0.154765,0.84774
COLORWHEEL_4000_IMG_0622_0027,COLORWHEEL_4000,train,4000,semiquant,Protein:0.3,Protein:0.3,,,Protein,0.3,COLORWHEEL_4000_SEMIQUANT.zip,1,1,0,,129.463196,0.155304,0.873335,129.699203,0.155482,0.875965,129.152802,0.155195,0.864946,129.649597,0.155404,0.877454,129.259201,0.154871,0.849981,128.856003,0.153699,0.830136,128.0112,0.14936,0.836318,129.144806,0.153879,0.833769,129.249603,0.154602,0.847501,129.334396,0.154765,0.84774
COLORWHEEL_4000_IMG_0622_0027,COLORWHEEL_4000,train,4000,semiquant,pH:8.0,pH:8.0,,,pH,8.0,COLORWHEEL_4000_SEMIQUANT.zip,1,1,0,,129.463196,0.155304,0.873335,129.699203,0.155482,0.875965,129.152802,0.155195,0.864946,129.649597,0.155404,0.877454,129.259201,0.154871,0.849981,128.856003,0.153699,0.830136,128.0112,0.14936,0.836318,129.144806,0.153879,0.833769,129.249603,0.154602,0.847501,129.334396,0.154765,0.84774
COLORWHEEL_4000_IMG_0622_0027,COLORWHEEL_4000,train,4000,semiquant,Blood:Hemolyzed 10,Blood:Hemolyzed 10,,,Blood,Hemolyzed 10,COLORWHEEL_4000_SEMIQUANT.zip,1,1,0,,129.463196,0.155304,0.873335,129.699203,0.155482,0.875965,129.152802,0.155195,0.864946,129.649597,0.155404,0.877454,129.259201,0.154871,0.849981,128.856003,0.153699,0.830136,128.0112,0.14936,0.836318,129.144806,0.153879,0.833769,129.249603,0.154602,0.847501,129.334396,0.154765,0.84774
COLORWHEEL_4000_IMG_0622_0027,COLORWHEEL_4000,train,4000,semiquant,Specific Gravity:1.025,Specific Gravity:1.025,,,Specific Gravity,1.025,COLORWHEEL_4000_SEMIQUANT.zip,1,1,0,,129.463196,0.155304,0.873335,129.699203,0.155482,0.875965,129.152802,0.155195,0.864946,129.649597,0.155404,0.877454,129.259201,0.154871,0.849981,128.856003,0.153699,0.830136,128.0112,0.14936,0.836318,129.144806,0.153879,0.833769,129.249603,0.154602,0.847501,129.334396,0.154765,0.84774
COLORWHEEL_4000_IMG_0622_0027,COLORWHEEL_4000,train,4000,semiquant,Ketone:Small 1.5,Ketone:Small 1.5,,,Ketone,Small 1.5,COLORWHEEL_4000_SEMIQUANT.zip,1,1,0,,129.463196,0.155304,0.873335,129.699203,0.155482,0.875965,129.152802,0.155195,0.864946,129.649597,0.155404,0.877454,129.259201,0.154871,0.849981,128.856003,0.153699,0.830136,128.0112,0.14936,0.836318,129.144806,0.153879,0.833769,129.249603,0.154602,0.847501,129.334396,0.154765,0.84774
COLORWHEEL_4000_IMG_0622_0027,COLORWHEEL_4000,train,4000,semiquant,Bilirubin:Moderate 50,Bilirubin:Moderate 50,,,Bilirubin,Moderate 50,COLORWHEEL_4000_SEMIQUANT.zip,1,1,0,,129.463196,0.155304,0.873335,129.699203,0.155482,0.875965,129.152802,0.155195,0.864946,129.649597,0.155404,0.877454,129.259201,0.154871,0.849981,128.856003,0.153699,0.830136,128.0112,0.14936,0.836318,129.144806,0.153879,0.833769,129.249603,0.154602,0.847501,129.334396,0.154765,0.84774
COLORWHEEL_4000_IMG_0622_0027,COLORWHEEL_4000,train,4000,semiquant,Glucose:15 +,Glucose:15 +,,,Glucose,15 +,COLORWHEEL_4000_SEMIQUANT.zip,1,1,0,,129.463196,0.155304,0.873335,129.699203,0.155482,0.875965,129.152802,0.155195,0.864946,129.649597,0.155404,0.877454,129.259201,0.154871,0.849981,128.856003,0.153699,0.830136,128.0112,0.14936,0.836318,129.144806,0.153879,0.833769,129.249603,0.154602,0.847501,129.334396,0.154765,0.84774
COLORWHEEL_5500_IMG_0542_0001,COLORWHEEL_5500,train,5500,semiquant,Leukocytes:Neg,Leukocytes:Neg,,,Leukocytes,Neg,COLORWHEEL_5500_SEMIQUANT.zip,1,1,0,,36.506401,0.259089,1.0,35.424801,0.263206,1.0,37.484001,0.255889,1.0,38.203201,0.250359,1.0,39.032799,0.247567,1.0,65.599998,0.356845,0.83861,42.322399,0.228976,1.0,42.2248,0.228718,1.0,58.3256,0.272638,0.905082,61.498402,0.281518,0.910689
COLORWHEEL_5500_IMG_0542_0001,COLORWHEEL_5500,train,5500,semiquant,Nitrite:Neg,Nitrite:Neg,,,Nitrite,Neg,COLORWHEEL_5500_SEMIQUANT.zip,1,1,0,,36.506401,0.259089,1.0,35.424801,0.263206,1.0,37.484001,0.255889,1.0,38.203201,0.250359,1.0,39.032799,0.247567,1.0,65.599998,0.356845,0.83861,42.322399,0.228976,1.0,42.2248,0.228718,1.0,58.3256,0.272638,0.905082,61.498402,0.281518,0.910689
COLORWHEEL_5500_IMG_0542_0001,COLORWHEEL_5500,train,5500,semiquant,Urobilinogen:3.2,Urobilinogen:3.2,,,Urobilinogen,3.2,COLORWHEEL_5500_SEMIQUANT.zip,1,1,0,,36.506401,0.259089,1.0,35.424801,0.263206,1.0,37.484001,0.255889,1.0,38.203201,0.250359,1.0,39.032799,0.247567,1.0,65.599998,0.356845,0.83861,42.322399,0.228976,1.0,42.2248,0.228718,1.0,58.3256,0.272638,0.905082,61.498402,0.281518,0.910689
COLORWHEEL_5500_IMG_0542_0001,COLORWHEEL_5500,train,5500,semiquant,Protein:Neg,Protein:Neg,,,Protein,Neg,COLORWHEEL_5500_SEMIQUANT.zip,1,1,0,,36.506401,0.259089,1.0,35.424801,0.263206,1.0,37.484001,0.255889,1.0,38.203201,0.250359,1.0,39.032799,0.247567,1.0,65.599998,0.356845,0.83861,42.322399,0.228976,1.0,42.2248,0.228718,1.0,58.3256,0.272638,0.905082,61.498402,0.281518,0.910689
COLORWHEEL_5500_IMG_0542_0001,COLORWHEEL_5500,train,5500,semiquant,pH:5.0,pH:5.0,,,pH,5.0,COLORWHEEL_5500_SEMIQUANT.zip,1,1,0,,36.506401,0.259089,1.0,35.424801,0.263206,1.0,37.484001,0.255889,1.0,38.203201,0.250359,1.0,39.032799,0.247567,1.0,65.599998,0.356845,0.83861,42.322399,0.228976,1.0,42.2248,0.228718,1.0,58.3256,0.272638,0.905082,61.498402,0.281518,0.910689
COLORWHEEL_5500_IMG_0542_0001,COLORWHEEL_5500,train,5500,semiquant,Blood:Neg,Blood:Neg,,,Blood,Neg,COLORWHEEL_5500_SEMIQUANT.zip,1,1,0,,36.506401,0.259089,1.0,35.424801,0.263206,1.0,37.484001,0.255889,1.0,38.203201,0.250359,1.0,39.032799,0.247567,1.0,65.599998,0.356845,0.83861,42.322399,0.228976,1.0,42.2248,0.228718,1.0,58.3256,0.272638,0.905082,61.498402,0.281518,0.910689
COLORWHEEL_5500_IMG_0542_0001,COLORWHEEL_5500,train,5500,semiquant,Specific Gravity:1.000,Specific Gravity:1.000,,,Specific Gravity,1.000,COLORWHEEL_5500_SEMIQUANT.zip,1,1,0,,36.506401,0.259089,1.0,35.424801,0.263206,1.0,37.484001,0.255889,1.0,38.203201,0.250359,1.0,39.032799,0.247567,1.0,65.599998,0.356845,0.83861,42.322399,0.228976,1.0,42.2248,0.228718,1.0,58.3256,0.272638,0.905082,61.498402,0.281518,0.910689
COLORWHEEL_5500_IMG_0542_0001,COLORWHEEL_5500,train,5500,semiquant,Ketone:Neg,Ketone:Neg,,,Ketone,Neg,COLORWHEEL_5500_SEMIQUANT.zip,1,1,0,,36.506401,0.259089,1.0,35.424801,0.263206,1.0,37.484001,0.255889,1.0,38.203201,0.250359,1.0,39.032799,0.247567,1.0,65.599998,0.356845,0.83861,42.322399,0.228976,1.0,42.2248,0.228718,1.0,58.3256,0.272638,0.905082,61.498402,0.281518,0.910689
COLORWHEEL_5500_IMG_0542_0001,COLORWHEEL_5500,train,5500,semiquant,Bilirubin:Neg,Bilirubin:Neg,,,Bilirubin,Neg,COLORWHEEL_5500_SEMIQUANT.zip,1,1,0,,36.506401,0.259089,1.0,35.424801,0.263206,1.0,37.484001,0.255889,1.0,38.203201,0.250359,1.0,39.032799,0.247567,1.0,65.599998,0.356845,0.83861,42.322399,0.228976,1.0,42.2248,0.228718,1.0,58.3256,0.272638,0.905082,61.498402,0.281518,0.910689
COLORWHEEL_5500_IMG_0542_0001,COLORWHEEL_5500,train,5500,semiquant,Glucose:Neg,Glucose:Neg,,,Glucose,Neg,COLORWHEEL_5500_SEMIQUANT.zip,1,1,0,,36.506401,0.259089,1.0,35.424801,0.263206,1.0,37.484001,0.255889,1.0,38.203201,0.250359,1.0,39.032799,0.247567,1.0,65.599998,0.356845,0.83861,42.322399,0.228976,1.0,42.2248,0.228718,1.0,58.3256,0.272638,0.905082,61.498402,0.281518,0.910689
COLORWHEEL_5500_IMG_0545_0002,COLORWHEEL_5500,train,5500,semiquant,Leukocytes:Trace 15,Leukocytes:Trace 15,,,Leukocytes,Trace 15,COLORWHEEL_5500_SEMIQUANT.zip,1,1,0,,56.736801,0.251802,1.0,56.619999,0.25218,1.0,57.448799,0.248439,1.0,59.079201,0.238212,1.0,59.8624,0.233755,1.0,58.1712,0.245357,1.0,59.746399,0.228284,1.0,60.0,0.21816,1.0,58.861599,0.232784,1.0,72.363998,0.296842,0.936524
COLORWHEEL_5500_IMG_0545_0002,COLORWHEEL_5500,train,5500,semiquant,Nitrite:Positive,Nitrite:Positive,,,Nitrite,Positive,COLORWHEEL_5500_SEMIQUANT.zip,1,1,0,,56.736801,0.251802,1.0,56.619999,0.25218,1.0,57.448799,0.248439,1.0,59.079201,0.238212,1.0,59.8624,0.233755,1.0,58.1712,0.245357,1.0,59.746399,0.228284,1.0,60.0,0.21816,1.0,58.861599,0.232784,1.0,72.363998,0.296842,0.936524
COLORWHEEL_5500_IMG_0545_0002,COLORWHEEL_5500,train,5500,semiquant,Urobilinogen:16,Urobilinogen:16,,,Urobilinogen,16,COLORWHEEL_5500_SEMIQUANT.zip,1,1,0,,56.736801,0.251802,1.0,56.619999,0.25218,1.0,57.448799,0.248439,1.0,59.079201,0.238212,1.0,59.8624,0.233755,1.0,58.1712,0.245357,1.0,59.746399,0.228284,1.0,60.0,0.21816,1.0,58.861599,0.232784,1.0,72.363998,0.296842,0.936524
COLORWHEEL_5500_IMG_0545_0002,COLORWHEEL_5500,train,5500,semiquant,Protein:Trace,Protein:Trace,,,Protein,Trace,COLORWHEEL_5500_SEMIQUANT.zip,1,1,0,,56.736801,0.251802,1.0,56.619999,0.25218,1.0,57.448799,0.248439,1.0,59.079201,0.238212,1.0,59.8624,0.233755,1.0,58.1712,0.245357,1.0,59.746399,0.228284,1.0,60.0,0.21816,1.0,58.861599,0.232784,1.0,72.363998,0.296842,0.936524
COLORWHEEL_5500_IMG_0545_0002,COLORWHEEL_5500,train,5500,semiquant,pH:6.0,pH:6.0,,,pH,6.0,COLORWHEEL_5500_SEMIQUANT.zip,1,1,0,,56.736801,0.251802,1.0,56.619999,0.25218,1.0,57.448799,0.248439,1.0,59.079201,0.238212,1.0,59.8624,0.233755,1.0,58.1712,0.245357,1.0,59.746399,0.228284,1.0,60.0,0.21816,1.0,58.861599,0.232784,1.0,72.363998,0.296842,0.936524
COLORWHEEL_5500_IMG_0545_0002,COLORWHEEL_5500,train,5500,semiquant,Blood:Non-hemolyzed 10,Blood:Non-hemolyzed 10,,,Blood,Non-hemolyzed 10,COLORWHEEL_5500_SEMIQUANT.zip,1,1,0,,56.736801,0.251802,1.0,56.619999,0.25218,1.0,57.448799,0.248439,1.0,59.079201,0.238212,1.0,59.8624,0.233755,1.0,58.1712,0.245357,1.0,59.746399,0.228284,1.0,60.0,0.21816,1.0,58.861599,0.232784,1.0,72.363998,0.296842,0.936524
COLORWHEEL_5500_IMG_0545_0002,COLORWHEEL_5500,train,5500,semiquant,Specific Gravity:1.005,Specific Gravity:1.005,,,Specific Gravity,1.005,COLORWHEEL_5500_SEMIQUANT.zip,1,1,0,,56.736801,0.251802,1.0,56.619999,0.25218,1.0,57.448799,0.248439,1.0,59.079201,0.238212,1.0,59.8624,0.233755,1.0,58.1712,0.245357,1.0,59.746399,0.228284,1.0,60.0,0.21816,1.0,58.861599,0.232784,1.0,72.363998,0.296842,0.936524
COLORWHEEL_5500_IMG_0545_0002,COLORWHEEL_5500,train,5500,semiquant,Ketone:Trace 0.5,Ketone:Trace 0.5,,,Ketone,Trace 0.5,COLORWHEEL_5500_SEMIQUANT.zip,1,1,0,,56.736801,0.251802,1.0,56.619999,0.25218,1.0,57.448799,0.248439,1.0,59.079201,0.238212,1.0,59.8624,0.233755,1.0,58.1712,0.245357,1.0,59.746399,0.228284,1.0,60.0,0.21816,1.0,58.861599,0.232784,1.0,72.363998,0.296842,0.936524
COLORWHEEL_5500_IMG_0545_0002,COLORWHEEL_5500,train,5500,semiquant,Bilirubin:Small 17,Bilirubin:Small 17,,,Bilirubin,Small 17,COLORWHEEL_5500_SEMIQUANT.zip,1,1,0,,56.736801,0.251802,1.0,56.619999,0.25218,1.0,57.448799,0.248439,1.0,59.079201,0.238212,1.0,59.8624,0.233755,1.0,58.1712,0.245357,1.0,59.746399,0.228284,1.0,60.0,0.21816,1.0,58.861599,0.232784,1.0,72.363998,0.296842,0.936524
COLORWHEEL_5500_IMG_0545_0002,COLORWHEEL_5500,train,5500,semiquant,Glucose:Trace 5,Glucose:Trace 5,,,Glucose,Trace 5,COLORWHEEL_5500_SEMIQUANT.zip,1,1,0,,56.736801,0.251802,1.0,56.619999,0.25218,1.0,57.448799,0.248439,1.0,59.079201,0.238212,1.0,59.8624,0.233755,1.0,58.1712,0.245357,1.0,59.746399,0.228284,1.0,60.0,0.21816,1.0,58.861599,0.232784,1.0,72.363998,0.296842,0.936524
COLORWHEEL_5500_IMG_0548_0003,COLORWHEEL_5500,train,5500,semiquant,Leukocytes:Small 70,Leukocytes:Small 70,,,Leukocytes,Small 70,COLORWHEEL_5500_SEMIQUANT.zip,1,1,0,,60.0,0.258287,1.0,60.0,0.257318,1.0,60.0,0.254751,1.0,60.0,0.243369,1.0,60.0,0.242055,1.0,71.374397,0.352767,0.877297,60.0,0.226841,1.0,60.0,0.225989,1.0,67.115997,0.29349,0.932891,64.601601,0.297777,0.960337
COLORWHEEL_5500_IMG_0548_0003,COLORWHEEL_5500,train,5500,semiquant,Nitrite:Neg,Nitrite:Neg,,,Nitrite,Neg,COLORWHEEL_5500_SEMIQUANT.zip,1,1,0,,60.0,0.258287,1.0,60.0,0.257318,1.0,60.0,0.254751,1.0,60.0,0.243369,1.0,60.0,0.242055,1.0,71.374397,0.352767,0.877297,60.0,0.226841,1.0,60.0,0.225989,1.0,67.115997,0.29349,0.932891,64.601601,0.297777,0.960337
COLORWHEEL_5500_IMG_0548_0003,COLORWHEEL_5500,train,5500,semiquant,Urobilinogen:32,Urobilinogen:32,,,Urobilinogen,32,COLORWHEEL_5500_SEMIQUANT.zip,1,1,0,,60.0,0.258287,1.0,60.0,0.257318,1.0,60.0,0.254751,1.0,60.0,0.243369,1.0,60.0,0.242055,1.0,71.374397,0.352767,0.877297,60.0,0.226841,1.0,60.0,0.225989,1.0,67.115997,0.29349,0.932891,64.601601,0.297777,0.960337
COLORWHEEL_5500_IMG_0548_0003,COLORWHEEL_5500,train,5500,semiquant,Protein:0.3,Protein:0.3,,,Protein,0.3,COLORWHEEL_5500_SEMIQUANT.zip,1,1,0,,60.0,0.258287,1.0,60.0,0.257318,1.0,60.0,0.254751,1.0,60.0,0.243369,1.0,60.0,0.242055,1.0,71.374397,0.352767,0.877297,60.0,0.226841,1.0,60.0,0.225989,1.0,67.115997,0.29349,0.932891,64.601601,0.297777,0.960337
COLORWHEEL_5500_IMG_0548_0003,COLORWHEEL_5500,train,5500,semiquant,pH:6.5,pH:6.5,,,pH,6.5,COLORWHEEL_5500_SEMIQUANT.zip,1,1,0,,60.0,0.258287,1.0,60.0,0.257318,1.0,60.0,0.254751,1.0,60.0,0.243369,1.0,60.0,0.242055,1.0,71.374397,0.352767,0.877297,60.0,0.226841,1.0,60.0,0.225989,1.0,67.115997,0.29349,0.932891,64.601601,0.297777,0.960337
COLORWHEEL_5500_IMG_0548_0003,COLORWHEEL_5500,train,5500,semiquant,Blood:Hemolyzed 10,Blood:Hemolyzed 10,,,Blood,Hemolyzed 10,COLORWHEEL_5500_SEMIQUANT.zip,1,1,0,,60.0,0.258287,1.0,60.0,0.257318,1.0,60.0,0.254751,1.0,60.0,0.243369,1.0,60.0,0.242055,1.0,71.374397,0.352767,0.877297,60.0,0.226841,1.0,60.0,0.225989,1.0,67.115997,0.29349,0.932891,64.601601,0.297777,0.960337
COLORWHEEL_5500_IMG_0548_0003,COLORWHEEL_5500,train,5500,semiquant,Specific Gravity:1.010,Specific Gravity:1.010,,,Specific Gravity,1.010,COLORWHEEL_5500_SEMIQUANT.zip,1,1,0,,60.0,0.258287,1.0,60.0,0.257318,1.0,60.0,0.254751,1.0,60.0,0.243369,1.0,60.0,0.242055,1.0,71.374397,0.352767,0.877297,60.0,0.226841,1.0,60.0,0.225989,1.0,67.115997,0.29349,0.932891,64.601601,0.297777,0.960337
COLORWHEEL_5500_IMG_0548_0003,COLORWHEEL_5500,train,5500,semiquant,Ketone:Small 1.5,Ketone:Small 1.5,,,Ketone,Small 1.5,COLORWHEEL_5500_SEMIQUANT.zip,1,1,0,,60.0,0.258287,1.0,60.0,0.257318,1.0,60.0,0.254751,1.0,60.0,0.243369,1.0,60.0,0.242055,1.0,71.374397,0.352767,0.877297,60.0,0.226841,1.0,60.0,0.225989,1.0,67.115997,0.29349,0.932891,64.601601,0.297777,0.960337
COLORWHEEL_5500_IMG_0548_0003,COLORWHEEL_5500,train,5500,semiquant,Bilirubin:Moderate 50,Bilirubin:Moderate 50,,,Bilirubin,Moderate 50,COLORWHEEL_5500_SEMIQUANT.zip,1,1,0,,60.0,0.258287,1.0,60.0,0.257318,1.0,60.0,0.254751,1.0,60.0,0.243369,1.0,60.0,0.242055,1.0,71.374397,0.352767,0.877297,60.0,0.226841,1.0,60.0,0.225989,1.0,67.115997,0.29349,0.932891,64.601601,0.297777,0.960337
COLORWHEEL_5500_IMG_0548_0003,COLORWHEEL_5500,train,5500,semiquant,Glucose:15 +,Glucose:15 +,,,Glucose,15 +,COLORWHEEL_5500_SEMIQUANT.zip,1,1,0,,60.0,0.258287,1.0,60.0,0.257318,1.0,60.0,0.254751,1.0,60.0,0.243369,1.0,60.0,0.242055,1.0,71.374397,0.352767,0.877297,60.0,0.226841,1.0,60.0,0.225989,1.0,67.115997,0.29349,0.932891,64.601601,0.297777,0.960337
COLORWHEEL_5500_IMG_0551_0004,COLORWHEEL_5500,train,5500,semiquant,Leukocytes:Moderate 125,Leukocytes:Moderate 125,,,Leukocytes,Moderate 125,COLORWHEEL_5500_SEMIQUANT.zip,1,1,0,,41.4184,0.201533,1.0,44.144798,0.194593,1.0,47.6656,0.188066,1.0,49.590401,0.183933,1.0,50.203999,0.182293,1.0,75.863998,0.327319,0.837925,52.9328,0.171933,1.0,53.822399,0.17096,1.0,52.380798,0.174662,1.0,52.321602,0.175213,1.0
COLORWHEEL_5500_IMG_0551_0004,COLORWHEEL_5500,train,5500,semiquant,Nitrite:Positive,Nitrite:Positive,,,Nitrite,Positive,COLORWHEEL_5500_SEMIQUANT.zip,1,1,0,,41.4184,0.201533,1.0,44.144798,0.194593,1.0,47.6656,0.188066,1.0,49.590401,0.183933,1.0,50.203999,0.182293,1.0,75.863998,0.327319,0.837925,52.9328,0.171933,1.0,53.822399,0.17096,1.0,52.380798,0.174662,1.0,52.321602,0.175213,1.0
COLORWHEEL_5500_IMG_0551_0004,COLORWHEEL_5500,train,5500,semiquant,Urobilinogen:64,Urobilinogen:64,,,Urobilinogen,64,COLORWHEEL_5500_SEMIQUANT.zip,1,1,0,,41.4184,0.201533,1.0,44.144798,0.194593,1.0,47.6656,0.188066,1.0,49.590401,0.183933,1.0,50.203999,0.182293,1.0,75.863998,0.327319,0.837925,52.9328,0.171933,1.0,53.822399,0.17096,1.0,52.380798,0.174662,1.0,52.321602,0.175213,1.0
COLORWHEEL_5500_IMG_0551_0004,COLORWHEEL_5500,train,5500,semiquant,Protein:1.0,Protein:1.0,,,Protein,1.0,COLORWHEEL_5500_SEMIQUANT.zip,1,1,0,,41.4184,0.201533,1.0,44.144798,0.194593,1.0,47.6656,0.188066,1.0,49.590401,0.183933,1.0,50.203999,0.182293,1.0,75.863998,0.327319,0.837925,52.9328,0.171933,1.0,53.822399,0.17096,1.0,52.380798,0.174662,1.0,52.321602,0.175213,1.0
COLORWHEEL_5500_IMG_0551_0004,COLORWHEEL_5500,train,5500,semiquant,pH:7.0,pH:7.0,,,pH,7.0,COLORWHEEL_5500_SEMIQUANT.zip,1,1,0,,41.4184,0.201533,1.0,44.144798,0.194593,1.0,47.6656,0.188066,1.0,49.590401,0.183933,1.0,50.203999,0.182293,1.0,75.863998,0.327319,0.837925,52.9328,0.171933,1.0,53.822399,0.17096,1.0,52.380798,0.174662,1.0,52.321602,0.175213,1.0
COLORWHEEL_5500_IMG_0551_0004,COLORWHEEL_5500,train,5500,semiquant,Blood:Small 25,Blood:Small 25,,,Blood,Small 25,COLORWHEEL_5500_SEMIQUANT.zip,1,1,0,,41.4184,0.201533,1.0,44.144798,0.194593,1.0,47.6656,0.188066,1.0,49.590401,0.183933,1.0,50.203999,0.182293,1.0,75.863998,0.327319,0.837925,52.9328,0.171933,1.0,53.822399,0.17096,1.0,52.380798,0.174662,1.0,52.321602,0.175213,1.0
COLORWHEEL_5500_IMG_0551_0004,COLORWHEEL_5500,train,5500,semiquant,Specific Gravity:1.015,Specific Gravity:1.015,,,Specific Gravity,1.015,COLORWHEEL_5500_SEMIQUANT.zip,1,1,0,,41.4184,0.201533,1.0,44.144798,0.194593,1.0,47.6656,0.188066,1.0,49.590401,0.183933,1.0,50.203999,0.182293,1.0,75.863998,0.327319,0.837925,52.9328,0.171933,1.0,53.822399,0.17096,1.0,52.380798,0.174662,1.0,52.321602,0.175213,1.0
COLORWHEEL_5500_IMG_0551_0004,COLORWHEEL_5500,train,5500,semiquant,Ketone:Moderate 4.0,Ketone:Moderate 4.0,,,Ketone,Moderate 4.0,COLORWHEEL_5500_SEMIQUANT.zip,1,1,0,,41.4184,0.201533,1.0,44.144798,0.194593,1.0,47.6656,0.188066,1.0,49.590401,0.183933,1.0,50.203999,0.182293,1.0,75.863998,0.327319,0.837925,52.9328,0.171933,1.0,53.822399,0.17096,1.0,52.380798,0.174662,1.0,52.321602,0.175213,1.0
COLORWHEEL_5500_IMG_0551_0004,COLORWHEEL_5500,train,5500,semiquant,Bilirubin:Large 100,Bilirubin:Large 100,,,Bilirubin,Large 100,COLORWHEEL_5500_SEMIQUANT.zip,1,1,0,,41.4184,0.201533,1.0,44.144798,0.194593,1.0,47.6656,0.188066,1.0,49.590401,0.183933,1.0,50.203999,0.182293,1.0,75.863998,0.327319,0.837925,52.9328,0.171933,1.0,53.822399,0.17096,1.0,52.380798,0.174662,1.0,52.321602,0.175213,1.0
COLORWHEEL_5500_IMG_0551_0004,COLORWHEEL_5500,train,5500,semiquant,Glucose:30 ++,Glucose:30 ++,,,Glucose,30 ++,COLORWHEEL_5500_SEMIQUANT.zip,1,1,0,,41.4184,0.201533,1.0,44.144798,0.194593,1.0,47.6656,0.188066,1.0,49.590401,0.183933,1.0,50.203999,0.182293,1.0,75.863998,0.327319,0.837925,52.9328,0.171933,1.0,53.822399,0.17096,1.0,52.380798,0.174662,1.0,52.321602,0.175213,1.0
COLORWHEEL_5500_IMG_0554_0005,COLORWHEEL_5500,train,5500,semiquant,Leukocytes:Large 500,Leukocytes:Large 500,,,Leukocytes,Large 500,COLORWHEEL_5500_SEMIQUANT.zip,1,1,0,,60.0,0.246372,1.0,60.0,0.248896,1.0,60.0,0.242888,1.0,60.0,0.234212,1.0,60.0,0.231322,1.0,69.309601,0.342577,0.908359,60.0,0.222373,1.0,60.0,0.217471,1.0,75.695198,0.315454,0.897633,68.697601,0.297256,0.941639
COLORWHEEL_5500_IMG_0554_0005,COLORWHEEL_5500,train,5500,semiquant,Nitrite:Neg,Nitrite:Neg,,,Nitrite,Neg,COLORWHEEL_5500_SEMIQUANT.zip,1,1,0,,60.0,0.246372,1.0,60.0,0.248896,1.0,60.0,0.242888,1.0,60.0,0.234212,1.0,60.0,0.231322,1.0,69.309601,0.342577,0.908359,60.0,0.222373,1.0,60.0,0.217471,1.0,75.695198,0.315454,0.897633,68.697601,0.297256,0.941639
COLORWHEEL_5500_IMG_0554_0005,COLORWHEEL_5500,train,5500,semiquant,Urobilinogen:128,Urobilinogen:128,,,Urobilinogen,128,COLORWHEEL_5500_SEMIQUANT.zip,1,1,0,,60.0,0.246372,1.0,60.0,0.248896,1.0,60.0,0.242888,1.0,60.0,0.234212,1.0,60.0,0.231322,1.0,69.309601,0.342577,0.908359,60.0,0.222373,1.0,60.0,0.217471,1.0,75.695198,0.315454,0.897633,68.697601,0.297256,0.941639
COLORWHEEL_5500_IMG_0554_0005,COLORWHEEL_5500,train,5500,semiquant,Protein:3.0,Protein:3.0,,,Protein,3.0,COLORWHEEL_5500_SEMIQUANT.zip,1,1,0,,60.0,0.246372,1.0,60.0,0.248896,1.0,60.0,0.242888,1.0,60.0,0.234212,1.0,60.0,0.231322,1.0,69.309601,0.342577,0.908359,60.0,0.222373,1.0,60.0,0.217471,1.0,75.695198,0.315454,0.897633,68.697601,0.297256,0.941639
COLORWHEEL_5500_IMG_0554_0005,COLORWHEEL_5500,train,5500,semiquant,pH:7.5,pH:7.5,,,pH,7.5,COLORWHEEL_5500_SEMIQUANT.zip,1,1,0,,60.0,0.246372,1.0,60.0,0.248896,1.0,60.0,0.242888,1.0,60.0,0.234212,1.0,60.0,0.231322,1.0,69.309601,0.342577,0.908359,60.0,0.222373,1.0,60.0,0.217471,1.0,75.695198,0.315454,0.897633,68.697601,0.297256,0.941639
COLORWHEEL_5500_IMG_0554_0005,COLORWHEEL_5500,train,5500,semiquant,Blood:Moderate 80,Blood:Moderate 80,,,Blood,Moderate 80,COLORWHEEL_5500_SEMIQUANT.zip,1,1,0,,60.0,0.246372,1.0,60.0,0.248896,1.0,60.0,0.242888,1.0,60.0,0.234212,1.0,60.0,0.231322,1.0,69.309601,0.342577,0.908359,60.0,0.222373,1.0,60.0,0.217471,1.0,75.695198,0.315454,0.897633,68.697601,0.297256,0.941639
COLORWHEEL_5500_IMG_0554_0005,COLORWHEEL_5500,train,5500,semiquant,Specific Gravity:1.020,Specific Gravity:1.020,,,Specific Gravity,1.020,COLORWHEEL_5500_SEMIQUANT.zip,1,1,0,,60.0,0.246372,1.0,60.0,0.248896,1.0,60.0,0.242888,1.0,60.0,0.234212,1.0,60.0,0.231322,1.0,69.309601,0.342577,0.908359,60.0,0.222373,1.0,60.0,0.217471,1.0,75.695198,0.315454,0.897633,68.697601,0.297256,0.941639
COLORWHEEL_5500_IMG_0554_0005,COLORWHEEL_5500,train,5500,semiquant,Ketone:8.0,Ketone:8.0,,,Ketone,8.0,COLORWHEEL_5500_SEMIQUANT.zip,1,1,0,,60.0,0.246372,1.0,60.0,0.248896,1.0,60.0,0.242888,1.0,60.0,0.234212,1.0,60.0,0.231322,1.0,69.309601,0.342577,0.908359,60.0,0.222373,1.0,60.0,0.217471,1.0,75.695198,0.315454,0.897633,68.697601,0.297256,0.941639
COLORWHEEL_5500_IMG_0554_0005,COLORWHEEL_5500,train,5500,semiquant,Bilirubin:Neg,Bilirubin:Neg,,,Bilirubin,Neg,COLORWHEEL_5500_SEMIQUANT.zip,1,1,0,,60.0,0.246372,1.0,60.0,0.248896,1.0,60.0,0.242888,1.0,60.0,0.234212,1.0,60.0,0.231322,1.0,69.309601,0.342577,0.908359,60.0,0.222373,1.0,60.0,0.217471,1.0,75.695198,0.315454,0.897633,68.697601,0.297256,0.941639
COLORWHEEL_5500_IMG_0554_0005,COLORWHEEL_5500,train,5500,semiquant,Glucose:60 +++,Glucose:60 +++,,,Glucose,60 +++,COLORWHEEL_5500_SEMIQUANT.zip,1,1,0,,60.0,0.246372,1.0,60.0,0.248896,1.0,60.0,0.242888,1.0,60.0,0.234212,1.0,60.0,0.231322,1.0,69.309601,0.342577,0.908359,60.0,0.222373,1.0,60.0,0.217471,1.0,75.695198,0.315454,0.897633,68.697601,0.297256,0.941639
COLORWHEEL_5500_IMG_0557_0006,COLORWHEEL_5500,train,5500,semiquant,Leukocytes:Neg,Leukocytes:Neg,,,Leukocytes,Neg,COLORWHEEL_5500_SEMIQUANT.zip,1,1,0,,39.274399,0.199294,0.998995,40.132801,0.196278,0.999992,44.284,0.186111,1.0,45.491199,0.178709,1.0,46.363998,0.17552,1.0,76.826401,0.332789,0.831966,50.5312,0.167476,0.999998,49.454399,0.168747,1.0,47.237598,0.173424,1.0,46.6488,0.174425,1.0
COLORWHEEL_5500_IMG_0557_0006,COLORWHEEL_5500,train,5500,semiquant,Nitrite:Positive,Nitrite:Positive,,,Nitrite,Positive,COLORWHEEL_5500_SEMIQUANT.zip,1,1,0,,39.274399,0.199294,0.998995,40.132801,0.196278,0.999992,44.284,0.186111,1.0,45.491199,0.178709,1.0,46.363998,0.17552,1.0,76.826401,0.332789,0.831966,50.5312,0.167476,0.999998,49.454399,0.168747,1.0,47.237598,0.173424,1.0,46.6488,0.174425,1.0
COLORWHEEL_5500_IMG_0557_0006,COLORWHEEL_5500,train,5500,semiquant,Urobilinogen:3.2,Urobilinogen:3.2,,,Urobilinogen,3.2,COLORWHEEL_5500_SEMIQUANT.zip,1,1,0,,39.274399,0.199294,0.998995,40.132801,0.196278,0.999992,44.284,0.186111,1.0,45.491199,0.178709,1.0,46.363998,0.17552,1.0,76.826401,0.332789,0.831966,50.5312,0.167476,0.999998,49.454399,0.168747,1.0,47.237598,0.173424,1.0,46.6488,0.174425,1.0
COLORWHEEL_5500_IMG_0557_0006,COLORWHEEL_5500,train,5500,semiquant,Protein:>=20.0,Protein:>=20.0,,,Protein,>=20.0,COLORWHEEL_5500_SEMIQUANT.zip,1,1,0,,39.274399,0.199294,0.998995,40.132801,0.196278,0.999992,44.284,0.186111,1.0,45.491199,0.178709,1.0,46.363998,0.17552,1.0,76.826401,0.332789,0.831966,50.5312,0.167476,0.999998,49.454399,0.168747,1.0,47.237598,0.173424,1.0,46.6488,0.174425,1.0
COLORWHEEL_5500_IMG_0557_0006,COLORWHEEL_5500,train,5500,semiquant,pH:8.0,pH:8.0,,,pH,8.0,COLORWHEEL_5500_SEMIQUANT.zip,1,1,0,,39.274399,0.199294,0.998995,40.132801,0.196278,0.999992,44.284,0.186111,1.0,45.491199,0.178709,1.0,46.363998,0.17552,1.0,76.826401,0.332789,0.831966,50.5312,0.167476,0.999998,49.454399,0.168747,1.0,47.237598,0.173424,1.0,46.6488,0.174425,1.0
COLORWHEEL_5500_IMG_0557_0006,COLORWHEEL_5500,train,5500,semiquant,Blood:Large 200,Blood:Large 200,,,Blood,Large 200,COLORWHEEL_5500_SEMIQUANT.zip,1,1,0,,39.274399,0.199294,0.998995,40.132801,0.196278,0.999992,44.284,0.186111,1.0,45.491199,0.178709,1.0,46.363998,0.17552,1.0,76.826401,0.332789,0.831966,50.5312,0.167476,0.999998,49.454399,0.168747,1.0,47.237598,0.173424,1.0,46.6488,0.174425,1.0
COLORWHEEL_5500_IMG_0557_0006,COLORWHEEL_5500,train,5500,semiquant,Specific Gravity:1.025,Specific Gravity:1.025,,,Specific Gravity,1.025,COLORWHEEL_5500_SEMIQUANT.zip,1,1,0,,39.274399,0.199294,0.998995,40.132801,0.196278,0.999992,44.284,0.186111,1.0,45.491199,0.178709,1.0,46.363998,0.17552,1.0,76.826401,0.332789,0.831966,50.5312,0.167476,0.999998,49.454399,0.168747,1.0,47.237598,0.173424,1.0,46.6488,0.174425,1.0
COLORWHEEL_5500_IMG_0557_0006,COLORWHEEL_5500,train,5500,semiquant,Ketone:Large 16,Ketone:Large 16,,,Ketone,Large 16,COLORWHEEL_5500_SEMIQUANT.zip,1,1,0,,39.274399,0.199294,0.998995,40.132801,0.196278,0.999992,44.284,0.186111,1.0,45.491199,0.178709,1.0,46.363998,0.17552,1.0,76.826401,0.332789,0.831966,50.5312,0.167476,0.999998,49.454399,0.168747,1.0,47.237598,0.173424,1.0,46.6488,0.174425,1.0
COLORWHEEL_5500_IMG_0557_0006,COLORWHEEL_5500,train,5500,semiquant,Bilirubin:Small 17,Bilirubin:Small 17,,,Bilirubin,Small 17,COLORWHEEL_5500_SEMIQUANT.zip,1,1,0,,39.274399,0.199294,0.998995,40.132801,0.196278,0.999992,44.284,0.186111,1.0,45.491199,0.178709,1.0,46.363998,0.17552,1.0,76.826401,0.332789,0.831966,50.5312,0.167476,0.999998,49.454399,0.168747,1.0,47.237598,0.173424,1.0,46.6488,0.174425,1.0
COLORWHEEL_5500_IMG_0557_0006,COLORWHEEL_5500,train,5500,semiquant,Glucose:110 ++++,Glucose:110 ++++,,,Glucose,110 ++++,COLORWHEEL_5500_SEMIQUANT.zip,1,1,0,,39.274399,0.199294,0.998995,40.132801,0.196278,0.999992,44.284,0.186111,1.0,45.491199,0.178709,1.0,46.363998,0.17552,1.0,76.826401,0.332789,0.831966,50.5312,0.167476,0.999998,49.454399,0.168747,1.0,47.237598,0.173424,1.0,46.6488,0.174425,1.0
COLORWHEEL_5500_IMG_0560_0007,COLORWHEEL_5500,train,5500,semiquant,Leukocytes:Trace 15,Leukocytes:Trace 15,,,Leukocytes,Trace 15,COLORWHEEL_5500_SEMIQUANT.zip,1,1,0,,29.944,0.214311,0.996254,31.8624,0.209707,0.998765,32.380798,0.205487,0.999835,32.170399,0.197799,1.0,33.491199,0.19398,1.0,69.9664,0.328063,0.826242,38.084,0.186168,1.0,37.976799,0.188064,1.0,37.552799,0.187724,1.0,37.287201,0.187795,1.0
COLORWHEEL_5500_IMG_0560_0007,COLORWHEEL_5500,train,5500,semiquant,Nitrite:Neg,Nitrite:Neg,,,Nitrite,Neg,COLORWHEEL_5500_SEMIQUANT.zip,1,1,0,,29.944,0.214311,0.996254,31.8624,0.209707,0.998765,32.380798,0.205487,0.999835,32.170399,0.197799,1.0,33.491199,0.19398,1.0,69.9664,0.328063,0.826242,38.084,0.186168,1.0,37.976799,0.188064,1.0,37.552799,0.187724,1.0,37.287201,0.187795,1.0
COLORWHEEL_5500_IMG_0560_0007,COLORWHEEL_5500,train,5500,semiquant,Urobilinogen:16,Urobilinogen:16,,,Urobilinogen,16,COLORWHEEL_5500_SEMIQUANT.zip,1,1,0,,29.944,0.214311,0.996254,31.8624,0.209707,0.998765,32.380798,0.205487,0.999835,32.170399,0.197799,1.0,33.491199,0.19398,1.0,69.9664,0.328063,0.826242,38.084,0.186168,1.0,37.976799,0.188064,1.0,37.552799,0.187724,1.0,37.287201,0.187795,1.0
COLORWHEEL_5500_IMG_0560_0007,COLORWHEEL_5500,train,5500,semiquant,Protein:Neg,Protein:Neg,,,Protein,Neg,COLORWHEEL_5500_SEMIQUANT.zip,1,1,0,,29.944,0.214311,0.996254,31.8624,0.209707,0.998765,32.380798,0.205487,0.999835,32.170399,0.197799,1.0,33.491199,0.19398,1.0,69.9664,0.328063,0.826242,38.084,0.186168,1.0,37.976799,0.188064,1.0,37.552799,0.187724,1.0,37.287201,0.187795,1.0
COLORWHEEL_5500_IMG_0560_0007,COLORWHEEL_5500,train,5500,semiquant,pH:8.5,pH:8.5,,,pH,8.5,COLORWHEEL_5500_SEMIQUANT.zip,1,1,0,,29.944,0.214311,0.996254,31.8624,0.209707,0.998765,32.380798,0.205487,0.999835,32.170399,0.197799,1.0,33.491199,0.19398,1.0,69.9664,0.328063,0.826242,38.084,0.186168,1.0,37.976799,0.188064,1.0,37.552799,0.187724,1.0,37.287201,0.187795,1.0
COLORWHEEL_5500_IMG_0560_0007,COLORWHEEL_5500,train,5500,semiquant,Blood:Neg,Blood:Neg,,,Blood,Neg,COLORWHEEL_5500_SEMIQUANT.zip,1,1,0,,29.944,0.214311,0.996254,31.8624,0.209707,0.998765,32.380798,0.205487,0.999835,32.170399,0.197799,1.0,33.491199,0.19398,1.0,69.9664,0.328063,0.826242,38.084,0.186168,1.0,37.976799,0.188064,1.0,37.552799,0.187724,1.0,37.287201,0.187795,1.0
COLORWHEEL_5500_IMG_0560_0007,COLORWHEEL_5500,train,5500,semiquant,Specific Gravity:1.030,Specific Gravity:1.030,,,Specific Gravity,1.030,COLORWHEEL_5500_SEMIQUANT.zip,1,1,0,,29.944,0.214311,0.996254,31.8624,0.209707,0.998765,32.380798,0.205487,0.999835,32.170399,0.197799,1.0,33.491199,0.19398,1.0,69.9664,0.328063,0.826242,38.084,0.186168,1.0,37.976799,0.188064,1.0,37.552799,0.187724,1.0,37.287201,0.187795,1.0
COLORWHEEL_5500_IMG_0560_0007,COLORWHEEL_5500,train,5500,semiquant,Ketone:Neg,Ketone:Neg,,,Ketone,Neg,COLORWHEEL_5500_SEMIQUANT.zip,1,1,0,,29.944,0.214311,0.996254,31.8624,0.209707,0.998765,32.380798,0.205487,0.999835,32.170399,0.197799,1.0,33.491199,0.19398,1.0,69.9664,0.328063,0.826242,38.084,0.186168,1.0,37.976799,0.188064,1.0,37.552799,0.187724,1.0,37.287201,0.187795,1.0
COLORWHEEL_5500_IMG_0560_0007,COLORWHEEL_5500,train,5500,semiquant,Bilirubin:Moderate 50,Bilirubin:Moderate 50,,,Bilirubin,Moderate 50,COLORWHEEL_5500_SEMIQUANT.zip,1,1,0,,29.944,0.214311,0.996254,31.8624,0.209707,0.998765,32.380798,0.205487,0.999835,32.170399,0.197799,1.0,33.491199,0.19398,1.0,69.9664,0.328063,0.826242,38.084,0.186168,1.0,37.976799,0.188064,1.0,37.552799,0.187724,1.0,37.287201,0.187795,1.0
COLORWHEEL_5500_IMG_0560_0007,COLORWHEEL_5500,train,5500,semiquant,Glucose:Neg,Glucose:Neg,,,Glucose,Neg,COLORWHEEL_5500_SEMIQUANT.zip,1,1,0,,29.944,0.214311,0.996254,31.8624,0.209707,0.998765,32.380798,0.205487,0.999835,32.170399,0.197799,1.0,33.491199,0.19398,1.0,69.9664,0.328063,0.826242,38.084,0.186168,1.0,37.976799,0.188064,1.0,37.552799,0.187724,1.0,37.287201,0.187795,1.0
COLORWHEEL_5500_IMG_0563_0008,COLORWHEEL_5500,train,5500,semiquant,Leukocytes:Small 70,Leukocytes:Small 70,,,Leukocytes,Small 70,COLORWHEEL_5500_SEMIQUANT.zip,1,1,0,,59.112,0.199026,1.0,59.7528,0.194616,1.0,59.9744,0.187528,1.0,59.9856,0.179016,1.0,60.0,0.176075,1.0,86.401604,0.342169,0.8388,60.0,0.170955,1.0,60.0,0.1703,1.0,60.0,0.172709,1.0,60.0,0.170858,1.0
COLORWHEEL_5500_IMG_0563_0008,COLORWHEEL_5500,train,5500,semiquant,Nitrite:Positive,Nitrite:Positive,,,Nitrite,Positive,COLORWHEEL_5500_SEMIQUANT.zip,1,1,0,,59.112,0.199026,1.0,59.7528,0.194616,1.0,59.9744,0.187528,1.0,59.9856,0.179016,1.0,60.0,0.176075,1.0,86.401604,0.342169,0.8388,60.0,0.170955,1.0,60.0,0.1703,1.0,60.0,0.172709,1.0,60.0,0.170858,1.0
COLORWHEEL_5500_IMG_0563_0008,COLORWHEEL_5500,train,5500,semiquant,Urobilinogen:32,Urobilinogen:32,,,Urobilinogen,32,COLORWHEEL_5500_SEMIQUANT.zip,1,1,0,,59.112,0.199026,1.0,59.7528,0.194616,1.0,59.9744,0.187528,1.0,59.9856,0.179016,1.0,60.0,0.176075,1.0,86.401604,0.342169,0.8388,60.0,0.170955,1.0,60.0,0.1703,1.0,60.0,0.172709,1.0,60.0,0.170858,1.0
COLORWHEEL_5500_IMG_0563_0008,COLORWHEEL_5500,train,5500,semiquant,Protein:Trace,Protein:Trace,,,Protein,Trace,COLORWHEEL_5500_SEMIQUANT.zip,1,1,0,,59.112,0.199026,1.0,59.7528,0.194616,1.0,59.9744,0.187528,1.0,59.9856,0.179016,1.0,60.0,0.176075,1.0,86.401604,0.342169,0.8388,60.0,0.170955,1.0,60.0,0.1703,1.0,60.0,0.172709,1.0,60.0,0.170858,1.0
COLORWHEEL_5500_IMG_0563_0008,COLORWHEEL_5500,train,5500,semiquant,pH:5.0,pH:5.0,,,pH,5.0,COLORWHEEL_5500_SEMIQUANT.zip,1,1,0,,59.112,0.199026,1.0,59.7528,0.194616,1.0,59.9744,0.187528,1.0,59.9856,0.179016,1.0,60.0,0.176075,1.0,86.401604,0.342169,0.8388,60.0,0.170955,1.0,60.0,0.1703,1.0,60.0,0.172709,1.0,60.0,0.170858,1.0
COLORWHEEL_5500_IMG_0563_0008,COLORWHEEL_5500,train,5500,semiquant,Blood:Non-hemolyzed 10,Blood:Non-hemolyzed 10,,,Blood,Non-hemolyzed 10,COLORWHEEL_5500_SEMIQUANT.zip,1,1,0,,59.112,0.199026,1.0,59.7528,0.194616,1.0,59.9744,0.187528,1.0,59.9856,0.179016,1.0,60.0,0.176075,1.0,86.401604,0.342169,0.8388,60.0,0.170955,1.0,60.0,0.1703,1.0,60.0,0.172709,1.0,60.0,0.170858,1.0
COLORWHEEL_5500_IMG_0563_0008,COLORWHEEL_5500,train,5500,semiquant,Specific Gravity:1.000,Specific Gravity:1.000,,,Specific Gravity,1.000,COLORWHEEL_5500_SEMIQUANT.zip,1,1,0,,59.112,0.199026,1.0,59.7528,0.194616,1.0,59.9744,0.187528,1.0,59.9856,0.179016,1.0,60.0,0.176075,1.0,86.401604,0.342169,0.8388,60.0,0.170955,1.0,60.0,0.1703,1.0,60.0,0.172709,1.0,60.0,0.170858,1.0
COLORWHEEL_5500_IMG_0563_0008,COLORWHEEL_5500,train,5500,semiquant,Ketone:Trace 0.5,Ketone:Trace 0.5,,,Ketone,Trace 0.5,COLORWHEEL_5500_SEMIQUANT.zip,1,1,0,,59.112,0.199026,1.0,59.7528,0.194616,1.0,59.9744,0.187528,1.0,59.9856,0.179016,1.0,60.0,0.176075,1.0,86.401604,0.342169,0.8388,60.0,0.170955,1.0,60.0,0.1703,1.0,60.0,0.172709,1.0,60.0,0.170858,1.0
COLORWHEEL_5500_IMG_0563_0008,COLORWHEEL_5500,train,5500,semiquant,Bilirubin:Large 100,Bilirubin:Large 100,,,Bilirubin,Large 100,COLORWHEEL_5500_SEMIQUANT.zip,1,1,0,,59.112,0.199026,1.0,59.7528,0.194616,1.0,59.9744,0.187528,1.0,59.9856,0.179016,1.0,60.0,0.176075,1.0,86.401604,0.342169,0.8388,60.0,0.170955,1.0,60.0,0.1703,1.0,60.0,0.172709,1.0,60.0,0.170858,1.0
COLORWHEEL_5500_IMG_0563_0008,COLORWHEEL_5500,train,5500,semiquant,Glucose:Trace 5,Glucose:Trace 5,,,Glucose,Trace 5,COLORWHEEL_5500_SEMIQUANT.zip,1,1,0,,59.112,0.199026,1.0,59.7528,0.194616,1.0,59.9744,0.187528,1.0,59.9856,0.179016,1.0,60.0,0.176075,1.0,86.401604,0.342169,0.8388,60.0,0.170955,1.0,60.0,0.1703,1.0,60.0,0.172709,1.0,60.0,0.170858,1.0
COLORWHEEL_5500_IMG_0566_0009,COLORWHEEL_5500,train,5500,semiquant,Leukocytes:Moderate 125,Leukocytes:Moderate 125,,,Leukocytes,Moderate 125,COLORWHEEL_5500_SEMIQUANT.zip,1,1,0,,25.283199,0.223862,0.998968,25.371201,0.217631,0.998433,26.7432,0.213366,0.999875,28.788,0.2068,0.999994,29.076799,0.205587,0.999989,65.935997,0.33275,0.836176,29.8552,0.200924,0.999991,30.7232,0.19941,1.0,29.155199,0.202471,0.99998,29.6768,0.201496,1.0
COLORWHEEL_5500_IMG_0566_0009,COLORWHEEL_5500,train,5500,semiquant,Nitrite:Neg,Nitrite:Neg,,,Nitrite,Neg,COLORWHEEL_5500_SEMIQUANT.zip,1,1,0,,25.283199,0.223862,0.998968,25.371201,0.217631,0.998433,26.7432,0.213366,0.999875,28.788,0.2068,0.999994,29.076799,0.205587,0.999989,65.935997,0.33275,0.836176,29.8552,0.200924,0.999991,30.7232,0.19941,1.0,29.155199,0.202471,0.99998,29.6768,0.201496,1.0
COLORWHEEL_5500_IMG_0566_0009,COLORWHEEL_5500,train,5500,semiquant,Urobilinogen:64,Urobilinogen:64,,,Urobilinogen,64,COLORWHEEL_5500_SEMIQUANT.zip,1,1,0,,25.283199,0.223862,0.998968,25.371201,0.217631,0.998433,26.7432,0.213366,0.999875,28.788,0.2068,0.999994,29.076799,0.205587,0.999989,65.935997,0.33275,0.836176,29.8552,0.200924,0.999991,30.7232,0.19941,1.0,29.155199,0.202471,0.99998,29.6768,0.201496,1.0
COLORWHEEL_5500_IMG_0566_0009,COLORWHEEL_5500,train,5500,semiquant,Protein:0.3,Protein:0.3,,,Protein,0.3,COLORWHEEL_5500_SEMIQUANT.zip,1,1,0,,25.283199,0.223862,0.998968,25.371201,0.217631,0.998433,26.7432,0.213366,0.999875,28.788,0.2068,0.999994,29.076799,0.205587,0.999989,65.935997,0.33275,0.836176,29.8552,0.200924,0.999991,30.7232,0.19941,1.0,29.155199,0.202471,0.99998,29.6768,0.201496,1.0
COLORWHEEL_5500_IMG_0566_0009,COLORWHEEL_5500,train,5500,semiquant,pH:6.0,pH:6.0,,,pH,6.0,COLORWHEEL_5500_SEMIQUANT.zip,1,1,0,,25.283199,0.223862,0.998968,25.371201,0.217631,0.998433,26.7432,0.213366,0.999875,28.788,0.2068,0.999994,29.076799,0.205587,0.999989,65.935997,0.33275,0.836176,29.8552,0.200924,0.999991,30.7232,0.19941,1.0,29.155199,0.202471,0.99998,29.6768,0.201496,1.0
COLORWHEEL_5500_IMG_0566_0009,COLORWHEEL_5500,train,5500,semiquant,Blood:Hemolyzed 10,Blood:Hemolyzed 10,,,Blood,Hemolyzed 10,COLORWHEEL_5500_SEMIQUANT.zip,1,1,0,,25.283199,0.223862,0.998968,25.371201,0.217631,0.998433,26.7432,0.213366,0.999875,28.788,0.2068,0.999994,29.076799,0.205587,0.999989,65.935997,0.33275,0.836176,29.8552,0.200924,0.999991,30.7232,0.19941,1.0,29.155199,0.202471,0.99998,29.6768,0.201496,1.0
COLORWHEEL_5500_IMG_0566_0009,COLORWHEEL_5500,train,5500,semiquant,Specific Gravity:1.005,Specific Gravity:1.005,,,Specific Gravity,1.005,COLORWHEEL_5500_SEMIQUANT.zip,1,1,0,,25.283199,0.223862,0.998968,25.371201,0.217631,0.998433,26.7432,0.213366,0.999875,28.788,0.2068,0.999994,29.076799,0.205587,0.999989,65.935997,0.33275,0.836176,29.8552,0.200924,0.999991,30.7232,0.19941,1.0,29.155199,0.202471,0.99998,29.6768,0.201496,1.0
COLORWHEEL_5500_IMG_0566_0009,COLORWHEEL_5500,train,5500,semiquant,Ketone:Small 1.5,Ketone:Small 1.5,,,Ketone,Small 1.5,COLORWHEEL_5500_SEMIQUANT.zip,1,1,0,,25.283199,0.223862,0.998968,25.371201,0.217631,0.998433,26.7432,0.213366,0.999875,28.788,0.2068,0.999994,29.076799,0.205587,0.999989,65.935997,0.33275,0.836176,29.8552,0.200924,0.999991,30.7232,0.19941,1.0,29.155199,0.202471,0.99998,29.6768,0.201496,1.0
COLORWHEEL_5500_IMG_0566_0009,COLORWHEEL_5500,train,5500,semiquant,Bilirubin:Neg,Bilirubin:Neg,,,Bilirubin,Neg,COLORWHEEL_5500_SEMIQUANT.zip,1,1,0,,25.283199,0.223862,0.998968,25.371201,0.217631,0.998433,26.7432,0.213366,0.999875,28.788,0.2068,0.999994,29.076799,0.205587,0.999989,65.935997,0.33275,0.836176,29.8552,0.200924,0.999991,30.7232,0.19941,1.0,29.155199,0.202471,0.99998,29.6768,0.201496,1.0
COLORWHEEL_5500_IMG_0566_0009,COLORWHEEL_5500,train,5500,semiquant,Glucose:15 +,Glucose:15 +,,,Glucose,15 +,COLORWHEEL_5500_SEMIQUANT.zip,1,1,0,,25.283199,0.223862,0.998968,25.371201,0.217631,0.998433,26.7432,0.213366,0.999875,28.788,0.2068,0.999994,29.076799,0.205587,0.999989,65.935997,0.33275,0.836176,29.8552,0.200924,0.999991,30.7232,0.19941,1.0,29.155199,0.202471,0.99998,29.6768,0.201496,1.0
COLORWHEEL_5500_IMG_0569_0010,COLORWHEEL_5500,train,5500,semiquant,Leukocytes:Large 500,Leukocytes:Large 500,,,Leukocytes,Large 500,COLORWHEEL_5500_SEMIQUANT.zip,1,1,0,,60.0,0.240515,1.0,60.0,0.241187,1.0,60.0,0.234855,1.0,60.0,0.225594,1.0,60.0,0.227438,1.0,80.153603,0.34314,0.875735,60.0,0.217427,1.0,60.0,0.215169,1.0,78.9048,0.298221,0.896951,65.961601,0.289893,0.952422
COLORWHEEL_5500_IMG_0569_0010,COLORWHEEL_5500,train,5500,semiquant,Nitrite:Positive,Nitrite:Positive,,,Nitrite,Positive,COLORWHEEL_5500_SEMIQUANT.zip,1,1,0,,60.0,0.240515,1.0,60.0,0.241187,1.0,60.0,0.234855,1.0,60.0,0.225594,1.0,60.0,0.227438,1.0,80.153603,0.34314,0.875735,60.0,0.217427,1.0,60.0,0.215169,1.0,78.9048,0.298221,0.896951,65.961601,0.289893,0.952422
COLORWHEEL_5500_IMG_0569_0010,COLORWHEEL_5500,train,5500,semiquant,Urobilinogen:128,Urobilinogen:128,,,Urobilinogen,128,COLORWHEEL_5500_SEMIQUANT.zip,1,1,0,,60.0,0.240515,1.0,60.0,0.241187,1.0,60.0,0.234855,1.0,60.0,0.225594,1.0,60.0,0.227438,1.0,80.153603,0.34314,0.875735,60.0,0.217427,1.0,60.0,0.215169,1.0,78.9048,0.298221,0.896951,65.961601,0.289893,0.952422
COLORWHEEL_5500_IMG_0569_0010,COLORWHEEL_5500,train,5500,semiquant,Protein:1.0,Protein:1.0,,,Protein,1.0,COLORWHEEL_5500_SEMIQUANT.zip,1,1,0,,60.0,0.240515,1.0,60.0,0.241187,1.0,60.0,0.234855,1.0,60.0,0.225594,1.0,60.0,0.227438,1.0,80.153603,0.34314,0.875735,60.0,0.217427,1.0,60.0,0.215169,1.0,78.9048,0.298221,0.896951,65.961601,0.289893,0.952422
COLORWHEEL_5500_IMG_0569_0010,COLORWHEEL_5500,train,5500,semiquant,pH:6.5,pH:6.5,,,pH,6.5,COLORWHEEL_5500_SEMIQUANT.zip,1,1,0,,60.0,0.240515,1.0,60.0,0.241187,1.0,60.0,0.234855,1.0,60.0,0.225594,1.0,60.0,0.227438,1.0,80.153603,0.34314,0.875735,60.0,0.217427,1.0,60.0,0.215169,1.0,78.9048,0.298221,0.896951,65.961601,0.289893,0.952422
COLORWHEEL_5500_IMG_0569_0010,COLORWHEEL_5500,train,5500,semiquant,Blood:Small 25,Blood:Small 25,,,Blood,Small 25,COLORWHEEL_5500_SEMIQUANT.zip,1,1,0,,60.0,0.240515,1.0,60.0,0.241187,1.0,60.0,0.234855,1.0,60.0,0.225594,1.0,60.0,0.227438,1.0,80.153603,0.34314,0.875735,60.0,0.217427,1.0,60.0,0.215169,1.0,78.9048,0.298221,0.896951,65.961601,0.289893,0.952422
COLORWHEEL_5500_IMG_0569_0010,COLORWHEEL_5500,train,5500,semiquant,Specific Gravity:1.010,Specific Gravity:1.010,,,Specific Gravity,1.010,COLORWHEEL_5500_SEMIQUANT.zip,1,1,0,,60.0,0.240515,1.0,60.0,0.241187,1.0,60.0,0.234855,1.0,60.0,0.225594,1.0,60.0,0.227438,1.0,80.153603,0.34314,0.875735,60.0,0.217427,1.0,60.0,0.215169,1.0,78.9048,0.298221,0.896951,65.961601,0.289893,0.952422
COLORWHEEL_5500_IMG_0569_0010,COLORWHEEL_5500,train,5500,semiquant,Ketone:Moderate 4.0,Ketone:Moderate 4.0,,,Ketone,Moderate 4.0,COLORWHEEL_5500_SEMIQUANT.zip,1,1,0,,60.0,0.240515,1.0,60.0,0.241187,1.0,60.0,0.234855,1.0,60.0,0.225594,1.0,60.0,0.227438,1.0,80.153603,0.34314,0.875735,60.0,0.217427,1.0,60.0,0.215169,1.0,78.9048,0.298221,0.896951,65.961601,0.289893,0.952422
COLORWHEEL_5500_IMG_0569_0010,COLORWHEEL_5500,train,5500,semiquant,Bilirubin:Small 17,Bilirubin:Small 17,,,Bilirubin,Small 17,COLORWHEEL_5500_SEMIQUANT.zip,1,1,0,,60.0,0.240515,1.0,60.0,0.241187,1.0,60.0,0.234855,1.0,60.0,0.225594,1.0,60.0,0.227438,1.0,80.153603,0.34314,0.875735,60.0,0.217427,1.0,60.0,0.215169,1.0,78.9048,0.298221,0.896951,65.961601,0.289893,0.952422
COLORWHEEL_5500_IMG_0569_0010,COLORWHEEL_5500,train,5500,semiquant,Glucose:30 ++,Glucose:30 ++,,,Glucose,30 ++,COLORWHEEL_5500_SEMIQUANT.zip,1,1,0,,60.0,0.240515,1.0,60.0,0.241187,1.0,60.0,0.234855,1.0,60.0,0.225594,1.0,60.0,0.227438,1.0,80.153603,0.34314,0.875735,60.0,0.217427,1.0,60.0,0.215169,1.0,78.9048,0.298221,0.896951,65.961601,0.289893,0.952422
COLORWHEEL_5500_IMG_0574_0011,COLORWHEEL_5500,train,5500,semiquant,Leukocytes:Neg,Leukocytes:Neg,,,Leukocytes,Neg,COLORWHEEL_5500_SEMIQUANT.zip,1,1,0,,246.045593,0.477969,0.841965,245.661606,0.478408,0.832871,231.760803,0.494361,0.994624,235.212799,0.491206,0.958365,251.294403,0.508551,0.75501,251.003998,0.510599,0.754563,239.4048,0.506124,0.901619,230.442398,0.494882,1.0,251.557602,0.544044,0.736794,250.415207,0.542613,0.742709
COLORWHEEL_5500_IMG_0574_0011,COLORWHEEL_5500,train,5500,semiquant,Nitrite:Neg,Nitrite:Neg,,,Nitrite,Neg,COLORWHEEL_5500_SEMIQUANT.zip,1,1,0,,246.045593,0.477969,0.841965,245.661606,0.478408,0.832871,231.760803,0.494361,0.994624,235.212799,0.491206,0.958365,251.294403,0.508551,0.75501,251.003998,0.510599,0.754563,239.4048,0.506124,0.901619,230.442398,0.494882,1.0,251.557602,0.544044,0.736794,250.415207,0.542613,0.742709
COLORWHEEL_5500_IMG_0574_0011,COLORWHEEL_5500,train,5500,semiquant,Urobilinogen:3.2,Urobilinogen:3.2,,,Urobilinogen,3.2,COLORWHEEL_5500_SEMIQUANT.zip,1,1,0,,246.045593,0.477969,0.841965,245.661606,0.478408,0.832871,231.760803,0.494361,0.994624,235.212799,0.491206,0.958365,251.294403,0.508551,0.75501,251.003998,0.510599,0.754563,239.4048,0.506124,0.901619,230.442398,0.494882,1.0,251.557602,0.544044,0.736794,250.415207,0.542613,0.742709
COLORWHEEL_5500_IMG_0574_0011,COLORWHEEL_5500,train,5500,semiquant,Protein:3.0,Protein:3.0,,,Protein,3.0,COLORWHEEL_5500_SEMIQUANT.zip,1,1,0,,246.045593,0.477969,0.841965,245.661606,0.478408,0.832871,231.760803,0.494361,0.994624,235.212799,0.491206,0.958365,251.294403,0.508551,0.75501,251.003998,0.510599,0.754563,239.4048,0.506124,0.901619,230.442398,0.494882,1.0,251.557602,0.544044,0.736794,250.415207,0.542613,0.742709
COLORWHEEL_5500_IMG_0574_0011,COLORWHEEL_5500,train,5500,semiquant,pH:7.0,pH:7.0,,,pH,7.0,COLORWHEEL_5500_SEMIQUANT.zip,1,1,0,,246.045593,0.477969,0.841965,245.661606,0.478408,0.832871,231.760803,0.494361,0.994624,235.212799,0.491206,0.958365,251.294403,0.508551,0.75501,251.003998,0.510599,0.754563,239.4048,0.506124,0.901619,230.442398,0.494882,1.0,251.557602,0.544044,0.736794,250.415207,0.542613,0.742709
COLORWHEEL_5500_IMG_0574_0011,COLORWHEEL_5500,train,5500,semiquant,Blood:Moderate 80,Blood:Moderate 80,,,Blood,Moderate 80,COLORWHEEL_5500_SEMIQUANT.zip,1,1,0,,246.045593,0.477969,0.841965,245.661606,0.478408,0.832871,231.760803,0.494361,0.994624,235.212799,0.491206,0.958365,251.294403,0.508551,0.75501,251.003998,0.510599,0.754563,239.4048,0.506124,0.901619,230.442398,0.494882,1.0,251.557602,0.544044,0.736794,250.415207,0.542613,0.742709
COLORWHEEL_5500_IMG_0574_0011,COLORWHEEL_5500,train,5500,semiquant,Specific Gravity:1.015,Specific Gravity:1.015,,,Specific Gravity,1.015,COLORWHEEL_5500_SEMIQUANT.zip,1,1,0,,246.045593,0.477969,0.841965,245.661606,0.478408,0.832871,231.760803,0.494361,0.994624,235.212799,0.491206,0.958365,251.294403,0.508551,0.75501,251.003998,0.510599,0.754563,239.4048,0.506124,0.901619,230.442398,0.494882,1.0,251.557602,0.544044,0.736794,250.415207,0.542613,0.742709
COLORWHEEL_5500_IMG_0574_0011,COLORWHEEL_5500,train,5500,semiquant,Ketone:8.0,Ketone:8.0,,,Ketone,8.0,COLORWHEEL_5500_SEMIQUANT.zip,1,1,0,,246.045593,0.477969,0.841965,245.661606,0.478408,0.832871,231.760803,0.494361,0.994624,235.212799,0.491206,0.958365,251.294403,0.508551,0.75501,251.003998,0.510599,0.754563,239.4048,0.506124,0.901619,230.442398,0.494882,1.0,251.557602,0.544044,0.736794,250.415207,0.542613,0.742709
COLORWHEEL_5500_IMG_0574_0011,COLORWHEEL_5500,train,5500,semiquant,Bilirubin:Moderate 50,Bilirubin:Moderate 50,,,Bilirubin,Moderate 50,COLORWHEEL_5500_SEMIQUANT.zip,1,1,0,,246.045593,0.477969,0.841965,245.661606,0.478408,0.832871,231.760803,0.494361,0.994624,235.212799,0.491206,0.958365,251.294403,0.508551,0.75501,251.003998,0.510599,0.754563,239.4048,0.506124,0.901619,230.442398,0.494882,1.0,251.557602,0.544044,0.736794,250.415207,0.542613,0.742709
COLORWHEEL_5500_IMG_0574_0011,COLORWHEEL_5500,train,5500,semiquant,Glucose:60 +++,Glucose:60 +++,,,Glucose,60 +++,COLORWHEEL_5500_SEMIQUANT.zip,1,1,0,,246.045593,0.477969,0.841965,245.661606,0.478408,0.832871,231.760803,0.494361,0.994624,235.212799,0.491206,0.958365,251.294403,0.508551,0.75501,251.003998,0.510599,0.754563,239.4048,0.506124,0.901619,230.442398,0.494882,1.0,251.557602,0.544044,0.736794,250.415207,0.542613,0.742709
COLORWHEEL_5500_IMG_0577_0012,COLORWHEEL_5500,train,5500,semiquant,Leukocytes:Trace 15,Leukocytes:Trace 15,,,Leukocytes,Trace 15,COLORWHEEL_5500_SEMIQUANT.zip,1,1,0,,54.7752,0.165005,1.0,54.596001,0.165134,1.0,50.304001,0.17394,1.0,54.2896,0.165371,1.0,47.043999,0.1852,1.0,40.7896,0.21013,1.0,41.2976,0.201669,1.0,41.537601,0.203206,0.999973,44.997601,0.188406,0.999986,44.316002,0.189341,1.0
COLORWHEEL_5500_IMG_0577_0012,COLORWHEEL_5500,train,5500,semiquant,Nitrite:Positive,Nitrite:Positive,,,Nitrite,Positive,COLORWHEEL_5500_SEMIQUANT.zip,1,1,0,,54.7752,0.165005,1.0,54.596001,0.165134,1.0,50.304001,0.17394,1.0,54.2896,0.165371,1.0,47.043999,0.1852,1.0,40.7896,0.21013,1.0,41.2976,0.201669,1.0,41.537601,0.203206,0.999973,44.997601,0.188406,0.999986,44.316002,0.189341,1.0
COLORWHEEL_5500_IMG_0577_0012,COLORWHEEL_5500,train,5500,semiquant,Urobilinogen:16,Urobilinogen:16,,,Urobilinogen,16,COLORWHEEL_5500_SEMIQUANT.zip,1,1,0,,54.7752,0.165005,1.0,54.596001,0.165134,1.0,50.304001,0.17394,1.0,54.2896,0.165371,1.0,47.043999,0.1852,1.0,40.7896,0.21013,1.0,41.2976,0.201669,1.0,41.537601,0.203206,0.999973,44.997601,0.188406,0.999986,44.316002,0.189341,1.0
COLORWHEEL_5500_IMG_0577_0012,COLORWHEEL_5500,train,5500,semiquant,Protein:>=20.0,Protein:>=20.0,,,Protein,>=20.0,COLORWHEEL_5500_SEMIQUANT.zip,1,1,0,,54.7752,0.165005,1.0,54.596001,0.165134,1.0,50.304001,0.17394,1.0,54.2896,0.165371,1.0,47.043999,0.1852,1.0,40.7896,0.21013,1.0,41.2976,0.201669,1.0,41.537601,0.203206,0.999973,44.997601,0.188406,0.999986,44.316002,0.189341,1.0
COLORWHEEL_5500_IMG_0577_0012,COLORWHEEL_5500,train,5500,semiquant,pH:7.5,pH:7.5,,,pH,7.5,COLORWHEEL_5500_SEMIQUANT.zip,1,1,0,,54.7752,0.165005,1.0,54.596001,0.165134,1.0,50.304001,0.17394,1.0,54.2896,0.165371,1.0,47.043999,0.1852,1.0,40.7896,0.21013,1.0,41.2976,0.201669,1.0,41.537601,0.203206,0.999973,44.997601,0.188406,0.999986,44.316002,0.189341,1.0
COLORWHEEL_5500_IMG_0577_0012,COLORWHEEL_5500,train,5500,semiquant,Blood:Large 200,Blood:Large 200,,,Blood,Large 200,COLORWHEEL_5500_SEMIQUANT.zip,1,1,0,,54.7752,0.165005,1.0,54.596001,0.165134,1.0,50.304001,0.17394,1.0,54.2896,0.165371,1.0,47.043999,0.1852,1.0,40.7896,0.21013,1.0,41.2976,0.201669,1.0,41.537601,0.203206,0.999973,44.997601,0.188406,0.999986,44.316002,0.189341,1.0
COLORWHEEL_5500_IMG_0577_0012,COLORWHEEL_5500,train,5500,semiquant,Specific Gravity:1.020,Specific Gravity:1.020,,,Specific Gravity,1.020,COLORWHEEL_5500_SEMIQUANT.zip,1,1,0,,54.7752,0.165005,1.0,54.596001,0.165134,1.0,50.304001,0.17394,1.0,54.2896,0.165371,1.0,47.043999,0.1852,1.0,40.7896,0.21013,1.0,41.2976,0.201669,1.0,41.537601,0.203206,0.999973,44.997601,0.188406,0.999986,44.316002,0.189341,1.0
COLORWHEEL_5500_IMG_0577_0012,COLORWHEEL_5500,train,5500,semiquant,Ketone:Large 16,Ketone:Large 16,,,Ketone,Large 16,COLORWHEEL_5500_SEMIQUANT.zip,1,1,0,,54.7752,0.165005,1.0,54.596001,0.165134,1.0,50.304001,0.17394,1.0,54.2896,0.165371,1.0,47.043999,0.1852,1.0,40.7896,0.21013,1.0,41.2976,0.201669,1.0,41.537601,0.203206,0.999973,44.997601,0.188406,0.999986,44.316002,0.189341,1.0
COLORWHEEL_5500_IMG_0577_0012,COLORWHEEL_5500,train,5500,semiquant,Bilirubin:Large 100,Bilirubin:Large 100,,,Bilirubin,Large 100,COLORWHEEL_5500_SEMIQUANT.zip,1,1,0,,54.7752,0.165005,1.0,54.596001,0.165134,1.0,50.304001,0.17394,1.0,54.2896,0.165371,1.0,47.043999,0.1852,1.0,40.7896,0.21013,1.0,41.2976,0.201669,1.0,41.537601,0.203206,0.999973,44.997601,0.188406,0.999986,44.316002,0.189341,1.0
COLORWHEEL_5500_IMG_0577_0012,COLORWHEEL_5500,train,5500,semiquant,Glucose:110 ++++,Glucose:110 ++++,,,Glucose,110 ++++,COLORWHEEL_5500_SEMIQUANT.zip,1,1,0,,54.7752,0.165005,1.0,54.596001,0.165134,1.0,50.304001,0.17394,1.0,54.2896,0.165371,1.0,47.043999,0.1852,1.0,40.7896,0.21013,1.0,41.2976,0.201669,1.0,41.537601,0.203206,0.999973,44.997601,0.188406,0.999986,44.316002,0.189341,1.0
COLORWHEEL_5500_IMG_0580_0013,COLORWHEEL_5500,train,5500,semiquant,Leukocytes:Small 70,Leukocytes:Small 70,,,Leukocytes,Small 70,COLORWHEEL_5500_SEMIQUANT.zip,1,1,0,,47.250401,0.16237,0.683346,51.952,0.162486,0.663859,46.597599,0.171813,0.727384,44.9608,0.172303,0.75955,47.722401,0.177829,0.784949,61.229599,0.163773,0.67798,59.273602,0.156609,0.713627,58.472,0.163682,0.722852,63.489601,0.171282,0.714996,66.770401,0.144737,0.687062
COLORWHEEL_5500_IMG_0580_0013,COLORWHEEL_5500,train,5500,semiquant,Nitrite:Neg,Nitrite:Neg,,,Nitrite,Neg,COLORWHEEL_5500_SEMIQUANT.zip,1,1,0,,47.250401,0.16237,0.683346,51.952,0.162486,0.663859,46.597599,0.171813,0.727384,44.9608,0.172303,0.75955,47.722401,0.177829,0.784949,61.229599,0.163773,0.67798,59.273602,0.156609,0.713627,58.472,0.163682,0.722852,63.489601,0.171282,0.714996,66.770401,0.144737,0.687062
COLORWHEEL_5500_IMG_0580_0013,COLORWHEEL_5500,train,5500,semiquant,Urobilinogen:32,Urobilinogen:32,,,Urobilinogen,32,COLORWHEEL_5500_SEMIQUANT.zip,1,1,0,,47.250401,0.16237,0.683346,51.952,0.162486,0.663859,46.597599,0.171813,0.727384,44.9608,0.172303,0.75955,47.722401,0.177829,0.784949,61.229599,0.163773,0.67798,59.273602,0.156609,0.713627,58.472,0.163682,0.722852,63.489601,0.171282,0.714996,66.770401,0.144737,0.687062
COLORWHEEL_5500_IMG_0580_0013,COLORWHEEL_5500,train,5500,semiquant,Protein:Neg,Protein:Neg,,,Protein,Neg,COLORWHEEL_5500_SEMIQUANT.zip,1,1,0,,47.250401,0.16237,0.683346,51.952,0.162486,0.663859,46.597599,0.171813,0.727384,44.9608,0.172303,0.75955,47.722401,0.177829,0.784949,61.229599,0.163773,0.67798,59.273602,0.156609,0.713627,58.472,0.163682,0.722852,63.489601,0.171282,0.714996,66.770401,0.144737,0.687062
COLORWHEEL_5500_IMG_0580_0013,COLORWHEEL_5500,train,5500,semiquant,pH:8.0,pH:8.0,,,pH,8.0,COLORWHEEL_5500_SEMIQUANT.zip,1,1,0,,47.250401,0.16237,0.683346,51.952,0.162486,0.663859,46.597599,0.171813,0.727384,44.9608,0.172303,0.75955,47.722401,0.177829,0.784949,61.229599,0.163773,0.67798,59.273602,0.156609,0.713627,58.472,0.163682,0.722852,63.489601,0.171282,0.714996,66.770401,0.144737,0.687062
COLORWHEEL_5500_IMG_0580_0013,COLORWHEEL_5500,train,5500,semiquant,Blood:Neg,Blood:Neg,,,Blood,Neg,COLORWHEEL_5500_SEMIQUANT.zip,1,1,0,,47.250401,0.16237,0.683346,51.952,0.162486,0.663859,46.597599,0.171813,0.727384,44.9608,0.172303,0.75955,47.722401,0.177829,0.784949,61.229599,0.163773,0.67798,59.273602,0.156609,0.713627,58.472,0.163682,0.722852,63.489601,0.171282,0.714996,66.770401,0.144737,0.687062
COLORWHEEL_5500_IMG_0580_0013,COLORWHEEL_5500,train,5500,semiquant,Specific Gravity:1.025,Specific Gravity:1.025,,,Specific Gravity,1.025,COLORWHEEL_5500_SEMIQUANT.zip,1,1,0,,47.250401,0.16237,0.683346,51.952,0.162486,0.663859,46.597599,0.171813,0.727384,44.9608,0.172303,0.75955,47.722401,0.177829,0.784949,61.229599,0.163773,0.67798,59.273602,0.156609,0.713627,58.472,0.163682,0.722852,63.489601,0.171282,0.714996,66.770401,0.144737,0.687062
COLORWHEEL_5500_IMG_0580_0013,COLORWHEEL_5500,train,5500,semiquant,Ketone:Neg,Ketone:Neg,,,Ketone,Neg,COLORWHEEL_5500_SEMIQUANT.zip,1,1,0,,47.250401,0.16237,0.683346,51.952,0.162486,0.663859,46.597599,0.171813,0.727384,44.9608,0.172303,0.75955,47.722401,0.177829,0.784949,61.229599,0.163773,0.67798,59.273602,0.156609,0.713627,58.472,0.163682,0.722852,63.489601,0.171282,0.714996,66.770401,0.144737,0.687062
COLORWHEEL_5500_IMG_0580_0013,COLORWHEEL_5500,train,5500,semiquant,Bilirubin:Neg,Bilirubin:Neg,,,Bilirubin,Neg,COLORWHEEL_5500_SEMIQUANT.zip,1,1,0,,47.250401,0.16237,0.683346,51.952,0.162486,0.663859,46.597599,0.171813,0.727384,44.9608,0.172303,0.75955,47.722401,0.177829,0.784949,61.229599,0.163773,0.67798,59.273602,0.156609,0.713627,58.472,0.163682,0.722852,63.489601,0.171282,0.714996,66.770401,0.144737,0.687062
COLORWHEEL_5500_IMG_0580_0013,COLORWHEEL_5500,train,5500,semiquant,Glucose:Neg,Glucose:Neg,,,Glucose,Neg,COLORWHEEL_5500_SEMIQUANT.zip,1,1,0,,47.250401,0.16237,0.683346,51.952,0.162486,0.663859,46.597599,0.171813,0.727384,44.9608,0.172303,0.75955,47.722401,0.177829,0.784949,61.229599,0.163773,0.67798,59.273602,0.156609,0.713627,58.472,0.163682,0.722852,63.489601,0.171282,0.714996,66.770401,0.144737,0.687062
COLORWHEEL_5500_IMG_0583_0014,COLORWHEEL_5500,train,5500,semiquant,Leukocytes:Moderate 125,Leukocytes:Moderate 125,,,Leukocytes,Moderate 125,COLORWHEEL_5500_SEMIQUANT.zip,1,1,0,,59.883999,0.131209,1.0,59.897598,0.12795,1.0,58.981602,0.139625,1.0,58.372799,0.131685,1.0,53.4776,0.151161,1.0,46.4128,0.174257,0.999981,46.277599,0.167594,1.0,46.365601,0.165896,1.0,48.937599,0.156274,0.998908,46.866402,0.165622,0.999983
COLORWHEEL_5500_IMG_0583_0014,COLORWHEEL_5500,train,5500,semiquant,Nitrite:Positive,Nitrite:Positive,,,Nitrite,Positive,COLORWHEEL_5500_SEMIQUANT.zip,1,1,0,,59.883999,0.131209,1.0,59.897598,0.12795,1.0,58.981602,0.139625,1.0,58.372799,0.131685,1.0,53.4776,0.151161,1.0,46.4128,0.174257,0.999981,46.277599,0.167594,1.0,46.365601,0.165896,1.0,48.937599,0.156274,0.998908,46.866402,0.165622,0.999983
COLORWHEEL_5500_IMG_0583_0014,COLORWHEEL_5500,train,5500,semiquant,Urobilinogen:64,Urobilinogen:64,,,Urobilinogen,64,COLORWHEEL_5500_SEMIQUANT.zip,1,1,0,,59.883999,0.131209,1.0,59.897598,0.12795,1.0,58.981602,0.139625,1.0,58.372799,0.131685,1.0,53.4776,0.151161,1.0,46.4128,0.174257,0.999981,46.277599,0.167594,1.0,46.365601,0.165896,1.0,48.937599,0.156274,0.998908,46.866402,0.165622,0.999983
COLORWHEEL_5500_IMG_0583_0014,COLORWHEEL_5500,train,5500,semiquant,Protein:Trace,Protein:Trace,,,Protein,Trace,COLORWHEEL_5500_SEMIQUANT.zip,1,1,0,,59.883999,0.131209,1.0,59.897598,0.12795,1.0,58.981602,0.139625,1.0,58.372799,0.131685,1.0,53.4776,0.151161,1.0,46.4128,0.174257,0.999981,46.277599,0.167594,1.0,46.365601,0.165896,1.0,48.937599,0.156274,0.998908,46.866402,0.165622,0.999983
COLORWHEEL_5500_IMG_0583_0014,COLORWHEEL_5500,train,5500,semiquant,pH:8.5,pH:8.5,,,pH,8.5,COLORWHEEL_5500_SEMIQUANT.zip,1,1,0,,59.883999,0.131209,1.0,59.897598,0.12795,1.0,58.981602,0.139625,1.0,58.372799,0.131685,1.0,53.4776,0.151161,1.0,46.4128,0.174257,0.999981,46.277599,0.167594,1.0,46.365601,0.165896,1.0,48.937599,0.156274,0.998908,46.866402,0.165622,0.999983
COLORWHEEL_5500_IMG_0583_0014,COLORWHEEL_5500,train,5500,semiquant,Blood:Non-hemolyzed 10,Blood:Non-hemolyzed 10,,,Blood,Non-hemolyzed 10,COLORWHEEL_5500_SEMIQUANT.zip,1,1,0,,59.883999,0.131209,1.0,59.897598,0.12795,1.0,58.981602,0.139625,1.0,58.372799,0.131685,1.0,53.4776,0.151161,1.0,46.4128,0.174257,0.999981,46.277599,0.167594,1.0,46.365601,0.165896,1.0,48.937599,0.156274,0.998908,46.866402,0.165622,0.999983
COLORWHEEL_5500_IMG_0583_0014,COLORWHEEL_5500,train,5500,semiquant,Specific Gravity:1.030,Specific Gravity:1.030,,,Specific Gravity,1.030,COLORWHEEL_5500_SEMIQUANT.zip,1,1,0,,59.883999,0.131209,1.0,59.897598,0.12795,1.0,58.981602,0.139625,1.0,58.372799,0.131685,1.0,53.4776,0.151161,1.0,46.4128,0.174257,0.999981,46.277599,0.167594,1.0,46.365601,0.165896,1.0,48.937599,0.156274,0.998908,46.866402,0.165622,0.999983
COLORWHEEL_5500_IMG_0583_0014,COLORWHEEL_5500,train,5500,semiquant,Ketone:Trace 0.5,Ketone:Trace 0.5,,,Ketone,Trace 0.5,COLORWHEEL_5500_SEMIQUANT.zip,1,1,0,,59.883999,0.131209,1.0,59.897598,0.12795,1.0,58.981602,0.139625,1.0,58.372799,0.131685,1.0,53.4776,0.151161,1.0,46.4128,0.174257,0.999981,46.277599,0.167594,1.0,46.365601,0.165896,1.0,48.937599,0.156274,0.998908,46.866402,0.165622,0.999983
COLORWHEEL_5500_IMG_0583_0014,COLORWHEEL_5500,train,5500,semiquant,Bilirubin:Small 17,Bilirubin:Small 17,,,Bilirubin,Small 17,COLORWHEEL_5500_SEMIQUANT.zip,1,1,0,,59.883999,0.131209,1.0,59.897598,0.12795,1.0,58.981602,0.139625,1.0,58.372799,0.131685,1.0,53.4776,0.151161,1.0,46.4128,0.174257,0.999981,46.277599,0.167594,1.0,46.365601,0.165896,1.0,48.937599,0.156274,0.998908,46.866402,0.165622,0.999983
COLORWHEEL_5500_IMG_0583_0014,COLORWHEEL_5500,train,5500,semiquant,Glucose:Trace 5,Glucose:Trace 5,,,Glucose,Trace 5,COLORWHEEL_5500_SEMIQUANT.zip,1,1,0,,59.883999,0.131209,1.0,59.897598,0.12795,1.0,58.981602,0.139625,1.0,58.372799,0.131685,1.0,53.4776,0.151161,1.0,46.4128,0.174257,0.999981,46.277599,0.167594,1.0,46.365601,0.165896,1.0,48.937599,0.156274,0.998908,46.866402,0.165622,0.999983
COLORWHEEL_5500_IMG_0586_0015,COLORWHEEL_5500,train,5500,semiquant,Leukocytes:Large 500,Leukocytes:Large 500,,,Leukocytes,Large 500,COLORWHEEL_5500_SEMIQUANT.zip,1,1,0,,57.156799,0.187111,0.773431,55.686401,0.191369,0.755304,60.868,0.189431,0.819109,56.933601,0.188952,0.842378,59.880001,0.19109,0.848466,68.9496,0.18797,0.729976,73.473602,0.18816,0.754089,69.790398,0.182116,0.750645,72.648003,0.174188,0.722017,76.0056,0.160369,0.681537
COLORWHEEL_5500_IMG_0586_0015,COLORWHEEL_5500,train,5500,semiquant,Nitrite:Neg,Nitrite:Neg,,,Nitrite,Neg,COLORWHEEL_5500_SEMIQUANT.zip,1,1,0,,57.156799,0.187111,0.773431,55.686401,0.191369,0.755304,60.868,0.189431,0.819109,56.933601,0.188952,0.842378,59.880001,0.19109,0.848466,68.9496,0.18797,0.729976,73.473602,0.18816,0.754089,69.790398,0.182116,0.750645,72.648003,0.174188,0.722017,76.0056,0.160369,0.681537
COLORWHEEL_5500_IMG_0586_0015,COLORWHEEL_5500,train,5500,semiquant,Urobilinogen:128,Urobilinogen:128,,,Urobilinogen,128,COLORWHEEL_5500_SEMIQUANT.zip,1,1,0,,57.156799,0.187111,0.773431,55.686401,0.191369,0.755304,60.868,0.189431,0.819109,56.933601,0.188952,0.842378,59.880001,0.19109,0.848466,68.9496,0.18797,0.729976,73.473602,0.18816,0.754089,69.790398,0.182116,0.750645,72.648003,0.174188,0.722017,76.0056,0.160369,0.681537
COLORWHEEL_5500_IMG_0586_0015,COLORWHEEL_5500,train,5500,semiquant,Protein:0.3,Protein:0.3,,,Protein,0.3,COLORWHEEL_5500_SEMIQUANT.zip,1,1,0,,57.156799,0.187111,0.773431,55.686401,0.191369,0.755304,60.868,0.189431,0.819109,56.933601,0.188952,0.842378,59.880001,0.19109,0.848466,68.9496,0.18797,0.729976,73.473602,0.18816,0.754089,69.790398,0.182116,0.750645,72.648003,0.174188,0.722017,76.0056,0.160369,0.681537
COLORWHEEL_5500_IMG_0586_0015,COLORWHEEL_5500,train,5500,semiquant,pH:5.0,pH:5.0,,,pH,5.0,COLORWHEEL_5500_SEMIQUANT.zip,1,1,0,,57.156799,0.187111,0.773431,55.686401,0.191369,0.755304,60.868,0.189431,0.819109,56.933601,0.188952,0.842378,59.880001,0.19109,0.848466,68.9496,0.18797,0.729976,73.473602,0.18816,0.754089,69.790398,0.182116,0.750645,72.648003,0.174188,0.722017,76.0056,0.160369,0.681537
COLORWHEEL_5500_IMG_0586_0015,COLORWHEEL_5500,train,5500,semiquant,Blood:Hemolyzed 10,Blood:Hemolyzed 10,,,Blood,Hemolyzed 10,COLORWHEEL_5500_SEMIQUANT.zip,1,1,0,,57.156799,0.187111,0.773431,55.686401,0.191369,0.755304,60.868,0.189431,0.819109,56.933601,0.188952,0.842378,59.880001,0.19109,0.848466,68.9496,0.18797,0.729976,73.473602,0.18816,0.754089,69.790398,0.182116,0.750645,72.648003,0.174188,0.722017,76.0056,0.160369,0.681537
COLORWHEEL_5500_IMG_0586_0015,COLORWHEEL_5500,train,5500,semiquant,Specific Gravity:1.000,Specific Gravity:1.000,,,Specific Gravity,1.000,COLORWHEEL_5500_SEMIQUANT.zip,1,1,0,,57.156799,0.187111,0.773431,55.686401,0.191369,0.755304,60.868,0.189431,0.819109,56.933601,0.188952,0.842378,59.880001,0.19109,0.848466,68.9496,0.18797,0.729976,73.473602,0.18816,0.754089,69.790398,0.182116,0.750645,72.648003,0.174188,0.722017,76.0056,0.160369,0.681537
COLORWHEEL_5500_IMG_0586_0015,COLORWHEEL_5500,train,5500,semiquant,Ketone:Small 1.5,Ketone:Small 1.5,,,Ketone,Small 1.5,COLORWHEEL_5500_SEMIQUANT.zip,1,1,0,,57.156799,0.187111,0.773431,55.686401,0.191369,0.755304,60.868,0.189431,0.819109,56.933601,0.188952,0.842378,59.880001,0.19109,0.848466,68.9496,0.18797,0.729976,73.473602,0.18816,0.754089,69.790398,0.182116,0.750645,72.648003,0.174188,0.722017,76.0056,0.160369,0.681537
COLORWHEEL_5500_IMG_0586_0015,COLORWHEEL_5500,train,5500,semiquant,Bilirubin:Moderate 50,Bilirubin:Moderate 50,,,Bilirubin,Moderate 50,COLORWHEEL_5500_SEMIQUANT.zip,1,1,0,,57.156799,0.187111,0.773431,55.686401,0.191369,0.755304,60.868,0.189431,0.819109,56.933601,0.188952,0.842378,59.880001,0.19109,0.848466,68.9496,0.18797,0.729976,73.473602,0.18816,0.754089,69.790398,0.182116,0.750645,72.648003,0.174188,0.722017,76.0056,0.160369,0.681537
COLORWHEEL_5500_IMG_0586_0015,COLORWHEEL_5500,train,5500,semiquant,Glucose:15 +,Glucose:15 +,,,Glucose,15 +,COLORWHEEL_5500_SEMIQUANT.zip,1,1,0,,57.156799,0.187111,0.773431,55.686401,0.191369,0.755304,60.868,0.189431,0.819109,56.933601,0.188952,0.842378,59.880001,0.19109,0.848466,68.9496,0.18797,0.729976,73.473602,0.18816,0.754089,69.790398,0.182116,0.750645,72.648003,0.174188,0.722017,76.0056,0.160369,0.681537
COLORWHEEL_5500_IMG_0589_0016,COLORWHEEL_5500,train,5500,semiquant,Leukocytes:Neg,Leukocytes:Neg,,,Leukocytes,Neg,COLORWHEEL_5500_SEMIQUANT.zip,1,1,0,,49.136002,0.141624,0.662803,51.510399,0.148714,0.646772,57.074402,0.136155,0.702494,53.208,0.139404,0.726883,52.641602,0.144267,0.736344,74.4608,0.127511,0.616265,65.7248,0.123733,0.637697,73.894402,0.123409,0.630248,78.811996,0.119768,0.608922,83.805603,0.121642,0.569647
COLORWHEEL_5500_IMG_0589_0016,COLORWHEEL_5500,train,5500,semiquant,Nitrite:Positive,Nitrite:Positive,,,Nitrite,Positive,COLORWHEEL_5500_SEMIQUANT.zip,1,1,0,,49.136002,0.141624,0.662803,51.510399,0.148714,0.646772,57.074402,0.136155,0.702494,53.208,0.139404,0.726883,52.641602,0.144267,0.736344,74.4608,0.127511,0.616265,65.7248,0.123733,0.637697,73.894402,0.123409,0.630248,78.811996,0.119768,0.608922,83.805603,0.121642,0.569647
COLORWHEEL_5500_IMG_0589_0016,COLORWHEEL_5500,train,5500,semiquant,Urobilinogen:3.2,Urobilinogen:3.2,,,Urobilinogen,3.2,COLORWHEEL_5500_SEMIQUANT.zip,1,1,0,,49.136002,0.141624,0.662803,51.510399,0.148714,0.646772,57.074402,0.136155,0.702494,53.208,0.139404,0.726883,52.641602,0.144267,0.736344,74.4608,0.127511,0.616265,65.7248,0.123733,0.637697,73.894402,0.123409,0.630248,78.811996,0.119768,0.608922,83.805603,0.121642,0.569647
COLORWHEEL_5500_IMG_0589_0016,COLORWHEEL_5500,train,5500,semiquant,Protein:1.0,Protein:1.0,,,Protein,1.0,COLORWHEEL_5500_SEMIQUANT.zip,1,1,0,,49.136002,0.141624,0.662803,51.510399,0.148714,0.646772,57.074402,0.136155,0.702494,53.208,0.139404,0.726883,52.641602,0.144267,0.736344,74.4608,0.127511,0.616265,65.7248,0.123733,0.637697,73.894402,0.123409,0.630248,78.811996,0.119768,0.608922,83.805603,0.121642,0.569647
COLORWHEEL_5500_IMG_0589_0016,COLORWHEEL_5500,train,5500,semiquant,pH:6.0,pH:6.0,,,pH,6.0,COLORWHEEL_5500_SEMIQUANT.zip,1,1,0,,49.136002,0.141624,0.662803,51.510399,0.148714,0.646772,57.074402,0.136155,0.702494,53.208,0.139404,0.726883,52.641602,0.144267,0.736344,74.4608,0.127511,0.616265,65.7248,0.123733,0.637697,73.894402,0.123409,0.630248,78.811996,0.119768,0.608922,83.805603,0.121642,0.569647
COLORWHEEL_5500_IMG_0589_0016,COLORWHEEL_5500,train,5500,semiquant,Blood:Small 25,Blood:Small 25,,,Blood,Small 25,COLORWHEEL_5500_SEMIQUANT.zip,1,1,0,,49.136002,0.141624,0.662803,51.510399,0.148714,0.646772,57.074402,0.136155,0.702494,53.208,0.139404,0.726883,52.641602,0.144267,0.736344,74.4608,0.127511,0.616265,65.7248,0.123733,0.637697,73.894402,0.123409,0.630248,78.811996,0.119768,0.608922,83.805603,0.121642,0.569647
COLORWHEEL_5500_IMG_0589_0016,COLORWHEEL_5500,train,5500,semiquant,Specific Gravity:1.005,Specific Gravity:1.005,,,Specific Gravity,1.005,COLORWHEEL_5500_SEMIQUANT.zip,1,1,0,,49.136002,0.141624,0.662803,51.510399,0.148714,0.646772,57.074402,0.136155,0.702494,53.208,0.139404,0.726883,52.641602,0.144267,0.736344,74.4608,0.127511,0.616265,65.7248,0.123733,0.637697,73.894402,0.123409,0.630248,78.811996,0.119768,0.608922,83.805603,0.121642,0.569647
COLORWHEEL_5500_IMG_0589_0016,COLORWHEEL_5500,train,5500,semiquant,Ketone:Moderate 4.0,Ketone:Moderate 4.0,,,Ketone,Moderate 4.0,COLORWHEEL_5500_SEMIQUANT.zip,1,1,0,,49.136002,0.141624,0.662803,51.510399,0.148714,0.646772,57.074402,0.136155,0.702494,53.208,0.139404,0.726883,52.641602,0.144267,0.736344,74.4608,0.127511,0.616265,65.7248,0.123733,0.637697,73.894402,0.123409,0.630248,78.811996,0.119768,0.608922,83.805603,0.121642,0.569647
COLORWHEEL_5500_IMG_0589_0016,COLORWHEEL_5500,train,5500,semiquant,Bilirubin:Large 100,Bilirubin:Large 100,,,Bilirubin,Large 100,COLORWHEEL_5500_SEMIQUANT.zip,1,1,0,,49.136002,0.141624,0.662803,51.510399,0.148714,0.646772,57.074402,0.136155,0.702494,53.208,0.139404,0.726883,52.641602,0.144267,0.736344,74.4608,0.127511,0.616265,65.7248,0.123733,0.637697,73.894402,0.123409,0.630248,78.811996,0.119768,0.608922,83.805603,0.121642,0.569647
COLORWHEEL_5500_IMG_0589_0016,COLORWHEEL_5500,train,5500,semiquant,Glucose:30 ++,Glucose:30 ++,,,Glucose,30 ++,COLORWHEEL_5500_SEMIQUANT.zip,1,1,0,,49.136002,0.141624,0.662803,51.510399,0.148714,0.646772,57.074402,0.136155,0.702494,53.208,0.139404,0.726883,52.641602,0.144267,0.736344,74.4608,0.127511,0.616265,65.7248,0.123733,0.637697,73.894402,0.123409,0.630248,78.811996,0.119768,0.608922,83.805603,0.121642,0.569647
COLORWHEEL_5500_IMG_0592_0017,COLORWHEEL_5500,train,5500,semiquant,Leukocytes:Trace 15,Leukocytes:Trace 15,,,Leukocytes,Trace 15,COLORWHEEL_5500_SEMIQUANT.zip,1,1,0,,28.703199,0.143057,1.0,29.6448,0.140919,1.0,26.5368,0.148794,1.0,32.051998,0.138775,0.999495,24.242399,0.157489,0.995103,22.928801,0.173531,0.984336,23.5448,0.170678,0.990838,22.688,0.171738,0.986594,30.18,0.157655,0.985462,20.2024,0.163964,0.992082
COLORWHEEL_5500_IMG_0592_0017,COLORWHEEL_5500,train,5500,semiquant,Nitrite:Neg,Nitrite:Neg,,,Nitrite,Neg,COLORWHEEL_5500_SEMIQUANT.zip,1,1,0,,28.703199,0.143057,1.0,29.6448,0.140919,1.0,26.5368,0.148794,1.0,32.051998,0.138775,0.999495,24.242399,0.157489,0.995103,22.928801,0.173531,0.984336,23.5448,0.170678,0.990838,22.688,0.171738,0.986594,30.18,0.157655,0.985462,20.2024,0.163964,0.992082
COLORWHEEL_5500_IMG_0592_0017,COLORWHEEL_5500,train,5500,semiquant,Urobilinogen:16,Urobilinogen:16,,,Urobilinogen,16,COLORWHEEL_5500_SEMIQUANT.zip,1,1,0,,28.703199,0.143057,1.0,29.6448,0.140919,1.0,26.5368,0.148794,1.0,32.051998,0.138775,0.999495,24.242399,0.157489,0.995103,22.928801,0.173531,0.984336,23.5448,0.170678,0.990838,22.688,0.171738,0.986594,30.18,0.157655,0.985462,20.2024,0.163964,0.992082
COLORWHEEL_5500_IMG_0592_0017,COLORWHEEL_5500,train,5500,semiquant,Protein:3.0,Protein:3.0,,,Protein,3.0,COLORWHEEL_5500_SEMIQUANT.zip,1,1,0,,28.703199,0.143057,1.0,29.6448,0.140919,1.0,26.5368,0.148794,1.0,32.051998,0.138775,0.999495,24.242399,0.157489,0.995103,22.928801,0.173531,0.984336,23.5448,0.170678,0.990838,22.688,0.171738,0.986594,30.18,0.157655,0.985462,20.2024,0.163964,0.992082
COLORWHEEL_5500_IMG_0592_0017,COLORWHEEL_5500,train,5500,semiquant,pH:6.5,pH:6.5,,,pH,6.5,COLORWHEEL_5500_SEMIQUANT.zip,1,1,0,,28.703199,0.143057,1.0,29.6448,0.140919,1.0,26.5368,0.148794,1.0,32.051998,0.138775,0.999495,24.242399,0.157489,0.995103,22.928801,0.173531,0.984336,23.5448,0.170678,0.990838,22.688,0.171738,0.986594,30.18,0.157655,0.985462,20.2024,0.163964,0.992082
COLORWHEEL_5500_IMG_0592_0017,COLORWHEEL_5500,train,5500,semiquant,Blood:Moderate 80,Blood:Moderate 80,,,Blood,Moderate 80,COLORWHEEL_5500_SEMIQUANT.zip,1,1,0,,28.703199,0.143057,1.0,29.6448,0.140919,1.0,26.5368,0.148794,1.0,32.051998,0.138775,0.999495,24.242399,0.157489,0.995103,22.928801,0.173531,0.984336,23.5448,0.170678,0.990838,22.688,0.171738,0.986594,30.18,0.157655,0.985462,20.2024,0.163964,0.992082
COLORWHEEL_5500_IMG_0592_0017,COLORWHEEL_5500,train,5500,semiquant,Specific Gravity:1.010,Specific Gravity:1.010,,,Specific Gravity,1.010,COLORWHEEL_5500_SEMIQUANT.zip,1,1,0,,28.703199,0.143057,1.0,29.6448,0.140919,1.0,26.5368,0.148794,1.0,32.051998,0.138775,0.999495,24.242399,0.157489,0.995103,22.928801,0.173531,0.984336,23.5448,0.170678,0.990838,22.688,0.171738,0.986594,30.18,0.157655,0.985462,20.2024,0.163964,0.992082
COLORWHEEL_5500_IMG_0592_0017,COLORWHEEL_5500,train,5500,semiquant,Ketone:8.0,Ketone:8.0,,,Ketone,8.0,COLORWHEEL_5500_SEMIQUANT.zip,1,1,0,,28.703199,0.143057,1.0,29.6448,0.140919,1.0,26.5368,0.148794,1.0,32.051998,0.138775,0.999495,24.242399,0.157489,0.995103,22.928801,0.173531,0.984336,23.5448,0.170678,0.990838,22.688,0.171738,0.986594,30.18,0.157655,0.985462,20.2024,0.163964,0.992082
COLORWHEEL_5500_IMG_0592_0017,COLORWHEEL_5500,train,5500,semiquant,Bilirubin:Neg,Bilirubin:Neg,,,Bilirubin,Neg,COLORWHEEL_5500_SEMIQUANT.zip,1,1,0,,28.703199,0.143057,1.0,29.6448,0.140919,1.0,26.5368,0.148794,1.0,32.051998,0.138775,0.999495,24.242399,0.157489,0.995103,22.928801,0.173531,0.984336,23.5448,0.170678,0.990838,22.688,0.171738,0.986594,30.18,0.157655,0.985462,20.2024,0.163964,0.992082
COLORWHEEL_5500_IMG_0592_0017,COLORWHEEL_5500,train,5500,semiquant,Glucose:60 +++,Glucose:60 +++,,,Glucose,60 +++,COLORWHEEL_5500_SEMIQUANT.zip,1,1,0,,28.703199,0.143057,1.0,29.6448,0.140919,1.0,26.5368,0.148794,1.0,32.051998,0.138775,0.999495,24.242399,0.157489,0.995103,22.928801,0.173531,0.984336,23.5448,0.170678,0.990838,22.688,0.171738,0.986594,30.18,0.157655,0.985462,20.2024,0.163964,0.992082
COLORWHEEL_5500_IMG_0601_0018,COLORWHEEL_5500,train,5500,semiquant,Leukocytes:Small 70,Leukocytes:Small 70,,,Leukocytes,Small 70,COLORWHEEL_5500_SEMIQUANT.zip,1,1,0,,53.329601,0.139507,0.745959,59.045601,0.134809,0.719151,57.585602,0.140254,0.782893,50.112801,0.140466,0.801551,50.417599,0.135953,0.802259,71.180801,0.140342,0.674773,69.588799,0.129473,0.691511,71.1912,0.135162,0.678526,79.632004,0.128549,0.652356,82.364799,0.13286,0.607572
COLORWHEEL_5500_IMG_0601_0018,COLORWHEEL_5500,train,5500,semiquant,Nitrite:Positive,Nitrite:Positive,,,Nitrite,Positive,COLORWHEEL_5500_SEMIQUANT.zip,1,1,0,,53.329601,0.139507,0.745959,59.045601,0.134809,0.719151,57.585602,0.140254,0.782893,50.112801,0.140466,0.801551,50.417599,0.135953,0.802259,71.180801,0.140342,0.674773,69.588799,0.129473,0.691511,71.1912,0.135162,0.678526,79.632004,0.128549,0.652356,82.364799,0.13286,0.607572
COLORWHEEL_5500_IMG_0601_0018,COLORWHEEL_5500,train,5500,semiquant,Urobilinogen:32,Urobilinogen:32,,,Urobilinogen,32,COLORWHEEL_5500_SEMIQUANT.zip,1,1,0,,53.329601,0.139507,0.745959,59.045601,0.134809,0.719151,57.585602,0.140254,0.782893,50.112801,0.140466,0.801551,50.417599,0.135953,0.802259,71.180801,0.140342,0.674773,69.588799,0.129473,0.691511,71.1912,0.135162,0.678526,79.632004,0.128549,0.652356,82.364799,0.13286,0.607572
COLORWHEEL_5500_IMG_0601_0018,COLORWHEEL_5500,train,5500,semiquant,Protein:>=20.0,Protein:>=20.0,,,Protein,>=20.0,COLORWHEEL_5500_SEMIQUANT.zip,1,1,0,,53.329601,0.139507,0.745959,59.045601,0.134809,0.719151,57.585602,0.140254,0.782893,50.112801,0.140466,0.801551,50.417599,0.135953,0.802259,71.180801,0.140342,0.674773,69.588799,0.129473,0.691511,71.1912,0.135162,0.678526,79.632004,0.128549,0.652356,82.364799,0.13286,0.607572
COLORWHEEL_5500_IMG_0601_0018,COLORWHEEL_5500,train,5500,semiquant,pH:7.0,pH:7.0,,,pH,7.0,COLORWHEEL_5500_SEMIQUANT.zip,1,1,0,,53.329601,0.139507,0.745959,59.045601,0.134809,0.719151,57.585602,0.140254,0.782893,50.112801,0.140466,0.801551,50.417599,0.135953,0.802259,71.180801,0.140342,0.674773,69.588799,0.129473,0.691511,71.1912,0.135162,0.678526,79.632004,0.128549,0.652356,82.364799,0.13286,0.607572
COLORWHEEL_5500_IMG_0601_0018,COLORWHEEL_5500,train,5500,semiquant,Blood:Large 200,Blood:Large 200,,,Blood,Large 200,COLORWHEEL_5500_SEMIQUANT.zip,1,1,0,,53.329601,0.139507,0.745959,59.045601,0.134809,0.719151,57.585602,0.140254,0.782893,50.112801,0.140466,0.801551,50.417599,0.135953,0.802259,71.180801,0.140342,0.674773,69.588799,0.129473,0.691511,71.1912,0.135162,0.678526,79.632004,0.128549,0.652356,82.364799,0.13286,0.607572
COLORWHEEL_5500_IMG_0601_0018,COLORWHEEL_5500,train,5500,semiquant,Specific Gravity:1.015,Specific Gravity:1.015,,,Specific Gravity,1.015,COLORWHEEL_5500_SEMIQUANT.zip,1,1,0,,53.329601,0.139507,0.745959,59.045601,0.134809,0.719151,57.585602,0.140254,0.782893,50.112801,0.140466,0.801551,50.417599,0.135953,0.802259,71.180801,0.140342,0.674773,69.588799,0.129473,0.691511,71.1912,0.135162,0.678526,79.632004,0.128549,0.652356,82.364799,0.13286,0.607572
COLORWHEEL_5500_IMG_0601_0018,COLORWHEEL_5500,train,5500,semiquant,Ketone:Large 16,Ketone:Large 16,,,Ketone,Large 16,COLORWHEEL_5500_SEMIQUANT.zip,1,1,0,,53.329601,0.139507,0.745959,59.045601,0.134809,0.719151,57.585602,0.140254,0.782893,50.112801,0.140466,0.801551,50.417599,0.135953,0.802259,71.180801,0.140342,0.674773,69.588799,0.129473,0.691511,71.1912,0.135162,0.678526,79.632004,0.128549,0.652356,82.364799,0.13286,0.607572
COLORWHEEL_5500_IMG_0601_0018,COLORWHEEL_5500,train,5500,semiquant,Bilirubin:Small 17,Bilirubin:Small 17,,,Bilirubin,Small 17,COLORWHEEL_5500_SEMIQUANT.zip,1,1,0,,53.329601,0.139507,0.745959,59.045601,0.134809,0.719151,57.585602,0.140254,0.782893,50.112801,0.140466,0.801551,50.417599,0.135953,0.802259,71.180801,0.140342,0.674773,69.588799,0.129473,0.691511,71.1912,0.135162,0.678526,79.632004,0.128549,0.652356,82.364799,0.13286,0.607572
COLORWHEEL_5500_IMG_0601_0018,COLORWHEEL_5500,train,5500,semiquant,Glucose:110 ++++,Glucose:110 ++++,,,Glucose,110 ++++,COLORWHEEL_5500_SEMIQUANT.zip,1,1,0,,53.329601,0.139507,0.745959,59.045601,0.134809,0.719151,57.585602,0.140254,0.782893,50.112801,0.140466,0.801551,50.417599,0.135953,0.802259,71.180801,0.140342,0.674773,69.588799,0.129473,0.691511,71.1912,0.135162,0.678526,79.632004,0.128549,0.652356,82.364799,0.13286,0.607572
COLORWHEEL_5500_IMG_0604_0019,COLORWHEEL_5500,train,5500,semiquant,Leukocytes:Moderate 125,Leukocytes:Moderate 125,,,Leukocytes,Moderate 125,COLORWHEEL_5500_SEMIQUANT.zip,1,1,0,,46.160801,0.163324,0.711617,46.132,0.165649,0.686373,42.768002,0.167136,0.739881,40.964802,0.172014,0.763736,56.389599,0.167085,0.768052,69.1576,0.159459,0.639903,69.528801,0.151515,0.65786,70.718399,0.141724,0.646475,71.273598,0.14213,0.613773,82.1688,0.133161,0.571529
COLORWHEEL_5500_IMG_0604_0019,COLORWHEEL_5500,train,5500,semiquant,Nitrite:Neg,Nitrite:Neg,,,Nitrite,Neg,COLORWHEEL_5500_SEMIQUANT.zip,1,1,0,,46.160801,0.163324,0.711617,46.132,0.165649,0.686373,42.768002,0.167136,0.739881,40.964802,0.172014,0.763736,56.389599,0.167085,0.768052,69.1576,0.159459,0.639903,69.528801,0.151515,0.65786,70.718399,0.141724,0.646475,71.273598,0.14213,0.613773,82.1688,0.133161,0.571529
COLORWHEEL_5500_IMG_0604_0019,COLORWHEEL_5500,train,5500,semiquant,Urobilinogen:64,Urobilinogen:64,,,Urobilinogen,64,COLORWHEEL_5500_SEMIQUANT.zip,1,1,0,,46.160801,0.163324,0.711617,46.132,0.165649,0.686373,42.768002,0.167136,0.739881,40.964802,0.172014,0.763736,56.389599,0.167085,0.768052,69.1576,0.159459,0.639903,69.528801,0.151515,0.65786,70.718399,0.141724,0.646475,71.273598,0.14213,0.613773,82.1688,0.133161,0.571529
COLORWHEEL_5500_IMG_0604_0019,COLORWHEEL_5500,train,5500,semiquant,Protein:Neg,Protein:Neg,,,Protein,Neg,COLORWHEEL_5500_SEMIQUANT.zip,1,1,0,,46.160801,0.163324,0.711617,46.132,0.165649,0.686373,42.768002,0.167136,0.739881,40.964802,0.172014,0.763736,56.389599,0.167085,0.768052,69.1576,0.159459,0.639903,69.528801,0.151515,0.65786,70.718399,0.141724,0.646475,71.273598,0.14213,0.613773,82.1688,0.133161,0.571529
COLORWHEEL_5500_IMG_0604_0019,COLORWHEEL_5500,train,5500,semiquant,pH:7.5,pH:7.5,,,pH,7.5,COLORWHEEL_5500_SEMIQUANT.zip,1,1,0,,46.160801,0.163324,0.711617,46.132,0.165649,0.686373,42.768002,0.167136,0.739881,40.964802,0.172014,0.763736,56.389599,0.167085,0.768052,69.1576,0.159459,0.639903,69.528801,0.151515,0.65786,70.718399,0.141724,0.646475,71.273598,0.14213,0.613773,82.1688,0.133161,0.571529
COLORWHEEL_5500_IMG_0604_0019,COLORWHEEL_5500,train,5500,semiquant,Blood:Neg,Blood:Neg,,,Blood,Neg,COLORWHEEL_5500_SEMIQUANT.zip,1,1,0,,46.160801,0.163324,0.711617,46.132,0.165649,0.686373,42.768002,0.167136,0.739881,40.964802,0.172014,0.763736,56.389599,0.167085,0.768052,69.1576,0.159459,0.639903,69.528801,0.151515,0.65786,70.718399,0.141724,0.646475,71.273598,0.14213,0.613773,82.1688,0.133161,0.571529
COLORWHEEL_5500_IMG_0604_0019,COLORWHEEL_5500,train,5500,semiquant,Specific Gravity:1.020,Specific Gravity:1.020,,,Specific Gravity,1.020,COLORWHEEL_5500_SEMIQUANT.zip,1,1,0,,46.160801,0.163324,0.711617,46.132,0.165649,0.686373,42.768002,0.167136,0.739881,40.964802,0.172014,0.763736,56.389599,0.167085,0.768052,69.1576,0.159459,0.639903,69.528801,0.151515,0.65786,70.718399,0.141724,0.646475,71.273598,0.14213,0.613773,82.1688,0.133161,0.571529
COLORWHEEL_5500_IMG_0604_0019,COLORWHEEL_5500,train,5500,semiquant,Ketone:Neg,Ketone:Neg,,,Ketone,Neg,COLORWHEEL_5500_SEMIQUANT.zip,1,1,0,,46.160801,0.163324,0.711617,46.132,0.165649,0.686373,42.768002,0.167136,0.739881,40.964802,0.172014,0.763736,56.389599,0.167085,0.768052,69.1576,0.159459,0.639903,69.528801,0.151515,0.65786,70.718399,0.141724,0.646475,71.273598,0.14213,0.613773,82.1688,0.133161,0.571529
COLORWHEEL_5500_IMG_0604_0019,COLORWHEEL_5500,train,5500,semiquant,Bilirubin:Moderate 50,Bilirubin:Moderate 50,,,Bilirubin,Moderate 50,COLORWHEEL_5500_SEMIQUANT.zip,1,1,0,,46.160801,0.163324,0.711617,46.132,0.165649,0.686373,42.768002,0.167136,0.739881,40.964802,0.172014,0.763736,56.389599,0.167085,0.768052,69.1576,0.159459,0.639903,69.528801,0.151515,0.65786,70.718399,0.141724,0.646475,71.273598,0.14213,0.613773,82.1688,0.133161,0.571529
COLORWHEEL_5500_IMG_0604_0019,COLORWHEEL_5500,train,5500,semiquant,Glucose:Neg,Glucose:Neg,,,Glucose,Neg,COLORWHEEL_5500_SEMIQUANT.zip,1,1,0,,46.160801,0.163324,0.711617,46.132,0.165649,0.686373,42.768002,0.167136,0.739881,40.964802,0.172014,0.763736,56.389599,0.167085,0.768052,69.1576,0.159459,0.639903,69.528801,0.151515,0.65786,70.718399,0.141724,0.646475,71.273598,0.14213,0.613773,82.1688,0.133161,0.571529
COLORWHEEL_5500_IMG_0607_0020,COLORWHEEL_5500,train,5500,semiquant,Leukocytes:Large 500,Leukocytes:Large 500,,,Leukocytes,Large 500,COLORWHEEL_5500_SEMIQUANT.zip,1,1,0,,52.2864,0.164108,0.696685,55.110401,0.170387,0.674176,49.348,0.166855,0.738924,52.2728,0.16213,0.745242,58.580002,0.169602,0.75411,70.625603,0.157922,0.632659,70.228798,0.150094,0.64981,74.406403,0.147948,0.625401,77.023201,0.152598,0.604351,85.227997,0.136576,0.558053
COLORWHEEL_5500_IMG_0607_0020,COLORWHEEL_5500,train,5500,semiquant,Nitrite:Positive,Nitrite:Positive,,,Nitrite,Positive,COLORWHEEL_5500_SEMIQUANT.zip,1,1,0,,52.2864,0.164108,0.696685,55.110401,0.170387,0.674176,49.348,0.166855,0.738924,52.2728,0.16213,0.745242,58.580002,0.169602,0.75411,70.625603,0.157922,0.632659,70.228798,0.150094,0.64981,74.406403,0.147948,0.625401,77.023201,0.152598,0.604351,85.227997,0.136576,0.558053
COLORWHEEL_5500_IMG_0607_0020,COLORWHEEL_5500,train,5500,semiquant,Urobilinogen:128,Urobilinogen:128,,,Urobilinogen,128,COLORWHEEL_5500_SEMIQUANT.zip,1,1,0,,52.2864,0.164108,0.696685,55.110401,0.170387,0.674176,49.348,0.166855,0.738924,52.2728,0.16213,0.745242,58.580002,0.169602,0.75411,70.625603,0.157922,0.632659,70.228798,0.150094,0.64981,74.406403,0.147948,0.625401,77.023201,0.152598,0.604351,85.227997,0.136576,0.558053
COLORWHEEL_5500_IMG_0607_0020,COLORWHEEL_5500,train,5500,semiquant,Protein:Trace,Protein:Trace,,,Protein,Trace,COLORWHEEL_5500_SEMIQUANT.zip,1,1,0,,52.2864,0.164108,0.696685,55.110401,0.170387,0.674176,49.348,0.166855,0.738924,52.2728,0.16213,0.745242,58.580002,0.169602,0.75411,70.625603,0.157922,0.632659,70.228798,0.150094,0.64981,74.406403,0.147948,0.625401,77.023201,0.152598,0.604351,85.227997,0.136576,0.558053
COLORWHEEL_5500_IMG_0607_0020,COLORWHEEL_5500,train,5500,semiquant,pH:8.0,pH:8.0,,,pH,8.0,COLORWHEEL_5500_SEMIQUANT.zip,1,1,0,,52.2864,0.164108,0.696685,55.110401,0.170387,0.674176,49.348,0.166855,0.738924,52.2728,0.16213,0.745242,58.580002,0.169602,0.75411,70.625603,0.157922,0.632659,70.228798,0.150094,0.64981,74.406403,0.147948,0.625401,77.023201,0.152598,0.604351,85.227997,0.136576,0.558053
COLORWHEEL_5500_IMG_0607_0020,COLORWHEEL_5500,train,5500,semiquant,Blood:Non-hemolyzed 10,Blood:Non-hemolyzed 10,,,Blood,Non-hemolyzed 10,COLORWHEEL_5500_SEMIQUANT.zip,1,1,0,,52.2864,0.164108,0.696685,55.110401,0.170387,0.674176,49.348,0.166855,0.738924,52.2728,0.16213,0.745242,58.580002,0.169602,0.75411,70.625603,0.157922,0.632659,70.228798,0.150094,0.64981,74.406403,0.147948,0.625401,77.023201,0.152598,0.604351,85.227997,0.136576,0.558053
COLORWHEEL_5500_IMG_0607_0020,COLORWHEEL_5500,train,5500,semiquant,Specific Gravity:1.025,Specific Gravity:1.025,,,Specific Gravity,1.025,COLORWHEEL_5500_SEMIQUANT.zip,1,1,0,,52.2864,0.164108,0.696685,55.110401,0.170387,0.674176,49.348,0.166855,0.738924,52.2728,0.16213,0.745242,58.580002,0.169602,0.75411,70.625603,0.157922,0.632659,70.228798,0.150094,0.64981,74.406403,0.147948,0.625401,77.023201,0.152598,0.604351,85.227997,0.136576,0.558053
COLORWHEEL_5500_IMG_0607_0020,COLORWHEEL_5500,train,5500,semiquant,Ketone:Trace 0.5,Ketone:Trace 0.5,,,Ketone,Trace 0.5,COLORWHEEL_5500_SEMIQUANT.zip,1,1,0,,52.2864,0.164108,0.696685,55.110401,0.170387,0.674176,49.348,0.166855,0.738924,52.2728,0.16213,0.745242,58.580002,0.169602,0.75411,70.625603,0.157922,0.632659,70.228798,0.150094,0.64981,74.406403,0.147948,0.625401,77.023201,0.152598,0.604351,85.227997,0.136576,0.558053
COLORWHEEL_5500_IMG_0607_0020,COLORWHEEL_5500,train,5500,semiquant,Bilirubin:Large 100,Bilirubin:Large 100,,,Bilirubin,Large 100,COLORWHEEL_5500_SEMIQUANT.zip,1,1,0,,52.2864,0.164108,0.696685,55.110401,0.170387,0.674176,49.348,0.166855,0.738924,52.2728,0.16213,0.745242,58.580002,0.169602,0.75411,70.625603,0.157922,0.632659,70.228798,0.150094,0.64981,74.406403,0.147948,0.625401,77.023201,0.152598,0.604351,85.227997,0.136576,0.558053
COLORWHEEL_5500_IMG_0607_0020,COLORWHEEL_5500,train,5500,semiquant,Glucose:Trace 5,Glucose:Trace 5,,,Glucose,Trace 5,COLORWHEEL_5500_SEMIQUANT.zip,1,1,0,,52.2864,0.164108,0.696685,55.110401,0.170387,0.674176,49.348,0.166855,0.738924,52.2728,0.16213,0.745242,58.580002,0.169602,0.75411,70.625603,0.157922,0.632659,70.228798,0.150094,0.64981,74.406403,0.147948,0.625401,77.023201,0.152598,0.604351,85.227997,0.136576,0.558053
COLORWHEEL_5500_IMG_0610_0021,COLORWHEEL_5500,train,5500,semiquant,Leukocytes:Neg,Leukocytes:Neg,,,Leukocytes,Neg,COLORWHEEL_5500_SEMIQUANT.zip,1,1,0,,45.936001,0.147252,1.0,48.276798,0.143015,1.0,43.6264,0.151512,1.0,47.7024,0.142668,0.999896,38.309601,0.166844,0.999139,33.116001,0.180344,0.99277,34.288799,0.177362,0.995054,31.4744,0.17531,0.994477,35.897598,0.166886,0.992654,33.98,0.168747,0.996489
COLORWHEEL_5500_IMG_0610_0021,COLORWHEEL_5500,train,5500,semiquant,Nitrite:Neg,Nitrite:Neg,,,Nitrite,Neg,COLORWHEEL_5500_SEMIQUANT.zip,1,1,0,,45.936001,0.147252,1.0,48.276798,0.143015,1.0,43.6264,0.151512,1.0,47.7024,0.142668,0.999896,38.309601,0.166844,0.999139,33.116001,0.180344,0.99277,34.288799,0.177362,0.995054,31.4744,0.17531,0.994477,35.897598,0.166886,0.992654,33.98,0.168747,0.996489
COLORWHEEL_5500_IMG_0610_0021,COLORWHEEL_5500,train,5500,semiquant,Urobilinogen:3.2,Urobilinogen:3.2,,,Urobilinogen,3.2,COLORWHEEL_5500_SEMIQUANT.zip,1,1,0,,45.936001,0.147252,1.0,48.276798,0.143015,1.0,43.6264,0.151512,1.0,47.7024,0.142668,0.999896,38.309601,0.166844,0.999139,33.116001,0.180344,0.99277,34.288799,0.177362,0.995054,31.4744,0.17531,0.994477,35.897598,0.166886,0.992654,33.98,0.168747,0.996489
COLORWHEEL_5500_IMG_0610_0021,COLORWHEEL_5500,train,5500,semiquant,Protein:0.3,Protein:0.3,,,Protein,0.3,COLORWHEEL_5500_SEMIQUANT.zip,1,1,0,,45.936001,0.147252,1.0,48.276798,0.143015,1.0,43.6264,0.151512,1.0,47.7024,0.142668,0.999896,38.309601,0.166844,0.999139,33.116001,0.180344,0.99277,34.288799,0.177362,0.995054,31.4744,0.17531,0.994477,35.897598,0.166886,0.992654,33.98,0.168747,0.996489
COLORWHEEL_5500_IMG_0610_0021,COLORWHEEL_5500,train,5500,semiquant,pH:8.5,pH:8.5,,,pH,8.5,COLORWHEEL_5500_SEMIQUANT.zip,1,1,0,,45.936001,0.147252,1.0,48.276798,0.143015,1.0,43.6264,0.151512,1.0,47.7024,0.142668,0.999896,38.309601,0.166844,0.999139,33.116001,0.180344,0.99277,34.288799,0.177362,0.995054,31.4744,0.17531,0.994477,35.897598,0.166886,0.992654,33.98,0.168747,0.996489
COLORWHEEL_5500_IMG_0610_0021,COLORWHEEL_5500,train,5500,semiquant,Blood:Hemolyzed 10,Blood:Hemolyzed 10,,,Blood,Hemolyzed 10,COLORWHEEL_5500_SEMIQUANT.zip,1,1,0,,45.936001,0.147252,1.0,48.276798,0.143015,1.0,43.6264,0.151512,1.0,47.7024,0.142668,0.999896,38.309601,0.166844,0.999139,33.116001,0.180344,0.99277,34.288799,0.177362,0.995054,31.4744,0.17531,0.994477,35.897598,0.166886,0.992654,33.98,0.168747,0.996489
COLORWHEEL_5500_IMG_0610_0021,COLORWHEEL_5500,train,5500,semiquant,Specific Gravity:1.030,Specific Gravity:1.030,,,Specific Gravity,1.030,COLORWHEEL_5500_SEMIQUANT.zip,1,1,0,,45.936001,0.147252,1.0,48.276798,0.143015,1.0,43.6264,0.151512,1.0,47.7024,0.142668,0.999896,38.309601,0.166844,0.999139,33.116001,0.180344,0.99277,34.288799,0.177362,0.995054,31.4744,0.17531,0.994477,35.897598,0.166886,0.992654,33.98,0.168747,0.996489
COLORWHEEL_5500_IMG_0610_0021,COLORWHEEL_5500,train,5500,semiquant,Ketone:Small 1.5,Ketone:Small 1.5,,,Ketone,Small 1.5,COLORWHEEL_5500_SEMIQUANT.zip,1,1,0,,45.936001,0.147252,1.0,48.276798,0.143015,1.0,43.6264,0.151512,1.0,47.7024,0.142668,0.999896,38.309601,0.166844,0.999139,33.116001,0.180344,0.99277,34.288799,0.177362,0.995054,31.4744,0.17531,0.994477,35.897598,0.166886,0.992654,33.98,0.168747,0.996489
COLORWHEEL_5500_IMG_0610_0021,COLORWHEEL_5500,train,5500,semiquant,Bilirubin:Neg,Bilirubin:Neg,,,Bilirubin,Neg,COLORWHEEL_5500_SEMIQUANT.zip,1,1,0,,45.936001,0.147252,1.0,48.276798,0.143015,1.0,43.6264,0.151512,1.0,47.7024,0.142668,0.999896,38.309601,0.166844,0.999139,33.116001,0.180344,0.99277,34.288799,0.177362,0.995054,31.4744,0.17531,0.994477,35.897598,0.166886,0.992654,33.98,0.168747,0.996489
COLORWHEEL_5500_IMG_0610_0021,COLORWHEEL_5500,train,5500,semiquant,Glucose:15 +,Glucose:15 +,,,Glucose,15 +,COLORWHEEL_5500_SEMIQUANT.zip,1,1,0,,45.936001,0.147252,1.0,48.276798,0.143015,1.0,43.6264,0.151512,1.0,47.7024,0.142668,0.999896,38.309601,0.166844,0.999139,33.116001,0.180344,0.99277,34.288799,0.177362,0.995054,31.4744,0.17531,0.994477,35.897598,0.166886,0.992654,33.98,0.168747,0.996489
COLORWHEEL_5500_IMG_0612_0022,COLORWHEEL_5500,train,5500,semiquant,Leukocytes:Trace 15,Leukocytes:Trace 15,,,Leukocytes,Trace 15,COLORWHEEL_5500_SEMIQUANT.zip,1,1,0,,60.1744,0.203225,0.797024,59.8936,0.212292,0.786174,59.470402,0.180166,0.825413,54.684799,0.18994,0.853591,53.408001,0.192891,0.86118,71.520798,0.202205,0.74475,66.234398,0.197059,0.771884,69.679199,0.186671,0.761087,72.366402,0.192201,0.739565,74.400002,0.196558,0.699344
COLORWHEEL_5500_IMG_0612_0022,COLORWHEEL_5500,train,5500,semiquant,Nitrite:Positive,Nitrite:Positive,,,Nitrite,Positive,COLORWHEEL_5500_SEMIQUANT.zip,1,1,0,,60.1744,0.203225,0.797024,59.8936,0.212292,0.786174,59.470402,0.180166,0.825413,54.684799,0.18994,0.853591,53.408001,0.192891,0.86118,71.520798,0.202205,0.74475,66.234398,0.197059,0.771884,69.679199,0.186671,0.761087,72.366402,0.192201,0.739565,74.400002,0.196558,0.699344
COLORWHEEL_5500_IMG_0612_0022,COLORWHEEL_5500,train,5500,semiquant,Urobilinogen:16,Urobilinogen:16,,,Urobilinogen,16,COLORWHEEL_5500_SEMIQUANT.zip,1,1,0,,60.1744,0.203225,0.797024,59.8936,0.212292,0.786174,59.470402,0.180166,0.825413,54.684799,0.18994,0.853591,53.408001,0.192891,0.86118,71.520798,0.202205,0.74475,66.234398,0.197059,0.771884,69.679199,0.186671,0.761087,72.366402,0.192201,0.739565,74.400002,0.196558,0.699344
COLORWHEEL_5500_IMG_0612_0022,COLORWHEEL_5500,train,5500,semiquant,Protein:1.0,Protein:1.0,,,Protein,1.0,COLORWHEEL_5500_SEMIQUANT.zip,1,1,0,,60.1744,0.203225,0.797024,59.8936,0.212292,0.786174,59.470402,0.180166,0.825413,54.684799,0.18994,0.853591,53.408001,0.192891,0.86118,71.520798,0.202205,0.74475,66.234398,0.197059,0.771884,69.679199,0.186671,0.761087,72.366402,0.192201,0.739565,74.400002,0.196558,0.699344
COLORWHEEL_5500_IMG_0612_0022,COLORWHEEL_5500,train,5500,semiquant,pH:5.0,pH:5.0,,,pH,5.0,COLORWHEEL_5500_SEMIQUANT.zip,1,1,0,,60.1744,0.203225,0.797024,59.8936,0.212292,0.786174,59.470402,0.180166,0.825413,54.684799,0.18994,0.853591,53.408001,0.192891,0.86118,71.520798,0.202205,0.74475,66.234398,0.197059,0.771884,69.679199,0.186671,0.761087,72.366402,0.192201,0.739565,74.400002,0.196558,0.699344
COLORWHEEL_5500_IMG_0612_0022,COLORWHEEL_5500,train,5500,semiquant,Blood:Small 25,Blood:Small 25,,,Blood,Small 25,COLORWHEEL_5500_SEMIQUANT.zip,1,1,0,,60.1744,0.203225,0.797024,59.8936,0.212292,0.786174,59.470402,0.180166,0.825413,54.684799,0.18994,0.853591,53.408001,0.192891,0.86118,71.520798,0.202205,0.74475,66.234398,0.197059,0.771884,69.679199,0.186671,0.761087,72.366402,0.192201,0.739565,74.400002,0.196558,0.699344
COLORWHEEL_5500_IMG_0612_0022,COLORWHEEL_5500,train,5500,semiquant,Specific Gravity:1.000,Specific Gravity:1.000,,,Specific Gravity,1.000,COLORWHEEL_5500_SEMIQUANT.zip,1,1,0,,60.1744,0.203225,0.797024,59.8936,0.212292,0.786174,59.470402,0.180166,0.825413,54.684799,0.18994,0.853591,53.408001,0.192891,0.86118,71.520798,0.202205,0.74475,66.234398,0.197059,0.771884,69.679199,0.186671,0.761087,72.366402,0.192201,0.739565,74.400002,0.196558,0.699344
COLORWHEEL_5500_IMG_0612_0022,COLORWHEEL_5500,train,5500,semiquant,Ketone:Moderate 4.0,Ketone:Moderate 4.0,,,Ketone,Moderate 4.0,COLORWHEEL_5500_SEMIQUANT.zip,1,1,0,,60.1744,0.203225,0.797024,59.8936,0.212292,0.786174,59.470402,0.180166,0.825413,54.684799,0.18994,0.853591,53.408001,0.192891,0.86118,71.520798,0.202205,0.74475,66.234398,0.197059,0.771884,69.679199,0.186671,0.761087,72.366402,0.192201,0.739565,74.400002,0.196558,0.699344
COLORWHEEL_5500_IMG_0612_0022,COLORWHEEL_5500,train,5500,semiquant,Bilirubin:Small 17,Bilirubin:Small 17,,,Bilirubin,Small 17,COLORWHEEL_5500_SEMIQUANT.zip,1,1,0,,60.1744,0.203225,0.797024,59.8936,0.212292,0.786174,59.470402,0.180166,0.825413,54.684799,0.18994,0.853591,53.408001,0.192891,0.86118,71.520798,0.202205,0.74475,66.234398,0.197059,0.771884,69.679199,0.186671,0.761087,72.366402,0.192201,0.739565,74.400002,0.196558,0.699344
COLORWHEEL_5500_IMG_0612_0022,COLORWHEEL_5500,train,5500,semiquant,Glucose:30 ++,Glucose:30 ++,,,Glucose,30 ++,COLORWHEEL_5500_SEMIQUANT.zip,1,1,0,,60.1744,0.203225,0.797024,59.8936,0.212292,0.786174,59.470402,0.180166,0.825413,54.684799,0.18994,0.853591,53.408001,0.192891,0.86118,71.520798,0.202205,0.74475,66.234398,0.197059,0.771884,69.679199,0.186671,0.761087,72.366402,0.192201,0.739565,74.400002,0.196558,0.699344
COLORWHEEL_5500_IMG_0615_0023,COLORWHEEL_5500,train,5500,semiquant,Leukocytes:Small 70,Leukocytes:Small 70,,,Leukocytes,Small 70,COLORWHEEL_5500_SEMIQUANT.zip,1,1,0,,46.400799,0.801685,1.0,47.152,0.79384,1.0,72.313599,0.298745,0.973027,60.0,0.094634,1.0,47.464001,0.797263,1.0,46.655201,0.798478,1.0,53.096001,0.521407,1.0,60.0,0.087984,1.0,60.0,0.085534,1.0,60.0,0.085696,1.0
COLORWHEEL_5500_IMG_0615_0023,COLORWHEEL_5500,train,5500,semiquant,Nitrite:Neg,Nitrite:Neg,,,Nitrite,Neg,COLORWHEEL_5500_SEMIQUANT.zip,1,1,0,,46.400799,0.801685,1.0,47.152,0.79384,1.0,72.313599,0.298745,0.973027,60.0,0.094634,1.0,47.464001,0.797263,1.0,46.655201,0.798478,1.0,53.096001,0.521407,1.0,60.0,0.087984,1.0,60.0,0.085534,1.0,60.0,0.085696,1.0
COLORWHEEL_5500_IMG_0615_0023,COLORWHEEL_5500,train,5500,semiquant,Urobilinogen:32,Urobilinogen:32,,,Urobilinogen,32,COLORWHEEL_5500_SEMIQUANT.zip,1,1,0,,46.400799,0.801685,1.0,47.152,0.79384,1.0,72.313599,0.298745,0.973027,60.0,0.094634,1.0,47.464001,0.797263,1.0,46.655201,0.798478,1.0,53.096001,0.521407,1.0,60.0,0.087984,1.0,60.0,0.085534,1.0,60.0,0.085696,1.0
COLORWHEEL_5500_IMG_0615_0023,COLORWHEEL_5500,train,5500,semiquant,Protein:3.0,Protein:3.0,,,Protein,3.0,COLORWHEEL_5500_SEMIQUANT.zip,1,1,0,,46.400799,0.801685,1.0,47.152,0.79384,1.0,72.313599,0.298745,0.973027,60.0,0.094634,1.0,47.464001,0.797263,1.0,46.655201,0.798478,1.0,53.096001,0.521407,1.0,60.0,0.087984,1.0,60.0,0.085534,1.0,60.0,0.085696,1.0
COLORWHEEL_5500_IMG_0615_0023,COLORWHEEL_5500,train,5500,semiquant,pH:6.0,pH:6.0,,,pH,6.0,COLORWHEEL_5500_SEMIQUANT.zip,1,1,0,,46.400799,0.801685,1.0,47.152,0.79384,1.0,72.313599,0.298745,0.973027,60.0,0.094634,1.0,47.464001,0.797263,1.0,46.655201,0.798478,1.0,53.096001,0.521407,1.0,60.0,0.087984,1.0,60.0,0.085534,1.0,60.0,0.085696,1.0
COLORWHEEL_5500_IMG_0615_0023,COLORWHEEL_5500,train,5500,semiquant,Blood:Moderate 80,Blood:Moderate 80,,,Blood,Moderate 80,COLORWHEEL_5500_SEMIQUANT.zip,1,1,0,,46.400799,0.801685,1.0,47.152,0.79384,1.0,72.313599,0.298745,0.973027,60.0,0.094634,1.0,47.464001,0.797263,1.0,46.655201,0.798478,1.0,53.096001,0.521407,1.0,60.0,0.087984,1.0,60.0,0.085534,1.0,60.0,0.085696,1.0
COLORWHEEL_5500_IMG_0615_0023,COLORWHEEL_5500,train,5500,semiquant,Specific Gravity:1.005,Specific Gravity:1.005,,,Specific Gravity,1.005,COLORWHEEL_5500_SEMIQUANT.zip,1,1,0,,46.400799,0.801685,1.0,47.152,0.79384,1.0,72.313599,0.298745,0.973027,60.0,0.094634,1.0,47.464001,0.797263,1.0,46.655201,0.798478,1.0,53.096001,0.521407,1.0,60.0,0.087984,1.0,60.0,0.085534,1.0,60.0,0.085696,1.0
COLORWHEEL_5500_IMG_0615_0023,COLORWHEEL_5500,train,5500,semiquant,Ketone:8.0,Ketone:8.0,,,Ketone,8.0,COLORWHEEL_5500_SEMIQUANT.zip,1,1,0,,46.400799,0.801685,1.0,47.152,0.79384,1.0,72.313599,0.298745,0.973027,60.0,0.094634,1.0,47.464001,0.797263,1.0,46.655201,0.798478,1.0,53.096001,0.521407,1.0,60.0,0.087984,1.0,60.0,0.085534,1.0,60.0,0.085696,1.0
COLORWHEEL_5500_IMG_0615_0023,COLORWHEEL_5500,train,5500,semiquant,Bilirubin:Moderate 50,Bilirubin:Moderate 50,,,Bilirubin,Moderate 50,COLORWHEEL_5500_SEMIQUANT.zip,1,1,0,,46.400799,0.801685,1.0,47.152,0.79384,1.0,72.313599,0.298745,0.973027,60.0,0.094634,1.0,47.464001,0.797263,1.0,46.655201,0.798478,1.0,53.096001,0.521407,1.0,60.0,0.087984,1.0,60.0,0.085534,1.0,60.0,0.085696,1.0
COLORWHEEL_5500_IMG_0615_0023,COLORWHEEL_5500,train,5500,semiquant,Glucose:60 +++,Glucose:60 +++,,,Glucose,60 +++,COLORWHEEL_5500_SEMIQUANT.zip,1,1,0,,46.400799,0.801685,1.0,47.152,0.79384,1.0,72.313599,0.298745,0.973027,60.0,0.094634,1.0,47.464001,0.797263,1.0,46.655201,0.798478,1.0,53.096001,0.521407,1.0,60.0,0.087984,1.0,60.0,0.085534,1.0,60.0,0.085696,1.0
COLORWHEEL_5500_IMG_0618_0024,COLORWHEEL_5500,train,5500,semiquant,Leukocytes:Moderate 125,Leukocytes:Moderate 125,,,Leukocytes,Moderate 125,COLORWHEEL_5500_SEMIQUANT.zip,1,1,0,,60.0,0.122803,1.0,60.0,0.121569,1.0,60.0,0.133434,1.0,60.0,0.131343,1.0,60.0,0.148875,1.0,60.0,0.163853,1.0,60.0,0.17195,1.0,60.0,0.163435,1.0,60.0,0.151473,1.0,60.0,0.156685,1.0
COLORWHEEL_5500_IMG_0618_0024,COLORWHEEL_5500,train,5500,semiquant,Nitrite:Positive,Nitrite:Positive,,,Nitrite,Positive,COLORWHEEL_5500_SEMIQUANT.zip,1,1,0,,60.0,0.122803,1.0,60.0,0.121569,1.0,60.0,0.133434,1.0,60.0,0.131343,1.0,60.0,0.148875,1.0,60.0,0.163853,1.0,60.0,0.17195,1.0,60.0,0.163435,1.0,60.0,0.151473,1.0,60.0,0.156685,1.0
COLORWHEEL_5500_IMG_0618_0024,COLORWHEEL_5500,train,5500,semiquant,Urobilinogen:64,Urobilinogen:64,,,Urobilinogen,64,COLORWHEEL_5500_SEMIQUANT.zip,1,1,0,,60.0,0.122803,1.0,60.0,0.121569,1.0,60.0,0.133434,1.0,60.0,0.131343,1.0,60.0,0.148875,1.0,60.0,0.163853,1.0,60.0,0.17195,1.0,60.0,0.163435,1.0,60.0,0.151473,1.0,60.0,0.156685,1.0
COLORWHEEL_5500_IMG_0618_0024,COLORWHEEL_5500,train,5500,semiquant,Protein:>=20.0,Protein:>=20.0,,,Protein,>=20.0,COLORWHEEL_5500_SEMIQUANT.zip,1,1,0,,60.0,0.122803,1.0,60.0,0.121569,1.0,60.0,0.133434,1.0,60.0,0.131343,1.0,60.0,0.148875,1.0,60.0,0.163853,1.0,60.0,0.17195,1.0,60.0,0.163435,1.0,60.0,0.151473,1.0,60.0,0.156685,1.0
COLORWHEEL_5500_IMG_0618_0024,COLORWHEEL_5500,train,5500,semiquant,pH:6.5,pH:6.5,,,pH,6.5,COLORWHEEL_5500_SEMIQUANT.zip,1,1,0,,60.0,0.122803,1.0,60.0,0.121569,1.0,60.0,0.133434,1.0,60.0,0.131343,1.0,60.0,0.148875,1.0,60.0,0.163853,1.0,60.0,0.17195,1.0,60.0,0.163435,1.0,60.0,0.151473,1.0,60.0,0.156685,1.0
COLORWHEEL_5500_IMG_0618_0024,COLORWHEEL_5500,train,5500,semiquant,Blood:Large 200,Blood:Large 200,,,Blood,Large 200,COLORWHEEL_5500_SEMIQUANT.zip,1,1,0,,60.0,0.122803,1.0,60.0,0.121569,1.0,60.0,0.133434,1.0,60.0,0.131343,1.0,60.0,0.148875,1.0,60.0,0.163853,1.0,60.0,0.17195,1.0,60.0,0.163435,1.0,60.0,0.151473,1.0,60.0,0.156685,1.0
COLORWHEEL_5500_IMG_0618_0024,COLORWHEEL_5500,train,5500,semiquant,Specific Gravity:1.010,Specific Gravity:1.010,,,Specific Gravity,1.010,COLORWHEEL_5500_SEMIQUANT.zip,1,1,0,,60.0,0.122803,1.0,60.0,0.121569,1.0,60.0,0.133434,1.0,60.0,0.131343,1.0,60.0,0.148875,1.0,60.0,0.163853,1.0,60.0,0.17195,1.0,60.0,0.163435,1.0,60.0,0.151473,1.0,60.0,0.156685,1.0
COLORWHEEL_5500_IMG_0618_0024,COLORWHEEL_5500,train,5500,semiquant,Ketone:Large 16,Ketone:Large 16,,,Ketone,Large 16,COLORWHEEL_5500_SEMIQUANT.zip,1,1,0,,60.0,0.122803,1.0,60.0,0.121569,1.0,60.0,0.133434,1.0,60.0,0.131343,1.0,60.0,0.148875,1.0,60.0,0.163853,1.0,60.0,0.17195,1.0,60.0,0.163435,1.0,60.0,0.151473,1.0,60.0,0.156685,1.0
COLORWHEEL_5500_IMG_0618_0024,COLORWHEEL_5500,train,5500,semiquant,Bilirubin:Large 100,Bilirubin:Large 100,,,Bilirubin,Large 100,COLORWHEEL_5500_SEMIQUANT.zip,1,1,0,,60.0,0.122803,1.0,60.0,0.121569,1.0,60.0,0.133434,1.0,60.0,0.131343,1.0,60.0,0.148875,1.0,60.0,0.163853,1.0,60.0,0.17195,1.0,60.0,0.163435,1.0,60.0,0.151473,1.0,60.0,0.156685,1.0
COLORWHEEL_5500_IMG_0618_0024,COLORWHEEL_5500,train,5500,semiquant,Glucose:110 ++++,Glucose:110 ++++,,,Glucose,110 ++++,COLORWHEEL_5500_SEMIQUANT.zip,1,1,0,,60.0,0.122803,1.0,60.0,0.121569,1.0,60.0,0.133434,1.0,60.0,0.131343,1.0,60.0,0.148875,1.0,60.0,0.163853,1.0,60.0,0.17195,1.0,60.0,0.163435,1.0,60.0,0.151473,1.0,60.0,0.156685,1.0
COLORWHEEL_5500_IMG_0621_0025,COLORWHEEL_5500,train,5500,semiquant,Leukocytes:Large 500,Leukocytes:Large 500,,,Leukocytes,Large 500,COLORWHEEL_5500_SEMIQUANT.zip,1,1,0,,48.936798,0.801944,1.0,49.779999,0.795821,1.0,68.811203,0.263843,0.971867,59.576801,0.128612,1.0,50.588799,0.7957,1.0,49.257599,0.796127,1.0,57.512798,0.317438,1.0,60.0,0.075092,1.0,60.0,0.075475,1.0,60.0,0.070402,1.0
COLORWHEEL_5500_IMG_0621_0025,COLORWHEEL_5500,train,5500,semiquant,Nitrite:Neg,Nitrite:Neg,,,Nitrite,Neg,COLORWHEEL_5500_SEMIQUANT.zip,1,1,0,,48.936798,0.801944,1.0,49.779999,0.795821,1.0,68.811203,0.263843,0.971867,59.576801,0.128612,1.0,50.588799,0.7957,1.0,49.257599,0.796127,1.0,57.512798,0.317438,1.0,60.0,0.075092,1.0,60.0,0.075475,1.0,60.0,0.070402,1.0
COLORWHEEL_5500_IMG_0621_0025,COLORWHEEL_5500,train,5500,semiquant,Urobilinogen:128,Urobilinogen:128,,,Urobilinogen,128,COLORWHEEL_5500_SEMIQUANT.zip,1,1,0,,48.936798,0.801944,1.0,49.779999,0.795821,1.0,68.811203,0.263843,0.971867,59.576801,0.128612,1.0,50.588799,0.7957,1.0,49.257599,0.796127,1.0,57.512798,0.317438,1.0,60.0,0.075092,1.0,60.0,0.075475,1.0,60.0,0.070402,1.0
COLORWHEEL_5500_IMG_0621_0025,COLORWHEEL_5500,train,5500,semiquant,Protein:Neg,Protein:Neg,,,Protein,Neg,COLORWHEEL_5500_SEMIQUANT.zip,1,1,0,,48.936798,0.801944,1.0,49.779999,0.795821,1.0,68.811203,0.263843,0.971867,59.576801,0.128612,1.0,50.588799,0.7957,1.0,49.257599,0.796127,1.0,57.512798,0.317438,1.0,60.0,0.075092,1.0,60.0,0.075475,1.0,60.0,0.070402,1.0
COLORWHEEL_5500_IMG_0621_0025,COLORWHEEL_5500,train,5500,semiquant,pH:7.0,pH:7.0,,,pH,7.0,COLORWHEEL_5500_SEMIQUANT.zip,1,1,0,,48.936798,0.801944,1.0,49.779999,0.795821,1.0,68.811203,0.263843,0.971867,59.576801,0.128612,1.0,50.588799,0.7957,1.0,49.257599,0.796127,1.0,57.512798,0.317438,1.0,60.0,0.075092,1.0,60.0,0.075475,1.0,60.0,0.070402,1.0
COLORWHEEL_5500_IMG_0621_0025,COLORWHEEL_5500,train,5500,semiquant,Blood:Neg,Blood:Neg,,,Blood,Neg,COLORWHEEL_5500_SEMIQUANT.zip,1,1,0,,48.936798,0.801944,1.0,49.779999,0.795821,1.0,68.811203,0.263843,0.971867,59.576801,0.128612,1.0,50.588799,0.7957,1.0,49.257599,0.796127,1.0,57.512798,0.317438,1.0,60.0,0.075092,1.0,60.0,0.075475,1.0,60.0,0.070402,1.0
COLORWHEEL_5500_IMG_0621_0025,COLORWHEEL_5500,train,5500,semiquant,Specific Gravity:1.015,Specific Gravity:1.015,,,Specific Gravity,1.015,COLORWHEEL_5500_SEMIQUANT.zip,1,1,0,,48.936798,0.801944,1.0,49.779999,0.795821,1.0,68.811203,0.263843,0.971867,59.576801,0.128612,1.0,50.588799,0.7957,1.0,49.257599,0.796127,1.0,57.512798,0.317438,1.0,60.0,0.075092,1.0,60.0,0.075475,1.0,60.0,0.070402,1.0
COLORWHEEL_5500_IMG_0621_0025,COLORWHEEL_5500,train,5500,semiquant,Ketone:Neg,Ketone:Neg,,,Ketone,Neg,COLORWHEEL_5500_SEMIQUANT.zip,1,1,0,,48.936798,0.801944,1.0,49.779999,0.795821,1.0,68.811203,0.263843,0.971867,59.576801,0.128612,1.0,50.588799,0.7957,1.0,49.257599,0.796127,1.0,57.512798,0.317438,1.0,60.0,0.075092,1.0,60.0,0.075475,1.0,60.0,0.070402,1.0
COLORWHEEL_5500_IMG_0621_0025,COLORWHEEL_5500,train,5500,semiquant,Bilirubin:Neg,Bilirubin:Neg,,,Bilirubin,Neg,COLORWHEEL_5500_SEMIQUANT.zip,1,1,0,,48.936798,0.801944,1.0,49.779999,0.795821,1.0,68.811203,0.263843,0.971867,59.576801,0.128612,1.0,50.588799,0.7957,1.0,49.257599,0.796127,1.0,57.512798,0.317438,1.0,60.0,0.075092,1.0,60.0,0.075475,1.0,60.0,0.070402,1.0
COLORWHEEL_5500_IMG_0621_0025,COLORWHEEL_5500,train,5500,semiquant,Glucose:Neg,Glucose:Neg,,,Glucose,Neg,COLORWHEEL_5500_SEMIQUANT.zip,1,1,0,,48.936798,0.801944,1.0,49.779999,0.795821,1.0,68.811203,0.263843,0.971867,59.576801,0.128612,1.0,50.588799,0.7957,1.0,49.257599,0.796127,1.0,57.512798,0.317438,1.0,60.0,0.075092,1.0,60.0,0.075475,1.0,60.0,0.070402,1.0
